Method,Seed,Test_Index,True_Linker,Generated_Linker,MACCS_Similarity,MCS_Similarity,Validity,Novelty,Property_Error,Threshold_Match_0.50,Threshold_Match_0.60,Threshold_Match_0.70,Threshold_Match_0.85,Threshold_Match_0.90
NO-RAG,42,0,O=C([O-])c1cc[n+]([O-])cc1,O=C([O-])c1cccc(C(=O)[O-])[n+]1[O-],0.794,0.538,YES,NO,0.5083,YES,YES,YES,NO,NO
NO-RAG,42,1,O=C([O-])c1cc(C(=O)[O-])cc(S(O)(O)O)c1,O=C([O-])c1cc(C(=O)[O-])cc(S(O)(O)O)c1,1.0,1.0,YES,YES,1.3412,YES,YES,YES,YES,YES
NO-RAG,42,2,O=C([O-])C1C(C(=O)[O-])C(C(=O)[O-])C(C(=O)[O-])C(C(=O)[O-])C1C(=O)[O-],O=C([O-])C1C(C(=O)[O-])C(C(=O)[O-])C1C(=O)[O-],0.846,0.15,YES,NO,2.721,YES,YES,YES,NO,NO
NO-RAG,42,3,O=C(O)CC(O)(CC(=O)O)C(=O)[O-],O=C([O-])CC(O)(CC(=O)[O-])C(=O)[O-],0.857,1.0,YES,NO,1.7925,YES,YES,YES,YES,YES
NO-RAG,42,4,O=C([O-])c1cc(S(=O)(=O)c2ccc(C(=O)[O-])c(C(=O)O)c2)ccc1C(=O)O,O=C([O-])c1cc(C(=O)[O-])cc(S(O)(O)O)c1,0.7,0.365,YES,YES,1.0673,YES,YES,YES,NO,NO
NO-RAG,42,5,c1nc[nH]n1,c1nnc[nH]1,0.944,1.0,YES,NO,2.3609,YES,YES,YES,YES,YES
NO-RAG,42,6,C1CCSC1,C1CSCCS1,0.625,0.0,YES,NO,0.8143,YES,YES,NO,NO,NO
NO-RAG,42,7,O=C([O-])c1cc([N+](=O)[O-])c2c([N+](=O)[O-])c(C(=O)[O-])cc([N+](=O)[O-])c2c1[N+](=O)[O-],O=C([O-])c1ccc([N+](=O)[O-])cc1,0.763,0.317,YES,YES,1.8311,YES,YES,YES,NO,NO
NO-RAG,42,8,O=C1C(=O)C(Cl)C(=O)C(=O)C1Cl,O=C1C(=O)C(Cl)C(=O)C(=O)C1ClINVALID,0.0,0.0,NO,NO,,NO,NO,NO,NO,NO
NO-RAG,42,9,O=C([O-])c1cc(N2[CH]N=CN2)cc(N2[CH]N=CN2)c1,O=C([O-])c1cc(N2[CH]N=CN2)cc(N2[CH]N=CN2)c1,1.0,1.0,YES,YES,1.7662,YES,YES,YES,YES,YES
NO-RAG,42,10,C1CNCCN1,c1cnccn1,0.333,1.0,YES,YES,0.7753,YES,YES,YES,YES,YES
NO-RAG,42,11,O=C([O-])c1c(F)c(F)c(C(=O)[O-])c2cc(F)c(F)cc12,O=C([O-])c1c(F)c(F)c(C(=O)[O-])c2ccccc12,1.0,0.902,YES,NO,0.7232,YES,YES,YES,YES,YES
NO-RAG,42,12,O=C1C([N+](=O)[O-])=CC([N+](=O)[O-])C(O)=C1[N+](=O)[O-],O=C(O)C1=CC([N+](=O)[O-])=CC([N+](=O)[O-])C1=O,0.95,0.212,YES,YES,1.5172,YES,YES,YES,YES,YES
NO-RAG,42,13,O=C([O-])c1ccc(C(=O)[O-])c2ccccc12,O=C([O-])c1ccc(C(=O)[O-])cc1INVALID,0.0,0.0,NO,NO,,NO,NO,NO,NO,NO
NO-RAG,42,14,c1nnnn1CCn1cnnn1,O=C(O)c1cncnc1,0.25,0.05,YES,YES,1.3959,NO,NO,NO,NO,NO
NO-RAG,42,15,O=C([O-])c1cc([N+](=O)[O-])c(C(=O)[O-])cc1[N+](=O)[O-],O=C([O-])c1ccc([N+](=O)[O-])cc1,0.879,0.5,YES,YES,0.9457,YES,YES,YES,YES,NO
NO-RAG,42,16,O=C([O-])c1ccccc1C(=O)[O-],O=C([O-])c1cc(C(=O)[O-])c(C(=O)[O-])cc1C(=O)[O-],1.0,0.667,YES,NO,1.2267,YES,YES,YES,YES,YES
NO-RAG,42,17,CCCn1cnc2c1NC=NC2Cl,CCN1C(=O)[CH]C(=O)N(CC)C1=S,0.323,0.196,YES,NO,2.9455,NO,NO,NO,NO,NO
NO-RAG,42,18,O=C([O-])CCN1[CH]C=C(C2=C[CH]N(CCC(=O)[O-])C=C2)C=C1,O=C([O-])CN1[CH]C=C(C2=C[CH]N(CC(=O)[O-])C=C2)C=C1,0.868,0.732,YES,YES,1.3997,YES,YES,YES,YES,NO
NO-RAG,42,19,O=C([O-])c1cc(C(=O)[O-])cc(-c2cc(C(=O)[O-])cc(C(=O)[O-])c2)c1,O=C([O-])c1ccc(-c2ccc(C(=O)[O-])c(C(=O)[O-])c2)cc1C(=O)[O-],0.882,0.754,YES,YES,1.7934,YES,YES,YES,YES,NO
NO-RAG,42,20,O=C([O-])C=Cc1ccncc1,O=C([O-])[CH][CH]c1ccccn1,0.875,0.545,YES,NO,2.54,YES,YES,YES,YES,NO
NO-RAG,42,21,O=C([O-])c1ccc(C#Cc2ccc(C(=O)[O-])cc2)cc1,O=C([O-])c1ccc(-c2ccc(C(=O)[O-])cc2)cc1INVALID,0.0,0.0,NO,NO,,NO,NO,NO,NO,NO
NO-RAG,42,22,C(c1nnn[nH]1)c1nnn[nH]1,O=C(O)CC(O)C(=O)O.O=C([O-])COC(O)C(O)C(O)C(=O)O,0.047,0.027,YES,YES,0.4549,NO,NO,NO,NO,NO
NO-RAG,42,23,O=C([O-])c1cc(O)c(C(=O)[O-])cc1O,O=C([O-])c1cc(O)c(C(=O)[O-])cc1OINVALID,0.0,0.0,NO,NO,,NO,NO,NO,NO,NO
NO-RAG,42,24,CCc1c(C#N)c(CC)c(CC)c(C#N)c1CC,CCCOC=C(OCCC)C(OCCC)C(OCCC)C(OCCC)C(OCCC)C(OCCC)C(OCCC)(OCCC)C(C)OCCC,0.189,0.032,YES,YES,1.8745,NO,NO,NO,NO,NO
NO-RAG,42,25,O=C([O-])c1cncc(O)c1,O=C([O-])c1cccnc1C(=O)[O-],0.63,0.75,YES,YES,0.7783,YES,YES,YES,NO,NO
NO-RAG,42,26,O=C([O-])c1cccc(C(=O)[O-])n1,O=C([O-])c1cccnc1C(=O)[O-],0.864,0.75,YES,YES,0.6173,YES,YES,YES,YES,NO
NO-RAG,42,27,O=C([O-])c1cncc(-c2ccccc2C(=O)[O-])c1,O=C([O-])c1cccnc1C(=O)[O-],0.8,0.489,YES,YES,1.1797,YES,YES,YES,NO,NO
NO-RAG,42,28,Cc1cc(C#Cc2cc(C)c(C(=O)[O-])c(C)c2)cc(C)c1C(=O)[O-],Nc1cc(C=Cc2cc(N)c(C(=O)[O-])c(N)c2)cc(N)c1C(=O)[O-],0.485,0.41,YES,NO,6.7134,NO,NO,NO,NO,NO
NO-RAG,42,29,c1cn(Cc2cc(Cn3ccnc3)c(Cn3ccnc3)cc2Cn2ccnc2)cn1,c1cc(Cn2ccnc2)cc(Cn2ccnc2)c1INVALID,0.0,0.0,NO,NO,,NO,NO,NO,NO,NO
NO-RAG,42,30,Nc1cc(C(=O)[O-])ccc1-c1ccc(C(=O)[O-])cc1N,O=C([O-])c1ccccc1O,0.375,0.441,YES,NO,6.1628,NO,NO,NO,NO,NO
NO-RAG,42,31,O=C([O-])c1ccc(-c2ccc(C(=O)[O-])cc2O)c(O)c1,Nc1cc(C(=O)[O-])ccc1-c1ccc(C(=O)[O-])cc1N,0.581,0.902,YES,YES,3.4639,YES,YES,YES,YES,YES
NO-RAG,42,32,O=C([O-])c1nccnc1C(=O)[O-],O=C([O-])c1cnccn1,0.8,0.75,YES,NO,0.8694,YES,YES,YES,NO,NO
NO-RAG,42,33,COc1cc(C(=O)[O-])ccc1C#Cc1cc(OC)c(C(=O)[O-])cc1-c1ccccc1,CNc1cc(C(=O)[O-])ccc1C(=O)[O-],0.471,0.325,YES,YES,1.271,NO,NO,NO,NO,NO
NO-RAG,42,34,O=C([O-])c1c(F)c(F)c(C(=O)[O-])c2c(F)c(F)c(F)c(F)c12,O=C([O-])c1c(F)c(F)c(C(=O)[O-])c2ccccc12INVALID,0.0,0.0,NO,NO,,NO,NO,NO,NO,NO
NO-RAG,42,35,O=C([O-])c1cnc(C(=O)[O-])cn1,O=C([O-])c1ccc(C(=O)[O-])o1,0.429,0.3,YES,YES,1.2862,NO,NO,NO,NO,NO
NO-RAG,42,36,O=C([O-])c1ccc(Oc2cc(Oc3ccc(C(=O)[O-])cc3)cc(C(=O)[O-])c2)cc1,O=C([O-])c1ccc(Oc2cc(Oc3ccc(C(=O)[O-])cc3)cc(C(=O)[O-])c2)cc1INVALID,0.0,0.0,NO,NO,,NO,NO,NO,NO,NO
NO-RAG,42,37,O=C([O-])c1ccc(-c2cc(C(=O)[O-])cc(C(=O)[O-])c2)cc1,O=C([O-])c1ccc(C(=O)[O-])cc1,0.8,0.421,YES,YES,0.7124,YES,YES,YES,NO,NO
NO-RAG,42,38,O=C([O-])c1cc(F)c(C(=O)[O-])cc1F,O=C([O-])c1c(F)c(F)c(C(=O)[O-])c2cc(F)c(F)cc12,0.818,0.638,YES,YES,1.3461,YES,YES,YES,NO,NO
NO-RAG,42,39,[CH](NN[CH]c1ccncc1)c1ccncc1,c1cn(CCCCn2ccnc2)cn1,0.278,0.037,YES,YES,1.4521,NO,NO,NO,NO,NO
NO-RAG,42,40,O=C([O-])c1ccccc1C(=O)O,O=C([O-])c1ccc(C(=O)[O-])cc1,0.8,0.75,YES,YES,3.0765,YES,YES,YES,NO,NO
NO-RAG,42,41,CC(CCC(=O)[O-])C(=O)[O-],O=C([O-])CCCCC(=O)[O-],0.765,0.687,YES,NO,2.1182,YES,YES,YES,NO,NO
NO-RAG,42,42,O=C([O-])c1cc(S(O)(O)O)c(C(=O)[O-])c2c1CC2,O=C([O-])c1ccc(C(c2ccc(C(=O)[O-])c(C(=O)[O-])c2)(C(F)(F)F)C(F)(F)F)cc1C(=O)[O-],0.34,0.299,YES,NO,3.68,NO,NO,NO,NO,NO
NO-RAG,42,43,CNC1(F)CC2(C#CC(=O)[O-])CCC1(C#CC(=O)[O-])CC2,CCC1CC2(C#CC(=O)[O-])CCC1(C#CC(=O)[O-])CC2OINVALID,0.0,0.0,NO,NO,,NO,NO,NO,NO,NO
NO-RAG,42,44,Cc1nccn1Cc1ccncc1,c1cc(-c2nnc(-c3ccncc3)[nH]2)ccn1,0.472,0.338,YES,YES,1.5789,NO,NO,NO,NO,NO
NO-RAG,42,45,c1cn(Cc2ccc(Cn3ccnc3)cc2)cn1,c1cc(-c2ccncc2)ccn1,0.385,0.0,YES,YES,1.1454,NO,NO,NO,NO,NO
NO-RAG,42,46,c1cncnc1,c1c[nH]cn1,0.562,0.0,YES,YES,0.8948,YES,NO,NO,NO,NO
NO-RAG,42,47,CCC12C3C4(C(=O)[O-])C5(CC)C(C1(C(=O)[O-])C35[N+](=O)[O-])C24[N+](=O)[O-],O=C([O-])C1C(I)CC2(C(=O)[O-])CC1CC2I,0.312,0.471,YES,YES,1.4357,NO,NO,NO,NO,NO
NO-RAG,42,48,O=C([O-])CN(CC(=O)[O-])CC(=O)[O-],O=C([O-])CCC(=O)[O-],0.478,0.285,YES,YES,1.2689,NO,NO,NO,NO,NO
NO-RAG,42,49,c1cn(-c2ccc(NNc3ccc(-n4ccnc4)cc3)cc2)cn1,O=C1[CH]C(=O)NC(=S)N1,0.231,0.0,YES,NO,1.9487,NO,NO,NO,NO,NO
NO-RAG,42,50,Nc1cc(C#Cc2cc(N)c(C(=O)[O-])c(N)c2)cc(N)c1C(=O)[O-],O=C([O-])C1=CC=C2C=C(Br)C(=CC=C(CBr)C(=O)[O-])C2C=C1,0.256,0.148,YES,YES,6.7536,NO,NO,NO,NO,NO
NO-RAG,42,51,CCc1cc2c(cc(CC)c3ccc(C(=O)[O-])c(F)c32)c2cc(C(=O)[O-])ccc12,CC1C=C(C(=O)[O-])C(C(=O)O)=C(C(=O)[O-])C(C(=O)[O-])=C1CC(=O)O,0.371,0.12,YES,YES,1.0776,NO,NO,NO,NO,NO
NO-RAG,42,52,O=C(O)c1cccc(Oc2cccc(C(=O)O)c2C(=O)[O-])c1.O=C(O)c1cccc(Oc2cccc(C(=O)O)c2C(=O)[O-])c1,Cc1cccc(C)[n+]1C(=O)[O-],0.134,0.058,YES,YES,1.7661,NO,NO,NO,NO,NO
NO-RAG,42,53,O=C([O-])CN(CCN(CC(=O)[O-])CC(=O)[O-])CCN(CC(=O)O)CC(=O)O,O=C([O-])CNCC(=O)N(CC(=O)[O-])CC(=O)[O-],0.684,0.586,YES,YES,0.6692,YES,YES,NO,NO,NO
NO-RAG,42,54,c1ccc(SSc2ccccn2)nc1,c1cnc(SCSc2ncccn2)nc1INVALID,0.0,0.0,NO,NO,,NO,NO,NO,NO,NO
NO-RAG,42,55,Nc1ccc(C=Cc2ccc(N)cc2S(O)(O)O)c(S(O)(O)O)c1,O=P(O)(O)c1ccccc1,0.395,0.246,YES,YES,0.699,NO,NO,NO,NO,NO
NO-RAG,42,56,O=C([O-])c1cc(C(=O)[O-])c(C(=O)O)cc1C(=O)O,O=C([O-])c1cc(C(=O)O)c(C(=O)[O-])cc1C(=O)O,1.0,1.0,YES,YES,1.0748,YES,YES,YES,YES,YES
NO-RAG,42,57,O=C(Nc1cccnc1)c1ccc(C(=O)Nc2cccnc2)s1,c1cc(-c2ccncc2)ccn1,0.375,0.253,YES,YES,1.5117,NO,NO,NO,NO,NO
NO-RAG,42,58,NC1=N[CH]NN1,Cn1nn[nH]c1=S,0.413,0.0,YES,YES,3.2333,NO,NO,NO,NO,NO
NO-RAG,42,59,O=C([O-])c1cc(C(=O)O)c(C(=O)[O-])cc1C(=O)O,O=C([O-])c1ccc(C(=O)[O-])cc1INVALID,0.0,0.0,NO,NO,,NO,NO,NO,NO,NO
NO-RAG,42,60,O=[N+]([O-])c1cncc([N+](=O)[O-])c1C#Cc1c([N+](=O)[O-])cncc1[N+](=O)[O-],N#Cc1cc([N+](=O)[O-])c(C#N)cc1[N+](=O)[O-],0.732,0.137,YES,YES,1.8343,YES,YES,YES,NO,NO
NO-RAG,42,61,O=C([O-])C(O)=C(O)C(=O)[O-],O=C([O-])C(=O)[O-],0.588,0.478,YES,YES,1.6999,YES,NO,NO,NO,NO
NO-RAG,42,62,C(#C[Si](C#Cc1cn[nH]c1)(C#CC1C=NN=C1)C#CC1C=NN=C1)C1=CN=N[CH]1,C(#CC#Cc1cn[nH]c1)C#CC1=CN=N[CH]1,0.828,0.232,YES,YES,5.132,YES,YES,YES,NO,NO
NO-RAG,42,63,O=C([O-])CN1[CH]C=C(c2nnn[nH]2)C=C1,O=C([O-])c1cccc(-c2nnn[nH]2)c1,0.652,0.39,YES,YES,2.0802,YES,YES,NO,NO,NO
NO-RAG,42,64,Nc1ccccc1S,O=C([O-])c1cccc(C(=O)O)n1.O=C([O-])c1cccc(C(=O)[O-])n1,0.078,0.0,YES,NO,0.7177,NO,NO,NO,NO,NO
NO-RAG,42,65,O=C([O-])c1nc(-c2ccc3ccccc3c2)[nH]c1C(=O)[O-],O=C([O-])c1cc(N2[CH]N=CN2)cc(N2[CH]N=CN2)c1,0.429,0.276,YES,YES,1.3488,NO,NO,NO,NO,NO
NO-RAG,42,66,O=C(O)c1ccc(-c2ccc(-c3ccc(C(=O)O)cc3C(=O)[O-])cc2)c(C(=O)[O-])c1,O=C([O-])c1cc(C(=O)[O-])nc(-c2nc(C(=O)[O-])ccc2C(=O)O)c1,0.6,0.118,YES,YES,1.7689,YES,YES,NO,NO,NO
NO-RAG,42,67,c1ccc(-c2cc(-c3ccncc3)nc(-c3ccncc3)c2)nc1,C=CC=CC=C1C=CC=C(c2ccncc2)C=NC=C2NC=C(N=C1)C(=CC)c1cnccc12,0.467,0.199,YES,YES,3.7653,NO,NO,NO,NO,NO
NO-RAG,42,68,CSc1nccs1,O=P(O)(O)Cc1ccncc1,0.179,0.055,YES,YES,1.5843,NO,NO,NO,NO,NO
NO-RAG,42,69,O=C([O-])C1CCC(C(=O)[O-])CC1,O=C([O-])C1CC(C(=O)O)C(C(=O)[O-])CC1C(=O)O,0.6,0.667,YES,YES,1.6611,YES,YES,NO,NO,NO
NO-RAG,42,70,c1c[nH]cn1,c1c[nH]cn1INVALID,0.0,0.0,NO,NO,,NO,NO,NO,NO,NO
NO-RAG,42,71,c1ccc(-c2nnc(-c3ccncc3)[nH]2)nc1,C1=NN=CC1c1ccc(-c2cn[nH]c2)cc1,0.643,0.092,YES,YES,2.3123,YES,YES,NO,NO,NO
NO-RAG,42,72,O=C([O-])c1cccc(-c2c3nc(c(-c4cccc(C(=O)[O-])c4)c4ccc([nH]4)c(-c4cccc(C(=O)[O-])c4)c4nc(c(-c5cccc(C(=O)[O-])c5)c5ccc2[nH]5)C=C4)C=C3)c1,C=CN=CC=CNNC(=O)C1CC(C(=O)[O-])=CC1=CC(=O)[O-],0.367,0.058,YES,YES,1.211,NO,NO,NO,NO,NO
NO-RAG,42,73,O=C([O-])c1cc2c(cc1C(=O)[O-])C(=O)c1ccccc1C2=O,O=C([O-])c1ccccc1I,0.44,0.395,YES,NO,1.7009,NO,NO,NO,NO,NO
NO-RAG,42,74,Cc1cc2ccc3nc(C)ccc3c2cn1,CCCC=NC1=CC=C2N=CC=CC=C(C=C1)C2C,0.312,0.083,YES,YES,1.4547,NO,NO,NO,NO,NO
NO-RAG,42,75,Nc1nc2ccccc2[nH]1,c1ccc2c(c1)ncn2Cn1cnc2ccccc21,0.5,0.466,YES,NO,4.0295,YES,NO,NO,NO,NO
NO-RAG,42,76,O=C([O-])CCC(=O)[O-],O=C([O-])CC(=O)[O-],0.786,0.604,YES,YES,0.4617,YES,YES,YES,NO,NO
NO-RAG,42,77,CNC12C3C4C5C3(C#CC(=O)[O-])C1C5(NC)C42C#CC(=O)[O-],CNC12C3C4C5C(C41C#CC(=O)[O-])C2(NC)C53C#CC(=O)[O-],0.879,0.915,YES,YES,1.3209,YES,YES,YES,YES,YES
NO-RAG,42,78,O=C([O-])c1ccc(-c2ccccc2)cc1,O=C([O-])c1cccc(-c2cccnc2)c1,0.706,0.585,YES,YES,1.3365,YES,YES,YES,NO,NO
NO-RAG,42,79,CCCOc1c(C(=O)[O-])ccc2c(OCCC)c(C(=O)[O-])ccc12,CCCOc1cc(NNc2ccc(C(=O)[O-])cc2I)c(OCCC)c(I)c1C(=O)[O-],0.6,0.428,YES,YES,1.3172,YES,YES,NO,NO,NO
NO-RAG,42,80,CN1c2cncc(n2)N(C)c2cncc(n2)N(C)c2cncc(n2)N(C)c2cncc1n2,C1=CC2C=CC1CSCc1cccc(c1)CS2,0.189,0.0,YES,YES,3.6061,NO,NO,NO,NO,NO
NO-RAG,42,81,CC(C(=O)[O-])C(=O)[O-],NC(CC(=O)[O-])C(=O)[O-],0.409,0.533,YES,YES,2.9623,YES,NO,NO,NO,NO
NO-RAG,42,82,O=C([O-])C(F)=C(F)C(=O)[O-],O=C([O-])C(F)=C(F)C(=O)[O-]INVALID,0.0,0.0,NO,NO,,NO,NO,NO,NO,NO
NO-RAG,42,83,O=C([O-])c1ccc(Oc2ccc(C(=O)[O-])c(C(=O)[O-])c2)cc1C(=O)[O-],O=C([O-])c1ccc(C=Nc2cc(C(=O)[O-])cc(C(=O)[O-])c2)cc1,0.5,0.354,YES,NO,2.0372,YES,NO,NO,NO,NO
NO-RAG,42,84,Cc1cc(OCC(=O)[O-])cc(C(=O)[O-])c1,O=C([O-])CNC=C1C=C(C(=O)[O-])C(=O)N1,0.306,0.24,YES,YES,4.2596,NO,NO,NO,NO,NO
NO-RAG,42,85,O=C([O-])c1sc2c(C(=O)O)c(C(=O)[O-])sc2c1C(=O)O,O=C([O-])c1cc(C(=O)[O-])c(C(=O)O)c(C(=O)O)c1,0.577,0.177,YES,YES,4.7,YES,NO,NO,NO,NO
NO-RAG,42,86,Cc1nc(C)c(C(=O)[O-])c(C=Cc2ccccc2)c1C(=O)[O-],O=C([O-])c1cccc(F)c1C(=O)[O-],0.467,0.313,YES,NO,1.4427,NO,NO,NO,NO,NO
NO-RAG,42,87,Cc1c(C)c(C(=O)[O-])c(C)c(C)c1C(=O)[O-],Nc1cc(C(=O)[O-])cc(C(=O)[O-])c1,0.5,0.625,YES,NO,0.7735,YES,YES,NO,NO,NO
NO-RAG,42,88,O=C([O-])CO,O=C([O-])COINVALID,0.0,0.0,NO,NO,,NO,NO,NO,NO,NO
NO-RAG,42,89,O=C([O-])c1ccc(-c2ccc(C(=O)[O-])c(C(=O)O)c2)cc1C(=O)O,O=C([O-])c1ccc(NNc2ccc(C(=O)[O-])c(C(=O)O)c2)cc1C(=O)[O-],0.581,0.455,YES,YES,2.5172,YES,NO,NO,NO,NO
NO-RAG,42,90,Cc1cc(-n2ccnc2)c(C)cc1-n1ccnc1,c1cc(-c2ccc(-c3ccnnc3)cc2)cnn1,0.333,0.32,YES,YES,2.0767,NO,NO,NO,NO,NO
NO-RAG,42,91,O=P(O)(O)CCSc1ccncc1,CC=CC(=O)[O-]INVALID,0.0,0.0,NO,NO,,NO,NO,NO,NO,NO
NO-RAG,42,92,O=C([O-])C1=NC(c2cncc(Br)c2)=NC1C(=O)O,O=CC1=CC(Cc2ccc(C(=O)O)cc2)=C(C(=O)[O-])C1=CC1=CC(=CC(=O)[O-])C=CO1,0.378,0.114,YES,YES,1.9518,NO,NO,NO,NO,NO
NO-RAG,42,93,[CH]1N=NC=C1c1ccc([Si](c2ccc(-c3cn[nH]c3)cc2)(c2ccc(C3C=NN=C3)cc2)c2ccc(C3C=NN=C3)cc2)cc1,C1=NN=CC1C12C3C4C1C1C2C3C41Cc1cn[nH]c1INVALID,0.0,0.0,NO,NO,,NO,NO,NO,NO,NO
NO-RAG,42,94,CCOC1(Br)c2c(C(=O)[O-])c(Br)cc(C(=O)[O-])c2C1Br,O=C([O-])c1c(F)c(F)c(N=Nc2c(F)c(F)c(C(=O)[O-])c(F)c2F)c(F)c1F,0.386,0.317,YES,NO,1.9831,NO,NO,NO,NO,NO
NO-RAG,42,95,CCCOC1CC2(C#CC(=O)[O-])CCC1(C#CC(=O)[O-])CC2,CCC1c2c(C(=O)[O-])cc(OC)c(C(=O)[O-])c2C1CCINVALID,0.0,0.0,NO,NO,,NO,NO,NO,NO,NO
NO-RAG,42,96,N#CC(C(=O)[O-])=C(C=CC(=O)[O-])c1ccccc1,CCCc1cc(C(=O)[O-])ccc1NNc1ccc(C(=O)[O-])cc1,0.31,0.342,YES,YES,1.5504,NO,NO,NO,NO,NO
NO-RAG,42,97,O=C([O-])C=CC=CC(=O)[O-],O=C([O-])CCC(=O)[O-],0.643,0.373,YES,YES,1.4334,YES,YES,NO,NO,NO
NO-RAG,42,98,CCOP(=O)(Cc1c(C)c(C)c(CP(=O)(OCC)OCC)c(C)c1C)OCC,CCCCS(=O)CC1CCCCC1,0.349,0.25,YES,YES,1.6918,NO,NO,NO,NO,NO
NO-RAG,42,99,[CH]1N=CNN1CCCCCCn1cncn1,c1cnc(SCSc2ncccn2)nc1,0.265,0.037,YES,NO,2.3068,NO,NO,NO,NO,NO
NO-RAG,42,100,O=P(O)(O)O,O=S(=O)(O)O,0.577,0.12,YES,YES,1.0945,YES,NO,NO,NO,NO
NO-RAG,42,101,O=C([O-])c1cc(C(=O)O)c(C(=O)[O-])c2c1CC2,O=C([O-])c1cc(C(=O)[O-])cc(S(O)(O)O)c1,0.317,0.69,YES,YES,2.2188,YES,YES,NO,NO,NO
NO-RAG,42,102,O=C([O-])c1cc(Cn2nnc3ccccc32)cc(C(=O)[O-])c1,O=C([O-])c1ccccc1-c1ccccc1C(=O)[O-],0.318,0.395,YES,YES,1.5712,NO,NO,NO,NO,NO
NO-RAG,42,103,O=C([O-])c1c(F)cc(C=Cc2cc(F)c(C(=O)[O-])c(F)c2)cc1F,O=C([O-])C=C(O)C(O)=C(C=CC(O)=C1C(=C(O)C(O)=C(CO)C(=O)[O-])C1OCO)COC(O)=CO,0.279,0.074,YES,YES,6.9295,NO,NO,NO,NO,NO
NO-RAG,42,104,Nc1c(N)c(C(=O)[O-])c(N)c(N)c1C#Cc1c(N)c(N)c(C(=O)[O-])c(N)c1N,O=C([O-])c1c(Cl)c(Cl)c(C#Cc2c(Cl)c(Cl)c(C(=O)[O-])c(Cl)c2Cl)c(Cl)c1ClINVALID,0.0,0.0,NO,NO,,NO,NO,NO,NO,NO
NO-RAG,42,105,NCC(=O)[O-],N#CCC(=O)[O-],0.474,0.64,YES,NO,0.3368,YES,YES,NO,NO,NO
NO-RAG,42,106,O=C([O-])c1nc[nH]c1C(=O)[O-],O=C([O-])c1nc[nH]c1C(=O)[O-]INVALID,0.0,0.0,NO,NO,,NO,NO,NO,NO,NO
NO-RAG,42,107,O=C([O-])c1ccc(C#Cc2ccc(C(=O)[O-])cc2Cl)c(Cl)c1,O=C([O-])c1ccc(NNc2ccc(C(=O)[O-])c(Cl)c2)cc1Cl,0.588,0.402,YES,NO,4.0666,YES,NO,NO,NO,NO
NO-RAG,42,108,O=C([O-])c1cncc(OCOc2cncc(C(=O)[O-])c2)c1,O=C([O-])c1cccc(-n2ccc(=O)cc2)c1C(=O)[O-]INVALID,0.0,0.0,NO,NO,,NO,NO,NO,NO,NO
NO-RAG,42,109,O=C([O-])c1ccc(-n2ccc(=O)cc2)cc1C(=O)[O-],O=C([O-])c1ccc(C(=O)[O-])cc1,0.343,0.464,YES,YES,1.7444,NO,NO,NO,NO,NO
NO-RAG,42,110,CCc1cc(-c2ccc(C(=O)[O-])cc2)ccc1C(=O)[O-],INVALID,0.0,0.0,NO,NO,,NO,NO,NO,NO,NO
NO-RAG,42,111,CCCC1=NN=CC1C#Cc1ccc(C#CC2=C(CCC)N=N[CH]2)cc1OC,CCCOC12C=CC3(C)C(C#Cc4cn[nH]c4)C1(OCCC)C3(F)C2,0.477,0.126,YES,YES,1.0756,NO,NO,NO,NO,NO
NO-RAG,42,112,CCC(C)COc1cc(C=Cc2ccncc2)c(OCC(C)CC)cc1C=Cc1ccncc1,CC1=CC=C(C(=O)C2=C(C(C)Cc3ccc(C#N)cc3)[CH]C2=CC(C)(C)C)C=CC1,0.31,0.23,YES,YES,0.8616,NO,NO,NO,NO,NO
NO-RAG,42,113,Cn1cnc(C(=O)[O-])c1C(=O)[O-],O=C([O-])c1ccco1,0.333,0.3,YES,NO,3.0607,NO,NO,NO,NO,NO
NO-RAG,42,114,O=S1(=O)CCCC1,O=C([O-])COCCC(O)C(CO)C(=O)[O-]INVALID,0.0,0.0,NO,NO,,NO,NO,NO,NO,NO
NO-RAG,42,115,Cc1nccn1CCCCn1ccnc1C,c1cc(-c2ccncc2)ccn1,0.237,0.0,YES,YES,1.9865,NO,NO,NO,NO,NO
NO-RAG,42,116,O=C([O-])c1ccnc(-c2cc(C(=O)[O-])ccn2)c1,O=C([O-])c1cccc(Cl)c1,0.321,0.196,YES,NO,1.0872,NO,NO,NO,NO,NO
NO-RAG,42,117,O=C([O-])c1cccc(-c2nccs2)c1,OS(O)(O)c1cccnc1,0.239,0.043,YES,NO,0.6996,NO,NO,NO,NO,NO
NO-RAG,42,118,NC(=S)c1cccc(C(N)=S)c1,c1cc(-c2nnn[nH]2)cc(-c2nnn[nH]2)c1,0.25,0.358,YES,YES,1.5613,NO,NO,NO,NO,NO
NO-RAG,42,119,O=C([O-])c1ccc(N=Cc2ccccc2O)cc1,O=C([O-])c1cccc(-c2cccnc2)c1INVALID,0.0,0.0,NO,NO,,NO,NO,NO,NO,NO
NO-RAG,42,120,Nc1c(N)c(C(=O)[O-])c2ccccc2c1C(=O)[O-],O=C([O-])c1c(O)c(O)c(C(=O)[O-])c2ccccc12INVALID,0.0,0.0,NO,NO,,NO,NO,NO,NO,NO
NO-RAG,42,121,Cc1cc2ncn(CCCCn3cnc4cc(C)c(C)cc43)c2cc1C,c1cc(-c2ccncc2)ccn1,0.289,0.0,YES,YES,1.462,NO,NO,NO,NO,NO
NO-RAG,42,122,O=C([O-])c1c(O)c(O)c(C(=O)[O-])c2c(O)c(O)c(O)c(O)c12,O=C([O-])C=CC(C(=O)O)=C(C=C(C=C(C(=O)O)C(=CC(=O)O)C(=O)O)C(=O)O)C(=O)[O-]INVALID,0.0,0.0,NO,NO,,NO,NO,NO,NO,NO
NO-RAG,42,123,O=C([O-])C12C3C4C1C1(S(O)(O)O)C2C3C41C(=O)[O-],CCC1C2C3C(CC)C4(c5ccccc5)C3(C#CC(=O)[O-])C2C14C(=O)[O-],0.4,0.441,YES,YES,1.609,NO,NO,NO,NO,NO
NO-RAG,42,124,Cc1cnc(C)cn1,c1cc(NNc2ccncc2)ccn1,0.407,0.0,YES,NO,0.7397,NO,NO,NO,NO,NO
NO-RAG,42,125,ON=C(c1ccncc1)c1ccccn1,CCOCC1C2=COC(C=CC=COC)(C=NCCCN=CC=CC=CC1S)C2,0.136,0.055,YES,YES,0.837,NO,NO,NO,NO,NO
NO-RAG,42,126,CC(=O)N(C)C,CCOC(=O)CCC(=O)OCC,0.114,0.223,YES,NO,3.1215,NO,NO,NO,NO,NO
NO-RAG,42,127,c1cc(-c2ccncc2)ccn1,c1cc(-c2ccncc2)ccn1INVALID,0.0,0.0,NO,NO,,NO,NO,NO,NO,NO
NO-RAG,42,128,[CH](C=CC=C1C=NN=C1)c1cn[nH]c1,CC(NNC(C)c1ccncc1)c1ccncc1,0.406,0.142,YES,NO,4.9219,NO,NO,NO,NO,NO
NO-RAG,42,129,CC(=O)[CH]C(=O)c1ccc(-n2ccnc2)cc1,CC1C=Nc2ccccc2NO1,0.312,0.345,YES,YES,2.4699,NO,NO,NO,NO,NO
NO-RAG,42,130,O=C(Nc1cccnc1)c1cccnc1,O=P(O)(O)c1ccccn1,0.25,0.39,YES,YES,0.6474,NO,NO,NO,NO,NO
NO-RAG,42,131,c1cc(CCCc2ccncc2)ccn1,c1cc(CCCc2ccncc2)ccn1INVALID,0.0,0.0,NO,NO,,NO,NO,NO,NO,NO
NO-RAG,42,132,Cc1cc2ncn(Cc3ccc(Cn4cnc5cc(C)c(C)cc54)cc3)c2cc1C,CC(=CC=C1C2C=CC(=CC(=O)[O-])C=C2N1c1ccncc1)c1ccncc1,0.42,0.052,YES,YES,2.3267,NO,NO,NO,NO,NO
NO-RAG,42,133,Cc1ccc(SCN(CSc2ccc(C)cc2C)CSc2ccc(C)cc2C)c(C)c1,CC=CC(=O)[O-],0.029,0.019,YES,NO,1.3645,NO,NO,NO,NO,NO
NO-RAG,42,134,CC1c2nccc(-c3ccnc4c3C4C)c21,O=C([O-])C=CC(=CC=C1C2=CC(=CC(C(=O)[O-])=C1C(=O)O)C=CC=C2)C(=O)O,0.081,0.057,YES,YES,1.2931,NO,NO,NO,NO,NO
NO-RAG,42,135,O=C([O-])c1ccc(OCC(COc2ccc(C(=O)[O-])cc2)(COc2ccc(C(=O)[O-])cc2)COc2ccc(C(=O)O)cc2)cc1,O=C([O-])c1ccc(C=Cc2ccncc2)cc1,0.333,0.195,YES,NO,2.0682,NO,NO,NO,NO,NO
NO-RAG,42,136,N#CC(C#N)C(=S)S,CCN1C(=O)[CH]C(=O)N(CC)C1=S,0.14,0.123,YES,NO,0.9227,NO,NO,NO,NO,NO
NO-RAG,42,137,OC1(Cl)Cc2ncc(Cl)nc21,N=CC=C1C(C=CF)=CC=C1C=CC=C(CF)c1ccncc1,0.227,0.0,YES,YES,1.5565,NO,NO,NO,NO,NO
NO-RAG,42,138,CC1(C)OC(CP(c2ccccc2)c2ccccc2)C(CP(c2ccccc2)c2ccccc2)O1,c1cc(CCCc2ccncc2)ccn1,0.222,0.045,YES,YES,1.4384,NO,NO,NO,NO,NO
NO-RAG,42,139,Cc1ccc(S(=O)(=O)NC(CCC(=O)[O-])C(=O)[O-])cc1,O=C([O-])CNC(=O)c1cccc(C(=O)NCC(=O)[O-])c1,0.364,0.35,YES,NO,0.8396,NO,NO,NO,NO,NO
NO-RAG,42,140,O=C([O-])C1=C[CH]NC=C1C(=O)[O-],O=C([O-])c1ccc(C=Nc2cc(C(=O)[O-])cc(C(=O)[O-])c2)cc1,0.419,0.154,YES,NO,1.6726,NO,NO,NO,NO,NO
NO-RAG,42,141,O=C([O-])c1ccc(-c2cc3cc(c2)C(=O)[O][Cd][O]C3=O)cc1,c1cc(-c2nnn[nH]2)ccc1-c1nnn[nH]1,0.2,0.308,YES,YES,1.5629,NO,NO,NO,NO,NO
NO-RAG,42,142,O=P(O)(O)F,O=C([O-])C1=NC(C(F)(F)F)=NC1C(=O)[O-],0.186,0.04,YES,YES,1.4451,NO,NO,NO,NO,NO
NO-RAG,42,143,CC(=O)CC(C#N)(C#N)C(C#N)C#N,N#CC(C#N)C(N)=O,0.286,0.411,YES,NO,0.9195,NO,NO,NO,NO,NO
NO-RAG,42,144,COc1cc(NC#N)c(OC)cc1NC#N,N#CC(C#N)=C(C#N)C(C#N)=C(C#N)C#N,0.094,0.1,YES,NO,2.0125,NO,NO,NO,NO,NO
NO-RAG,42,145,c1ccc2c(-n3ccnc3)c3ccccc3c(-n3ccnc3)c2c1,Cc1c(-c2ccncc2)c(C)c(-c2c(C)c(-c3ccncc3)c(C)c(-c3ccncc3)c2C)c(C)c1-c1ccncc1,0.375,0.137,YES,YES,1.6017,NO,NO,NO,NO,NO
NO-RAG,42,146,O=C([O-])c1ccc(NNc2ccc(C(=O)[O-])cc2)cc1,O=C([O-])c1ccc(Cl)cc1,0.29,0.441,YES,NO,0.9014,NO,NO,NO,NO,NO
NO-RAG,42,147,O=C(NCc1ccncc1)C(=O)NCc1ccncc1,c1ccc(-c2ccn[nH]2)nc1,0.341,0.294,YES,YES,3.1294,NO,NO,NO,NO,NO
NO-RAG,42,148,Nc1ccc(Cc2ccc(N)cc2)cc1,c1ccc2c(c1)ncn2Cn1cnc2ccccc21,0.303,0.299,YES,NO,1.7723,NO,NO,NO,NO,NO
NO-RAG,42,149,O=C([O-])c1ccc(-c2cc(-c3ccc(C(=O)O)cc3)c(-c3ccc(C(=O)[O-])cc3)cc2-c2ccc(C(=O)O)cc2)cc1,O=C([O-])c1cc(C(=O)O)c2cc(C(=O)[O-])cc(C(=O)O)c2c1INVALID,0.0,0.0,NO,NO,,NO,NO,NO,NO,NO
NO-RAG,42,150,Fc1cc2cc(C3C=NN=C3)c(F)cc2cc1-c1cn[nH]c1,CC1Cc2nccnc21,0.316,0.0,YES,YES,0.94,NO,NO,NO,NO,NO
NO-RAG,42,151,O=C1C(=O)C(=O)C(=O)C1=O,O=C1C(=O)C(=O)C1=OINVALID,0.0,0.0,NO,NO,,NO,NO,NO,NO,NO
NO-RAG,42,152,O=C(Nc1cc(C(=O)[O-])cc(C(=O)[O-])c1)Nc1cc(C(=O)[O-])cc(C(=O)[O-])c1,O=C([O-])c1cccc(C(=O)[O-])c1OCCO,0.255,0.423,YES,YES,3.5727,NO,NO,NO,NO,NO
NO-RAG,42,153,Cc1nccn1Cc1ccc(-c2ccc(Cn3ccnc3C)cc2)cc1,c1cc(-c2ccncc2)ccn1,0.364,0.0,YES,YES,1.6322,NO,NO,NO,NO,NO
NO-RAG,42,154,CC(=O)NC(C)(NC(C)=O)C(=O)[O-],O=C([O-])C1CCCCC1C(=O)O,0.243,0.205,YES,NO,2.1301,NO,NO,NO,NO,NO
NO-RAG,42,155,O=C([O-])c1cccc(CN2CCOCCN(Cc3cccc(C(=O)[O-])c3)CCOCC2)c1,O=C([O-])Cn1cncn1,0.46,0.08,YES,NO,1.1726,NO,NO,NO,NO,NO
NO-RAG,42,156,O=C([O-])c1c(Cl)cc(-c2cc(-c3cc(Cl)c(C(=O)[O-])c(Cl)c3)cc(-c3cc(Cl)c(C(=O)[O-])c(Cl)c3)c2)cc1Cl,O=C([O-])c1ccccc1O,0.444,0.224,YES,NO,1.9663,NO,NO,NO,NO,NO
NO-RAG,42,157,O=[PH](O)O,O=S(=O)(O)O,0.481,0.12,YES,YES,1.1223,NO,NO,NO,NO,NO
NO-RAG,42,158,O=P(O)(O)C1=CC=C2[CH]C=CC=C2N1,O=P(O)(O)c1ccccc1,0.472,0.321,YES,YES,1.3019,NO,NO,NO,NO,NO
NO-RAG,42,159,c1ccc2nc(-c3cnc4ccccc4n3)cnc2c1,C=CC=C1c2ccccc2N=C(C)c2ccccc2[Si]1(c1ccccc1)c1ccccc1,0.406,0.179,YES,YES,1.7274,NO,NO,NO,NO,NO
NO-RAG,42,160,O=C([O-])Cn1nn[nH]c1=S,O=C([O-])C(F)(F)F,0.132,0.36,YES,NO,0.6499,NO,NO,NO,NO,NO
NO-RAG,42,161,CCCCN(CCO)CCO,O=C(O)c1cc[n+]([O-])cc1,0.137,0.149,YES,YES,2.4234,NO,NO,NO,NO,NO
NO-RAG,42,162,CC1=C(CC2=C(C)N=NC2C)C(C)N=N1,c1ccc(-c2cc(-c3ccncc3)cc(-c3ccccn3)n2)nc1,0.206,0.0,YES,YES,2.4226,NO,NO,NO,NO,NO
NO-RAG,42,163,CC(C)c1cc(C(C)C)c(CP(=O)(O)O)c(C(C)C)c1,OS(O)(O)c1cccc2c(S(O)(O)O)cccc12,0.378,0.3,YES,YES,1.9166,NO,NO,NO,NO,NO
NO-RAG,42,164,O=C([O-])CN=Cc1ccccc1O,O=C([O-])CN1NN=C(c2ccccn2)N1INVALID,0.0,0.0,NO,NO,,NO,NO,NO,NO,NO
NO-RAG,42,165,CNC1CC2(C#CC(=O)[O-])C(NC)CC1(C#CC(=O)[O-])C(F)C2F,COCC(C#CC(=O)[O-])C(Cl)CC(C#CC(=O)[O-])C(Cl)CClINVALID,0.0,0.0,NO,NO,,NO,NO,NO,NO,NO
NO-RAG,42,166,O=C([O-])c1cccc(NNc2cccc(C(=O)[O-])c2)c1,O=C([O-])c1cccc(Oc2cccnc2)c1C(=O)[O-],0.375,0.441,YES,NO,1.5646,NO,NO,NO,NO,NO
NO-RAG,42,167,O=C([O-])c1ccc(NNc2ccc(C(=O)[O-])c(F)c2)cc1F,O=C([O-])c1c(O)c(O)c(C(=O)[O-])c2cc(O)c(O)cc12,0.395,0.402,YES,NO,3.9069,NO,NO,NO,NO,NO
NO-RAG,42,168,N#CNC#N,N#CNC#NINVALID,0.0,0.0,NO,NO,,NO,NO,NO,NO,NO
NO-RAG,42,169,O=C([O-])c1cc(C(=O)[O][Ag])c(C(=O)[O-])cc1C(=O)[O][Ag],ClCN1[CH]C=CC[N]([Cu][CH]2[CH][N][CH]C=C2[N][Cu]([Cl])[Cl])C=C1,0.14,0.029,YES,YES,1.4371,NO,NO,NO,NO,NO
NO-RAG,42,170,O=C([O-])c1cccc(=O)[nH]1,Nc1nnn[nH]1,0.174,0.0,YES,NO,0.6066,NO,NO,NO,NO,NO
NO-RAG,42,171,O=C([O-])c1ccc(C(=O)[O-])cc1,O=C([O-])c1ccc(C(=O)[O-])cc1INVALID,0.0,0.0,NO,NO,,NO,NO,NO,NO,NO
NO-RAG,42,172,O=C([O-])CCCC(=O)[O-],O=C([O-])CCC(=O)[O-]INVALID,0.0,0.0,NO,NO,,NO,NO,NO,NO,NO
NO-RAG,42,173,COC1CCc2nccc(-c3ccncc3)c2C1OC,CC1(C)CCCC(C#CC(=O)[O-])CC1(C=O)C=O,0.216,0.078,YES,YES,0.9535,NO,NO,NO,NO,NO
NO-RAG,42,174,O=C([O-])c1ccc(C(=O)[O-])o1,O=C([O-])c1cccnc1C(=O)[O-],0.444,0.3,YES,NO,1.0527,NO,NO,NO,NO,NO
NO-RAG,42,175,[CH]1C=CC=C1,CCc1nnc(CC)n1CCCCCCCNC1=NC=CC=NCC1INVALID,0.0,0.0,NO,NO,,NO,NO,NO,NO,NO
NO-RAG,42,176,c1ccc(C2=NNC(c3ccccn3)=NN2)nc1,c1cc(CN2CCN(Cc3ccncc3)CC2)ccn1,0.326,0.289,YES,NO,1.318,NO,NO,NO,NO,NO
NO-RAG,42,177,O=[N+]([O-])C12CN3CN(CN(C3)C1)C2,O=C1C(=O)C(Nc2nnn[nH]2)C1=O,0.288,0.119,YES,YES,1.2876,NO,NO,NO,NO,NO
NO-RAG,42,178,c1cc(-c2nnn[nH]2)ccc1-c1nn[nH]n1,O=C(Nc1cccnc1)C(=O)Nc1cccnc1,0.341,0.0,YES,NO,1.2315,NO,NO,NO,NO,NO
NO-RAG,42,179,Cc1c(C)c(-c2ccncc2)c(C)c(C)c1B(c1c(C)c(C)c(-c2ccncc2)c(C)c1C)c1c(C)c(C)c(-c2ccncc2)c(C)c1C,CC1(C)c2cc(N3[CH]N=CN3)ccc2-c2ccc(-n3ccnc3)cc21,0.356,0.118,YES,YES,3.9677,NO,NO,NO,NO,NO
NO-RAG,42,180,O=C([O-])C(=O)[O-],O=C([O-])C(=O)[O-]INVALID,0.0,0.0,NO,NO,,NO,NO,NO,NO,NO
NO-RAG,42,181,O=C([O-])CN(CC(=O)[O-])c1ccc(C(=O)[O-])cc1,O=C([O-])C1=CC=Cc2ccc(-c3ccc[nH]3)cc2C=C1,0.268,0.289,YES,YES,2.097,NO,NO,NO,NO,NO
NO-RAG,42,182,ON1[CH]C=CC=C1,c1nnc(-c2nnn[nH]2)[nH]1INVALID,0.0,0.0,NO,NO,,NO,NO,NO,NO,NO
NO-RAG,42,183,O=C([O-])C1OCOC2C(C(=O)[O-])OCOC12,CCCCCP(=O)(O)O.N#CCCCCCPO,0.04,0.019,YES,YES,3.1563,NO,NO,NO,NO,NO
NO-RAG,42,184,O=C([O-])c1ccc(-c2ccc(-c3cc(-c4ccc(-c5ccc(C(=O)[O-])cc5)c(Cl)c4)cc(-c4ccc(-c5ccc(C(=O)[O-])cc5)c(Cl)c4)c3)cc2Cl)cc1,O=C([O-])C=CC(S)=C1C=C(C2=C3C=CC(C(=O)[O-])=C(C(S)C4=CC(C(=O)[O-])=C(S)C4=C3)C(S)c3cc4c(C(=O)[O-])cc3SC=C3C[SH]=CC=CC5C=CC(S)=C3SCC=C(C(=[SH]5)SC=C4)C(C(=O)[O-])C[SH]=C2)C=[SH]CSC1,0.326,0.113,YES,YES,2.9492,NO,NO,NO,NO,NO
NO-RAG,42,185,C1COCCO1,CCc1nnc(CC)[nH]1,0.098,0.0,YES,YES,0.8073,NO,NO,NO,NO,NO
NO-RAG,42,186,O=C1NCCN1,O=C(O)c1c[nH]c(=O)[nH]c1=O,0.358,0.145,YES,YES,0.4026,NO,NO,NO,NO,NO
NO-RAG,42,187,CC(=O)C(Sc1ccncc1)C(C)=O,Cc1nnc(C)[nH]1,0.242,0.043,YES,YES,1.4663,NO,NO,NO,NO,NO
NO-RAG,42,188,O=C([O-])c1ccc2c3c(ccc(C(=O)[O-])c13)C(=O)N(c1ccncc1)C2=O,C=CC=CC(O)=CC(C(=O)[O-])=c1ccccc1=CC(=O)[O-],0.277,0.213,YES,YES,1.4212,NO,NO,NO,NO,NO
NO-RAG,42,189,O=C([O-])C1=CC2=NN=NC2=C[CH]1,c1ccc(C2=NNC(c3ccccn3)=NN2)nc1,0.4,0.0,YES,YES,0.9163,NO,NO,NO,NO,NO
NO-RAG,42,190,S=c1[nH]c2ccccc2[nH]1,Cn1ccn(CCCCCCn2ccn(C)c2=S)c1=S,0.438,0.294,YES,NO,1.3717,NO,NO,NO,NO,NO
NO-RAG,42,191,O=C([O-])C1=C[CH]N(Cc2cc(C(=O)[O-])cc(C(=O)[O-])c2)C=C1,O=C([O-])c1ccc(Oc2cccc(C(=O)[O-])c2C(=O)[O-])cc1INVALID,0.0,0.0,NO,NO,,NO,NO,NO,NO,NO
NO-RAG,42,192,O=C([O-])C1=C[CH]N(CCCN2[CH]C=C(C(=O)[O-])C=C2)C=C1,O=C([O-])c1ccccc1NNc1ccccc1C(=O)[O-],0.3,0.169,YES,NO,1.561,NO,NO,NO,NO,NO
NO-RAG,42,193,Oc1ccc(S)cc1,CC=C(C)C(=CC=[N+][O-])SCCOCC,0.091,0.04,YES,YES,0.7238,NO,NO,NO,NO,NO
NO-RAG,42,194,C1CCOC1,CCc1nnc(CC)[nH]1,0.108,0.0,YES,YES,1.4614,NO,NO,NO,NO,NO
NO-RAG,42,195,O=C([O-])c1ccc(N(c2ccc(C(=O)[O-])cc2)c2ccc(-c3ccncc3)cc2)cc1,O=C([O-])c1ccc(NNc2ccc(C(=O)[O-])c(C(=O)O)c2)cc1INVALID,0.0,0.0,NO,NO,,NO,NO,NO,NO,NO
NO-RAG,42,196,NCc1cccnc1,Nc1cccc(N)c1,0.409,0.075,YES,NO,0.7463,NO,NO,NO,NO,NO
NO-RAG,42,197,C#N,C#NINVALID,0.0,0.0,NO,NO,,NO,NO,NO,NO,NO
NO-RAG,42,198,O=C1c2ccccc2C(=O)c2c(O)ccc(O)c21,O=C1c2ccc3c4c(ccc(c24)C(=O)N1Cc1ccncc1)C(=O)N(Cc1ccncc1)C3=O,0.372,0.289,YES,NO,1.9583,NO,NO,NO,NO,NO
NO-RAG,42,199,O=C([O-])c1ccc(C#Cc2ccc(C(=O)[O-])cc2F)c(F)c1,O=C([O-])C1=CC=CNNc2ccc(C(=O)[O-])cc2C=C1INVALID,0.0,0.0,NO,NO,,NO,NO,NO,NO,NO
NO-RAG,42,200,O=C([O-])CCN(CCC(=O)[O-])CCC(=O)[O-],O=C([O-])CC(O)C(=O)[O-],0.355,0.294,YES,NO,2.7315,NO,NO,NO,NO,NO
NO-RAG,42,201,On1nnnc1-c1nnnn1O,O=C1[CH]C(=O)NC(=S)N1,0.276,0.05,YES,NO,1.6711,NO,NO,NO,NO,NO
NO-RAG,42,202,O=C([O-])c1ccc(C2=C3C=CC4=[N]3->[Fe]35<-[N]6=C(C=CC6=C(c6ccc(C(=O)[O-])cc6)c6ccc2[n]63)C(c2ccc(C(=O)[O-])cc2)=c2ccc([n]25)=C4c2ccc(C(=O)[O-])cc2)cc1,O=C([O-])c1ccc(-c2cc(-c3ccc(C(=O)[O-])cc3)c3ccc4c(-c5ccc(C(=O)[O-])cc5)cc(-c5ccc(C(=O)[O-])cc5)c5ccc2c3c54)cc1,0.347,0.154,YES,YES,1.7749,NO,NO,NO,NO,NO
NO-RAG,42,203,O=C([O-])c1ccc(C(=O)[O-])s1,O=C([O-])c1ccc(C(=O)[O-])s1INVALID,0.0,0.0,NO,NO,,NO,NO,NO,NO,NO
NO-RAG,42,204,FC12C3C4N1C1C2N3C41F,O=C([O-])c1c(Cl)c(Cl)c(C(=O)[O-])c(CCCl)c1Cl,0.122,0.0,YES,YES,1.6437,NO,NO,NO,NO,NO
NO-RAG,42,205,CNc1nc(NC)c(NC)c(C#Cc2c(NC)c(NC)nc(NC)c2NC)c1NC,CCOC1=CN=C(OCC)C(C#N)=C(OCC)C=C1OCC,0.2,0.053,YES,YES,3.4139,NO,NO,NO,NO,NO
NO-RAG,42,206,O=C([O-])c1cc(O)c(C#Cc2c(O)cc(C(=O)[O-])cc2O)c(O)c1,O=C([O-])c1ccc(NNc2ccc(C(=O)[O-])c(C(=O)O)c2)cc1C(=O)[O-],0.486,0.341,YES,YES,6.7876,NO,NO,NO,NO,NO
NO-RAG,42,207,O=S(=O)(O)O,O=[PH](O)O,0.481,0.12,YES,YES,0.4784,NO,NO,NO,NO,NO
NO-RAG,42,208,O=C([O-])c1ccc(C(=O)[O-])c2cc(Cl)c(Cl)cc12,O=C([O-])c1ccccc1O,0.429,0.489,YES,NO,0.7979,NO,NO,NO,NO,NO
NO-RAG,42,209,O=C([O-])c1ccc(P(=O)(O)O)cc1,O=C([O-])c1cccc(-n2ccc(=O)cc2)c1C(=O)[O-],0.283,0.464,YES,YES,1.564,NO,NO,NO,NO,NO
NO-RAG,42,210,O=C([O-])C=CC(=O)[O-],O=C([O-])C=CC(=O)[O-],1.0,1.0,YES,YES,1.4362,YES,YES,YES,YES,YES
NO-RAG,42,211,O=C([O-])CC(=O)[O-],O=C([O-])CC(=O)[O-]INVALID,0.0,0.0,NO,NO,,NO,NO,NO,NO,NO
NO-RAG,42,212,O=C([O-])COc1ccc(OCC(=O)[O-])cc1,O=C([O-])COc1ccc(OCC(=O)[O-])cc1INVALID,0.0,0.0,NO,NO,,NO,NO,NO,NO,NO
NO-RAG,42,213,N#CC1CC2(C#CC(=O)[O-])CCC1(C#CC(=O)[O-])CC2,CCNC1c2c(C(=O)[O-])ccc(C(=O)[O-])c2C1CC,0.385,0.392,YES,YES,3.5514,NO,NO,NO,NO,NO
NO-RAG,42,214,O=C([O-])c1nnn[nH]1,O=C([O-])c1nnn[nH]1,1.0,1.0,YES,YES,2.6943,YES,YES,YES,YES,YES
NO-RAG,42,215,O=C([O-])c1cc(Cl)c(C(=O)[O-])c2c1CC2,O=C([O-])c1cc(Cl)c(C(=O)[O-])c2c1CC2INVALID,0.0,0.0,NO,NO,,NO,NO,NO,NO,NO
NO-RAG,42,216,O=C([O-])c1c(Br)c(Br)c(C(=O)[O-])c(Br)c1Br,O=C([O-])c1c(Br)c(Br)c(C(=O)[O-])c(Br)c1BrINVALID,0.0,0.0,NO,NO,,NO,NO,NO,NO,NO
NO-RAG,42,217,O=C([O-])c1ccc(C(=O)[O-])c(C(=O)[O-])c1,O=C([O-])c1ccc(C(=O)[O-])c(C(=O)[O-])c1INVALID,0.0,0.0,NO,NO,,NO,NO,NO,NO,NO
NO-RAG,42,218,CC1Cc2c(C(=O)[O-])ccc(C(=O)[O-])c21,CC1Cc2c(C(=O)[O-])ccc(C(=O)[O-])c21INVALID,0.0,0.0,NO,NO,,NO,NO,NO,NO,NO
NO-RAG,42,219,O=C([O-])c1ccc(-c2ccc(C(=O)[O-])cc2F)c(F)c1,O=C([O-])c1ccc(-c2ccc(C(=O)[O-])cc2F)c(F)c1INVALID,0.0,0.0,NO,NO,,NO,NO,NO,NO,NO
NO-RAG,42,220,O=C([O-])c1cncc(C(=O)[O-])c1,O=C([O-])c1cncc(C(=O)[O-])c1INVALID,0.0,0.0,NO,NO,,NO,NO,NO,NO,NO
NO-RAG,42,221,O=C([O-])c1ccc(-c2cc(-c3ccc(C(=O)[O-])cc3)c(C(=O)[O-])cc2C(=O)[O-])cc1,O=C([O-])c1ccc(-c2cc(-c3ccc(C(=O)[O-])cc3)c(C(=O)[O-])cc2C(=O)[O-])cc1INVALID,0.0,0.0,NO,NO,,NO,NO,NO,NO,NO
NO-RAG,42,222,Nc1nnc[nH]1,Nc1nnc[nH]1INVALID,0.0,0.0,NO,NO,,NO,NO,NO,NO,NO
NO-RAG,42,223,O=C([O-])C#CC#CC(=O)[O-],O=C([O-])C#CC#CC(=O)[O-]INVALID,0.0,0.0,NO,NO,,NO,NO,NO,NO,NO
NO-RAG,42,224,Nc1ccccc1C(=O)[O-],O=C([O-])c1ccccn1,0.458,0.36,YES,YES,0.6555,NO,NO,NO,NO,NO
NO-RAG,42,225,O=C([O-])c1cc(C(=O)[O-])cc(-n2cnnc2)c1,O=C([O-])c1cccnc1C(=O)[O-],0.415,0.208,YES,YES,0.2645,NO,NO,NO,NO,NO
NO-RAG,42,226,O=CC1c2c(C(=O)[O-])ccc(C(=O)[O-])c2C1O,COc1cc(C(=O)[O-])c2c(c1C(=O)[O-])CC2INVALID,0.0,0.0,NO,NO,,NO,NO,NO,NO,NO
NO-RAG,42,227,O=C([O-])c1ccc2cc(C(=O)[O-])ccc2c1,O=C([O-])c1ccc(-c2ccc(C(=O)[O-])cc2)cc1INVALID,0.0,0.0,NO,NO,,NO,NO,NO,NO,NO
NO-RAG,42,228,O=C([O-])c1ccc(OCC(COc2ccc(C(=O)[O-])cc2)(COc2ccc(C(=O)[O-])cc2)COc2ccc(C(=O)[O-])cc2)cc1,Cc1nnc(-c2ccccc2)n1-c1ccc(C(=O)[O-])cc1,0.208,0.195,YES,YES,1.2147,NO,NO,NO,NO,NO
NO-RAG,42,229,O=C([O-])c1cc(C(=O)[O-])cc(-c2ccc3cc(C(=O)[O-])ccc3c2)c1,O=C([O-])c1cc(C(=O)[O-])cc(-c2ccc3cc(C(=O)[O-])ccc3c2)c1INVALID,0.0,0.0,NO,NO,,NO,NO,NO,NO,NO
NO-RAG,42,230,CCCOc1cc(C(=O)[O-])c(Br)c(Br)c1C(=O)[O-],O=C([O-])c1ccc(-c2cc(-c3ccncc3)cc(-c3ccc(C(=O)[O-])cc3)n2)cc1,0.273,0.289,YES,YES,0.7008,NO,NO,NO,NO,NO
NO-RAG,42,231,O=C([O-])c1ccc(C(=O)O)c(-c2nc(C(=O)[O-])ccc2C(=O)O)n1,O=C([O-])c1cc(Cc2cc(C(=O)[O-])cc(C(=O)O)c2)cc(C(=O)[O-])c1,0.484,0.142,YES,NO,3.4563,NO,NO,NO,NO,NO
NO-RAG,42,232,O=C([O-])c1cc2nc[nH]c2cc1C(=O)[O-],O=C([O-])c1cc2nc[nH]c2cc1C(=O)[O-]INVALID,0.0,0.0,NO,NO,,NO,NO,NO,NO,NO
NO-RAG,42,233,O=C([O-])C1=NC=NC1C(=O)[O-],O=C([O-])C1=NC=NC1C(=O)[O-]INVALID,0.0,0.0,NO,NO,,NO,NO,NO,NO,NO
NO-RAG,42,234,[CH]1C=NN=N1,CCc1nnc[nH]1,0.483,0.0,YES,YES,6.5936,NO,NO,NO,NO,NO
NO-RAG,42,235,c1cnccn1,c1cnccn1INVALID,0.0,0.0,NO,NO,,NO,NO,NO,NO,NO
NO-RAG,42,236,C(C#Cc1cc(C#CC#CC2C=NN=C2)cc(C#CC#CC2C=NN=C2)c1)#CC1=CN=N[CH]1,C(C#Cc1cc(C#CC#CC2C=NN=C2)cc(C#CC#CC2C=NN=C2)c1)#CC1=CN=N[CH]1INVALID,0.0,0.0,NO,NO,,NO,NO,NO,NO,NO
NO-RAG,42,237,Nc1nnc(C(=O)[O-])[nH]1,Oc1cc(Cl)c(Cl)c(Cl)c1-c1c(Cl)c(Cl)nc(Cl)c1Cl,0.176,0.03,YES,YES,2.5276,NO,NO,NO,NO,NO
NO-RAG,42,238,COc1ccc(-c2coc3cc(O)c(OC)c(O)c3c2=O)cc1S(O)(O)O,OS(O)(O)C=CC=Cc1nc(-c2ccncc2)ccc1N=CC1=CC(=CS(O)(O)O)C=C1,0.485,0.11,YES,YES,1.1722,NO,NO,NO,NO,NO
NO-RAG,42,239,O=C([O-])c1cc(C(=O)[O-])cc(-c2cccnc2)c1,O=C([O-])c1cc(C(=O)[O-])cc(-c2cccnc2)c1INVALID,0.0,0.0,NO,NO,,NO,NO,NO,NO,NO
NO-RAG,42,240,O=C([O-])c1cccc(Cl)c1C(=O)[O-],O=C([O-])c1cccc(Cl)c1C(=O)[O-]INVALID,0.0,0.0,NO,NO,,NO,NO,NO,NO,NO
NO-RAG,42,241,O=C([O-])CCn1c(=O)n(CCC(=O)[O-])c(=O)n(CCC(=O)[O-])c1=O,O=C([O-])C1=CC2SC(C(=O)[O-])SC2=N1,0.262,0.108,YES,YES,1.4531,NO,NO,NO,NO,NO
NO-RAG,42,242,O=C([O-])c1cccc(S(O)(O)O)c1,O=C([O-])N1CCN(CP(=O)(O)O)CC1,0.323,0.186,YES,YES,1.484,NO,NO,NO,NO,NO
NO-RAG,42,243,CC=CC(=O)[O-],O=C([O-])CCCC(=O)[O-],0.4,0.417,YES,YES,1.4162,NO,NO,NO,NO,NO
NO-RAG,42,244,O=C([O-])c1ccc(C(c2ccc(C(=O)[O-])cc2)(C(F)(F)F)C(F)(F)F)cc1,O=C([O-])c1ccc(N(c2ccc(C(=O)[O-])c(Cl)c2)c2ccc(C(=O)O)c(Cl)c2)cc1Cl,0.485,0.283,YES,YES,1.0351,NO,NO,NO,NO,NO
NO-RAG,42,245,Nc1c(O)c(C2=NNC(c3c(N)c(O)c(C(=O)[O-])c(N)c3O)=NN2)c(N)c(O)c1C(=O)[O-],O=C([O-])C1=CC=CC#Cc2c(O)c(C#Cc3ccc(C(=O)[O-])cc3)c(O)c(C#Cc3ccc(C(=O)[O-])cc3)c2OC=C1,0.431,0.209,YES,YES,2.8701,NO,NO,NO,NO,NO
NO-RAG,42,246,O=C([O-])c1cc(NCc2ccncc2)cc(C(=O)[O-])c1,O=C([O-])c1ccncc1,0.483,0.343,YES,YES,1.2804,NO,NO,NO,NO,NO
NO-RAG,42,247,O=CC(C(=O)[O-])=C(Br)C=CC(=O)[O-],O=C([O-])c1c(Br)c(Br)c(C(=O)[O-])c(Br)c1BrINVALID,0.0,0.0,NO,NO,,NO,NO,NO,NO,NO
NO-RAG,42,248,O=C([O-])c1ccc(Oc2ccc(C(=O)[O-])cc2)cc1,O=C([O-])c1ccc(Oc2ccc(C(=O)[O-])cc2)cc1INVALID,0.0,0.0,NO,NO,,NO,NO,NO,NO,NO
NO-RAG,42,249,Cc1c(CSc2ccncc2)c(C)c(CSc2ccncc2)c(C)c1CSc1ccncc1,c1ccc(-c2nc(-c3ccccn3)c(-c3ccccn3)nc2-c2ccccn2)nc1,0.467,0.176,YES,YES,1.5339,NO,NO,NO,NO,NO
NO-RAG,42,250,O=S(=O)(Nc1cccnc1)c1cccnc1,O=C(Nc1cccnc1)c1cccnc1,0.458,0.427,YES,YES,0.8374,NO,NO,NO,NO,NO
NO-RAG,42,251,Clc1cnccn1,Cc1nnc(C)[nH]1,0.37,0.0,YES,YES,1.5117,NO,NO,NO,NO,NO
NO-RAG,42,252,Nc1cnccn1,c1cnc(SCSc2ncccn2)nc1,0.387,0.0,YES,NO,0.8548,NO,NO,NO,NO,NO
NO-RAG,42,253,Cc1nnc(C)[nH]1,c1cn(CCOCCn2ccnc2)cn1,0.279,0.04,YES,NO,2.5243,NO,NO,NO,NO,NO
NO-RAG,42,254,CC(O)C(=O)[O-],O=C([O-])CNC(=O)C(=O)NCC(=O)[O-],0.25,0.264,YES,NO,2.4302,NO,NO,NO,NO,NO
NO-RAG,42,255,C(=Nn1cnnc1)c1ccccn1,c1cc(-c2ccncc2)ccn1,0.367,0.448,YES,YES,1.6019,NO,NO,NO,NO,NO
NO-RAG,42,256,O=C([O-])C=CC(Br)=CC(=O)[O-],O=C([O-])C12C3C4C1C1C2C3C41C(=O)[O-],0.409,0.173,YES,NO,1.0662,NO,NO,NO,NO,NO
NO-RAG,42,257,O=C([O-])CCP(=O)(O)c1ccccc1,CCCOC([O-])=CC=C(CC=O)OCCC,0.317,0.23,YES,YES,1.0741,NO,NO,NO,NO,NO
NO-RAG,42,258,O=Cc1cncc2c(C=O)cncc12,N#CC1=NN=C(Br)C1C#CC#CCC1C(Br)=NN=C1Br,0.158,0.079,YES,YES,1.7379,NO,NO,NO,NO,NO
NO-RAG,42,259,COc1ccc(-c2nc(C(=O)[O-])c(C(=O)[O-])[nH]2)cc1,O=C([O-])c1cc(C(=O)[O-])cc(-c2cncc(F)c2)c1,0.409,0.361,YES,YES,1.2816,NO,NO,NO,NO,NO
NO-RAG,42,260,O=C[O-],O=C[O-]INVALID,0.0,0.0,NO,NO,,NO,NO,NO,NO,NO
NO-RAG,42,261,N#Cc1ccccc1CSCc1ccccc1C#N,NCc1ccccn1,0.259,0.083,YES,NO,0.3493,NO,NO,NO,NO,NO
NO-RAG,42,262,Ic1nc2ccccc2[nH]1,N#CS,0.038,0.0,YES,YES,3.1929,NO,NO,NO,NO,NO
NO-RAG,42,263,c1ccc2c(c1)CSCc1ccc(cc1)CSCc1ccccc1OCCCO2,c1cc(-c2ccncc2)ccn1,0.219,0.0,YES,YES,1.322,NO,NO,NO,NO,NO
NO-RAG,42,264,O=C([O-])c1cc(OCc2ccccc2C(=O)O)cc(C(=O)[O-])c1,O=C([O-])c1cc(OCc2ccccc2C(=O)[O-])cc(C(=O)O)c1INVALID,0.0,0.0,NO,NO,,NO,NO,NO,NO,NO
NO-RAG,42,265,NCc1ccncc1,Cc1nccn1CCCCn1ccnc1C,0.282,0.099,YES,YES,1.4274,NO,NO,NO,NO,NO
NO-RAG,42,266,c1ccc(-c2nnn[nH]2)nc1,c1ccc(OCCSc2ccccn2)nc1,0.25,0.366,YES,YES,1.7451,NO,NO,NO,NO,NO
NO-RAG,42,267,O=C([O-])C(Cl)=C(Cl)C(=O)[O-],O=C([O-])C(Cl)=C(Cl)C(=O)[O-]INVALID,0.0,0.0,NO,NO,,NO,NO,NO,NO,NO
NO-RAG,42,268,NC(CC(=O)[O-])C(=O)[O-],CC(C(=O)[O-])C(=O)[O-]INVALID,0.0,0.0,NO,NO,,NO,NO,NO,NO,NO
NO-RAG,42,269,O=C([O-])c1c(F)c(F)c(C(=O)[O-])c(F)c1F,O=C([O-])c1c(F)c(F)c(C(=O)[O-])c(F)c1FINVALID,0.0,0.0,NO,NO,,NO,NO,NO,NO,NO
NO-RAG,42,270,O=C([O-])c1c([N+](=O)[O-])c([N+](=O)[O-])c(C(=O)[O-])c2ccccc12,O=C([O-])c1c([N+](=O)[O-])c([N+](=O)[O-])c(C(=O)[O-])c2ccccc12INVALID,0.0,0.0,NO,NO,,NO,NO,NO,NO,NO
NO-RAG,42,271,O=C([O-])Cc1ccc(CC(=O)[O-])cc1,O=C([O-])c1ccccc1C(=O)[O-]INVALID,0.0,0.0,NO,NO,,NO,NO,NO,NO,NO
NO-RAG,42,272,COc1cc(C(=O)[O-])cc(C(=O)[O-])c1,COc1cc(C(=O)[O-])cc(C(=O)[O-])c1INVALID,0.0,0.0,NO,NO,,NO,NO,NO,NO,NO
NO-RAG,42,273,O=C([O-])Cc1nnn[nH]1,O=C([O-])Cc1nnn[nH]1INVALID,0.0,0.0,NO,NO,,NO,NO,NO,NO,NO
NO-RAG,42,274,O=C([O-])c1ccnc(C(=O)[O-])c1,O=C([O-])c1ccnc(C(=O)[O-])c1INVALID,0.0,0.0,NO,NO,,NO,NO,NO,NO,NO
NO-RAG,42,275,O=C([O-])c1ccc(-c2ccc(C(=O)[O-])cc2)cc1,CC1=CC2=C(C(=O)[O-])C=C(c3cccnc3)C=CC1=CC=C2C(=O)[O-],0.464,0.14,YES,YES,0.5012,NO,NO,NO,NO,NO
NO-RAG,42,276,c1cn(CCCCn2ccnc2)cn1,c1cn(CCCCn2ccnc2)cn1INVALID,0.0,0.0,NO,NO,,NO,NO,NO,NO,NO
NO-RAG,42,277,O=C([O-])C#CC(Cl)=C(Cl)C#CC(=O)[O-],O=C([O-])C#CC(Cl)=C(Cl)C#CC(=O)[O-]INVALID,0.0,0.0,NO,NO,,NO,NO,NO,NO,NO
NO-RAG,42,278,O=C([O-])C=CCC(=O)[O-],O=C([O-])C=CCC(=O)[O-]INVALID,0.0,0.0,NO,NO,,NO,NO,NO,NO,NO
NO-RAG,42,279,O=C([O-])c1cc(C(=O)[O-])cc(-c2cc(-c3cc(C(=O)[O-])cc(C(=O)[O-])c3)c3ccc4c(-c5cc(C(=O)[O-])cc(C(=O)[O-])c5)cc(-c5cc(C(=O)[O-])cc(C(=O)[O-])c5)c5ccc2c3c54)c1,O=C([O-])c1cc(C(=O)[O-])cc(-c2cc(-c3cc(C(=O)[O-])cc(C(=O)[O-])c3)c3ccc4c(-c5cc(C(=O)[O-])cc(C(=O)[O-])c5)cc(-c5cc(C(=O)[O-])cc(C(=O)[O-])c5)c5ccc2c3c54)c1INVALID,0.0,0.0,NO,NO,,NO,NO,NO,NO,NO
NO-RAG,42,280,O=C([O-])c1cc(C(=O)[O-])cc([N+](=O)[O-])c1,O=C([O-])c1cc(C(=O)[O-])cc([N+](=O)[O-])c1INVALID,0.0,0.0,NO,NO,,NO,NO,NO,NO,NO
NO-RAG,42,281,NC(=O)c1ccccc1OCC(=O)[O-],NC(=O)c1ccccc1OCC(=O)[O-]INVALID,0.0,0.0,NO,NO,,NO,NO,NO,NO,NO
NO-RAG,42,282,C[Si](C)(c1ccncc1)c1ccncc1,ON=C(O)N=CNO,0.039,0.04,YES,YES,1.954,NO,NO,NO,NO,NO
NO-RAG,42,283,O=C([O-])c1nn[nH]c1C(=O)[O-],O=C([O-])c1nnn[nH]1INVALID,0.0,0.0,NO,NO,,NO,NO,NO,NO,NO
NO-RAG,42,284,O=C([O-])c1cc2ccccc2c(Cc2c(O)c(C(=O)[O-])cc3ccccc23)c1O,O=C([O-])c1ccncc1C(=O)[O-],0.424,0.12,YES,NO,1.0862,NO,NO,NO,NO,NO
NO-RAG,42,285,O=C([O-])c1c(Cl)c(Cl)c(C(=O)[O-])c(Cl)c1Cl,O=C([O-])c1c(Cl)c(Cl)c(C(=O)[O-])c(Cl)c1ClINVALID,0.0,0.0,NO,NO,,NO,NO,NO,NO,NO
NO-RAG,42,286,O=C([O-])c1cccnc1C(=O)[O-],O=C([O-])c1cccnc1C(=O)[O-]INVALID,0.0,0.0,NO,NO,,NO,NO,NO,NO,NO
NO-RAG,42,287,N#CS,N#CSINVALID,0.0,0.0,NO,NO,,NO,NO,NO,NO,NO
NO-RAG,42,288,O=C([O-])c1cc(O)cc(C(=O)[O-])c1,O=C([O-])c1ccc(C(=O)[O-])cc1INVALID,0.0,0.0,NO,NO,,NO,NO,NO,NO,NO
NO-RAG,42,289,O.OI,O.O.OIINVALID,0.0,0.0,NO,NO,,NO,NO,NO,NO,NO
NO-RAG,42,290,O=C([O-])c1cc(C(=O)[O-])cc(C(=O)O)c1,O=C([O-])c1cc(C(=O)[O-])cc(C(=O)O)c1INVALID,0.0,0.0,NO,NO,,NO,NO,NO,NO,NO
NO-RAG,42,291,O=C([O-])C=Cc1ccc(C(=O)[O-])cc1,O=C([O-])C=Cc1ccc(C(=O)[O-])cc1INVALID,0.0,0.0,NO,NO,,NO,NO,NO,NO,NO
NO-RAG,42,292,O=C([O-])c1ccc(-c2ccc(C(=O)[O-])c([N+](=O)[O-])c2)cc1[N+](=O)[O-],O=C([O-])c1ccc(-c2ccc(C(=O)[O-])c([N+](=O)[O-])c2)cc1[N+](=O)[O-]INVALID,0.0,0.0,NO,NO,,NO,NO,NO,NO,NO
NO-RAG,42,293,OS(O)(O)c1ccc2cc(S(O)(O)O)ccc2c1,OS(O)(O)c1ccc2cc(S(O)(O)O)ccc2c1INVALID,0.0,0.0,NO,NO,,NO,NO,NO,NO,NO
NO-RAG,42,294,O=C([O-])CCCCCCCC(=O)[O-],O=C([O-])CCCCCCCC(=O)[O-]INVALID,0.0,0.0,NO,NO,,NO,NO,NO,NO,NO
NO-RAG,42,295,[CH2]C(=O)c1ccccc1,O=C([O-])CCCCCCCC(=O)[O-],0.105,0.205,YES,YES,3.3234,NO,NO,NO,NO,NO
NO-RAG,42,296,O=C([O-])c1ccccc1,O=C([O-])c1ccccc1INVALID,0.0,0.0,NO,NO,,NO,NO,NO,NO,NO
NO-RAG,42,297,O=C(O)c1cc(S(O)(O)O)c2cc(C(=O)O)cc(S(O)(O)O)c2c1,O=C(O)c1cc(S(O)(O)O)c2cc(C(=O)O)cc(S(O)(O)O)c2c1INVALID,0.0,0.0,NO,NO,,NO,NO,NO,NO,NO
NO-RAG,42,298,O=C([O-])c1ccncc1,O=C([O-])c1ccncc1INVALID,0.0,0.0,NO,NO,,NO,NO,NO,NO,NO
NO-RAG,42,299,O=C([O-])c1cccnc1-c1ncccc1C(=O)[O-],O=C([O-])c1cccc(-n2ccc(=O)cc2)c1C(=O)[O-]INVALID,0.0,0.0,NO,NO,,NO,NO,NO,NO,NO
NO-RAG,42,300,O=C([O-])c1ccccn1,O=C([O-])c1cccnc1C(=O)[O-]INVALID,0.0,0.0,NO,NO,,NO,NO,NO,NO,NO
NO-RAG,42,301,O=C([O-])c1ccc(C#Cc2ccc(C(=O)[O-])c(Cl)c2)cc1Cl,O=C([O-])c1ccc(C#Cc2ccc(C(=O)[O-])c(Cl)c2)cc1ClINVALID,0.0,0.0,NO,NO,,NO,NO,NO,NO,NO
NO-RAG,42,302,Fc1cnc(F)cn1,Fc1cnc(F)cn1INVALID,0.0,0.0,NO,NO,,NO,NO,NO,NO,NO
NO-RAG,42,303,O=C([O-])c1cc(C(=O)[O-])cc(C(=O)[O-])c1,O=C([O-])c1cc(C(=O)[O-])cc(C(=O)[O-])c1INVALID,0.0,0.0,NO,NO,,NO,NO,NO,NO,NO
NO-RAG,42,304,O=C([O-])Cc1ccccc1CC(=O)[O-],O=C([O-])Cc1ccccc1CC(=O)[O-]INVALID,0.0,0.0,NO,NO,,NO,NO,NO,NO,NO
NO-RAG,42,305,O=C([O-])c1cc2ccc3cc(C(=O)[O-])cc4ccc(c1)c2c34,O=C([O-])c1cc2ccc3cc(C(=O)[O-])cc4ccc(c1)c2c34INVALID,0.0,0.0,NO,NO,,NO,NO,NO,NO,NO
NO-RAG,42,306,NC1=N[CH]c2ncn(CC(=O)[O-])c2N1,NC1=N[CH]c2ncn(CC(=O)[O-])c2N1INVALID,0.0,0.0,NO,NO,,NO,NO,NO,NO,NO
NO-RAG,42,307,O=C(O)c1ccc(-c2cc(C(=O)[O-])c(-c3ccc(C(=O)O)cc3)cc2C(=O)[O-])cc1,C=C(C=C(C=CC=C(C=CC(=CC=O)C=C(C=CC(=O)[O-])C(=O)O)C(=O)[O-])C(=O)[O-])C(=O)O,0.478,0.08,YES,YES,1.277,NO,NO,NO,NO,NO
NO-RAG,42,308,O=C([O-])C(=O)O,O=C([O-])C(=O)[O-]INVALID,0.0,0.0,NO,NO,,NO,NO,NO,NO,NO
NO-RAG,42,309,Nc1c(I)c(C(=O)[O-])c(I)c(C(=O)[O-])c1I,Nc1c(I)c(C(=O)[O-])c(I)c(C(=O)[O-])c1IINVALID,0.0,0.0,NO,NO,,NO,NO,NO,NO,NO
NO-RAG,42,310,OS(O)(O)c1cccc2c(S(O)(O)O)cccc12,OS(O)(O)c1cccc2c(S(O)(O)O)cccc12INVALID,0.0,0.0,NO,NO,,NO,NO,NO,NO,NO
NO-RAG,42,311,O=C([O-])c1cnccn1,O=C([O-])c1cnccn1INVALID,0.0,0.0,NO,NO,,NO,NO,NO,NO,NO
NO-RAG,42,312,O=C([O-])c1c(F)c(F)c(C#Cc2c(F)c(F)c(C(=O)[O-])c(F)c2F)c(F)c1F,O=C([O-])c1c(F)c(F)c(C#Cc2c(F)c(F)c(C(=O)[O-])c(F)c2F)c(F)c1FINVALID,0.0,0.0,NO,NO,,NO,NO,NO,NO,NO
NO-RAG,42,313,O=C([O-])c1ccc(Oc2cc(C(=O)[O-])cc(C(=O)[O-])c2)cc1,O=C([O-])c1ccc(Oc2cc(C(=O)[O-])cc(C(=O)[O-])c2)cc1INVALID,0.0,0.0,NO,NO,,NO,NO,NO,NO,NO
NO-RAG,42,314,N#CC(C#N)=c1c(=O)c(=C(C#N)C#N)c1=O,N#CC(C#N)=c1c(=O)c(=C(C#N)C#N)c1=OINVALID,0.0,0.0,NO,NO,,NO,NO,NO,NO,NO
NO-RAG,42,315,CC(=O)[O-],CC(=O)[O-]INVALID,0.0,0.0,NO,NO,,NO,NO,NO,NO,NO
NO-RAG,42,316,O=C([O-])c1cc[n+]([O-])cc1,O=C([O-])c1cc[n+]([O-])cc1INVALID,0.0,0.0,NO,NO,,NO,NO,NO,NO,NO
NO-RAG,42,317,O=C([O-])c1cc(C(=O)[O-])cc(S(O)(O)O)c1,O=C([O-])c1cc(C(=O)[O-])cc(S(O)(O)O)c1INVALID,0.0,0.0,NO,NO,,NO,NO,NO,NO,NO
NO-RAG,42,318,O=C([O-])C1C(C(=O)[O-])C(C(=O)[O-])C(C(=O)[O-])C(C(=O)[O-])C1C(=O)[O-],O=C([O-])C1C(C(=O)[O-])C(C(=O)[O-])C(C(=O)[O-])C(C(=O)[O-])C1C(=O)[O-]INVALID,0.0,0.0,NO,NO,,NO,NO,NO,NO,NO
NO-RAG,42,319,O=C(O)CC(O)(CC(=O)O)C(=O)[O-],O=C(O)CC(O)(CC(=O)O)C(=O)[O-]INVALID,0.0,0.0,NO,NO,,NO,NO,NO,NO,NO
NO-RAG,42,320,O=C([O-])c1cc(S(=O)(=O)c2ccc(C(=O)[O-])c(C(=O)O)c2)ccc1C(=O)O,O=C([O-])c1cc(C(=O)[O-])cc(C(=O)O)c1,0.382,0.329,YES,YES,1.0498,NO,NO,NO,NO,NO
NO-RAG,42,321,c1nc[nH]n1,c1nc[nH]n1INVALID,0.0,0.0,NO,NO,,NO,NO,NO,NO,NO
NO-RAG,42,322,C1CCSC1,c1nnc[nH]1,0.16,0.0,YES,NO,0.8749,NO,NO,NO,NO,NO
NO-RAG,42,323,O=C([O-])c1cc([N+](=O)[O-])c2c([N+](=O)[O-])c(C(=O)[O-])cc([N+](=O)[O-])c2c1[N+](=O)[O-],O=C([O-])c1cc([N+](=O)[O-])c2c([N+](=O)[O-])c(C(=O)[O-])cc([N+](=O)[O-])c2c1[N+](=O)[O-]INVALID,0.0,0.0,NO,NO,,NO,NO,NO,NO,NO
NO-RAG,42,324,O=C1C(=O)C(Cl)C(=O)C(=O)C1Cl,O=C1C(=O)C(Cl)C(=O)C(=O)C1ClINVALID,0.0,0.0,NO,NO,,NO,NO,NO,NO,NO
NO-RAG,42,325,O=C([O-])c1cc(N2[CH]N=CN2)cc(N2[CH]N=CN2)c1,O=C([O-])c1cc(N2[CH]N=CN2)cc(N2[CH]N=CN2)c1INVALID,0.0,0.0,NO,NO,,NO,NO,NO,NO,NO
NO-RAG,42,326,C1CNCCN1,C1CNCCN1INVALID,0.0,0.0,NO,NO,,NO,NO,NO,NO,NO
NO-RAG,42,327,O=C([O-])c1c(F)c(F)c(C(=O)[O-])c2cc(F)c(F)cc12,O=C([O-])c1c(F)c(F)c(C(=O)[O-])c2cc(F)c(F)cc12INVALID,0.0,0.0,NO,NO,,NO,NO,NO,NO,NO
NO-RAG,42,328,O=C1C([N+](=O)[O-])=CC([N+](=O)[O-])C(O)=C1[N+](=O)[O-],O=C1C([N+](=O)[O-])=CC([N+](=O)[O-])C(O)=C1[N+](=O)[O-]INVALID,0.0,0.0,NO,NO,,NO,NO,NO,NO,NO
NO-RAG,42,329,O=C([O-])c1ccc(C(=O)[O-])c2ccccc12,O=C([O-])c1ccc(C(=O)[O-])cc1INVALID,0.0,0.0,NO,NO,,NO,NO,NO,NO,NO
NO-RAG,42,330,c1nnnn1CCn1cnnn1,O=C(O)c1cncnc1,0.25,0.05,YES,YES,1.3959,NO,NO,NO,NO,NO
NO-RAG,42,331,O=C([O-])c1cc([N+](=O)[O-])c(C(=O)[O-])cc1[N+](=O)[O-],O=C([O-])c1cc([N+](=O)[O-])c(C(=O)[O-])cc1[N+](=O)[O-]INVALID,0.0,0.0,NO,NO,,NO,NO,NO,NO,NO
NO-RAG,42,332,O=C([O-])c1ccccc1C(=O)[O-],O=C([O-])c1ccccc1C(=O)[O-]INVALID,0.0,0.0,NO,NO,,NO,NO,NO,NO,NO
NO-RAG,42,333,CCCn1cnc2c1NC=NC2Cl,CCN1C(=O)[CH]C(=O)N(CC)C1=S,0.323,0.196,YES,NO,2.9455,NO,NO,NO,NO,NO
NO-RAG,42,334,O=C([O-])CCN1[CH]C=C(C2=C[CH]N(CCC(=O)[O-])C=C2)C=C1,O=C([O-])c1ccc(Cl)cc1,0.19,0.117,YES,NO,1.2605,NO,NO,NO,NO,NO
NO-RAG,42,335,O=C([O-])c1cc(C(=O)[O-])cc(-c2cc(C(=O)[O-])cc(C(=O)[O-])c2)c1,O=C([O-])c1cc(C(=O)[O-])cc(-c2cc(C(=O)[O-])cc(C(=O)[O-])c2)c1INVALID,0.0,0.0,NO,NO,,NO,NO,NO,NO,NO
NO-RAG,42,336,O=C([O-])C=Cc1ccncc1,O=C([O-])C=Cc1ccncc1INVALID,0.0,0.0,NO,NO,,NO,NO,NO,NO,NO
NO-RAG,42,337,O=C([O-])c1ccc(C#Cc2ccc(C(=O)[O-])cc2)cc1,O=C([O-])c1ccc(-c2ccc(C(=O)[O-])cc2)cc1INVALID,0.0,0.0,NO,NO,,NO,NO,NO,NO,NO
NO-RAG,42,338,C(c1nnn[nH]1)c1nnn[nH]1,O=C(O)CC(O)C(=O)O.O=C([O-])COC(O)C(O)C(O)C(=O)O,0.047,0.027,YES,YES,0.4499,NO,NO,NO,NO,NO
NO-RAG,42,339,O=C([O-])c1cc(O)c(C(=O)[O-])cc1O,O=C([O-])c1cc(O)c(C(=O)[O-])cc1OINVALID,0.0,0.0,NO,NO,,NO,NO,NO,NO,NO
NO-RAG,42,340,CCc1c(C#N)c(CC)c(CC)c(C#N)c1CC,CCCOC=C(OCCC)C(OCCC)C(OCCC)C(OCCC)C(OCCC)C(OCCC)C(OCCC)(OCCC)C(C)OCCC,0.189,0.032,YES,YES,1.913,NO,NO,NO,NO,NO
NO-RAG,42,341,O=C([O-])c1cncc(O)c1,O=C([O-])c1cncc(O)c1INVALID,0.0,0.0,NO,NO,,NO,NO,NO,NO,NO
NO-RAG,42,342,O=C([O-])c1cccc(C(=O)[O-])n1,O=C([O-])c1cccc(C(=O)[O-])n1INVALID,0.0,0.0,NO,NO,,NO,NO,NO,NO,NO
NO-RAG,42,343,O=C([O-])c1cncc(-c2ccccc2C(=O)[O-])c1,O=C([O-])c1cncc(-c2ccccc2C(=O)[O-])c1INVALID,0.0,0.0,NO,NO,,NO,NO,NO,NO,NO
NO-RAG,42,344,Cc1cc(C#Cc2cc(C)c(C(=O)[O-])c(C)c2)cc(C)c1C(=O)[O-],Nc1cc(C=Cc2cc(N)c(C(=O)[O-])c(N)c2)cc(N)c1C(=O)[O-],0.485,0.41,YES,NO,6.8334,NO,NO,NO,NO,NO
NO-RAG,42,345,c1cn(Cc2cc(Cn3ccnc3)c(Cn3ccnc3)cc2Cn2ccnc2)cn1,c1cc(Cn2ccnc2)cc(Cn2ccnc2)c1INVALID,0.0,0.0,NO,NO,,NO,NO,NO,NO,NO
NO-RAG,42,346,Nc1cc(C(=O)[O-])ccc1-c1ccc(C(=O)[O-])cc1N,O=C([O-])c1ccccc1O,0.375,0.441,YES,NO,6.1352,NO,NO,NO,NO,NO
NO-RAG,42,347,O=C([O-])c1ccc(-c2ccc(C(=O)[O-])cc2O)c(O)c1,O=C([O-])c1ccc(-c2ccc(C(=O)[O-])cc2O)c(O)c1INVALID,0.0,0.0,NO,NO,,NO,NO,NO,NO,NO
NO-RAG,42,348,O=C([O-])c1nccnc1C(=O)[O-],O=C([O-])c1nccnc1C(=O)[O-]INVALID,0.0,0.0,NO,NO,,NO,NO,NO,NO,NO
NO-RAG,42,349,COc1cc(C(=O)[O-])ccc1C#Cc1cc(OC)c(C(=O)[O-])cc1-c1ccccc1,CCC=C1C=c2c(C(=O)[O-])cccc2=CC=C1C(=O)[O-],0.417,0.292,YES,YES,1.8647,NO,NO,NO,NO,NO
NO-RAG,42,350,O=C([O-])c1c(F)c(F)c(C(=O)[O-])c2c(F)c(F)c(F)c(F)c12,O=C([O-])c1c(F)c(F)c(C(=O)[O-])c2ccccc12INVALID,0.0,0.0,NO,NO,,NO,NO,NO,NO,NO
NO-RAG,42,351,O=C([O-])c1cnc(C(=O)[O-])cn1,O=C([O-])c1cccnc1C(=O)[O-]INVALID,0.0,0.0,NO,NO,,NO,NO,NO,NO,NO
NO-RAG,42,352,O=C([O-])c1ccc(Oc2cc(Oc3ccc(C(=O)[O-])cc3)cc(C(=O)[O-])c2)cc1,O=C([O-])c1ccc(Oc2cc(Oc3ccc(C(=O)[O-])cc3)cc(C(=O)[O-])c2)cc1INVALID,0.0,0.0,NO,NO,,NO,NO,NO,NO,NO
NO-RAG,42,353,O=C([O-])c1ccc(-c2cc(C(=O)[O-])cc(C(=O)[O-])c2)cc1,O=C([O-])c1ccc(-c2cc(C(=O)[O-])cc(C(=O)[O-])c2)cc1INVALID,0.0,0.0,NO,NO,,NO,NO,NO,NO,NO
NO-RAG,42,354,O=C([O-])c1cc(F)c(C(=O)[O-])cc1F,O=C([O-])c1cc(F)c(C(=O)[O-])cc1FINVALID,0.0,0.0,NO,NO,,NO,NO,NO,NO,NO
NO-RAG,42,355,[CH](NN[CH]c1ccncc1)c1ccncc1,c1cc(CCCc2ccncc2)ccn1INVALID,0.0,0.0,NO,NO,,NO,NO,NO,NO,NO
NO-RAG,42,356,O=C([O-])c1ccccc1C(=O)O,O=C([O-])c1ccccc1C(=O)OINVALID,0.0,0.0,NO,NO,,NO,NO,NO,NO,NO
NO-RAG,42,357,CC(CCC(=O)[O-])C(=O)[O-],CC(CCC(=O)[O-])C(=O)[O-]INVALID,0.0,0.0,NO,NO,,NO,NO,NO,NO,NO
NO-RAG,42,358,O=C([O-])c1cc(S(O)(O)O)c(C(=O)[O-])c2c1CC2,O=C([O-])c1ccc(C(c2ccc(C(=O)[O-])c(C(=O)[O-])c2)(C(F)(F)F)C(F)(F)F)cc1C(=O)[O-],0.34,0.299,YES,NO,3.68,NO,NO,NO,NO,NO
NO-RAG,42,359,CNC1(F)CC2(C#CC(=O)[O-])CCC1(C#CC(=O)[O-])CC2,CCC1CC2(C#CC(=O)[O-])CCC1(C#CC(=O)[O-])CC2OINVALID,0.0,0.0,NO,NO,,NO,NO,NO,NO,NO
NO-RAG,42,360,Cc1nccn1Cc1ccncc1,c1cc(-c2nnc(-c3ccncc3)[nH]2)ccn1,0.472,0.338,YES,YES,1.6175,NO,NO,NO,NO,NO
NO-RAG,42,361,c1cn(Cc2ccc(Cn3ccnc3)cc2)cn1,O=C(c1ccncc1)c1cccnc1,0.345,0.087,YES,NO,1.1357,NO,NO,NO,NO,NO
NO-RAG,42,362,c1cncnc1,c1cncnc1INVALID,0.0,0.0,NO,NO,,NO,NO,NO,NO,NO
NO-RAG,42,363,CCC12C3C4(C(=O)[O-])C5(CC)C(C1(C(=O)[O-])C35[N+](=O)[O-])C24[N+](=O)[O-],O=C([O-])C1C(I)CC2(C(=O)[O-])CC1CC2I,0.312,0.471,YES,YES,1.4357,NO,NO,NO,NO,NO
NO-RAG,42,364,O=C([O-])CN(CC(=O)[O-])CC(=O)[O-],O=C([O-])CCC(=O)[O-],0.478,0.285,YES,YES,1.2689,NO,NO,NO,NO,NO
NO-RAG,42,365,c1cn(-c2ccc(NNc3ccc(-n4ccnc4)cc3)cc2)cn1,O=C1[CH]C(=O)NC(=S)N1,0.231,0.0,YES,NO,1.9487,NO,NO,NO,NO,NO
NO-RAG,42,366,Nc1cc(C#Cc2cc(N)c(C(=O)[O-])c(N)c2)cc(N)c1C(=O)[O-],O=C([O-])C1=CC=C2C=C(Br)C(=CC=C(CBr)C(=O)[O-])C2C=C1,0.256,0.148,YES,YES,6.7091,NO,NO,NO,NO,NO
NO-RAG,42,367,CCc1cc2c(cc(CC)c3ccc(C(=O)[O-])c(F)c32)c2cc(C(=O)[O-])ccc12,CC1C=C(C(=O)[O-])C(C(=O)O)=C(C(=O)[O-])C(C(=O)[O-])=C1CC(=O)O,0.371,0.12,YES,YES,1.0776,NO,NO,NO,NO,NO
NO-RAG,42,368,O=C(O)c1cccc(Oc2cccc(C(=O)O)c2C(=O)[O-])c1.O=C(O)c1cccc(Oc2cccc(C(=O)O)c2C(=O)[O-])c1,Cc1cccc(C)[n+]1C(=O)[O-],0.134,0.058,YES,YES,1.7661,NO,NO,NO,NO,NO
NO-RAG,42,369,O=C([O-])CN(CCN(CC(=O)[O-])CC(=O)[O-])CCN(CC(=O)O)CC(=O)O,O=C([O-])Cn1cnnn1,0.36,0.135,YES,NO,0.6757,NO,NO,NO,NO,NO
NO-RAG,42,370,c1ccc(SSc2ccccn2)nc1,c1cnc(SCSc2ncccn2)nc1INVALID,0.0,0.0,NO,NO,,NO,NO,NO,NO,NO
NO-RAG,42,371,Nc1ccc(C=Cc2ccc(N)cc2S(O)(O)O)c(S(O)(O)O)c1,OS(O)(O)c1cccc2c(S(O)(O)O)cccc12INVALID,0.0,0.0,NO,NO,,NO,NO,NO,NO,NO
NO-RAG,42,372,O=C([O-])c1cc(C(=O)[O-])c(C(=O)O)cc1C(=O)O,O=C([O-])c1cc(C(=O)[O-])c(C(=O)O)cc1C(=O)OINVALID,0.0,0.0,NO,NO,,NO,NO,NO,NO,NO
NO-RAG,42,373,O=C(Nc1cccnc1)c1ccc(C(=O)Nc2cccnc2)s1,O=C([O-])c1cc(S(O)(O)O)cc(S(O)(O)O)c1,0.164,0.11,YES,YES,1.9888,NO,NO,NO,NO,NO
NO-RAG,42,374,NC1=N[CH]NN1,Cn1nn[nH]c1=S,0.413,0.0,YES,YES,3.2333,NO,NO,NO,NO,NO
NO-RAG,42,375,O=C([O-])c1cc(C(=O)O)c(C(=O)[O-])cc1C(=O)O,O=C([O-])c1ccc(C(=O)[O-])cc1INVALID,0.0,0.0,NO,NO,,NO,NO,NO,NO,NO
NO-RAG,42,376,O=[N+]([O-])c1cncc([N+](=O)[O-])c1C#Cc1c([N+](=O)[O-])cncc1[N+](=O)[O-],O=[N+]([O-])c1cncc([N+](=O)[O-])c1C#Cc1c([N+](=O)[O-])cncc1[N+](=O)[O-]INVALID,0.0,0.0,NO,NO,,NO,NO,NO,NO,NO
NO-RAG,42,377,O=C([O-])C(O)=C(O)C(=O)[O-],O=C([O-])C(O)=C(O)C(=O)[O-]INVALID,0.0,0.0,NO,NO,,NO,NO,NO,NO,NO
NO-RAG,42,378,C(#C[Si](C#Cc1cn[nH]c1)(C#CC1C=NN=C1)C#CC1C=NN=C1)C1=CN=N[CH]1,C(#C[Si](C#Cc1cn[nH]c1)(C#CC1C=NN=C1)C#CC1C=NN=C1)C1=CN=N[CH]1INVALID,0.0,0.0,NO,NO,,NO,NO,NO,NO,NO
NO-RAG,42,379,O=C([O-])CN1[CH]C=C(c2nnn[nH]2)C=C1,O=C([O-])c1cncc(Cl)c1,0.28,0.17,YES,NO,2.1662,NO,NO,NO,NO,NO
NO-RAG,42,380,Nc1ccccc1S,c1ccc(SCSc2ccccn2)nc1,0.3,0.04,YES,NO,0.4578,NO,NO,NO,NO,NO
NO-RAG,42,381,O=C([O-])c1nc(-c2ccc3ccccc3c2)[nH]c1C(=O)[O-],O=C([O-])c1cc(N2[CH]N=CN2)cc(N2[CH]N=CN2)c1,0.429,0.276,YES,YES,1.2577,NO,NO,NO,NO,NO
NO-RAG,42,382,O=C(O)c1ccc(-c2ccc(-c3ccc(C(=O)O)cc3C(=O)[O-])cc2)c(C(=O)[O-])c1,O=C(O)c1ccc(-c2ccc(-c3ccc(C(=O)O)cc3C(=O)[O-])cc2)c(C(=O)[O-])c1INVALID,0.0,0.0,NO,NO,,NO,NO,NO,NO,NO
NO-RAG,42,383,c1ccc(-c2cc(-c3ccncc3)nc(-c3ccncc3)c2)nc1,C=CC=CC=C1C=CC=C(c2ccncc2)C=NC=C2NC=C(N=C1)C(=CC)c1cnccc12,0.467,0.199,YES,YES,3.7653,NO,NO,NO,NO,NO
NO-RAG,42,384,CSc1nccs1,O=P(O)(O)c1ccccn1,0.222,0.0,YES,YES,1.6177,NO,NO,NO,NO,NO
NO-RAG,42,385,O=C([O-])C1CCC(C(=O)[O-])CC1,O=C([O-])C1CCC(C(=O)[O-])CC1INVALID,0.0,0.0,NO,NO,,NO,NO,NO,NO,NO
NO-RAG,42,386,c1c[nH]cn1,c1c[nH]cn1INVALID,0.0,0.0,NO,NO,,NO,NO,NO,NO,NO
NO-RAG,42,387,c1ccc(-c2nnc(-c3ccncc3)[nH]2)nc1,c1ccc(-c2nnc(-c3ccncc3)[nH]2)nc1INVALID,0.0,0.0,NO,NO,,NO,NO,NO,NO,NO
NO-RAG,42,388,O=C([O-])c1cccc(-c2c3nc(c(-c4cccc(C(=O)[O-])c4)c4ccc([nH]4)c(-c4cccc(C(=O)[O-])c4)c4nc(c(-c5cccc(C(=O)[O-])c5)c5ccc2[nH]5)C=C4)C=C3)c1,C=CN=CC=CNNC(=O)C1CC(C(=O)[O-])=CC1=CC(=O)[O-],0.367,0.058,YES,YES,1.211,NO,NO,NO,NO,NO
NO-RAG,42,389,O=C([O-])c1cc2c(cc1C(=O)[O-])C(=O)c1ccccc1C2=O,O=C([O-])c1ccccc1I,0.44,0.395,YES,NO,1.7009,NO,NO,NO,NO,NO
NO-RAG,42,390,Cc1cc2ccc3nc(C)ccc3c2cn1,CC=CC1=CC=Cc2cc(-c3cn[nH]c3)ccc2C12C=NN=C2,0.361,0.249,YES,YES,2.2766,NO,NO,NO,NO,NO
NO-RAG,42,391,Nc1nc2ccccc2[nH]1,Nc1nc2ccccc2[nH]1INVALID,0.0,0.0,NO,NO,,NO,NO,NO,NO,NO
NO-RAG,42,392,O=C([O-])CCC(=O)[O-],O=C([O-])CCC(=O)[O-]INVALID,0.0,0.0,NO,NO,,NO,NO,NO,NO,NO
NO-RAG,42,393,CNC12C3C4C5C3(C#CC(=O)[O-])C1C5(NC)C42C#CC(=O)[O-],CNC12C3C4C5C3(C#CC(=O)[O-])C1C5(NC)C42C#CC(=O)[O-]INVALID,0.0,0.0,NO,NO,,NO,NO,NO,NO,NO
NO-RAG,42,394,O=C([O-])c1ccc(-c2ccccc2)cc1,C=CC(=CC=CNCC1=CC=CC1)C(=O)[O-],0.269,0.162,YES,YES,1.0012,NO,NO,NO,NO,NO
NO-RAG,42,395,CCCOc1c(C(=O)[O-])ccc2c(OCCC)c(C(=O)[O-])ccc12,CCCOc1c(C(=O)[O-])ccc2c(OCCC)c(C(=O)[O-])ccc12INVALID,0.0,0.0,NO,NO,,NO,NO,NO,NO,NO
NO-RAG,42,396,CN1c2cncc(n2)N(C)c2cncc(n2)N(C)c2cncc(n2)N(C)c2cncc1n2,C=Nc1cnccc1C1C2=CN=C21,0.333,0.019,YES,YES,3.7565,NO,NO,NO,NO,NO
NO-RAG,42,397,CC(C(=O)[O-])C(=O)[O-],CC(C(=O)[O-])C(=O)[O-]INVALID,0.0,0.0,NO,NO,,NO,NO,NO,NO,NO
NO-RAG,42,398,O=C([O-])C(F)=C(F)C(=O)[O-],O=C([O-])C(F)=C(F)C(=O)[O-]INVALID,0.0,0.0,NO,NO,,NO,NO,NO,NO,NO
NO-RAG,42,399,O=C([O-])c1ccc(Oc2ccc(C(=O)[O-])c(C(=O)[O-])c2)cc1C(=O)[O-],O=C([O-])c1ccc(Oc2ccc(C(=O)[O-])c(C(=O)[O-])c2)cc1C(=O)[O-]INVALID,0.0,0.0,NO,NO,,NO,NO,NO,NO,NO
NO-RAG,123,0,O=C([O-])c1cc[n+]([O-])cc1,O=C([O-])c1cccc(C(=O)[O-])[n+]1[O-],0.794,0.538,YES,NO,0.5083,YES,YES,YES,NO,NO
NO-RAG,123,1,O=C([O-])c1cc(C(=O)[O-])cc(S(O)(O)O)c1,O=C([O-])c1cc(C(=O)[O-])cc(S(O)(O)O)c1,1.0,1.0,YES,YES,1.3412,YES,YES,YES,YES,YES
NO-RAG,123,2,O=C([O-])C1C(C(=O)[O-])C(C(=O)[O-])C(C(=O)[O-])C(C(=O)[O-])C1C(=O)[O-],O=C([O-])C1C(C(=O)[O-])C(C(=O)[O-])C1C(=O)[O-],0.846,0.15,YES,NO,1.7866,YES,YES,YES,NO,NO
NO-RAG,123,3,O=C(O)CC(O)(CC(=O)O)C(=O)[O-],O=C([O-])CC(O)(CC(=O)[O-])C(=O)[O-],0.857,1.0,YES,NO,1.7925,YES,YES,YES,YES,YES
NO-RAG,123,4,O=C([O-])c1cc(S(=O)(=O)c2ccc(C(=O)[O-])c(C(=O)O)c2)ccc1C(=O)O,O=C([O-])c1cc(C(=O)[O-])cc(S(O)(O)O)c1,0.7,0.365,YES,YES,1.0673,YES,YES,YES,NO,NO
NO-RAG,123,5,c1nc[nH]n1,c1nnc[nH]1,0.944,1.0,YES,NO,2.3609,YES,YES,YES,YES,YES
NO-RAG,123,6,C1CCSC1,C1CSCCS1,0.625,0.0,YES,NO,0.8143,YES,YES,NO,NO,NO
NO-RAG,123,7,O=C([O-])c1cc([N+](=O)[O-])c2c([N+](=O)[O-])c(C(=O)[O-])cc([N+](=O)[O-])c2c1[N+](=O)[O-],O=C([O-])c1ccc(C(=O)[O-])c2cc([N+](=O)[O-])c([N+](=O)[O-])cc12,0.949,0.564,YES,YES,1.007,YES,YES,YES,YES,YES
NO-RAG,123,8,O=C1C(=O)C(Cl)C(=O)C(=O)C1Cl,O=C1C(=O)C(Cl)C(=O)C(=O)C1ClINVALID,0.0,0.0,NO,NO,,NO,NO,NO,NO,NO
NO-RAG,123,9,O=C([O-])c1cc(N2[CH]N=CN2)cc(N2[CH]N=CN2)c1,Cc1c(CN2[CH]N=CN2)c(C)c(Cn2cncn2)c(C)c1CN1[CH]N=CN1,0.529,0.249,YES,YES,1.9282,YES,NO,NO,NO,NO
NO-RAG,123,10,C1CNCCN1,C1CNCCN1,1.0,1.0,YES,YES,0.8306,YES,YES,YES,YES,YES
NO-RAG,123,11,O=C([O-])c1c(F)c(F)c(C(=O)[O-])c2cc(F)c(F)cc12,O=C([O-])c1c(F)c(F)c(C(=O)[O-])c2ccccc12,1.0,0.902,YES,NO,0.7232,YES,YES,YES,YES,YES
NO-RAG,123,12,O=C1C([N+](=O)[O-])=CC([N+](=O)[O-])C(O)=C1[N+](=O)[O-],O=C(O)C1=CC([N+](=O)[O-])=CC([N+](=O)[O-])C1=O,0.95,0.212,YES,YES,1.4595,YES,YES,YES,YES,YES
NO-RAG,123,13,O=C([O-])c1ccc(C(=O)[O-])c2ccccc12,O=C([O-])c1ccc(C(=O)[O-])cc1INVALID,0.0,0.0,NO,NO,,NO,NO,NO,NO,NO
NO-RAG,123,14,c1nnnn1CCn1cnnn1,c1nnnn1CCCCn1cnnn1,0.969,0.487,YES,NO,1.4133,YES,YES,YES,YES,YES
NO-RAG,123,15,O=C([O-])c1cc([N+](=O)[O-])c(C(=O)[O-])cc1[N+](=O)[O-],O=C([O-])c1cc([N+](=O)[O-])c(C(=O)[O-])cc1[N+](=O)[O-],1.0,1.0,YES,YES,0.7121,YES,YES,YES,YES,YES
NO-RAG,123,16,O=C([O-])c1ccccc1C(=O)[O-],O=C([O-])c1ccccc1C(=O)[O-],1.0,1.0,YES,YES,0.8394,YES,YES,YES,YES,YES
NO-RAG,123,17,CCCn1cnc2c1NC=NC2Cl,CCN1C(=O)[CH]C(=O)N(CC)C1=S,0.323,0.196,YES,NO,2.9566,NO,NO,NO,NO,NO
NO-RAG,123,18,O=C([O-])CCN1[CH]C=C(C2=C[CH]N(CCC(=O)[O-])C=C2)C=C1,O=C([O-])CN1[CH]C=C(C2=C[CH]N(CC(=O)[O-])C=C2)C=C1,0.868,0.732,YES,YES,1.3997,YES,YES,YES,YES,NO
NO-RAG,123,19,O=C([O-])c1cc(C(=O)[O-])cc(-c2cc(C(=O)[O-])cc(C(=O)[O-])c2)c1,O=C([O-])c1cc(C(=O)[O-])cc(-c2cc(C(=O)[O-])cc(C(=O)[O-])c2)c1,1.0,1.0,YES,YES,1.7485,YES,YES,YES,YES,YES
NO-RAG,123,20,O=C([O-])C=Cc1ccncc1,O=C([O-])[CH][CH]c1ccccn1,0.875,0.545,YES,NO,2.4872,YES,YES,YES,YES,NO
NO-RAG,123,21,O=C([O-])c1ccc(C#Cc2ccc(C(=O)[O-])cc2)cc1,O=C([O-])c1ccc(-c2ccc(C(=O)[O-])cc2)cc1INVALID,0.0,0.0,NO,NO,,NO,NO,NO,NO,NO
NO-RAG,123,22,C(c1nnn[nH]1)c1nnn[nH]1,O=C(O)CC(O)C(=O)O.O=C([O-])COC(O)C(O)C(O)C(=O)O,0.047,0.027,YES,YES,0.4728,NO,NO,NO,NO,NO
NO-RAG,123,23,O=C([O-])c1cc(O)c(C(=O)[O-])cc1O,O=C([O-])c1cc(O)c(C(=O)[O-])cc1OINVALID,0.0,0.0,NO,NO,,NO,NO,NO,NO,NO
NO-RAG,123,24,CCc1c(C#N)c(CC)c(CC)c(C#N)c1CC,CCC=C(C#N)C(C#N)=C(C#N)C=CC#N,0.316,0.089,YES,YES,1.8756,NO,NO,NO,NO,NO
NO-RAG,123,25,O=C([O-])c1cncc(O)c1,O=C([O-])c1cc(O)cc(C(=O)[O-])n1,0.88,0.462,YES,NO,0.8391,YES,YES,YES,YES,NO
NO-RAG,123,26,O=C([O-])c1cccc(C(=O)[O-])n1,O=C([O-])c1cccnc1C(=O)[O-],0.864,0.75,YES,YES,0.6173,YES,YES,YES,YES,NO
NO-RAG,123,27,O=C([O-])c1cncc(-c2ccccc2C(=O)[O-])c1,O=C([O-])c1cc(C(=O)[O-])cc(-c2ccccc2)c1,0.652,0.489,YES,YES,1.6178,YES,YES,NO,NO,NO
NO-RAG,123,28,Cc1cc(C#Cc2cc(C)c(C(=O)[O-])c(C)c2)cc(C)c1C(=O)[O-],Nc1cc(C=Cc2cc(N)c(C(=O)[O-])c(N)c2)cc(N)c1C(=O)[O-],0.485,0.41,YES,NO,6.8334,NO,NO,NO,NO,NO
NO-RAG,123,29,c1cn(Cc2cc(Cn3ccnc3)c(Cn3ccnc3)cc2Cn2ccnc2)cn1,c1cc(Cn2ccnc2)cc(Cn2ccnc2)c1INVALID,0.0,0.0,NO,NO,,NO,NO,NO,NO,NO
NO-RAG,123,30,Nc1cc(C(=O)[O-])ccc1-c1ccc(C(=O)[O-])cc1N,O=C([O-])c1ccccc1O,0.375,0.441,YES,NO,6.1628,NO,NO,NO,NO,NO
NO-RAG,123,31,O=C([O-])c1ccc(-c2ccc(C(=O)[O-])cc2O)c(O)c1,Nc1cc(C(=O)[O-])ccc1-c1ccc(C(=O)[O-])cc1N,0.581,0.902,YES,YES,3.4639,YES,YES,YES,YES,YES
NO-RAG,123,32,O=C([O-])c1nccnc1C(=O)[O-],O=C([O-])c1nccnc1C(=O)[O-],1.0,1.0,YES,YES,1.0979,YES,YES,YES,YES,YES
NO-RAG,123,33,COc1cc(C(=O)[O-])ccc1C#Cc1cc(OC)c(C(=O)[O-])cc1-c1ccccc1,CCC=C1C=c2c(C(=O)[O-])cccc2=CC=C1C(=O)[O-],0.417,0.292,YES,YES,1.865,NO,NO,NO,NO,NO
NO-RAG,123,34,O=C([O-])c1c(F)c(F)c(C(=O)[O-])c2c(F)c(F)c(F)c(F)c12,O=C([O-])c1c(F)c(F)c(C(=O)[O-])c2ccccc12INVALID,0.0,0.0,NO,NO,,NO,NO,NO,NO,NO
NO-RAG,123,35,O=C([O-])c1cnc(C(=O)[O-])cn1,O=C([O-])c1ccc(C(=O)[O-])o1,0.429,0.3,YES,YES,1.2862,NO,NO,NO,NO,NO
NO-RAG,123,36,O=C([O-])c1ccc(Oc2cc(Oc3ccc(C(=O)[O-])cc3)cc(C(=O)[O-])c2)cc1,O=C([O-])c1ccc(Oc2cc(Oc3ccc(C(=O)[O-])cc3)cc(C(=O)[O-])c2)cc1INVALID,0.0,0.0,NO,NO,,NO,NO,NO,NO,NO
NO-RAG,123,37,O=C([O-])c1ccc(-c2cc(C(=O)[O-])cc(C(=O)[O-])c2)cc1,O=C([O-])c1ccc(-c2cc(-c3ccc(C(=O)[O-])cc3)cc(-c3ccc(C(=O)[O-])cc3)c2)cc1,1.0,0.451,YES,YES,1.1048,YES,YES,YES,YES,YES
NO-RAG,123,38,O=C([O-])c1cc(F)c(C(=O)[O-])cc1F,O=C([O-])c1c(F)c(F)c(C(=O)[O-])c2cc(F)c(F)cc12,0.818,0.638,YES,YES,1.3461,YES,YES,YES,NO,NO
NO-RAG,123,39,[CH](NN[CH]c1ccncc1)c1ccncc1,c1cc(CCCc2ccncc2)ccn1INVALID,0.0,0.0,NO,NO,,NO,NO,NO,NO,NO
NO-RAG,123,40,O=C([O-])c1ccccc1C(=O)O,O=C([O-])c1ccc(C(=O)[O-])cc1,0.8,0.75,YES,YES,3.1377,YES,YES,YES,NO,NO
NO-RAG,123,41,CC(CCC(=O)[O-])C(=O)[O-],CC(CC(=O)[O-])C(=O)[O-],0.812,0.687,YES,YES,2.091,YES,YES,YES,NO,NO
NO-RAG,123,42,O=C([O-])c1cc(S(O)(O)O)c(C(=O)[O-])c2c1CC2,O=C([O-])c1ccc(C(c2ccc(C(=O)[O-])c(C(=O)[O-])c2)(C(F)(F)F)C(F)(F)F)cc1C(=O)[O-],0.34,0.299,YES,NO,3.6643,NO,NO,NO,NO,NO
NO-RAG,123,43,CNC1(F)CC2(C#CC(=O)[O-])CCC1(C#CC(=O)[O-])CC2,CCC1CC2(C#CC(=O)[O-])CCC1(C#CC(=O)[O-])CC2OINVALID,0.0,0.0,NO,NO,,NO,NO,NO,NO,NO
NO-RAG,123,44,Cc1nccn1Cc1ccncc1,c1cc(-c2nnc(-c3ccncc3)o2)ccn1,0.341,0.338,YES,YES,1.6293,NO,NO,NO,NO,NO
NO-RAG,123,45,c1cn(Cc2ccc(Cn3ccnc3)cc2)cn1,O=C(c1ccncc1)c1cccnc1,0.345,0.087,YES,NO,1.1357,NO,NO,NO,NO,NO
NO-RAG,123,46,c1cncnc1,c1cnccn1,0.769,0.0,YES,YES,0.8877,YES,YES,YES,NO,NO
NO-RAG,123,47,CCC12C3C4(C(=O)[O-])C5(CC)C(C1(C(=O)[O-])C35[N+](=O)[O-])C24[N+](=O)[O-],O=C([O-])C1C(I)CC2(C(=O)[O-])CC1CC2I,0.312,0.471,YES,YES,1.4058,NO,NO,NO,NO,NO
NO-RAG,123,48,O=C([O-])CN(CC(=O)[O-])CC(=O)[O-],O=C([O-])CCC(=O)[O-],0.478,0.285,YES,YES,1.3653,NO,NO,NO,NO,NO
NO-RAG,123,49,c1cn(-c2ccc(NNc3ccc(-n4ccnc4)cc3)cc2)cn1,c1cc(-c2ccc(-c3ccnnc3)cc2)cnn1,0.455,0.239,YES,YES,1.9513,NO,NO,NO,NO,NO
NO-RAG,123,50,Nc1cc(C#Cc2cc(N)c(C(=O)[O-])c(N)c2)cc(N)c1C(=O)[O-],O=C([O-])C1=CC=C2C=C(Br)C(=CC=C(CBr)C(=O)[O-])C2C=C1,0.256,0.148,YES,YES,6.7091,NO,NO,NO,NO,NO
NO-RAG,123,51,CCc1cc2c(cc(CC)c3ccc(C(=O)[O-])c(F)c32)c2cc(C(=O)[O-])ccc12,CC1C=C(C(=O)[O-])C(C(=O)O)=C(C(=O)[O-])C(C(=O)[O-])=C1CC(=O)O,0.371,0.12,YES,YES,1.6326,NO,NO,NO,NO,NO
NO-RAG,123,52,O=C(O)c1cccc(Oc2cccc(C(=O)O)c2C(=O)[O-])c1.O=C(O)c1cccc(Oc2cccc(C(=O)O)c2C(=O)[O-])c1,O=C([O-])c1ccc(Oc2ccc(C(=O)[O-])cc2)cc1,0.396,0.299,YES,YES,1.5954,NO,NO,NO,NO,NO
NO-RAG,123,53,O=C([O-])CN(CCN(CC(=O)[O-])CC(=O)[O-])CCN(CC(=O)O)CC(=O)O,O=C([O-])Cn1cnnn1,0.36,0.135,YES,NO,0.6757,NO,NO,NO,NO,NO
NO-RAG,123,54,c1ccc(SSc2ccccn2)nc1,c1cnc(SCSc2ncccn2)nc1INVALID,0.0,0.0,NO,NO,,NO,NO,NO,NO,NO
NO-RAG,123,55,Nc1ccc(C=Cc2ccc(N)cc2S(O)(O)O)c(S(O)(O)O)c1,OS(O)(O)c1cccc2c(S(O)(O)O)cccc12INVALID,0.0,0.0,NO,NO,,NO,NO,NO,NO,NO
NO-RAG,123,56,O=C([O-])c1cc(C(=O)[O-])c(C(=O)O)cc1C(=O)O,O=C([O-])c1ccc(C(=O)[O-])cc1,0.75,0.667,YES,NO,0.527,YES,YES,YES,NO,NO
NO-RAG,123,57,O=C(Nc1cccnc1)c1ccc(C(=O)Nc2cccnc2)s1,O=C([O-])c1cc(S(O)(O)O)cc(S(O)(O)O)c1,0.164,0.11,YES,YES,1.9888,NO,NO,NO,NO,NO
NO-RAG,123,58,NC1=N[CH]NN1,C(Cc1nnn[nH]1)OCCc1nnn[nH]1,0.346,0.0,YES,YES,3.2647,NO,NO,NO,NO,NO
NO-RAG,123,59,O=C([O-])c1cc(C(=O)O)c(C(=O)[O-])cc1C(=O)O,O=C([O-])c1ccc(C(=O)[O-])cc1INVALID,0.0,0.0,NO,NO,,NO,NO,NO,NO,NO
NO-RAG,123,60,O=[N+]([O-])c1cncc([N+](=O)[O-])c1C#Cc1c([N+](=O)[O-])cncc1[N+](=O)[O-],N#Cc1cc([N+](=O)[O-])c(C#N)cc1[N+](=O)[O-],0.732,0.137,YES,YES,1.8271,YES,YES,YES,NO,NO
NO-RAG,123,61,O=C([O-])C(O)=C(O)C(=O)[O-],NC(C(=O)[O-])=C(N)C(=O)[O-],0.481,0.791,YES,NO,1.6105,YES,YES,YES,NO,NO
NO-RAG,123,62,C(#C[Si](C#Cc1cn[nH]c1)(C#CC1C=NN=C1)C#CC1C=NN=C1)C1=CN=N[CH]1,C(#CC#Cc1cn[nH]c1)C#CC1=CN=N[CH]1,0.828,0.232,YES,YES,5.132,YES,YES,YES,NO,NO
NO-RAG,123,63,O=C([O-])CN1[CH]C=C(c2nnn[nH]2)C=C1,O=C([O-])c1cccc(C(=O)O)n1,0.327,0.17,YES,NO,2.2095,NO,NO,NO,NO,NO
NO-RAG,123,64,Nc1ccccc1S,c1ccc(SCSc2ccccn2)nc1,0.3,0.04,YES,NO,0.4346,NO,NO,NO,NO,NO
NO-RAG,123,65,O=C([O-])c1nc(-c2ccc3ccccc3c2)[nH]c1C(=O)[O-],O=C([O-])c1cc(N2[CH]N=CN2)cc(N2[CH]N=CN2)c1,0.429,0.276,YES,YES,1.3488,NO,NO,NO,NO,NO
NO-RAG,123,66,O=C(O)c1ccc(-c2ccc(-c3ccc(C(=O)O)cc3C(=O)[O-])cc2)c(C(=O)[O-])c1,O=C([O-])c1cc(C(=O)[O-])cc(-c2ccc(C(=O)O)cc2)c1,0.842,0.5,YES,YES,1.7818,YES,YES,YES,NO,NO
NO-RAG,123,67,c1ccc(-c2cc(-c3ccncc3)nc(-c3ccncc3)c2)nc1,C=CC=CC=C1C=CC=C(c2ccncc2)C=NC=C2NC=C(N=C1)C(=CC)c1cnccc12,0.467,0.199,YES,YES,3.7653,NO,NO,NO,NO,NO
NO-RAG,123,68,CSc1nccs1,O=P(O)(O)Cc1ccncc1,0.179,0.055,YES,YES,1.5843,NO,NO,NO,NO,NO
NO-RAG,123,69,O=C([O-])C1CCC(C(=O)[O-])CC1,O=C([O-])C1CC(C(=O)O)C(C(=O)[O-])CC1C(=O)O,0.6,0.667,YES,YES,1.6611,YES,YES,NO,NO,NO
NO-RAG,123,70,c1c[nH]cn1,c1c[nH]cn1INVALID,0.0,0.0,NO,NO,,NO,NO,NO,NO,NO
NO-RAG,123,71,c1ccc(-c2nnc(-c3ccncc3)[nH]2)nc1,C1=NN=CC1c1ccc(-c2cn[nH]c2)cc1,0.643,0.092,YES,YES,2.2686,YES,YES,NO,NO,NO
NO-RAG,123,72,O=C([O-])c1cccc(-c2c3nc(c(-c4cccc(C(=O)[O-])c4)c4ccc([nH]4)c(-c4cccc(C(=O)[O-])c4)c4nc(c(-c5cccc(C(=O)[O-])c5)c5ccc2[nH]5)C=C4)C=C3)c1,C=CN=CC=CNNC(=O)C1CC(C(=O)[O-])=CC1=CC(=O)[O-],0.367,0.058,YES,YES,1.211,NO,NO,NO,NO,NO
NO-RAG,123,73,O=C([O-])c1cc2c(cc1C(=O)[O-])C(=O)c1ccccc1C2=O,O=C([O-])c1ccccc1I,0.44,0.395,YES,NO,1.7009,NO,NO,NO,NO,NO
NO-RAG,123,74,Cc1cc2ccc3nc(C)ccc3c2cn1,CCCC=NC1=CC=C2N=CC=CC=C(C=C1)C2C,0.312,0.083,YES,YES,1.2786,NO,NO,NO,NO,NO
NO-RAG,123,75,Nc1nc2ccccc2[nH]1,Nc1nnn[nH]1,0.667,0.156,YES,NO,3.1639,YES,YES,NO,NO,NO
NO-RAG,123,76,O=C([O-])CCC(=O)[O-],O=C([O-])CC(=O)[O-],0.786,0.604,YES,YES,0.4617,YES,YES,YES,NO,NO
NO-RAG,123,77,CNC12C3C4C5C3(C#CC(=O)[O-])C1C5(NC)C42C#CC(=O)[O-],CCCC12C3C4C5C(C41C#CC(=O)[O-])C2(S(O)(O)O)C53C#CC(=O)[O-],0.375,0.735,YES,YES,1.1815,YES,YES,YES,NO,NO
NO-RAG,123,78,O=C([O-])c1ccc(-c2ccccc2)cc1,O=C([O-])c1cccc(-c2cccnc2)c1INVALID,0.0,0.0,NO,NO,,NO,NO,NO,NO,NO
NO-RAG,123,79,CCCOc1c(C(=O)[O-])ccc2c(OCCC)c(C(=O)[O-])ccc12,CCCOc1cc(NNc2ccc(C(=O)[O-])cc2I)c(OCCC)c(I)c1C(=O)[O-],0.6,0.428,YES,YES,1.3686,YES,YES,NO,NO,NO
NO-RAG,123,80,CN1c2cncc(n2)N(C)c2cncc(n2)N(C)c2cncc(n2)N(C)c2cncc1n2,C=Nc1cnccc1C1C2=CN=C21,0.333,0.019,YES,YES,3.744,NO,NO,NO,NO,NO
NO-RAG,123,81,CC(C(=O)[O-])C(=O)[O-],CC(C(=O)[O-])=C(C)C(=O)[O-],0.667,0.478,YES,NO,2.8831,YES,YES,NO,NO,NO
NO-RAG,123,82,O=C([O-])C(F)=C(F)C(=O)[O-],O=C([O-])C(F)=C(F)C(=O)[O-]INVALID,0.0,0.0,NO,NO,,NO,NO,NO,NO,NO
NO-RAG,123,83,O=C([O-])c1ccc(Oc2ccc(C(=O)[O-])c(C(=O)[O-])c2)cc1C(=O)[O-],O=C([O-])c1ccc(C=Nc2cc(C(=O)[O-])cc(C(=O)[O-])c2)cc1,0.5,0.354,YES,NO,2.0372,YES,NO,NO,NO,NO
NO-RAG,123,84,Cc1cc(OCC(=O)[O-])cc(C(=O)[O-])c1,O=C([O-])CNC=C1C=C(C(=O)[O-])C(=O)N1,0.306,0.24,YES,YES,4.2596,NO,NO,NO,NO,NO
NO-RAG,123,85,O=C([O-])c1sc2c(C(=O)O)c(C(=O)[O-])sc2c1C(=O)O,O=C([O-])c1cc(C(=O)O)c(C(=O)[O-])cc1F,0.467,0.177,YES,YES,4.7274,NO,NO,NO,NO,NO
NO-RAG,123,86,Cc1nc(C)c(C(=O)[O-])c(C=Cc2ccccc2)c1C(=O)[O-],O=C([O-])c1cccc(F)c1C(=O)[O-],0.467,0.313,YES,NO,1.4803,NO,NO,NO,NO,NO
NO-RAG,123,87,Cc1c(C)c(C(=O)[O-])c(C)c(C)c1C(=O)[O-],Nc1cc(C(=O)[O-])cc(C(=O)[O-])c1,0.5,0.625,YES,NO,0.7593,YES,YES,NO,NO,NO
NO-RAG,123,88,O=C([O-])CO,O=C([O-])COINVALID,0.0,0.0,NO,NO,,NO,NO,NO,NO,NO
NO-RAG,123,89,O=C([O-])c1ccc(-c2ccc(C(=O)[O-])c(C(=O)O)c2)cc1C(=O)O,O=C([O-])c1cc(C(=O)O)c(C(=O)[O-])c2c1CC2,0.625,0.492,YES,YES,2.3769,YES,YES,NO,NO,NO
NO-RAG,123,90,Cc1cc(-n2ccnc2)c(C)cc1-n1ccnc1,c1cc(-c2ccc(-c3ccnnc3)cc2)cnn1INVALID,0.0,0.0,NO,NO,,NO,NO,NO,NO,NO
NO-RAG,123,91,O=P(O)(O)CCSc1ccncc1,CC=CC(=O)[O-],0.049,0.123,YES,YES,1.4641,NO,NO,NO,NO,NO
NO-RAG,123,92,O=C([O-])C1=NC(c2cncc(Br)c2)=NC1C(=O)O,O=CC1=CC(Cc2ccc(C(=O)O)cc2)=C(C(=O)[O-])C1=CC1=CC(=CC(=O)[O-])C=CO1,0.378,0.114,YES,YES,1.9518,NO,NO,NO,NO,NO
NO-RAG,123,93,[CH]1N=NC=C1c1ccc([Si](c2ccc(-c3cn[nH]c3)cc2)(c2ccc(C3C=NN=C3)cc2)c2ccc(C3C=NN=C3)cc2)cc1,C1=NN=CC1C12C3C4C1C1C2C3C41Cc1cn[nH]c1INVALID,0.0,0.0,NO,NO,,NO,NO,NO,NO,NO
NO-RAG,123,94,CCOC1(Br)c2c(C(=O)[O-])c(Br)cc(C(=O)[O-])c2C1Br,CCCCC1C(C)C2(C(=O)[O-])C(CC)C(C(=O)[O-])C3(CC)C1(C(=O)[O-])C(CC)C(CC)C23CC,0.419,0.345,YES,YES,0.8965,NO,NO,NO,NO,NO
NO-RAG,123,95,CCCOC1CC2(C#CC(=O)[O-])CCC1(C#CC(=O)[O-])CC2,CCC1c2c(C(=O)[O-])cc(OC)c(C(=O)[O-])c2C1CCINVALID,0.0,0.0,NO,NO,,NO,NO,NO,NO,NO
NO-RAG,123,96,N#CC(C(=O)[O-])=C(C=CC(=O)[O-])c1ccccc1,CCCc1cc(C(=O)[O-])ccc1NNc1ccc(C(=O)[O-])cc1,0.31,0.342,YES,YES,1.5449,NO,NO,NO,NO,NO
NO-RAG,123,97,O=C([O-])C=CC=CC(=O)[O-],O=C([O-])CCC(=O)[O-],0.643,0.373,YES,YES,1.3195,YES,YES,NO,NO,NO
NO-RAG,123,98,CCOP(=O)(Cc1c(C)c(C)c(CP(=O)(OCC)OCC)c(C)c1C)OCC,CC(=O)C(=NNc1ccccc1S(O)(O)O)C(C)=O,0.292,0.214,YES,NO,1.5592,NO,NO,NO,NO,NO
NO-RAG,123,99,[CH]1N=CNN1CCCCCCn1cncn1,c1cnc(SCSc2ncccn2)nc1,0.265,0.037,YES,NO,2.3176,NO,NO,NO,NO,NO
NO-RAG,123,100,O=P(O)(O)O,O=S(=O)(O)O,0.577,0.12,YES,YES,1.0945,YES,NO,NO,NO,NO
NO-RAG,123,101,O=C([O-])c1cc(C(=O)O)c(C(=O)[O-])c2c1CC2,O=C([O-])c1cc(C(=O)[O-])cc(S(O)(O)O)c1,0.317,0.69,YES,YES,2.2188,YES,YES,NO,NO,NO
NO-RAG,123,102,O=C([O-])c1cc(Cn2nnc3ccccc32)cc(C(=O)[O-])c1,O=C([O-])C1=CC(C(=O)[O-])Oc2ccc(C(=O)[O-])c(Cl)c2CC=C1,0.278,0.385,YES,YES,1.5276,NO,NO,NO,NO,NO
NO-RAG,123,103,O=C([O-])c1c(F)cc(C=Cc2cc(F)c(C(=O)[O-])c(F)c2)cc1F,O=C([O-])C=C(O)C(O)=C(C=CC(O)=C1C(=C(O)C(O)=C(CO)C(=O)[O-])C1OCO)COC(O)=CO,0.279,0.074,YES,YES,6.9295,NO,NO,NO,NO,NO
NO-RAG,123,104,Nc1c(N)c(C(=O)[O-])c(N)c(N)c1C#Cc1c(N)c(N)c(C(=O)[O-])c(N)c1N,O=C([O-])c1c(Cl)c(Cl)c(C#Cc2c(Cl)c(Cl)c(C(=O)[O-])c(Cl)c2Cl)c(Cl)c1ClINVALID,0.0,0.0,NO,NO,,NO,NO,NO,NO,NO
NO-RAG,123,105,NCC(=O)[O-],O=CC(=O)[O-],0.316,0.78,YES,YES,0.3189,YES,YES,YES,NO,NO
NO-RAG,123,106,O=C([O-])c1nc[nH]c1C(=O)[O-],O=C([O-])c1nc[nH]c1C(=O)[O-]INVALID,0.0,0.0,NO,NO,,NO,NO,NO,NO,NO
NO-RAG,123,107,O=C([O-])c1ccc(C#Cc2ccc(C(=O)[O-])cc2Cl)c(Cl)c1,O=C([O-])c1ccc(NNc2ccc(C(=O)[O-])c(Cl)c2)cc1Cl,0.588,0.402,YES,NO,4.041,YES,NO,NO,NO,NO
NO-RAG,123,108,O=C([O-])c1cncc(OCOc2cncc(C(=O)[O-])c2)c1,O=C([O-])c1cccc(-n2ccc(=O)cc2)c1C(=O)[O-]INVALID,0.0,0.0,NO,NO,,NO,NO,NO,NO,NO
NO-RAG,123,109,O=C([O-])c1ccc(-n2ccc(=O)cc2)cc1C(=O)[O-],O=C([O-])c1ccc(C(=O)[O-])cc1,0.343,0.464,YES,YES,1.5347,NO,NO,NO,NO,NO
NO-RAG,123,110,CCc1cc(-c2ccc(C(=O)[O-])cc2)ccc1C(=O)[O-],CCCOC=Cc1cc2c3ccc(C(=O)[O-])c2c(c1C1=CC=CC=C(CCCC=CC=C(C=CC(=O)[O-])C(=O)[O-])CCCO1)C=CC=C3INVALID,0.0,0.0,NO,NO,,NO,NO,NO,NO,NO
NO-RAG,123,111,CCCC1=NN=CC1C#Cc1ccc(C#CC2=C(CCC)N=N[CH]2)cc1OC,CCCOC12C=CC3(C)C(C#Cc4cn[nH]c4)C1(OCCC)C3(F)C2INVALID,0.0,0.0,NO,NO,,NO,NO,NO,NO,NO
NO-RAG,123,112,CCC(C)COc1cc(C=Cc2ccncc2)c(OCC(C)CC)cc1C=Cc1ccncc1,CCCOC=CC1(C(O)CC=CC(=O)[O-])C(OCCCC=CC=O)=CC(OCCC)=CC=CCC1O,0.34,0.156,YES,YES,0.8191,NO,NO,NO,NO,NO
NO-RAG,123,113,Cn1cnc(C(=O)[O-])c1C(=O)[O-],O=C([O-])c1ccco1,0.333,0.3,YES,NO,3.0306,NO,NO,NO,NO,NO
NO-RAG,123,114,O=S1(=O)CCCC1,O=C([O-])COCCC(O)C(CO)C(=O)[O-]INVALID,0.0,0.0,NO,NO,,NO,NO,NO,NO,NO
NO-RAG,123,115,Cc1nccn1CCCCn1ccnc1C,c1cn(CCCCn2ccnc2)cn1,0.765,0.878,YES,YES,1.393,YES,YES,YES,YES,NO
NO-RAG,123,116,O=C([O-])c1ccnc(-c2cc(C(=O)[O-])ccn2)c1,O=C([O-])c1ccc(Oc2ccc(C(=O)[O-])cc2)cc1,0.483,0.186,YES,YES,1.0539,NO,NO,NO,NO,NO
NO-RAG,123,117,O=C([O-])c1cccc(-c2nccs2)c1,CCC(O)P(=O)(O)OP(=O)(O)O,0.061,0.112,YES,YES,0.7562,NO,NO,NO,NO,NO
NO-RAG,123,118,NC(=S)c1cccc(C(N)=S)c1,O=c1[nH][nH]c(=O)c2ccccc12,0.205,0.485,YES,YES,1.7759,NO,NO,NO,NO,NO
NO-RAG,123,119,O=C([O-])c1ccc(N=Cc2ccccc2O)cc1,O=C([O-])c1cccc(-c2cccnc2)c1INVALID,0.0,0.0,NO,NO,,NO,NO,NO,NO,NO
NO-RAG,123,120,Nc1c(N)c(C(=O)[O-])c2ccccc2c1C(=O)[O-],O=C([O-])c1c(O)c(O)c(C(=O)[O-])c2ccccc12INVALID,0.0,0.0,NO,NO,,NO,NO,NO,NO,NO
NO-RAG,123,121,Cc1cc2ncn(CCCCn3cnc4cc(C)c(C)cc43)c2cc1C,O=C([O-])c1cc(-c2ccncc2)cc(-c2ccncc2)c1,0.25,0.258,YES,YES,1.8686,NO,NO,NO,NO,NO
NO-RAG,123,122,O=C([O-])c1c(O)c(O)c(C(=O)[O-])c2c(O)c(O)c(O)c(O)c12,O=C([O-])C=CC(C(=O)O)=C(C=C(C=C(C(=O)O)C(=CC(=O)O)C(=O)O)C(=O)O)C(=O)[O-]INVALID,0.0,0.0,NO,NO,,NO,NO,NO,NO,NO
NO-RAG,123,123,O=C([O-])C12C3C4C1C1(S(O)(O)O)C2C3C41C(=O)[O-],CCC1C2C3C(CC)C4(c5ccccc5)C3(C#CC(=O)[O-])C2C14C(=O)[O-],0.4,0.441,YES,YES,1.6738,NO,NO,NO,NO,NO
NO-RAG,123,124,Cc1cnc(C)cn1,C=C1N=CC(CCCCCn2cncn2)=N1,0.244,0.099,YES,YES,0.6537,NO,NO,NO,NO,NO
NO-RAG,123,125,ON=C(c1ccncc1)c1ccccn1,NNC(=O)c1ccc(O)cc1,0.262,0.105,YES,YES,0.4844,NO,NO,NO,NO,NO
NO-RAG,123,126,CC(=O)N(C)C,c1c[nH]cn1,0.034,0.0,YES,YES,3.0891,NO,NO,NO,NO,NO
NO-RAG,123,127,c1cc(-c2ccncc2)ccn1,c1cc(-c2ccncc2)ccn1INVALID,0.0,0.0,NO,NO,,NO,NO,NO,NO,NO
NO-RAG,123,128,[CH](C=CC=C1C=NN=C1)c1cn[nH]c1,c1cc(NNc2ccncc2)ccn1,0.438,0.0,YES,NO,4.935,NO,NO,NO,NO,NO
NO-RAG,123,129,CC(=O)[CH]C(=O)c1ccc(-n2ccnc2)cc1,c1ccc2c(c1)N=NC2CCCCn1nnc2ccccc21,0.417,0.26,YES,YES,2.6018,NO,NO,NO,NO,NO
NO-RAG,123,130,O=C(Nc1cccnc1)c1cccnc1,c1cc(Sc2ccncc2)ccn1,0.414,0.39,YES,NO,1.4617,NO,NO,NO,NO,NO
NO-RAG,123,131,c1cc(CCCc2ccncc2)ccn1,c1cc(CCCc2ccncc2)ccn1INVALID,0.0,0.0,NO,NO,,NO,NO,NO,NO,NO
NO-RAG,123,132,Cc1cc2ncn(Cc3ccc(Cn4cnc5cc(C)c(C)cc54)cc3)c2cc1C,C1=Cc2ccnc(c2)-c2cccc3ccc(ccccccc(cc4cc(-c5ccncc5)ccc34)C=C1)cc2,0.4,0.143,YES,YES,2.3858,NO,NO,NO,NO,NO
NO-RAG,123,133,Cc1ccc(SCN(CSc2ccc(C)cc2C)CSc2ccc(C)cc2C)c(C)c1,c1ccc2c(c1)nnn2OCCOn1cnnn1,0.154,0.189,YES,YES,1.2515,NO,NO,NO,NO,NO
NO-RAG,123,134,CC1c2nccc(-c3ccnc4c3C4C)c21,O=C([O-])C=CC(=CC=C1C2=CC(=CC(C(=O)[O-])=C1C(=O)O)C=CC=C2)C(=O)O,0.081,0.057,YES,YES,1.2955,NO,NO,NO,NO,NO
NO-RAG,123,135,O=C([O-])c1ccc(OCC(COc2ccc(C(=O)[O-])cc2)(COc2ccc(C(=O)[O-])cc2)COc2ccc(C(=O)O)cc2)cc1,O=C([O-])c1ccc(C=Cc2ccncc2)cc1,0.333,0.195,YES,NO,2.0682,NO,NO,NO,NO,NO
NO-RAG,123,136,N#CC(C#N)C(=S)S,C1CCSSC1,0.045,0.0,YES,NO,0.2602,NO,NO,NO,NO,NO
NO-RAG,123,137,OC1(Cl)Cc2ncc(Cl)nc21,N=CC=C1C(C=CF)=CC=C1C=CC=C(CF)c1ccncc1,0.227,0.0,YES,YES,1.5565,NO,NO,NO,NO,NO
NO-RAG,123,138,CC1(C)OC(CP(c2ccccc2)c2ccccc2)C(CP(c2ccccc2)c2ccccc2)O1,c1cc(CCCc2ccncc2)ccn1,0.222,0.045,YES,YES,1.3798,NO,NO,NO,NO,NO
NO-RAG,123,139,Cc1ccc(S(=O)(=O)NC(CCC(=O)[O-])C(=O)[O-])cc1,O=C([O-])CNC(=O)c1cccc(C(=O)NCC(=O)[O-])c1,0.364,0.35,YES,NO,0.9294,NO,NO,NO,NO,NO
NO-RAG,123,140,O=C([O-])C1=C[CH]NC=C1C(=O)[O-],O=C([O-])c1ccc(C=Nc2cc(C(=O)[O-])cc(C(=O)[O-])c2)cc1,0.419,0.154,YES,NO,1.6008,NO,NO,NO,NO,NO
NO-RAG,123,141,O=C([O-])c1ccc(-c2cc3cc(c2)C(=O)[O][Cd][O]C3=O)cc1,O=C([O-])c1cc(OCOc2cc(C(=O)[O-])cc(C(=O)O)c2)cc(C(=O)O)c1,0.432,0.329,YES,NO,1.6073,NO,NO,NO,NO,NO
NO-RAG,123,142,O=P(O)(O)F,O=[N+]([O-])O,0.393,0.12,YES,YES,0.6876,NO,NO,NO,NO,NO
NO-RAG,123,143,CC(=O)CC(C#N)(C#N)C(C#N)C#N,N#CC(C#N)C(N)=O,0.286,0.411,YES,NO,0.9025,NO,NO,NO,NO,NO
NO-RAG,123,144,COc1cc(NC#N)c(OC)cc1NC#N,N#CNC(C#N)C(N)=O,0.306,0.162,YES,YES,2.5738,NO,NO,NO,NO,NO
NO-RAG,123,145,c1ccc2c(-n3ccnc3)c3ccccc3c(-n3ccnc3)c2c1,Cc1c(-c2ccncc2)c(C)c(-c2c(C)c(-c3ccncc3)c(C)c(-c3ccncc3)c2C)c(C)c1-c1ccncc1,0.375,0.137,YES,YES,1.6016,NO,NO,NO,NO,NO
NO-RAG,123,146,O=C([O-])c1ccc(NNc2ccc(C(=O)[O-])cc2)cc1,O=C([O-])c1ccc(Oc2ccc(C(=O)[O-])cc2)cc1,0.438,0.441,YES,YES,0.7827,NO,NO,NO,NO,NO
NO-RAG,123,147,O=C(NCc1ccncc1)C(=O)NCc1ccncc1,c1ccc(-c2ccn[nH]2)nc1,0.341,0.294,YES,YES,3.1294,NO,NO,NO,NO,NO
NO-RAG,123,148,Nc1ccc(Cc2ccc(N)cc2)cc1,N#Cc1ccc(C#N)cc1,0.312,0.455,YES,NO,0.652,NO,NO,NO,NO,NO
NO-RAG,123,149,O=C([O-])c1ccc(-c2cc(-c3ccc(C(=O)O)cc3)c(-c3ccc(C(=O)[O-])cc3)cc2-c2ccc(C(=O)O)cc2)cc1,O=C([O-])c1cc(C(=O)O)c2cc(C(=O)[O-])cc(C(=O)O)c2c1INVALID,0.0,0.0,NO,NO,,NO,NO,NO,NO,NO
NO-RAG,123,150,Fc1cc2cc(C3C=NN=C3)c(F)cc2cc1-c1cn[nH]c1,Cc1cnccc1C(F)(CCF)C(=CF)Cc1ccncc1,0.356,0.027,YES,YES,1.0863,NO,NO,NO,NO,NO
NO-RAG,123,151,O=C1C(=O)C(=O)C(=O)C1=O,O=C1C(=O)C(=O)C1=OINVALID,0.0,0.0,NO,NO,,NO,NO,NO,NO,NO
NO-RAG,123,152,O=C(Nc1cc(C(=O)[O-])cc(C(=O)[O-])c1)Nc1cc(C(=O)[O-])cc(C(=O)[O-])c1,O=C([O-])c1cccc(-n2cncn2)c1,0.395,0.317,YES,YES,3.562,NO,NO,NO,NO,NO
NO-RAG,123,153,Cc1nccn1Cc1ccc(-c2ccc(Cn3ccnc3C)cc2)cc1,Cc1nc2ccccc2n1CCCCn1c(C)nc2ccccc21,0.795,0.258,YES,NO,1.7232,YES,YES,YES,NO,NO
NO-RAG,123,154,CC(=O)NC(C)(NC(C)=O)C(=O)[O-],CCCCS(=O)CCCS(=O)CCC1CCCCC1,0.078,0.137,YES,YES,2.0366,NO,NO,NO,NO,NO
NO-RAG,123,155,O=C([O-])c1cccc(CN2CCOCCN(Cc3cccc(C(=O)[O-])c3)CCOCC2)c1,CC1=NNCCCCC2CNN=C2N1INVALID,0.0,0.0,NO,NO,,NO,NO,NO,NO,NO
NO-RAG,123,156,O=C([O-])c1c(Cl)cc(-c2cc(-c3cc(Cl)c(C(=O)[O-])c(Cl)c3)cc(-c3cc(Cl)c(C(=O)[O-])c(Cl)c3)c2)cc1Cl,CC1=CC(C(=O)[O-])=CC=C2C=CC(=CC=CC=C(S)C=CC(=O)[O-])C(C(=O)[O-])C=CC3=CC=C(C(=O)[O-])C=C(S3)Sc3ccc(C(=O)[O-])cc3SC=CC([NH])C=CC3=C(S)C(C(=O)[O-])C=C(S3)[SH]=C[SH]12,0.319,0.126,YES,YES,1.4577,NO,NO,NO,NO,NO
NO-RAG,123,157,O=[PH](O)O,O=S(=O)(O)O,0.481,0.12,YES,YES,1.1223,NO,NO,NO,NO,NO
NO-RAG,123,158,O=P(O)(O)C1=CC=C2[CH]C=CC=C2N1,OC1=Cc2c(ccc(O)c2S(O)(O)O)C=CC=C1S(O)(O)O,0.351,0.027,YES,YES,1.6142,NO,NO,NO,NO,NO
NO-RAG,123,159,c1ccc2nc(-c3cnc4ccccc4n3)cnc2c1,c1ccc(C2=NC(c3ccccn3)N(c3ccccn3)N2)nc1,0.444,0.068,YES,YES,1.5877,NO,NO,NO,NO,NO
NO-RAG,123,160,O=C([O-])Cn1nn[nH]c1=S,O=C([O-])C(F)(F)F,0.132,0.36,YES,NO,0.6499,NO,NO,NO,NO,NO
NO-RAG,123,161,CCCCN(CCO)CCO,O=C(O)c1cc[n+]([O-])cc1,0.137,0.149,YES,YES,2.4234,NO,NO,NO,NO,NO
NO-RAG,123,162,CC1=C(CC2=C(C)N=NC2C)C(C)N=N1,c1ccc(-n2c(-c3ccncc3)nnc2-c2ccncc2)nc1,0.349,0.0,YES,YES,2.3207,NO,NO,NO,NO,NO
NO-RAG,123,163,CC(C)c1cc(C(C)C)c(CP(=O)(O)O)c(C(C)C)c1,Cc1cc(CP(=O)(O)O)c(C)cc1CP(=O)(O)O,0.818,0.65,YES,YES,2.0473,YES,YES,YES,NO,NO
NO-RAG,123,164,O=C([O-])CN=Cc1ccccc1O,O=C([O-])CN1NN=C(c2ccccn2)N1INVALID,0.0,0.0,NO,NO,,NO,NO,NO,NO,NO
NO-RAG,123,165,CNC1CC2(C#CC(=O)[O-])C(NC)CC1(C#CC(=O)[O-])C(F)C2F,COC1CC2(C#CC(=O)[O-])CCC1(C#CC(=O)[O-])C(Cl)C2ClINVALID,0.0,0.0,NO,NO,,NO,NO,NO,NO,NO
NO-RAG,123,166,O=C([O-])c1cccc(NNc2cccc(C(=O)[O-])c2)c1,O=C([O-])c1cccc(Oc2cccnc2)c1C(=O)[O-],0.375,0.441,YES,NO,1.6332,NO,NO,NO,NO,NO
NO-RAG,123,167,O=C([O-])c1ccc(NNc2ccc(C(=O)[O-])c(F)c2)cc1F,O=C([O-])c1c(O)c(O)c(C(=O)[O-])c2cc(O)c(O)cc12,0.395,0.402,YES,NO,3.9069,NO,NO,NO,NO,NO
NO-RAG,123,168,N#CNC#N,N#CNC#NINVALID,0.0,0.0,NO,NO,,NO,NO,NO,NO,NO
NO-RAG,123,169,O=C([O-])c1cc(C(=O)[O][Ag])c(C(=O)[O-])cc1C(=O)[O][Ag],O=P(O)(O)c1ccc(-n2cnnc2)cc1,0.176,0.3,YES,YES,1.4581,NO,NO,NO,NO,NO
NO-RAG,123,170,O=C([O-])c1cccc(=O)[nH]1,Nc1nnn[nH]1,0.174,0.0,YES,NO,0.6235,NO,NO,NO,NO,NO
NO-RAG,123,171,O=C([O-])c1ccc(C(=O)[O-])cc1,O=C([O-])c1ccc(C(=O)[O-])cc1INVALID,0.0,0.0,NO,NO,,NO,NO,NO,NO,NO
NO-RAG,123,172,O=C([O-])CCCC(=O)[O-],O=C([O-])CCC(=O)[O-]INVALID,0.0,0.0,NO,NO,,NO,NO,NO,NO,NO
NO-RAG,123,173,COC1CCc2nccc(-c3ccncc3)c2C1OC,O=C([O-])c1cc(F)c(C(=O)[O-])cc1F,0.174,0.289,YES,YES,0.922,NO,NO,NO,NO,NO
NO-RAG,123,174,O=C([O-])c1ccc(C(=O)[O-])o1,O=C([O-])c1cccnc1C(=O)[O-],0.444,0.3,YES,YES,1.1484,NO,NO,NO,NO,NO
NO-RAG,123,175,[CH]1C=CC=C1,c1cn(CCCCn2ccnc2)cn1,0.074,0.0,YES,YES,1.564,NO,NO,NO,NO,NO
NO-RAG,123,176,c1ccc(C2=NNC(c3ccccn3)=NN2)nc1,c1cc(CN2CCN(Cc3ccncc3)CC2)ccn1,0.326,0.289,YES,NO,1.351,NO,NO,NO,NO,NO
NO-RAG,123,177,O=[N+]([O-])C12CN3CN(CN(C3)C1)C2,O=C1C(=O)C(Nc2nnn[nH]2)C1=O,0.288,0.119,YES,YES,1.3928,NO,NO,NO,NO,NO
NO-RAG,123,178,c1cc(-c2nnn[nH]2)ccc1-c1nn[nH]n1,C=CC=C(SCSc1ccncc1)C(S)=CC=N,0.244,0.0,YES,YES,0.8861,NO,NO,NO,NO,NO
NO-RAG,123,179,Cc1c(C)c(-c2ccncc2)c(C)c(C)c1B(c1c(C)c(C)c(-c2ccncc2)c(C)c1C)c1c(C)c(C)c(-c2ccncc2)c(C)c1C,Cc1cc2cc(n1)C(O)=C(c1ccncc1)c1ccccc1-2,0.457,0.138,YES,YES,3.9201,NO,NO,NO,NO,NO
NO-RAG,123,180,O=C([O-])C(=O)[O-],O=C([O-])C(=O)[O-],1.0,1.0,YES,YES,0.4633,YES,YES,YES,YES,YES
NO-RAG,123,181,O=C([O-])CN(CC(=O)[O-])c1ccc(C(=O)[O-])cc1,O=C([O-])C1=CC=Cc2ccc(-c3ccc[nH]3)cc2C=C1,0.268,0.289,YES,YES,2.097,NO,NO,NO,NO,NO
NO-RAG,123,182,ON1[CH]C=CC=C1,Cc1cnc(C)cn1,0.194,0.0,YES,YES,1.4001,NO,NO,NO,NO,NO
NO-RAG,123,183,O=C([O-])C1OCOC2C(C(=O)[O-])OCOC12,CCOCCC#CC1C=NN=C1,0.167,0.099,YES,YES,3.1129,NO,NO,NO,NO,NO
NO-RAG,123,184,O=C([O-])c1ccc(-c2ccc(-c3cc(-c4ccc(-c5ccc(C(=O)[O-])cc5)c(Cl)c4)cc(-c4ccc(-c5ccc(C(=O)[O-])cc5)c(Cl)c4)c3)cc2Cl)cc1,O=C([O-])C=CC(S)=C1C=C(C2=C3C=CC(C(=O)[O-])=C(C(S)C4=CC(C(=O)[O-])=C(S)C4=C3)C(S)c3cc4c(C(=O)[O-])cc3SC=C3C[SH]=CC=CC5C=CC(S)=C3SCC=C(C(=[SH]5)SC=C4)C(C(=O)[O-])C[SH]=C2)C=[SH]CSC1,0.326,0.113,YES,YES,2.9492,NO,NO,NO,NO,NO
NO-RAG,123,185,C1COCCO1,CCc1nnc(CC)[nH]1,0.098,0.0,YES,YES,0.7902,NO,NO,NO,NO,NO
NO-RAG,123,186,O=C1NCCN1,c1nnc[nH]1,0.275,0.0,YES,NO,0.7033,NO,NO,NO,NO,NO
NO-RAG,123,187,CC(=O)C(Sc1ccncc1)C(C)=O,c1cn(Cn2ccnc2)cn1,0.162,0.043,YES,NO,1.3832,NO,NO,NO,NO,NO
NO-RAG,123,188,O=C([O-])c1ccc2c3c(ccc(C(=O)[O-])c13)C(=O)N(c1ccncc1)C2=O,O=C([O-])c1nccnc1C(=O)[O-],0.477,0.129,YES,YES,2.2264,NO,NO,NO,NO,NO
NO-RAG,123,189,O=C([O-])C1=CC2=NN=NC2=C[CH]1,O=C([O-])C=NC=C1C2=CC=C(C(=O)[O-])C=CC1=C2,0.462,0.196,YES,YES,1.4335,NO,NO,NO,NO,NO
NO-RAG,123,190,S=c1[nH]c2ccccc2[nH]1,N=CC=CC(=NCC1=CC=C1)c1ccc(-c2nnn[nH]2)s1,0.375,0.0,YES,YES,1.6534,NO,NO,NO,NO,NO
NO-RAG,123,191,O=C([O-])C1=C[CH]N(Cc2cc(C(=O)[O-])cc(C(=O)[O-])c2)C=C1,O=C([O-])c1ccc(Oc2cccc(C(=O)[O-])c2C(=O)[O-])cc1INVALID,0.0,0.0,NO,NO,,NO,NO,NO,NO,NO
NO-RAG,123,192,O=C([O-])C1=C[CH]N(CCCN2[CH]C=C(C(=O)[O-])C=C2)C=C1,O=C([O-])c1cccnc1C(=O)[O-],0.357,0.169,YES,YES,1.3189,NO,NO,NO,NO,NO
NO-RAG,123,193,Oc1ccc(S)cc1,CC=C(C)C(=CC=[N+][O-])SCCOCC,0.091,0.04,YES,YES,0.7149,NO,NO,NO,NO,NO
NO-RAG,123,194,C1CCOC1,c1cnccn1,0.083,0.0,YES,YES,1.5079,NO,NO,NO,NO,NO
NO-RAG,123,195,O=C([O-])c1ccc(N(c2ccc(C(=O)[O-])cc2)c2ccc(-c3ccncc3)cc2)cc1,O=C([O-])c1ccc(NNc2ccc(C(=O)[O-])c(C(=O)O)c2)cc1INVALID,0.0,0.0,NO,NO,,NO,NO,NO,NO,NO
NO-RAG,123,196,NCc1cccnc1,N#Cc1cnccn1,0.476,0.2,YES,NO,0.4784,NO,NO,NO,NO,NO
NO-RAG,123,197,C#N,C#NINVALID,0.0,0.0,NO,NO,,NO,NO,NO,NO,NO
NO-RAG,123,198,O=C1c2ccccc2C(=O)c2c(O)ccc(O)c21,O=c1c2cc3c(=O)n(Cc4ccncc4)c(=O)c3cc2c(=O)n1Cc1ccncc1,0.4,0.191,YES,NO,1.8681,NO,NO,NO,NO,NO
NO-RAG,123,199,O=C([O-])c1ccc(C#Cc2ccc(C(=O)[O-])cc2F)c(F)c1,O=C([O-])C1=CC=CNNc2ccc(C(=O)[O-])cc2C=C1,0.31,0.402,YES,YES,4.7403,NO,NO,NO,NO,NO
NO-RAG,123,200,O=C([O-])CCN(CCC(=O)[O-])CCC(=O)[O-],N#CNC#N,0.065,0.166,YES,YES,2.5748,NO,NO,NO,NO,NO
NO-RAG,123,201,On1nnnc1-c1nnnn1O,O=C1[CH]C(=O)NC(=S)N1,0.276,0.05,YES,NO,1.6711,NO,NO,NO,NO,NO
NO-RAG,123,202,O=C([O-])c1ccc(C2=C3C=CC4=[N]3->[Fe]35<-[N]6=C(C=CC6=C(c6ccc(C(=O)[O-])cc6)c6ccc2[n]63)C(c2ccc(C(=O)[O-])cc2)=c2ccc([n]25)=C4c2ccc(C(=O)[O-])cc2)cc1,O=C([O-])c1ccc(-c2cc(-c3ccc(C(=O)[O-])cc3)c3ccc4c(-c5ccc(C(=O)[O-])cc5)cc(-c5ccc(C(=O)[O-])cc5)c5ccc2c3c54)cc1,0.347,0.154,YES,YES,1.7749,NO,NO,NO,NO,NO
NO-RAG,123,203,O=C([O-])c1ccc(C(=O)[O-])s1,O=C([O-])c1ccc(C(=O)[O-])s1INVALID,0.0,0.0,NO,NO,,NO,NO,NO,NO,NO
NO-RAG,123,204,FC12C3C4N1C1C2N3C41F,Brc1nc(Br)c(Br)c(C#Cc2c(Br)c(Br)nc(Br)c2Br)c1Br,0.419,0.0,YES,YES,2.1841,NO,NO,NO,NO,NO
NO-RAG,123,205,CNc1nc(NC)c(NC)c(C#Cc2c(NC)c(NC)nc(NC)c2NC)c1NC,N#CC=CC1=C(C#N)C1=C(C#N)C(C#N)=C(CC#N)C(=O)[O-],0.091,0.053,YES,YES,2.9858,NO,NO,NO,NO,NO
NO-RAG,123,206,O=C([O-])c1cc(O)c(C#Cc2c(O)cc(C(=O)[O-])cc2O)c(O)c1,O=C([O-])c1ccc(NNc2ccc(C(=O)[O-])c(C(=O)O)c2)cc1C(=O)[O-]INVALID,0.0,0.0,NO,NO,,NO,NO,NO,NO,NO
NO-RAG,123,207,O=S(=O)(O)O,O=[PH](O)O,0.481,0.12,YES,YES,0.4715,NO,NO,NO,NO,NO
NO-RAG,123,208,O=C([O-])c1ccc(C(=O)[O-])c2cc(Cl)c(Cl)cc12,O=C([O-])c1ccccc1O,0.429,0.489,YES,NO,0.7979,NO,NO,NO,NO,NO
NO-RAG,123,209,O=C([O-])c1ccc(P(=O)(O)O)cc1,O=C([O-])c1cccc(-n2ccc(=O)cc2)c1C(=O)[O-],0.283,0.464,YES,YES,1.4382,NO,NO,NO,NO,NO
NO-RAG,123,210,O=C([O-])C=CC(=O)[O-],O=C([O-])CCC(=O)[O-],0.643,0.471,YES,YES,1.349,YES,YES,NO,NO,NO
NO-RAG,123,211,O=C([O-])CC(=O)[O-],O=C([O-])CC(=O)[O-]INVALID,0.0,0.0,NO,NO,,NO,NO,NO,NO,NO
NO-RAG,123,212,O=C([O-])COc1ccc(OCC(=O)[O-])cc1,O=C([O-])COc1ccc(OCC(=O)[O-])cc1INVALID,0.0,0.0,NO,NO,,NO,NO,NO,NO,NO
NO-RAG,123,213,N#CC1CC2(C#CC(=O)[O-])CCC1(C#CC(=O)[O-])CC2,CCNC1c2c(C(=O)[O-])ccc(C(=O)[O-])c2C1CC,0.385,0.392,YES,YES,3.5614,NO,NO,NO,NO,NO
NO-RAG,123,214,O=C([O-])c1nnn[nH]1,O=C([O-])c1nnn[nH]1,1.0,1.0,YES,YES,2.7524,YES,YES,YES,YES,YES
NO-RAG,123,215,O=C([O-])c1cc(Cl)c(C(=O)[O-])c2c1CC2,O=C([O-])c1cc(Cl)c2c(Cl)c(C(=O)[O-])cc(Cl)c2c1Cl,0.8,0.49,YES,YES,3.5364,YES,YES,YES,NO,NO
NO-RAG,123,216,O=C([O-])c1c(Br)c(Br)c(C(=O)[O-])c(Br)c1Br,O=C([O-])c1c(Cl)c(Cl)c(C(=O)[O-])c(Cl)c1Cl,0.895,0.75,YES,YES,2.3407,YES,YES,YES,YES,NO
NO-RAG,123,217,O=C([O-])c1ccc(C(=O)[O-])c(C(=O)[O-])c1,O=C([O-])c1cc(C(=O)[O-])cc(C(=O)[O-])c1,0.857,0.8,YES,NO,1.4525,YES,YES,YES,YES,NO
NO-RAG,123,218,CC1Cc2c(C(=O)[O-])ccc(C(=O)[O-])c21,CC1Cc2c(C(=O)[O-])ccc(C(=O)[O-])c21INVALID,0.0,0.0,NO,NO,,NO,NO,NO,NO,NO
NO-RAG,123,219,O=C([O-])c1ccc(-c2ccc(C(=O)[O-])cc2F)c(F)c1,O=C([O-])c1ccc(-c2ccc(C(=O)[O-])cc2F)c(F)c1INVALID,0.0,0.0,NO,NO,,NO,NO,NO,NO,NO
NO-RAG,123,220,O=C([O-])c1cncc(C(=O)[O-])c1,O=C([O-])c1cncc(C(=O)[O-])c1INVALID,0.0,0.0,NO,NO,,NO,NO,NO,NO,NO
NO-RAG,123,221,O=C([O-])c1ccc(-c2cc(-c3ccc(C(=O)[O-])cc3)c(C(=O)[O-])cc2C(=O)[O-])cc1,O=C([O-])c1ccc(-c2cc(-c3ccc(C(=O)[O-])cc3)c(C(=O)[O-])cc2C(=O)[O-])cc1INVALID,0.0,0.0,NO,NO,,NO,NO,NO,NO,NO
NO-RAG,123,222,Nc1nnc[nH]1,Nc1nnc[nH]1INVALID,0.0,0.0,NO,NO,,NO,NO,NO,NO,NO
NO-RAG,123,223,O=C([O-])C#CC#CC(=O)[O-],O=C([O-])C#CC#CC(=O)[O-]INVALID,0.0,0.0,NO,NO,,NO,NO,NO,NO,NO
NO-RAG,123,224,Nc1ccccc1C(=O)[O-],O=C([O-])c1ccccn1,0.458,0.36,YES,YES,0.6555,NO,NO,NO,NO,NO
NO-RAG,123,225,O=C([O-])c1cc(C(=O)[O-])cc(-n2cnnc2)c1,O=C([O-])c1cccnc1C(=O)[O-],0.415,0.208,YES,NO,0.3422,NO,NO,NO,NO,NO
NO-RAG,123,226,O=CC1c2c(C(=O)[O-])ccc(C(=O)[O-])c2C1O,COc1cc(C(=O)[O-])c2c(c1C(=O)[O-])CC2INVALID,0.0,0.0,NO,NO,,NO,NO,NO,NO,NO
NO-RAG,123,227,O=C([O-])c1ccc2cc(C(=O)[O-])ccc2c1,O=C([O-])c1ccc(-c2ccc(C(=O)[O-])cc2)cc1INVALID,0.0,0.0,NO,NO,,NO,NO,NO,NO,NO
NO-RAG,123,228,O=C([O-])c1ccc(OCC(COc2ccc(C(=O)[O-])cc2)(COc2ccc(C(=O)[O-])cc2)COc2ccc(C(=O)[O-])cc2)cc1,Cc1nnc(-c2ccccc2)n1-c1ccc(C(=O)[O-])cc1,0.208,0.195,YES,YES,1.1784,NO,NO,NO,NO,NO
NO-RAG,123,229,O=C([O-])c1cc(C(=O)[O-])cc(-c2ccc3cc(C(=O)[O-])ccc3c2)c1,O=C([O-])c1cc(C(=O)[O-])cc(-c2ccc3cc(C(=O)[O-])ccc3c2)c1INVALID,0.0,0.0,NO,NO,,NO,NO,NO,NO,NO
NO-RAG,123,230,CCCOc1cc(C(=O)[O-])c(Br)c(Br)c1C(=O)[O-],O=C([O-])c1ccc(-c2cc(-c3ccncc3)cc(-c3ccc(C(=O)[O-])cc3)n2)cc1,0.273,0.289,YES,YES,0.6398,NO,NO,NO,NO,NO
NO-RAG,123,231,O=C([O-])c1ccc(C(=O)O)c(-c2nc(C(=O)[O-])ccc2C(=O)O)n1,O=C([O-])c1cc2nc[nH]c2cc1C(=O)[O-]INVALID,0.0,0.0,NO,NO,,NO,NO,NO,NO,NO
NO-RAG,123,232,O=C([O-])c1cc2nc[nH]c2cc1C(=O)[O-],O=C([O-])c1cc2nc[nH]c2cc1C(=O)[O-]INVALID,0.0,0.0,NO,NO,,NO,NO,NO,NO,NO
NO-RAG,123,233,O=C([O-])C1=NC=NC1C(=O)[O-],O=C([O-])C1=NC=NC1C(=O)[O-]INVALID,0.0,0.0,NO,NO,,NO,NO,NO,NO,NO
NO-RAG,123,234,[CH]1C=NN=N1,CCc1nnc(CC)[nH]1,0.452,0.0,YES,YES,6.5864,NO,NO,NO,NO,NO
NO-RAG,123,235,c1cnccn1,c1cnccn1INVALID,0.0,0.0,NO,NO,,NO,NO,NO,NO,NO
NO-RAG,123,236,C(C#Cc1cc(C#CC#CC2C=NN=C2)cc(C#CC#CC2C=NN=C2)c1)#CC1=CN=N[CH]1,C(C#Cc1cc(C#CC#CC2C=NN=C2)cc(C#CC#CC2C=NN=C2)c1)#CC1=CN=N[CH]1INVALID,0.0,0.0,NO,NO,,NO,NO,NO,NO,NO
NO-RAG,123,237,Nc1nnc(C(=O)[O-])[nH]1,O=C([O-])C1N=CC=NC1=O,0.354,0.36,YES,NO,0.9643,NO,NO,NO,NO,NO
NO-RAG,123,238,COc1ccc(-c2coc3cc(O)c(OC)c(O)c3c2=O)cc1S(O)(O)O,OS(O)(O)C=CC=Cc1nc(-c2ccncc2)ccc1N=CC1=CC(=CS(O)(O)O)C=C1,0.485,0.11,YES,YES,1.1722,NO,NO,NO,NO,NO
NO-RAG,123,239,O=C([O-])c1cc(C(=O)[O-])cc(-c2cccnc2)c1,O=C([O-])c1cc(C(=O)[O-])cc(-c2cccnc2)c1INVALID,0.0,0.0,NO,NO,,NO,NO,NO,NO,NO
NO-RAG,123,240,O=C([O-])c1cccc(Cl)c1C(=O)[O-],O=C([O-])c1cccc(Cl)c1C(=O)[O-]INVALID,0.0,0.0,NO,NO,,NO,NO,NO,NO,NO
NO-RAG,123,241,O=C([O-])CCn1c(=O)n(CCC(=O)[O-])c(=O)n(CCC(=O)[O-])c1=O,O=C([O-])C1=CC2SC(C(=O)[O-])SC2=N1,0.262,0.108,YES,YES,1.4531,NO,NO,NO,NO,NO
NO-RAG,123,242,O=C([O-])c1cccc(S(O)(O)O)c1,O=C([O-])N1CCN(CP(=O)(O)O)CC1,0.323,0.186,YES,YES,1.484,NO,NO,NO,NO,NO
NO-RAG,123,243,CC=CC(=O)[O-],O=C([O-])CCCC(=O)[O-],0.4,0.417,YES,YES,1.482,NO,NO,NO,NO,NO
NO-RAG,123,244,O=C([O-])c1ccc(C(c2ccc(C(=O)[O-])cc2)(C(F)(F)F)C(F)(F)F)cc1,O=C([O-])c1ccc(N(c2ccc(C(=O)[O-])c(Cl)c2)c2ccc(C(=O)O)c(Cl)c2)cc1Cl,0.485,0.283,YES,YES,1.0351,NO,NO,NO,NO,NO
NO-RAG,123,245,Nc1c(O)c(C2=NNC(c3c(N)c(O)c(C(=O)[O-])c(N)c3O)=NN2)c(N)c(O)c1C(=O)[O-],O=C([O-])c1ccccccc(O)cc(C(=O)[O-])c(O)ccc1O,0.385,0.11,YES,YES,3.756,NO,NO,NO,NO,NO
NO-RAG,123,246,O=C([O-])c1cc(NCc2ccncc2)cc(C(=O)[O-])c1,O=C([O-])c1ccncc1,0.483,0.343,YES,YES,1.2804,NO,NO,NO,NO,NO
NO-RAG,123,247,O=CC(C(=O)[O-])=C(Br)C=CC(=O)[O-],COC(C#CC(=O)[O-])=C(C#CC(=O)[O-])OC,0.478,0.23,YES,YES,2.4819,NO,NO,NO,NO,NO
NO-RAG,123,248,O=C([O-])c1ccc(Oc2ccc(C(=O)[O-])cc2)cc1,O=C([O-])c1ccc(Oc2ccc(C(=O)[O-])cc2)cc1INVALID,0.0,0.0,NO,NO,,NO,NO,NO,NO,NO
NO-RAG,123,249,Cc1c(CSc2ccncc2)c(C)c(CSc2ccncc2)c(C)c1CSc1ccncc1,c1ccc(-c2nnc(-c3ccncc3)n2-c2ccncc2)nc1,0.318,0.176,YES,YES,1.4185,NO,NO,NO,NO,NO
NO-RAG,123,250,O=S(=O)(Nc1cccnc1)c1cccnc1,O=C(Nc1cccnc1)c1cccnc1,0.458,0.427,YES,YES,0.8371,NO,NO,NO,NO,NO
NO-RAG,123,251,Clc1cnccn1,Cc1nnc(C)[nH]1,0.37,0.0,YES,YES,1.555,NO,NO,NO,NO,NO
NO-RAG,123,252,Nc1cnccn1,c1cnc(SCSc2ncccn2)nc1,0.387,0.0,YES,NO,0.8548,NO,NO,NO,NO,NO
NO-RAG,123,253,Cc1nnc(C)[nH]1,[CH]1N=CNN1CCCCCCN1[CH]N=CN1,0.381,0.037,YES,NO,2.5225,NO,NO,NO,NO,NO
NO-RAG,123,254,CC(O)C(=O)[O-],O=C([O-])CNC(=O)C(=O)NCC(=O)[O-],0.25,0.264,YES,NO,2.4302,NO,NO,NO,NO,NO
NO-RAG,123,255,C(=Nn1cnnc1)c1ccccn1,c1cc(-c2ccncc2)ccn1,0.367,0.448,YES,YES,1.6046,NO,NO,NO,NO,NO
NO-RAG,123,256,O=C([O-])C=CC(Br)=CC(=O)[O-],O=C([O-])C12C3C4C1C1C2C3C41C(=O)[O-],0.409,0.173,YES,NO,1.0117,NO,NO,NO,NO,NO
NO-RAG,123,257,O=C([O-])CCP(=O)(O)c1ccccc1,CCCOC([O-])=CC=C(CC=O)OCCC,0.317,0.23,YES,YES,1.0741,NO,NO,NO,NO,NO
NO-RAG,123,258,O=Cc1cncc2c(C=O)cncc12,Cc1cnc2c(n1)CC2,0.429,0.112,YES,YES,1.2858,NO,NO,NO,NO,NO
NO-RAG,123,259,COc1ccc(-c2nc(C(=O)[O-])c(C(=O)[O-])[nH]2)cc1,O=C([O-])c1cc(C(=O)O)cc([N+](=O)[O-])c1,0.259,0.309,YES,YES,0.9119,NO,NO,NO,NO,NO
NO-RAG,123,260,O=C[O-],O=C[O-]INVALID,0.0,0.0,NO,NO,,NO,NO,NO,NO,NO
NO-RAG,123,261,N#Cc1ccccc1CSCc1ccccc1C#N,NCc1ccccn1,0.259,0.083,YES,NO,0.3428,NO,NO,NO,NO,NO
NO-RAG,123,262,Ic1nc2ccccc2[nH]1,N#CS,0.038,0.0,YES,YES,3.1929,NO,NO,NO,NO,NO
NO-RAG,123,263,c1ccc2c(c1)CSCc1ccc(cc1)CSCc1ccccc1OCCCO2,CCc1nccn1CCCCCn1ccnc1CCCCn1ccnc1,0.224,0.0,YES,YES,1.6089,NO,NO,NO,NO,NO
NO-RAG,123,264,O=C([O-])c1cc(OCc2ccccc2C(=O)O)cc(C(=O)[O-])c1,O=C([O-])c1cc(OCc2ccccc2C(=O)[O-])cc(C(=O)O)c1INVALID,0.0,0.0,NO,NO,,NO,NO,NO,NO,NO
NO-RAG,123,265,NCc1ccncc1,Cc1nccn1CCCCn1ccnc1C,0.282,0.099,YES,YES,1.4361,NO,NO,NO,NO,NO
NO-RAG,123,266,c1ccc(-c2nnn[nH]2)nc1,c1ccc(OCCSc2ccccn2)nc1,0.25,0.366,YES,YES,1.7451,NO,NO,NO,NO,NO
NO-RAG,123,267,O=C([O-])C(Cl)=C(Cl)C(=O)[O-],O=C([O-])C(Cl)=C(Cl)C(=O)[O-]INVALID,0.0,0.0,NO,NO,,NO,NO,NO,NO,NO
NO-RAG,123,268,NC(CC(=O)[O-])C(=O)[O-],CC(C(=O)[O-])C(=O)[O-]INVALID,0.0,0.0,NO,NO,,NO,NO,NO,NO,NO
NO-RAG,123,269,O=C([O-])c1c(F)c(F)c(C(=O)[O-])c(F)c1F,O=C([O-])c1c(F)c(F)c(C(=O)[O-])c(F)c1FINVALID,0.0,0.0,NO,NO,,NO,NO,NO,NO,NO
NO-RAG,123,270,O=C([O-])c1c([N+](=O)[O-])c([N+](=O)[O-])c(C(=O)[O-])c2ccccc12,O=C([O-])c1c([N+](=O)[O-])c([N+](=O)[O-])c(C(=O)[O-])c2ccccc12INVALID,0.0,0.0,NO,NO,,NO,NO,NO,NO,NO
NO-RAG,123,271,O=C([O-])Cc1ccc(CC(=O)[O-])cc1,O=C([O-])c1ccccc1C(=O)[O-]INVALID,0.0,0.0,NO,NO,,NO,NO,NO,NO,NO
NO-RAG,123,272,COc1cc(C(=O)[O-])cc(C(=O)[O-])c1,COc1cc(C(=O)[O-])cc(C(=O)[O-])c1INVALID,0.0,0.0,NO,NO,,NO,NO,NO,NO,NO
NO-RAG,123,273,O=C([O-])Cc1nnn[nH]1,O=C([O-])Cc1nnn[nH]1INVALID,0.0,0.0,NO,NO,,NO,NO,NO,NO,NO
NO-RAG,123,274,O=C([O-])c1ccnc(C(=O)[O-])c1,O=C([O-])c1ccnc(C(=O)[O-])c1INVALID,0.0,0.0,NO,NO,,NO,NO,NO,NO,NO
NO-RAG,123,275,O=C([O-])c1ccc(-c2ccc(C(=O)[O-])cc2)cc1,CC1=CC2=C(C(=O)[O-])C=C(c3cccnc3)C=CC1=CC=C2C(=O)[O-],0.464,0.14,YES,YES,0.5012,NO,NO,NO,NO,NO
NO-RAG,123,276,c1cn(CCCCn2ccnc2)cn1,c1cn(CCCCn2ccnc2)cn1INVALID,0.0,0.0,NO,NO,,NO,NO,NO,NO,NO
NO-RAG,123,277,O=C([O-])C#CC(Cl)=C(Cl)C#CC(=O)[O-],O=C([O-])C#CC(Cl)=C(Cl)C#CC(=O)[O-]INVALID,0.0,0.0,NO,NO,,NO,NO,NO,NO,NO
NO-RAG,123,278,O=C([O-])C=CCC(=O)[O-],O=C([O-])C=CCC(=O)[O-]INVALID,0.0,0.0,NO,NO,,NO,NO,NO,NO,NO
NO-RAG,123,279,O=C([O-])c1cc(C(=O)[O-])cc(-c2cc(-c3cc(C(=O)[O-])cc(C(=O)[O-])c3)c3ccc4c(-c5cc(C(=O)[O-])cc(C(=O)[O-])c5)cc(-c5cc(C(=O)[O-])cc(C(=O)[O-])c5)c5ccc2c3c54)c1,O=C([O-])c1cc(C(=O)[O-])cc(-c2cc(-c3cc(C(=O)[O-])cc(C(=O)[O-])c3)c3ccc4c(-c5cc(C(=O)[O-])cc(C(=O)[O-])c5)cc(-c5cc(C(=O)[O-])cc(C(=O)[O-])c5)c5ccc2c3c54)c1INVALID,0.0,0.0,NO,NO,,NO,NO,NO,NO,NO
NO-RAG,123,280,O=C([O-])c1cc(C(=O)[O-])cc([N+](=O)[O-])c1,O=C([O-])c1cc(C(=O)[O-])cc([N+](=O)[O-])c1INVALID,0.0,0.0,NO,NO,,NO,NO,NO,NO,NO
NO-RAG,123,281,NC(=O)c1ccccc1OCC(=O)[O-],NC(=O)c1ccccc1OCC(=O)[O-]INVALID,0.0,0.0,NO,NO,,NO,NO,NO,NO,NO
NO-RAG,123,282,C[Si](C)(c1ccncc1)c1ccncc1,ON=C(O)N=CNO,0.039,0.04,YES,YES,1.9345,NO,NO,NO,NO,NO
NO-RAG,123,283,O=C([O-])c1nn[nH]c1C(=O)[O-],O=C([O-])c1nnn[nH]1INVALID,0.0,0.0,NO,NO,,NO,NO,NO,NO,NO
NO-RAG,123,284,O=C([O-])c1cc2ccccc2c(Cc2c(O)c(C(=O)[O-])cc3ccccc23)c1O,O=C([O-])c1ccncc1C(=O)[O-],0.424,0.12,YES,NO,0.8059,NO,NO,NO,NO,NO
NO-RAG,123,285,O=C([O-])c1c(Cl)c(Cl)c(C(=O)[O-])c(Cl)c1Cl,O=C([O-])c1c(Cl)c(Cl)c(C(=O)[O-])c(Cl)c1ClINVALID,0.0,0.0,NO,NO,,NO,NO,NO,NO,NO
NO-RAG,123,286,O=C([O-])c1cccnc1C(=O)[O-],O=C([O-])c1cccnc1C(=O)[O-]INVALID,0.0,0.0,NO,NO,,NO,NO,NO,NO,NO
NO-RAG,123,287,N#CS,N#CSINVALID,0.0,0.0,NO,NO,,NO,NO,NO,NO,NO
NO-RAG,123,288,O=C([O-])c1cc(O)cc(C(=O)[O-])c1,O=C([O-])c1ccc(C(=O)[O-])cc1INVALID,0.0,0.0,NO,NO,,NO,NO,NO,NO,NO
NO-RAG,123,289,O.OI,O.O.OIINVALID,0.0,0.0,NO,NO,,NO,NO,NO,NO,NO
NO-RAG,123,290,O=C([O-])c1cc(C(=O)[O-])cc(C(=O)O)c1,O=C([O-])c1cc(C(=O)[O-])cc(C(=O)O)c1INVALID,0.0,0.0,NO,NO,,NO,NO,NO,NO,NO
NO-RAG,123,291,O=C([O-])C=Cc1ccc(C(=O)[O-])cc1,O=C([O-])C=Cc1ccc(C(=O)[O-])cc1INVALID,0.0,0.0,NO,NO,,NO,NO,NO,NO,NO
NO-RAG,123,292,O=C([O-])c1ccc(-c2ccc(C(=O)[O-])c([N+](=O)[O-])c2)cc1[N+](=O)[O-],O=C([O-])c1ccc(-c2ccc(C(=O)[O-])c([N+](=O)[O-])c2)cc1[N+](=O)[O-]INVALID,0.0,0.0,NO,NO,,NO,NO,NO,NO,NO
NO-RAG,123,293,OS(O)(O)c1ccc2cc(S(O)(O)O)ccc2c1,OS(O)(O)c1ccc2cc(S(O)(O)O)ccc2c1INVALID,0.0,0.0,NO,NO,,NO,NO,NO,NO,NO
NO-RAG,123,294,O=C([O-])CCCCCCCC(=O)[O-],O=C([O-])CCCCCCCC(=O)[O-]INVALID,0.0,0.0,NO,NO,,NO,NO,NO,NO,NO
NO-RAG,123,295,[CH2]C(=O)c1ccccc1,O=C([O-])CCCCCCCC(=O)[O-],0.105,0.205,YES,YES,3.3234,NO,NO,NO,NO,NO
NO-RAG,123,296,O=C([O-])c1ccccc1,O=C([O-])c1ccccc1INVALID,0.0,0.0,NO,NO,,NO,NO,NO,NO,NO
NO-RAG,123,297,O=C(O)c1cc(S(O)(O)O)c2cc(C(=O)O)cc(S(O)(O)O)c2c1,O=C(O)c1cc(S(O)(O)O)c2cc(C(=O)O)cc(S(O)(O)O)c2c1INVALID,0.0,0.0,NO,NO,,NO,NO,NO,NO,NO
NO-RAG,123,298,O=C([O-])c1ccncc1,O=C([O-])c1ccncc1INVALID,0.0,0.0,NO,NO,,NO,NO,NO,NO,NO
NO-RAG,123,299,O=C([O-])c1cccnc1-c1ncccc1C(=O)[O-],O=C([O-])c1cccc(-n2ccc(=O)cc2)c1C(=O)[O-]INVALID,0.0,0.0,NO,NO,,NO,NO,NO,NO,NO
NO-RAG,123,300,O=C([O-])c1ccccn1,O=C([O-])c1cccnc1C(=O)[O-]INVALID,0.0,0.0,NO,NO,,NO,NO,NO,NO,NO
NO-RAG,123,301,O=C([O-])c1ccc(C#Cc2ccc(C(=O)[O-])c(Cl)c2)cc1Cl,O=C([O-])c1ccc(C#Cc2ccc(C(=O)[O-])c(Cl)c2)cc1ClINVALID,0.0,0.0,NO,NO,,NO,NO,NO,NO,NO
NO-RAG,123,302,Fc1cnc(F)cn1,Fc1cnc(F)cn1INVALID,0.0,0.0,NO,NO,,NO,NO,NO,NO,NO
NO-RAG,123,303,O=C([O-])c1cc(C(=O)[O-])cc(C(=O)[O-])c1,O=C([O-])c1cc(C(=O)[O-])cc(C(=O)[O-])c1INVALID,0.0,0.0,NO,NO,,NO,NO,NO,NO,NO
NO-RAG,123,304,O=C([O-])Cc1ccccc1CC(=O)[O-],O=C([O-])Cc1ccccc1CC(=O)[O-]INVALID,0.0,0.0,NO,NO,,NO,NO,NO,NO,NO
NO-RAG,123,305,O=C([O-])c1cc2ccc3cc(C(=O)[O-])cc4ccc(c1)c2c34,O=C([O-])c1cc2ccc3cc(C(=O)[O-])cc4ccc(c1)c2c34INVALID,0.0,0.0,NO,NO,,NO,NO,NO,NO,NO
NO-RAG,123,306,NC1=N[CH]c2ncn(CC(=O)[O-])c2N1,NC1=N[CH]c2ncn(CC(=O)[O-])c2N1INVALID,0.0,0.0,NO,NO,,NO,NO,NO,NO,NO
NO-RAG,123,307,O=C(O)c1ccc(-c2cc(C(=O)[O-])c(-c3ccc(C(=O)O)cc3)cc2C(=O)[O-])cc1,C=C(C=C(C=CC=C(C=CC(=CC=O)C=C(C=CC(=O)[O-])C(=O)O)C(=O)[O-])C(=O)[O-])C(=O)O,0.478,0.08,YES,YES,1.2509,NO,NO,NO,NO,NO
NO-RAG,123,308,O=C([O-])C(=O)O,O=C([O-])C(=O)[O-]INVALID,0.0,0.0,NO,NO,,NO,NO,NO,NO,NO
NO-RAG,123,309,Nc1c(I)c(C(=O)[O-])c(I)c(C(=O)[O-])c1I,Nc1c(I)c(C(=O)[O-])c(I)c(C(=O)[O-])c1IINVALID,0.0,0.0,NO,NO,,NO,NO,NO,NO,NO
NO-RAG,123,310,OS(O)(O)c1cccc2c(S(O)(O)O)cccc12,OS(O)(O)c1cccc2c(S(O)(O)O)cccc12INVALID,0.0,0.0,NO,NO,,NO,NO,NO,NO,NO
NO-RAG,123,311,O=C([O-])c1cnccn1,O=C([O-])c1cnccn1INVALID,0.0,0.0,NO,NO,,NO,NO,NO,NO,NO
NO-RAG,123,312,O=C([O-])c1c(F)c(F)c(C#Cc2c(F)c(F)c(C(=O)[O-])c(F)c2F)c(F)c1F,O=C([O-])c1c(F)c(F)c(C#Cc2c(F)c(F)c(C(=O)[O-])c(F)c2F)c(F)c1FINVALID,0.0,0.0,NO,NO,,NO,NO,NO,NO,NO
NO-RAG,123,313,O=C([O-])c1ccc(Oc2cc(C(=O)[O-])cc(C(=O)[O-])c2)cc1,O=C([O-])c1ccc(Oc2cc(C(=O)[O-])cc(C(=O)[O-])c2)cc1INVALID,0.0,0.0,NO,NO,,NO,NO,NO,NO,NO
NO-RAG,123,314,N#CC(C#N)=c1c(=O)c(=C(C#N)C#N)c1=O,N#CC(C#N)=c1c(=O)c(=C(C#N)C#N)c1=OINVALID,0.0,0.0,NO,NO,,NO,NO,NO,NO,NO
NO-RAG,123,315,CC(=O)[O-],CC(=O)[O-]INVALID,0.0,0.0,NO,NO,,NO,NO,NO,NO,NO
NO-RAG,123,316,O=C([O-])c1cc[n+]([O-])cc1,O=C([O-])c1cc[n+]([O-])cc1INVALID,0.0,0.0,NO,NO,,NO,NO,NO,NO,NO
NO-RAG,123,317,O=C([O-])c1cc(C(=O)[O-])cc(S(O)(O)O)c1,O=C([O-])c1cc(C(=O)[O-])cc(S(O)(O)O)c1INVALID,0.0,0.0,NO,NO,,NO,NO,NO,NO,NO
NO-RAG,123,318,O=C([O-])C1C(C(=O)[O-])C(C(=O)[O-])C(C(=O)[O-])C(C(=O)[O-])C1C(=O)[O-],O=C([O-])C1C(C(=O)[O-])C(C(=O)[O-])C(C(=O)[O-])C(C(=O)[O-])C1C(=O)[O-]INVALID,0.0,0.0,NO,NO,,NO,NO,NO,NO,NO
NO-RAG,123,319,O=C(O)CC(O)(CC(=O)O)C(=O)[O-],O=C(O)CC(O)(CC(=O)O)C(=O)[O-]INVALID,0.0,0.0,NO,NO,,NO,NO,NO,NO,NO
NO-RAG,123,320,O=C([O-])c1cc(S(=O)(=O)c2ccc(C(=O)[O-])c(C(=O)O)c2)ccc1C(=O)O,O=C([O-])c1cc(C(=O)[O-])cc(C(=O)O)c1,0.382,0.329,YES,YES,1.1424,NO,NO,NO,NO,NO
NO-RAG,123,321,c1nc[nH]n1,c1nc[nH]n1INVALID,0.0,0.0,NO,NO,,NO,NO,NO,NO,NO
NO-RAG,123,322,C1CCSC1,c1nnn[nH]1,0.143,0.0,YES,YES,0.7991,NO,NO,NO,NO,NO
NO-RAG,123,323,O=C([O-])c1cc([N+](=O)[O-])c2c([N+](=O)[O-])c(C(=O)[O-])cc([N+](=O)[O-])c2c1[N+](=O)[O-],O=C([O-])c1cc([N+](=O)[O-])c2c([N+](=O)[O-])c(C(=O)[O-])cc([N+](=O)[O-])c2c1[N+](=O)[O-]INVALID,0.0,0.0,NO,NO,,NO,NO,NO,NO,NO
NO-RAG,123,324,O=C1C(=O)C(Cl)C(=O)C(=O)C1Cl,O=C1C(=O)C(Cl)C(=O)C(=O)C1ClINVALID,0.0,0.0,NO,NO,,NO,NO,NO,NO,NO
NO-RAG,123,325,O=C([O-])c1cc(N2[CH]N=CN2)cc(N2[CH]N=CN2)c1,O=C([O-])c1cc(N2[CH]N=CN2)cc(N2[CH]N=CN2)c1INVALID,0.0,0.0,NO,NO,,NO,NO,NO,NO,NO
NO-RAG,123,326,C1CNCCN1,C1CNCCN1INVALID,0.0,0.0,NO,NO,,NO,NO,NO,NO,NO
NO-RAG,123,327,O=C([O-])c1c(F)c(F)c(C(=O)[O-])c2cc(F)c(F)cc12,O=C([O-])c1c(F)c(F)c(C(=O)[O-])c2cc(F)c(F)cc12INVALID,0.0,0.0,NO,NO,,NO,NO,NO,NO,NO
NO-RAG,123,328,O=C1C([N+](=O)[O-])=CC([N+](=O)[O-])C(O)=C1[N+](=O)[O-],O=C1C([N+](=O)[O-])=CC([N+](=O)[O-])C(O)=C1[N+](=O)[O-]INVALID,0.0,0.0,NO,NO,,NO,NO,NO,NO,NO
NO-RAG,123,329,O=C([O-])c1ccc(C(=O)[O-])c2ccccc12,O=C([O-])c1ccc(C(=O)[O-])cc1INVALID,0.0,0.0,NO,NO,,NO,NO,NO,NO,NO
NO-RAG,123,330,c1nnnn1CCn1cnnn1,O=C(O)c1cncnc1,0.25,0.05,YES,YES,1.3959,NO,NO,NO,NO,NO
NO-RAG,123,331,O=C([O-])c1cc([N+](=O)[O-])c(C(=O)[O-])cc1[N+](=O)[O-],O=C([O-])c1cc([N+](=O)[O-])c(C(=O)[O-])cc1[N+](=O)[O-]INVALID,0.0,0.0,NO,NO,,NO,NO,NO,NO,NO
NO-RAG,123,332,O=C([O-])c1ccccc1C(=O)[O-],O=C([O-])c1ccccc1C(=O)[O-]INVALID,0.0,0.0,NO,NO,,NO,NO,NO,NO,NO
NO-RAG,123,333,CCCn1cnc2c1NC=NC2Cl,c1cc(-c2nnn[nH]2)ccn1,0.346,0.0,YES,YES,2.8419,NO,NO,NO,NO,NO
NO-RAG,123,334,O=C([O-])CCN1[CH]C=C(C2=C[CH]N(CCC(=O)[O-])C=C2)C=C1,O=C([O-])c1ccccc1F,0.182,0.117,YES,NO,1.1993,NO,NO,NO,NO,NO
NO-RAG,123,335,O=C([O-])c1cc(C(=O)[O-])cc(-c2cc(C(=O)[O-])cc(C(=O)[O-])c2)c1,O=C([O-])c1cc(C(=O)[O-])cc(-c2cc(C(=O)[O-])cc(C(=O)[O-])c2)c1INVALID,0.0,0.0,NO,NO,,NO,NO,NO,NO,NO
NO-RAG,123,336,O=C([O-])C=Cc1ccncc1,O=C([O-])C=Cc1ccncc1INVALID,0.0,0.0,NO,NO,,NO,NO,NO,NO,NO
NO-RAG,123,337,O=C([O-])c1ccc(C#Cc2ccc(C(=O)[O-])cc2)cc1,O=C([O-])c1ccc(-c2ccc(C(=O)[O-])cc2)cc1INVALID,0.0,0.0,NO,NO,,NO,NO,NO,NO,NO
NO-RAG,123,338,C(c1nnn[nH]1)c1nnn[nH]1,O=C(O)CC(O)C(=O)O.O=C([O-])COC(O)C(O)C(O)C(=O)O,0.047,0.027,YES,YES,0.4549,NO,NO,NO,NO,NO
NO-RAG,123,339,O=C([O-])c1cc(O)c(C(=O)[O-])cc1O,O=C([O-])c1cc(O)c(C(=O)[O-])cc1OINVALID,0.0,0.0,NO,NO,,NO,NO,NO,NO,NO
NO-RAG,123,340,CCc1c(C#N)c(CC)c(CC)c(C#N)c1CC,CCCOC=C(OCCC)C(OCCC)C(OCCC)C(OCCC)C(OCCC)C(OCCC)C(OCCC)(OCCC)C(C)OCCC,0.189,0.032,YES,YES,1.9656,NO,NO,NO,NO,NO
NO-RAG,123,341,O=C([O-])c1cncc(O)c1,O=C([O-])c1cncc(O)c1INVALID,0.0,0.0,NO,NO,,NO,NO,NO,NO,NO
NO-RAG,123,342,O=C([O-])c1cccc(C(=O)[O-])n1,O=C([O-])c1cccc(C(=O)[O-])n1INVALID,0.0,0.0,NO,NO,,NO,NO,NO,NO,NO
NO-RAG,123,343,O=C([O-])c1cncc(-c2ccccc2C(=O)[O-])c1,O=C([O-])c1cncc(-c2ccccc2C(=O)[O-])c1INVALID,0.0,0.0,NO,NO,,NO,NO,NO,NO,NO
NO-RAG,123,344,Cc1cc(C#Cc2cc(C)c(C(=O)[O-])c(C)c2)cc(C)c1C(=O)[O-],Nc1cc(C=Cc2cc(N)c(C(=O)[O-])c(N)c2)cc(N)c1C(=O)[O-],0.485,0.41,YES,NO,6.7134,NO,NO,NO,NO,NO
NO-RAG,123,345,c1cn(Cc2cc(Cn3ccnc3)c(Cn3ccnc3)cc2Cn2ccnc2)cn1,c1cc(Cn2ccnc2)cc(Cn2ccnc2)c1INVALID,0.0,0.0,NO,NO,,NO,NO,NO,NO,NO
NO-RAG,123,346,Nc1cc(C(=O)[O-])ccc1-c1ccc(C(=O)[O-])cc1N,O=C([O-])c1ccccc1O,0.375,0.441,YES,NO,6.1352,NO,NO,NO,NO,NO
NO-RAG,123,347,O=C([O-])c1ccc(-c2ccc(C(=O)[O-])cc2O)c(O)c1,O=C([O-])c1ccc(-c2ccc(C(=O)[O-])cc2O)c(O)c1INVALID,0.0,0.0,NO,NO,,NO,NO,NO,NO,NO
NO-RAG,123,348,O=C([O-])c1nccnc1C(=O)[O-],O=C([O-])c1nccnc1C(=O)[O-]INVALID,0.0,0.0,NO,NO,,NO,NO,NO,NO,NO
NO-RAG,123,349,COc1cc(C(=O)[O-])ccc1C#Cc1cc(OC)c(C(=O)[O-])cc1-c1ccccc1,CCC=C1C=c2c(C(=O)[O-])cccc2=CC=C1C(=O)[O-],0.417,0.292,YES,YES,1.865,NO,NO,NO,NO,NO
NO-RAG,123,350,O=C([O-])c1c(F)c(F)c(C(=O)[O-])c2c(F)c(F)c(F)c(F)c12,O=C([O-])c1c(F)c(F)c(C(=O)[O-])c2ccccc12INVALID,0.0,0.0,NO,NO,,NO,NO,NO,NO,NO
NO-RAG,123,351,O=C([O-])c1cnc(C(=O)[O-])cn1,O=C([O-])c1cccnc1C(=O)[O-]INVALID,0.0,0.0,NO,NO,,NO,NO,NO,NO,NO
NO-RAG,123,352,O=C([O-])c1ccc(Oc2cc(Oc3ccc(C(=O)[O-])cc3)cc(C(=O)[O-])c2)cc1,O=C([O-])c1ccc(Oc2cc(Oc3ccc(C(=O)[O-])cc3)cc(C(=O)[O-])c2)cc1INVALID,0.0,0.0,NO,NO,,NO,NO,NO,NO,NO
NO-RAG,123,353,O=C([O-])c1ccc(-c2cc(C(=O)[O-])cc(C(=O)[O-])c2)cc1,O=C([O-])c1ccc(-c2cc(C(=O)[O-])cc(C(=O)[O-])c2)cc1INVALID,0.0,0.0,NO,NO,,NO,NO,NO,NO,NO
NO-RAG,123,354,O=C([O-])c1cc(F)c(C(=O)[O-])cc1F,O=C([O-])c1cc(F)c(C(=O)[O-])cc1FINVALID,0.0,0.0,NO,NO,,NO,NO,NO,NO,NO
NO-RAG,123,355,[CH](NN[CH]c1ccncc1)c1ccncc1,c1cn(CCCCn2ccnc2)cn1,0.278,0.037,YES,YES,1.4521,NO,NO,NO,NO,NO
NO-RAG,123,356,O=C([O-])c1ccccc1C(=O)O,O=C([O-])c1ccccc1C(=O)OINVALID,0.0,0.0,NO,NO,,NO,NO,NO,NO,NO
NO-RAG,123,357,CC(CCC(=O)[O-])C(=O)[O-],CC(CCC(=O)[O-])C(=O)[O-]INVALID,0.0,0.0,NO,NO,,NO,NO,NO,NO,NO
NO-RAG,123,358,O=C([O-])c1cc(S(O)(O)O)c(C(=O)[O-])c2c1CC2,O=C([O-])c1ccc(C(c2ccc(C(=O)[O-])c(C(=O)[O-])c2)(C(F)(F)F)C(F)(F)F)cc1C(=O)[O-],0.34,0.299,YES,NO,3.68,NO,NO,NO,NO,NO
NO-RAG,123,359,CNC1(F)CC2(C#CC(=O)[O-])CCC1(C#CC(=O)[O-])CC2,CCC1CC2(C#CC(=O)[O-])CCC1(C#CC(=O)[O-])CC2OINVALID,0.0,0.0,NO,NO,,NO,NO,NO,NO,NO
NO-RAG,123,360,Cc1nccn1Cc1ccncc1,c1cc(-c2nnc(-c3ccncc3)o2)ccn1,0.341,0.338,YES,YES,1.6293,NO,NO,NO,NO,NO
NO-RAG,123,361,c1cn(Cc2ccc(Cn3ccnc3)cc2)cn1,O=C(c1ccncc1)c1cccnc1,0.345,0.087,YES,NO,1.1553,NO,NO,NO,NO,NO
NO-RAG,123,362,c1cncnc1,c1cncnc1INVALID,0.0,0.0,NO,NO,,NO,NO,NO,NO,NO
NO-RAG,123,363,CCC12C3C4(C(=O)[O-])C5(CC)C(C1(C(=O)[O-])C35[N+](=O)[O-])C24[N+](=O)[O-],O=C([O-])C1C(I)CC2(C(=O)[O-])CC1CC2I,0.312,0.471,YES,YES,1.4058,NO,NO,NO,NO,NO
NO-RAG,123,364,O=C([O-])CN(CC(=O)[O-])CC(=O)[O-],O=C([O-])CCC(=O)[O-],0.478,0.285,YES,YES,1.2689,NO,NO,NO,NO,NO
NO-RAG,123,365,c1cn(-c2ccc(NNc3ccc(-n4ccnc4)cc3)cc2)cn1,c1cc(-c2ccc(-c3ccnnc3)cc2)cnn1,0.455,0.239,YES,YES,1.9985,NO,NO,NO,NO,NO
NO-RAG,123,366,Nc1cc(C#Cc2cc(N)c(C(=O)[O-])c(N)c2)cc(N)c1C(=O)[O-],O=C([O-])C1=CC=C2C=C(Br)C(=CC=C(CBr)C(=O)[O-])C2C=C1,0.256,0.148,YES,YES,6.7536,NO,NO,NO,NO,NO
NO-RAG,123,367,CCc1cc2c(cc(CC)c3ccc(C(=O)[O-])c(F)c32)c2cc(C(=O)[O-])ccc12,CC1C=C(C(=O)[O-])C(C(=O)O)=C(C(=O)[O-])C(C(=O)[O-])=C1CC(=O)O,0.371,0.12,YES,YES,1.1895,NO,NO,NO,NO,NO
NO-RAG,123,368,O=C(O)c1cccc(Oc2cccc(C(=O)O)c2C(=O)[O-])c1.O=C(O)c1cccc(Oc2cccc(C(=O)O)c2C(=O)[O-])c1,Cc1cccc(C)[n+]1C(=O)[O-],0.134,0.058,YES,YES,1.7286,NO,NO,NO,NO,NO
NO-RAG,123,369,O=C([O-])CN(CCN(CC(=O)[O-])CC(=O)[O-])CCN(CC(=O)O)CC(=O)O,O=C([O-])Cn1cnnn1,0.36,0.135,YES,NO,0.7104,NO,NO,NO,NO,NO
NO-RAG,123,370,c1ccc(SSc2ccccn2)nc1,c1cnc(SCSc2ncccn2)nc1INVALID,0.0,0.0,NO,NO,,NO,NO,NO,NO,NO
NO-RAG,123,371,Nc1ccc(C=Cc2ccc(N)cc2S(O)(O)O)c(S(O)(O)O)c1,O=P(O)(O)c1ccc(-c2ccc(P(=O)(O)O)cc2)cc1,0.444,0.246,YES,YES,0.501,NO,NO,NO,NO,NO
NO-RAG,123,372,O=C([O-])c1cc(C(=O)[O-])c(C(=O)O)cc1C(=O)O,O=C([O-])c1cc(C(=O)[O-])c(C(=O)O)cc1C(=O)OINVALID,0.0,0.0,NO,NO,,NO,NO,NO,NO,NO
NO-RAG,123,373,O=C(Nc1cccnc1)c1ccc(C(=O)Nc2cccnc2)s1,O=C([O-])c1cc(S(O)(O)O)cc(S(O)(O)O)c1,0.164,0.11,YES,YES,1.9888,NO,NO,NO,NO,NO
NO-RAG,123,374,NC1=N[CH]NN1,Cn1nn[nH]c1=S,0.413,0.0,YES,YES,3.2333,NO,NO,NO,NO,NO
NO-RAG,123,375,O=C([O-])c1cc(C(=O)O)c(C(=O)[O-])cc1C(=O)O,O=C([O-])c1ccc(C(=O)[O-])cc1INVALID,0.0,0.0,NO,NO,,NO,NO,NO,NO,NO
NO-RAG,123,376,O=[N+]([O-])c1cncc([N+](=O)[O-])c1C#Cc1c([N+](=O)[O-])cncc1[N+](=O)[O-],O=[N+]([O-])c1cncc([N+](=O)[O-])c1C#Cc1c([N+](=O)[O-])cncc1[N+](=O)[O-]INVALID,0.0,0.0,NO,NO,,NO,NO,NO,NO,NO
NO-RAG,123,377,O=C([O-])C(O)=C(O)C(=O)[O-],O=C([O-])C(O)=C(O)C(=O)[O-]INVALID,0.0,0.0,NO,NO,,NO,NO,NO,NO,NO
NO-RAG,123,378,C(#C[Si](C#Cc1cn[nH]c1)(C#CC1C=NN=C1)C#CC1C=NN=C1)C1=CN=N[CH]1,C(#C[Si](C#Cc1cn[nH]c1)(C#CC1C=NN=C1)C#CC1C=NN=C1)C1=CN=N[CH]1INVALID,0.0,0.0,NO,NO,,NO,NO,NO,NO,NO
NO-RAG,123,379,O=C([O-])CN1[CH]C=C(c2nnn[nH]2)C=C1,O=C([O-])c1cncc(Cl)c1,0.28,0.17,YES,NO,2.1426,NO,NO,NO,NO,NO
NO-RAG,123,380,Nc1ccccc1S,c1ccc(SCSc2ccccn2)nc1,0.3,0.04,YES,NO,0.4346,NO,NO,NO,NO,NO
NO-RAG,123,381,O=C([O-])c1nc(-c2ccc3ccccc3c2)[nH]c1C(=O)[O-],O=C([O-])c1cc(N2[CH]N=CN2)cc(N2[CH]N=CN2)c1,0.429,0.276,YES,YES,1.3488,NO,NO,NO,NO,NO
NO-RAG,123,382,O=C(O)c1ccc(-c2ccc(-c3ccc(C(=O)O)cc3C(=O)[O-])cc2)c(C(=O)[O-])c1,O=C(O)c1ccc(-c2ccc(-c3ccc(C(=O)O)cc3C(=O)[O-])cc2)c(C(=O)[O-])c1INVALID,0.0,0.0,NO,NO,,NO,NO,NO,NO,NO
NO-RAG,123,383,c1ccc(-c2cc(-c3ccncc3)nc(-c3ccncc3)c2)nc1,C=CC=CC=C1C=CC=C(c2ccncc2)C=NC=C2NC=C(N=C1)C(=CC)c1cnccc12,0.467,0.199,YES,YES,3.7653,NO,NO,NO,NO,NO
NO-RAG,123,384,CSc1nccs1,O=P(O)(O)Cc1ccncc1,0.179,0.055,YES,YES,1.5843,NO,NO,NO,NO,NO
NO-RAG,123,385,O=C([O-])C1CCC(C(=O)[O-])CC1,O=C([O-])C1CCC(C(=O)[O-])CC1INVALID,0.0,0.0,NO,NO,,NO,NO,NO,NO,NO
NO-RAG,123,386,c1c[nH]cn1,c1c[nH]cn1INVALID,0.0,0.0,NO,NO,,NO,NO,NO,NO,NO
NO-RAG,123,387,c1ccc(-c2nnc(-c3ccncc3)[nH]2)nc1,c1ccc(-c2nnc(-c3ccncc3)[nH]2)nc1INVALID,0.0,0.0,NO,NO,,NO,NO,NO,NO,NO
NO-RAG,123,388,O=C([O-])c1cccc(-c2c3nc(c(-c4cccc(C(=O)[O-])c4)c4ccc([nH]4)c(-c4cccc(C(=O)[O-])c4)c4nc(c(-c5cccc(C(=O)[O-])c5)c5ccc2[nH]5)C=C4)C=C3)c1,C=CN=CC=CNNC(=O)C1CC(C(=O)[O-])=CC1=CC(=O)[O-],0.367,0.058,YES,YES,1.211,NO,NO,NO,NO,NO
NO-RAG,123,389,O=C([O-])c1cc2c(cc1C(=O)[O-])C(=O)c1ccccc1C2=O,O=C([O-])c1ccccc1I,0.44,0.395,YES,NO,1.8559,NO,NO,NO,NO,NO
NO-RAG,123,390,Cc1cc2ccc3nc(C)ccc3c2cn1,CC=CC1=CC=Cc2cc(-c3cn[nH]c3)ccc2C12C=NN=C2,0.361,0.249,YES,YES,2.2692,NO,NO,NO,NO,NO
NO-RAG,123,391,Nc1nc2ccccc2[nH]1,Nc1nc2ccccc2[nH]1INVALID,0.0,0.0,NO,NO,,NO,NO,NO,NO,NO
NO-RAG,123,392,O=C([O-])CCC(=O)[O-],O=C([O-])CCC(=O)[O-]INVALID,0.0,0.0,NO,NO,,NO,NO,NO,NO,NO
NO-RAG,123,393,CNC12C3C4C5C3(C#CC(=O)[O-])C1C5(NC)C42C#CC(=O)[O-],CNC12C3C4C5C3(C#CC(=O)[O-])C1C5(NC)C42C#CC(=O)[O-]INVALID,0.0,0.0,NO,NO,,NO,NO,NO,NO,NO
NO-RAG,123,394,O=C([O-])c1ccc(-c2ccccc2)cc1,O=C([O-])c1cccc(-c2cccnc2)c1INVALID,0.0,0.0,NO,NO,,NO,NO,NO,NO,NO
NO-RAG,123,395,CCCOc1c(C(=O)[O-])ccc2c(OCCC)c(C(=O)[O-])ccc12,CCCOc1c(C(=O)[O-])ccc2c(OCCC)c(C(=O)[O-])ccc12INVALID,0.0,0.0,NO,NO,,NO,NO,NO,NO,NO
NO-RAG,123,396,CN1c2cncc(n2)N(C)c2cncc(n2)N(C)c2cncc(n2)N(C)c2cncc1n2,C=Nc1cnccc1C1C2=CN=C21,0.333,0.019,YES,YES,3.7357,NO,NO,NO,NO,NO
NO-RAG,123,397,CC(C(=O)[O-])C(=O)[O-],CC(C(=O)[O-])C(=O)[O-]INVALID,0.0,0.0,NO,NO,,NO,NO,NO,NO,NO
NO-RAG,123,398,O=C([O-])C(F)=C(F)C(=O)[O-],O=C([O-])C(F)=C(F)C(=O)[O-]INVALID,0.0,0.0,NO,NO,,NO,NO,NO,NO,NO
NO-RAG,123,399,O=C([O-])c1ccc(Oc2ccc(C(=O)[O-])c(C(=O)[O-])c2)cc1C(=O)[O-],O=C([O-])c1ccc(Oc2ccc(C(=O)[O-])c(C(=O)[O-])c2)cc1C(=O)[O-]INVALID,0.0,0.0,NO,NO,,NO,NO,NO,NO,NO
NO-RAG,999,0,O=C([O-])c1cc[n+]([O-])cc1,O=C([O-])c1cc[n+]([O-])cc1,1.0,1.0,YES,YES,0.4612,YES,YES,YES,YES,YES
NO-RAG,999,1,O=C([O-])c1cc(C(=O)[O-])cc(S(O)(O)O)c1,O=C([O-])c1cc(C(=O)[O-])cc(S(O)(O)O)c1,1.0,1.0,YES,YES,1.3412,YES,YES,YES,YES,YES
NO-RAG,999,2,O=C([O-])C1C(C(=O)[O-])C(C(=O)[O-])C(C(=O)[O-])C(C(=O)[O-])C1C(=O)[O-],O=C([O-])C1C(C(=O)[O-])C(C(=O)[O-])C(C(=O)[O-])C(C(=O)[O-])C1C(=O)[O-],1.0,1.0,YES,YES,2.5036,YES,YES,YES,YES,YES
NO-RAG,999,3,O=C(O)CC(O)(CC(=O)O)C(=O)[O-],O=C([O-])CC(O)(CC(=O)O)C(=O)[O-],1.0,1.0,YES,NO,1.8646,YES,YES,YES,YES,YES
NO-RAG,999,4,O=C([O-])c1cc(S(=O)(=O)c2ccc(C(=O)[O-])c(C(=O)O)c2)ccc1C(=O)O,O=C([O-])c1cc(C(=O)[O-])cc(C(=O)O)c1,0.382,0.329,YES,YES,1.0498,NO,NO,NO,NO,NO
NO-RAG,999,5,c1nc[nH]n1,c1nnc[nH]1,0.944,1.0,YES,NO,2.3609,YES,YES,YES,YES,YES
NO-RAG,999,6,C1CCSC1,c1nnc[nH]1,0.16,0.0,YES,NO,0.8749,NO,NO,NO,NO,NO
NO-RAG,999,7,O=C([O-])c1cc([N+](=O)[O-])c2c([N+](=O)[O-])c(C(=O)[O-])cc([N+](=O)[O-])c2c1[N+](=O)[O-],O=C([O-])c1ccc([N+](=O)[O-])cc1,0.763,0.317,YES,YES,1.8311,YES,YES,YES,NO,NO
NO-RAG,999,8,O=C1C(=O)C(Cl)C(=O)C(=O)C1Cl,O=C1C(=O)C(Cl)C(=O)C(=O)C1ClINVALID,0.0,0.0,NO,NO,,NO,NO,NO,NO,NO
NO-RAG,999,9,O=C([O-])c1cc(N2[CH]N=CN2)cc(N2[CH]N=CN2)c1,O=C([O-])c1cc(N2[CH]N=CN2)cc(N2[CH]N=CN2)c1,1.0,1.0,YES,YES,1.7662,YES,YES,YES,YES,YES
NO-RAG,999,10,C1CNCCN1,C1CNCCN1,1.0,1.0,YES,YES,0.8306,YES,YES,YES,YES,YES
NO-RAG,999,11,O=C([O-])c1c(F)c(F)c(C(=O)[O-])c2cc(F)c(F)cc12,O=C([O-])c1c(F)c(F)c(C(=O)[O-])c2ccccc12,1.0,0.902,YES,NO,0.7232,YES,YES,YES,YES,YES
NO-RAG,999,12,O=C1C([N+](=O)[O-])=CC([N+](=O)[O-])C(O)=C1[N+](=O)[O-],O=C(O)C1=CC([N+](=O)[O-])=CC([N+](=O)[O-])C1=O,0.95,0.212,YES,YES,1.4595,YES,YES,YES,YES,YES
NO-RAG,999,13,O=C([O-])c1ccc(C(=O)[O-])c2ccccc12,O=C([O-])c1ccc(C(=O)[O-])cc1INVALID,0.0,0.0,NO,NO,,NO,NO,NO,NO,NO
NO-RAG,999,14,c1nnnn1CCn1cnnn1,c1nnnn1CCCCn1cnnn1INVALID,0.0,0.0,NO,NO,,NO,NO,NO,NO,NO
NO-RAG,999,15,O=C([O-])c1cc([N+](=O)[O-])c(C(=O)[O-])cc1[N+](=O)[O-],O=C([O-])c1ccc([N+](=O)[O-])cc1,0.879,0.5,YES,YES,0.9457,YES,YES,YES,YES,NO
NO-RAG,999,16,O=C([O-])c1ccccc1C(=O)[O-],O=C([O-])c1ccc(C(=O)[O-])cc1,0.857,0.75,YES,YES,0.9117,YES,YES,YES,YES,NO
NO-RAG,999,17,CCCn1cnc2c1NC=NC2Cl,c1cc(-c2nnn[nH]2)ccn1,0.346,0.0,YES,YES,2.8419,NO,NO,NO,NO,NO
NO-RAG,999,18,O=C([O-])CCN1[CH]C=C(C2=C[CH]N(CCC(=O)[O-])C=C2)C=C1,O=C([O-])c1ccccc1F,0.182,0.117,YES,NO,1.2223,NO,NO,NO,NO,NO
NO-RAG,999,19,O=C([O-])c1cc(C(=O)[O-])cc(-c2cc(C(=O)[O-])cc(C(=O)[O-])c2)c1,O=C([O-])c1ccc(-c2ccc(C(=O)[O-])c(C(=O)[O-])c2)cc1C(=O)[O-],0.882,0.754,YES,YES,1.7463,YES,YES,YES,YES,NO
NO-RAG,999,20,O=C([O-])C=Cc1ccncc1,O=C([O-])C=Cc1ccncc1,1.0,1.0,YES,YES,2.5308,YES,YES,YES,YES,YES
NO-RAG,999,21,O=C([O-])c1ccc(C#Cc2ccc(C(=O)[O-])cc2)cc1,O=C([O-])c1ccc(-c2ccc(C(=O)[O-])cc2)cc1INVALID,0.0,0.0,NO,NO,,NO,NO,NO,NO,NO
NO-RAG,999,22,C(c1nnn[nH]1)c1nnn[nH]1,O=C(O)CC(O)C(=O)O.O=C([O-])COC(O)C(O)C(O)C(=O)O,0.047,0.027,YES,YES,0.4728,NO,NO,NO,NO,NO
NO-RAG,999,23,O=C([O-])c1cc(O)c(C(=O)[O-])cc1O,O=C([O-])c1cc(O)c(C(=O)[O-])cc1OINVALID,0.0,0.0,NO,NO,,NO,NO,NO,NO,NO
NO-RAG,999,24,CCc1c(C#N)c(CC)c(CC)c(C#N)c1CC,CCCc1c(C#N)c(CCC)c(CCC)c(C#N)c1CC,0.842,0.857,YES,YES,2.5872,YES,YES,YES,YES,NO
NO-RAG,999,25,O=C([O-])c1cncc(O)c1,O=C([O-])c1cccnc1,0.682,0.9,YES,NO,0.6305,YES,YES,YES,YES,YES
NO-RAG,999,26,O=C([O-])c1cccc(C(=O)[O-])n1,O=C([O-])c1cccnc1C(=O)[O-],0.864,0.75,YES,YES,0.9452,YES,YES,YES,YES,NO
NO-RAG,999,27,O=C([O-])c1cncc(-c2ccccc2C(=O)[O-])c1,O=C([O-])c1cccnc1-c1ncccc1C(=O)[O-],0.852,0.489,YES,YES,1.5356,YES,YES,YES,YES,NO
NO-RAG,999,28,Cc1cc(C#Cc2cc(C)c(C(=O)[O-])c(C)c2)cc(C)c1C(=O)[O-],Nc1cc(C=Cc2cc(N)c(C(=O)[O-])c(N)c2)cc(N)c1C(=O)[O-],0.485,0.41,YES,NO,6.8334,NO,NO,NO,NO,NO
NO-RAG,999,29,c1cn(Cc2cc(Cn3ccnc3)c(Cn3ccnc3)cc2Cn2ccnc2)cn1,c1cc(Cn2ccnc2)cc(Cn2ccnc2)c1INVALID,0.0,0.0,NO,NO,,NO,NO,NO,NO,NO
NO-RAG,999,30,Nc1cc(C(=O)[O-])ccc1-c1ccc(C(=O)[O-])cc1N,O=C([O-])c1ccccc1O,0.375,0.441,YES,NO,6.1628,NO,NO,NO,NO,NO
NO-RAG,999,31,O=C([O-])c1ccc(-c2ccc(C(=O)[O-])cc2O)c(O)c1,Nc1cc(C(=O)[O-])ccc1-c1ccc(C(=O)[O-])cc1N,0.581,0.902,YES,YES,3.4555,YES,YES,YES,YES,YES
NO-RAG,999,32,O=C([O-])c1nccnc1C(=O)[O-],O=C([O-])c1cnccn1,0.8,0.75,YES,NO,0.8694,YES,YES,YES,NO,NO
NO-RAG,999,33,COc1cc(C(=O)[O-])ccc1C#Cc1cc(OC)c(C(=O)[O-])cc1-c1ccccc1,CCC=C1C=c2c(C(=O)[O-])cccc2=CC=C1C(=O)[O-],0.417,0.292,YES,YES,1.865,NO,NO,NO,NO,NO
NO-RAG,999,34,O=C([O-])c1c(F)c(F)c(C(=O)[O-])c2c(F)c(F)c(F)c(F)c12,O=C([O-])c1c(F)c(F)c(C(=O)[O-])c2ccccc12INVALID,0.0,0.0,NO,NO,,NO,NO,NO,NO,NO
NO-RAG,999,35,O=C([O-])c1cnc(C(=O)[O-])cn1,O=C([O-])c1ccc(C(=O)[O-])o1,0.429,0.3,YES,YES,1.2862,NO,NO,NO,NO,NO
NO-RAG,999,36,O=C([O-])c1ccc(Oc2cc(Oc3ccc(C(=O)[O-])cc3)cc(C(=O)[O-])c2)cc1,O=C([O-])c1ccc(Oc2cc(Oc3ccc(C(=O)[O-])cc3)cc(C(=O)[O-])c2)cc1INVALID,0.0,0.0,NO,NO,,NO,NO,NO,NO,NO
NO-RAG,999,37,O=C([O-])c1ccc(-c2cc(C(=O)[O-])cc(C(=O)[O-])c2)cc1,O=C([O-])c1ccc(-c2cc(-c3ccc(C(=O)[O-])cc3)cc(-c3ccc(C(=O)[O-])cc3)c2)cc1,1.0,0.451,YES,YES,1.1642,YES,YES,YES,YES,YES
NO-RAG,999,38,O=C([O-])c1cc(F)c(C(=O)[O-])cc1F,O=C([O-])c1c(F)c(F)c(C(=O)[O-])c(F)c1F,1.0,0.875,YES,YES,1.7859,YES,YES,YES,YES,YES
NO-RAG,999,39,[CH](NN[CH]c1ccncc1)c1ccncc1,c1cc(CCCc2ccncc2)ccn1INVALID,0.0,0.0,NO,NO,,NO,NO,NO,NO,NO
NO-RAG,999,40,O=C([O-])c1ccccc1C(=O)O,O=C([O-])c1cccc(C(=O)O)c1,0.867,0.75,YES,NO,3.1384,YES,YES,YES,YES,NO
NO-RAG,999,41,CC(CCC(=O)[O-])C(=O)[O-],O=C([O-])CCCCC(=O)[O-],0.765,0.687,YES,NO,2.1182,YES,YES,YES,NO,NO
NO-RAG,999,42,O=C([O-])c1cc(S(O)(O)O)c(C(=O)[O-])c2c1CC2,O=C([O-])c1ccc(C(c2ccc(C(=O)[O-])c(C(=O)[O-])c2)(C(F)(F)F)C(F)(F)F)cc1C(=O)[O-],0.34,0.299,YES,NO,3.6475,NO,NO,NO,NO,NO
NO-RAG,999,43,CNC1(F)CC2(C#CC(=O)[O-])CCC1(C#CC(=O)[O-])CC2,CCC1CC2(C#CC(=O)[O-])CCC1(C#CC(=O)[O-])CC2OINVALID,0.0,0.0,NO,NO,,NO,NO,NO,NO,NO
NO-RAG,999,44,Cc1nccn1Cc1ccncc1,c1cc(-c2nnc(-c3ccncc3)o2)ccn1,0.341,0.338,YES,YES,1.6293,NO,NO,NO,NO,NO
NO-RAG,999,45,c1cn(Cc2ccc(Cn3ccnc3)cc2)cn1,O=C(c1ccncc1)c1cccnc1,0.345,0.087,YES,NO,1.1553,NO,NO,NO,NO,NO
NO-RAG,999,46,c1cncnc1,c1cnccn1,0.769,0.0,YES,YES,0.9181,YES,YES,YES,NO,NO
NO-RAG,999,47,CCC12C3C4(C(=O)[O-])C5(CC)C(C1(C(=O)[O-])C35[N+](=O)[O-])C24[N+](=O)[O-],O=C([O-])C1C(I)CC2(C(=O)[O-])CC1CC2I,0.312,0.471,YES,YES,1.4292,NO,NO,NO,NO,NO
NO-RAG,999,48,O=C([O-])CN(CC(=O)[O-])CC(=O)[O-],O=C([O-])CCC(=O)[O-],0.478,0.285,YES,YES,1.3653,NO,NO,NO,NO,NO
NO-RAG,999,49,c1cn(-c2ccc(NNc3ccc(-n4ccnc4)cc3)cc2)cn1,c1cn(-c2ccc(-n3ccnc3)cc2)cn1,0.742,0.453,YES,YES,1.7728,YES,YES,YES,NO,NO
NO-RAG,999,50,Nc1cc(C#Cc2cc(N)c(C(=O)[O-])c(N)c2)cc(N)c1C(=O)[O-],O=C([O-])C1=CC=C2C=C(Br)C(=CC=C(CBr)C(=O)[O-])C2C=C1,0.256,0.148,YES,YES,6.7536,NO,NO,NO,NO,NO
NO-RAG,999,51,CCc1cc2c(cc(CC)c3ccc(C(=O)[O-])c(F)c32)c2cc(C(=O)[O-])ccc12,CCc1cc2cc(C(=O)[O-])cc3c(CC)cc4cc(C(=O)[O-])cc1c4c23INVALID,0.0,0.0,NO,NO,,NO,NO,NO,NO,NO
NO-RAG,999,52,O=C(O)c1cccc(Oc2cccc(C(=O)O)c2C(=O)[O-])c1.O=C(O)c1cccc(Oc2cccc(C(=O)O)c2C(=O)[O-])c1,O=C([O-])c1ccc(Oc2ccc(C(=O)[O-])cc2)cc1,0.396,0.299,YES,NO,1.5506,NO,NO,NO,NO,NO
NO-RAG,999,53,O=C([O-])CN(CCN(CC(=O)[O-])CC(=O)[O-])CCN(CC(=O)O)CC(=O)O,O=C([O-])Cn1cnnn1,0.36,0.135,YES,NO,0.6757,NO,NO,NO,NO,NO
NO-RAG,999,54,c1ccc(SSc2ccccn2)nc1,c1cnc(SCSc2ncccn2)nc1INVALID,0.0,0.0,NO,NO,,NO,NO,NO,NO,NO
NO-RAG,999,55,Nc1ccc(C=Cc2ccc(N)cc2S(O)(O)O)c(S(O)(O)O)c1,O=P(O)(O)c1ccccc1,0.395,0.246,YES,YES,0.699,NO,NO,NO,NO,NO
NO-RAG,999,56,O=C([O-])c1cc(C(=O)[O-])c(C(=O)O)cc1C(=O)O,O=C([O-])c1cc(C(=O)O)c(C(=O)[O-])cc1C(=O)O,1.0,1.0,YES,YES,1.0748,YES,YES,YES,YES,YES
NO-RAG,999,57,O=C(Nc1cccnc1)c1ccc(C(=O)Nc2cccnc2)s1,O=C([O-])c1cc(S(O)(O)O)cc(S(O)(O)O)c1,0.164,0.11,YES,YES,1.9888,NO,NO,NO,NO,NO
NO-RAG,999,58,NC1=N[CH]NN1,Cn1nn[nH]c1=S,0.413,0.0,YES,YES,3.3063,NO,NO,NO,NO,NO
NO-RAG,999,59,O=C([O-])c1cc(C(=O)O)c(C(=O)[O-])cc1C(=O)O,O=C([O-])c1ccc(C(=O)[O-])cc1,0.75,0.667,YES,NO,1.4394,YES,YES,YES,NO,NO
NO-RAG,999,60,O=[N+]([O-])c1cncc([N+](=O)[O-])c1C#Cc1c([N+](=O)[O-])cncc1[N+](=O)[O-],N#Cc1cc([N+](=O)[O-])c(C#N)cc1[N+](=O)[O-],0.732,0.137,YES,YES,1.8343,YES,YES,YES,NO,NO
NO-RAG,999,61,O=C([O-])C(O)=C(O)C(=O)[O-],NC(C(=O)[O-])=C(N)C(=O)[O-],0.481,0.791,YES,NO,1.6845,YES,YES,YES,NO,NO
NO-RAG,999,62,C(#C[Si](C#Cc1cn[nH]c1)(C#CC1C=NN=C1)C#CC1C=NN=C1)C1=CN=N[CH]1,C(#CC#Cc1cn[nH]c1)C#CC1=CN=N[CH]1,0.828,0.232,YES,YES,5.2791,YES,YES,YES,NO,NO
NO-RAG,999,63,O=C([O-])CN1[CH]C=C(c2nnn[nH]2)C=C1,O=C([O-])c1cncc(Cl)c1,0.28,0.17,YES,NO,2.1662,NO,NO,NO,NO,NO
NO-RAG,999,64,Nc1ccccc1S,c1ccc(SCSc2ccccn2)nc1,0.3,0.04,YES,NO,0.4578,NO,NO,NO,NO,NO
NO-RAG,999,65,O=C([O-])c1nc(-c2ccc3ccccc3c2)[nH]c1C(=O)[O-],O=C([O-])c1cc(N2[CH]N=CN2)cc(N2[CH]N=CN2)c1,0.429,0.276,YES,YES,1.3488,NO,NO,NO,NO,NO
NO-RAG,999,66,O=C(O)c1ccc(-c2ccc(-c3ccc(C(=O)O)cc3C(=O)[O-])cc2)c(C(=O)[O-])c1,O=C([O-])c1cc(C(=O)[O-])nc(-c2nc(C(=O)[O-])ccc2C(=O)O)c1,0.6,0.118,YES,YES,1.7999,YES,YES,NO,NO,NO
NO-RAG,999,67,c1ccc(-c2cc(-c3ccncc3)nc(-c3ccncc3)c2)nc1,C=CC=CC=C1C=CC=C(c2ccncc2)C=NC=C2NC=C(N=C1)C(=CC)c1cnccc12,0.467,0.199,YES,YES,3.7653,NO,NO,NO,NO,NO
NO-RAG,999,68,CSc1nccs1,O=P(O)(O)Cc1ccncc1,0.179,0.055,YES,YES,1.6207,NO,NO,NO,NO,NO
NO-RAG,999,69,O=C([O-])C1CCC(C(=O)[O-])CC1,O=C([O-])C1CC(C(=O)O)C(C(=O)[O-])CC1C(=O)O,0.6,0.667,YES,YES,1.6611,YES,YES,NO,NO,NO
NO-RAG,999,70,c1c[nH]cn1,c1c[nH]cn1INVALID,0.0,0.0,NO,NO,,NO,NO,NO,NO,NO
NO-RAG,999,71,c1ccc(-c2nnc(-c3ccncc3)[nH]2)nc1,C1=NN=CC1c1ccc(-c2cn[nH]c2)cc1,0.643,0.092,YES,YES,2.3123,YES,YES,NO,NO,NO
NO-RAG,999,72,O=C([O-])c1cccc(-c2c3nc(c(-c4cccc(C(=O)[O-])c4)c4ccc([nH]4)c(-c4cccc(C(=O)[O-])c4)c4nc(c(-c5cccc(C(=O)[O-])c5)c5ccc2[nH]5)C=C4)C=C3)c1,C=CN=CC=CNNC(=O)C1CC(C(=O)[O-])=CC1=CC(=O)[O-],0.367,0.058,YES,YES,1.211,NO,NO,NO,NO,NO
NO-RAG,999,73,O=C([O-])c1cc2c(cc1C(=O)[O-])C(=O)c1ccccc1C2=O,O=C([O-])c1ccccc1I,0.44,0.395,YES,NO,1.8559,NO,NO,NO,NO,NO
NO-RAG,999,74,Cc1cc2ccc3nc(C)ccc3c2cn1,CC=CC1=CC=Cc2cc(-c3cn[nH]c3)ccc2C12C=NN=C2,0.361,0.249,YES,YES,2.2692,NO,NO,NO,NO,NO
NO-RAG,999,75,Nc1nc2ccccc2[nH]1,Nc1nnn[nH]1,0.667,0.156,YES,NO,3.1639,YES,YES,NO,NO,NO
NO-RAG,999,76,O=C([O-])CCC(=O)[O-],O=C([O-])C=CC(=O)[O-],0.643,0.471,YES,YES,0.4839,YES,YES,NO,NO,NO
NO-RAG,999,77,CNC12C3C4C5C3(C#CC(=O)[O-])C1C5(NC)C42C#CC(=O)[O-],CCCC12C3C4C5C(C41C#CC(=O)[O-])C2(S(O)(O)O)C53C#CC(=O)[O-],0.375,0.735,YES,YES,1.1815,YES,YES,YES,NO,NO
NO-RAG,999,78,O=C([O-])c1ccc(-c2ccccc2)cc1,C=CC(=CC=CNCC1=CC=CC1)C(=O)[O-],0.269,0.162,YES,YES,1.0053,NO,NO,NO,NO,NO
NO-RAG,999,79,CCCOc1c(C(=O)[O-])ccc2c(OCCC)c(C(=O)[O-])ccc12,CCCOC=Cc1cc(C(=O)[O-])ccc1C(C=COCCC)c1cc(C(=O)[O-])ccc1OCCC,0.865,0.311,YES,YES,1.9895,YES,YES,YES,YES,NO
NO-RAG,999,80,CN1c2cncc(n2)N(C)c2cncc(n2)N(C)c2cncc(n2)N(C)c2cncc1n2,C=Nc1cnccc1C1C2=CN=C21,0.333,0.019,YES,YES,3.744,NO,NO,NO,NO,NO
NO-RAG,999,81,CC(C(=O)[O-])C(=O)[O-],NC(CC(=O)[O-])C(=O)[O-],0.409,0.533,YES,YES,2.9623,YES,NO,NO,NO,NO
NO-RAG,999,82,O=C([O-])C(F)=C(F)C(=O)[O-],O=C([O-])C(F)=C(F)C(=O)[O-]INVALID,0.0,0.0,NO,NO,,NO,NO,NO,NO,NO
NO-RAG,999,83,O=C([O-])c1ccc(Oc2ccc(C(=O)[O-])c(C(=O)[O-])c2)cc1C(=O)[O-],O=C([O-])c1ccc(Oc2ccc(C(=O)[O-])c(C(=O)[O-])c2)cc1C(=O)[O-],1.0,1.0,YES,YES,1.9915,YES,YES,YES,YES,YES
NO-RAG,999,84,Cc1cc(OCC(=O)[O-])cc(C(=O)[O-])c1,O=C([O-])CNC=C1C=C(C(=O)[O-])C(=O)N1,0.306,0.24,YES,YES,4.2596,NO,NO,NO,NO,NO
NO-RAG,999,85,O=C([O-])c1sc2c(C(=O)O)c(C(=O)[O-])sc2c1C(=O)O,O=C([O-])c1cc(C(=O)O)c(C(=O)[O-])cc1F,0.467,0.177,YES,YES,4.7348,NO,NO,NO,NO,NO
NO-RAG,999,86,Cc1nc(C)c(C(=O)[O-])c(C=Cc2ccccc2)c1C(=O)[O-],c1cc(Cn2cncn2)ccn1,0.227,0.313,YES,NO,1.4986,NO,NO,NO,NO,NO
NO-RAG,999,87,Cc1c(C)c(C(=O)[O-])c(C)c(C)c1C(=O)[O-],Cc1c(C)c(C(=O)[O-])c(C)c(C)c1C(=O)[O-],1.0,1.0,YES,YES,1.0509,YES,YES,YES,YES,YES
NO-RAG,999,88,O=C([O-])CO,O=C([O-])COINVALID,0.0,0.0,NO,NO,,NO,NO,NO,NO,NO
NO-RAG,999,89,O=C([O-])c1ccc(-c2ccc(C(=O)[O-])c(C(=O)O)c2)cc1C(=O)O,O=C([O-])c1ccc(C(=O)[O-])cc1,0.632,0.369,YES,NO,2.6851,YES,YES,NO,NO,NO
NO-RAG,999,90,Cc1cc(-n2ccnc2)c(C)cc1-n1ccnc1,c1cc(-c2ccc(-c3ccnnc3)cc2)cnn1,0.333,0.32,YES,YES,2.0766,NO,NO,NO,NO,NO
NO-RAG,999,91,O=P(O)(O)CCSc1ccncc1,CCC(C(=O)[O-])N(C)CC(=O)[O-],0.14,0.123,YES,YES,1.4957,NO,NO,NO,NO,NO
NO-RAG,999,92,O=C([O-])C1=NC(c2cncc(Br)c2)=NC1C(=O)O,O=CC1=CC(Cc2ccc(C(=O)O)cc2)=C(C(=O)[O-])C1=CC1=CC(=CC(=O)[O-])C=CO1,0.378,0.114,YES,YES,1.9518,NO,NO,NO,NO,NO
NO-RAG,999,93,[CH]1N=NC=C1c1ccc([Si](c2ccc(-c3cn[nH]c3)cc2)(c2ccc(C3C=NN=C3)cc2)c2ccc(C3C=NN=C3)cc2)cc1,C1=NN=CC1C12C3C4C1C1C2C3C41Cc1cn[nH]c1INVALID,0.0,0.0,NO,NO,,NO,NO,NO,NO,NO
NO-RAG,999,94,CCOC1(Br)c2c(C(=O)[O-])c(Br)cc(C(=O)[O-])c2C1Br,CCCCC1C(C)C2(C(=O)[O-])C(CC)C(C(=O)[O-])C3(CC)C1(C(=O)[O-])C(CC)C(CC)C23CC,0.419,0.345,YES,YES,1.0519,NO,NO,NO,NO,NO
NO-RAG,999,95,CCCOC1CC2(C#CC(=O)[O-])CCC1(C#CC(=O)[O-])CC2,CCCC1(C)C(C)=C(C#N)C=C(C(=O)[O-])C=CC(C#N)=Cc2cc(C(=O)[O-])ccc21,0.467,0.296,YES,YES,1.0845,NO,NO,NO,NO,NO
NO-RAG,999,96,N#CC(C(=O)[O-])=C(C=CC(=O)[O-])c1ccccc1,CCCc1cc(C(=O)[O-])ccc1NNc1ccc(C(=O)[O-])cc1,0.31,0.342,YES,YES,1.5449,NO,NO,NO,NO,NO
NO-RAG,999,97,O=C([O-])C=CC=CC(=O)[O-],O=C([O-])CCC(=O)[O-],0.643,0.373,YES,YES,1.4334,YES,YES,NO,NO,NO
NO-RAG,999,98,CCOP(=O)(Cc1c(C)c(C)c(CP(=O)(OCC)OCC)c(C)c1C)OCC,CCCCS(=O)CC1CCCCC1,0.349,0.25,YES,YES,1.6918,NO,NO,NO,NO,NO
NO-RAG,999,99,[CH]1N=CNN1CCCCCCn1cncn1,c1cnc(SCSc2ncccn2)nc1,0.265,0.037,YES,NO,2.3176,NO,NO,NO,NO,NO
NO-RAG,999,100,O=P(O)(O)O,O=S(=O)(O)O,0.577,0.12,YES,YES,1.1295,YES,NO,NO,NO,NO
NO-RAG,999,101,O=C([O-])c1cc(C(=O)O)c(C(=O)[O-])c2c1CC2,O=C([O-])c1cc(C(=O)[O-])cc(S(O)(O)O)c1,0.317,0.69,YES,YES,2.2525,YES,YES,NO,NO,NO
NO-RAG,999,102,O=C([O-])c1cc(Cn2nnc3ccccc32)cc(C(=O)[O-])c1,O=C([O-])c1ccccc1-c1ccccc1C(=O)[O-],0.318,0.395,YES,YES,1.5944,NO,NO,NO,NO,NO
NO-RAG,999,103,O=C([O-])c1c(F)cc(C=Cc2cc(F)c(C(=O)[O-])c(F)c2)cc1F,O=C([O-])C=C(O)C(O)=C(C=CC(O)=C1C(=C(O)C(O)=C(CO)C(=O)[O-])C1OCO)COC(O)=CO,0.279,0.074,YES,YES,6.9295,NO,NO,NO,NO,NO
NO-RAG,999,104,Nc1c(N)c(C(=O)[O-])c(N)c(N)c1C#Cc1c(N)c(N)c(C(=O)[O-])c(N)c1N,O=C([O-])c1c(Cl)c(Cl)c(C#Cc2c(Cl)c(Cl)c(C(=O)[O-])c(Cl)c2Cl)c(Cl)c1ClINVALID,0.0,0.0,NO,NO,,NO,NO,NO,NO,NO
NO-RAG,999,105,NCC(=O)[O-],N#CCC(=O)[O-],0.474,0.64,YES,NO,0.3553,YES,YES,NO,NO,NO
NO-RAG,999,106,O=C([O-])c1nc[nH]c1C(=O)[O-],O=C([O-])c1nc[nH]c1C(=O)[O-]INVALID,0.0,0.0,NO,NO,,NO,NO,NO,NO,NO
NO-RAG,999,107,O=C([O-])c1ccc(C#Cc2ccc(C(=O)[O-])cc2Cl)c(Cl)c1,O=C([O-])c1ccc(NNc2ccc(C(=O)[O-])c(Cl)c2)cc1Cl,0.588,0.402,YES,NO,4.0666,YES,NO,NO,NO,NO
NO-RAG,999,108,O=C([O-])c1cncc(OCOc2cncc(C(=O)[O-])c2)c1,O=C([O-])c1cncc(Cl)c1,0.417,0.421,YES,NO,0.6997,NO,NO,NO,NO,NO
NO-RAG,999,109,O=C([O-])c1ccc(-n2ccc(=O)cc2)cc1C(=O)[O-],O=C([O-])c1ccc(C(=O)[O-])cc1,0.343,0.464,YES,YES,1.7444,NO,NO,NO,NO,NO
NO-RAG,999,110,CCc1cc(-c2ccc(C(=O)[O-])cc2)ccc1C(=O)[O-],INVALID,0.0,0.0,NO,NO,,NO,NO,NO,NO,NO
NO-RAG,999,111,CCCC1=NN=CC1C#Cc1ccc(C#CC2=C(CCC)N=N[CH]2)cc1OC,CCCOC12C=CC3(C)C(C#Cc4cn[nH]c4)C1(OCCC)C3(F)C2,0.477,0.126,YES,YES,1.0756,NO,NO,NO,NO,NO
NO-RAG,999,112,CCC(C)COc1cc(C=Cc2ccncc2)c(OCC(C)CC)cc1C=Cc1ccncc1,CCCOC=CC1(C(O)CC=CC(=O)[O-])C(OCCCC=CC=O)=CC(OCCC)=CC=CCC1O,0.34,0.156,YES,YES,0.786,NO,NO,NO,NO,NO
NO-RAG,999,113,Cn1cnc(C(=O)[O-])c1C(=O)[O-],O=C([O-])c1cc([N+](=O)[O-])cc([N+](=O)[O-])c1,0.362,0.24,YES,YES,3.3691,NO,NO,NO,NO,NO
NO-RAG,999,114,O=S1(=O)CCCC1,O=C([O-])COCCC(O)C(CO)C(=O)[O-]INVALID,0.0,0.0,NO,NO,,NO,NO,NO,NO,NO
NO-RAG,999,115,Cc1nccn1CCCCn1ccnc1C,c1cc(NNc2ccncc2)ccn1,0.234,0.0,YES,NO,1.4865,NO,NO,NO,NO,NO
NO-RAG,999,116,O=C([O-])c1ccnc(-c2cc(C(=O)[O-])ccn2)c1,O=C([O-])c1ccc(Oc2ccc(C(=O)[O-])cc2)cc1,0.483,0.186,YES,YES,1.0539,NO,NO,NO,NO,NO
NO-RAG,999,117,O=C([O-])c1cccc(-c2nccs2)c1,OS(O)(O)c1cccnc1,0.239,0.043,YES,NO,0.6996,NO,NO,NO,NO,NO
NO-RAG,999,118,NC(=S)c1cccc(C(N)=S)c1,c1cc(C2=NCCO2)ccc1C1=NCCO1,0.184,0.358,YES,NO,1.7505,NO,NO,NO,NO,NO
NO-RAG,999,119,O=C([O-])c1ccc(N=Cc2ccccc2O)cc1,O=C([O-])c1cccc(-c2cccnc2)c1,0.375,0.489,YES,YES,1.4728,NO,NO,NO,NO,NO
NO-RAG,999,120,Nc1c(N)c(C(=O)[O-])c2ccccc2c1C(=O)[O-],O=C([O-])c1ccccc1SSc1ccccc1C(=O)[O-],0.432,0.441,YES,NO,1.0854,NO,NO,NO,NO,NO
NO-RAG,999,121,Cc1cc2ncn(CCCCn3cnc4cc(C)c(C)cc43)c2cc1C,O=C([O-])c1cc(-c2ccncc2)cc(-c2ccncc2)c1,0.25,0.258,YES,YES,1.8949,NO,NO,NO,NO,NO
NO-RAG,999,122,O=C([O-])c1c(O)c(O)c(C(=O)[O-])c2c(O)c(O)c(O)c(O)c12,O=C([O-])c1c(O)c(O)c(C(=O)[O-])c2c(O)c(O)c(O)c(O)c12,1.0,1.0,YES,YES,1.1098,YES,YES,YES,YES,YES
NO-RAG,999,123,O=C([O-])C12C3C4C1C1(S(O)(O)O)C2C3C41C(=O)[O-],CCC1C2C3C(CC)C4(c5ccccc5)C3(C#CC(=O)[O-])C2C14C(=O)[O-],0.4,0.441,YES,YES,1.6738,NO,NO,NO,NO,NO
NO-RAG,999,124,Cc1cnc(C)cn1,c1cc(NNc2ccncc2)ccn1,0.407,0.0,YES,NO,0.7397,NO,NO,NO,NO,NO
NO-RAG,999,125,ON=C(c1ccncc1)c1ccccn1,COc1cccc2nnnn2c2ccc(N)cc2nc1,0.294,0.03,YES,YES,1.1362,NO,NO,NO,NO,NO
NO-RAG,999,126,CC(=O)N(C)C,c1c[nH]cn1,0.034,0.0,YES,YES,3.0891,NO,NO,NO,NO,NO
NO-RAG,999,127,c1cc(-c2ccncc2)ccn1,c1cc(-c2ccncc2)ccn1INVALID,0.0,0.0,NO,NO,,NO,NO,NO,NO,NO
NO-RAG,999,128,[CH](C=CC=C1C=NN=C1)c1cn[nH]c1,CC(NNC(C)c1ccncc1)c1ccncc1,0.406,0.142,YES,NO,4.918,NO,NO,NO,NO,NO
NO-RAG,999,129,CC(=O)[CH]C(=O)c1ccc(-n2ccnc2)cc1,c1ccc2c(c1)N=NC2CCCCn1nnc2ccccc21,0.417,0.26,YES,YES,2.5796,NO,NO,NO,NO,NO
NO-RAG,999,130,O=C(Nc1cccnc1)c1cccnc1,O=P(O)(O)c1ccccn1,0.25,0.39,YES,YES,0.6349,NO,NO,NO,NO,NO
NO-RAG,999,131,c1cc(CCCc2ccncc2)ccn1,c1cc(CCCc2ccncc2)ccn1INVALID,0.0,0.0,NO,NO,,NO,NO,NO,NO,NO
NO-RAG,999,132,Cc1cc2ncn(Cc3ccc(Cn4cnc5cc(C)c(C)cc54)cc3)c2cc1C,c1cc(-c2ccncc2)ccn1,0.324,0.0,YES,YES,1.9018,NO,NO,NO,NO,NO
NO-RAG,999,133,Cc1ccc(SCN(CSc2ccc(C)cc2C)CSc2ccc(C)cc2C)c(C)c1,c1ccc2c(c1)nnn2OCCOn1cnnn1,0.154,0.189,YES,YES,1.2557,NO,NO,NO,NO,NO
NO-RAG,999,134,CC1c2nccc(-c3ccnc4c3C4C)c21,O=C([O-])c1ccccc1SSc1ccccc1C(=O)[O-],0.162,0.079,YES,NO,0.6158,NO,NO,NO,NO,NO
NO-RAG,999,135,O=C([O-])c1ccc(OCC(COc2ccc(C(=O)[O-])cc2)(COc2ccc(C(=O)[O-])cc2)COc2ccc(C(=O)O)cc2)cc1,O=C([O-])c1ccc(C=Cc2ccncc2)cc1,0.333,0.195,YES,NO,1.9511,NO,NO,NO,NO,NO
NO-RAG,999,136,N#CC(C#N)C(=S)S,CCN1C(=O)[CH]C(=O)N(CC)C1=S,0.14,0.123,YES,NO,0.9227,NO,NO,NO,NO,NO
NO-RAG,999,137,OC1(Cl)Cc2ncc(Cl)nc21,OS(O)(O)c1cnccc1C#Cc1ccncc1S(O)(O)O,0.25,0.027,YES,NO,2.5062,NO,NO,NO,NO,NO
NO-RAG,999,138,CC1(C)OC(CP(c2ccccc2)c2ccccc2)C(CP(c2ccccc2)c2ccccc2)O1,c1cc(CCCc2ccncc2)ccn1,0.222,0.045,YES,YES,1.4384,NO,NO,NO,NO,NO
NO-RAG,999,139,Cc1ccc(S(=O)(=O)NC(CCC(=O)[O-])C(=O)[O-])cc1,O=C([O-])CNC(=O)c1cccc(C(=O)NCC(=O)[O-])c1,0.364,0.35,YES,NO,0.8396,NO,NO,NO,NO,NO
NO-RAG,999,140,O=C([O-])C1=C[CH]NC=C1C(=O)[O-],O=C([O-])c1nc[nH]c1C(=O)[O-],0.471,0.3,YES,YES,0.844,NO,NO,NO,NO,NO
NO-RAG,999,141,O=C([O-])c1ccc(-c2cc3cc(c2)C(=O)[O][Cd][O]C3=O)cc1,c1cc(-c2nnn[nH]2)ccc1-c1nnn[nH]1,0.2,0.308,YES,YES,1.5019,NO,NO,NO,NO,NO
NO-RAG,999,142,O=P(O)(O)F,O=C([O-])C1=NC(C(F)(F)F)=NC1C(=O)[O-],0.186,0.04,YES,YES,1.4451,NO,NO,NO,NO,NO
NO-RAG,999,143,CC(=O)CC(C#N)(C#N)C(C#N)C#N,N#CC(C#N)C(N)=O,0.286,0.411,YES,NO,0.9025,NO,NO,NO,NO,NO
NO-RAG,999,144,COc1cc(NC#N)c(OC)cc1NC#N,N#CC(C#N)=C(C#N)C(C#N)=C(C#N)C#N,0.094,0.1,YES,NO,2.0396,NO,NO,NO,NO,NO
NO-RAG,999,145,c1ccc2c(-n3ccnc3)c3ccccc3c(-n3ccnc3)c2c1,O=C1c2ccc3c4c(ccc(c24)C(=O)N1Cc1ccncc1)C(=O)N(Cc1ccncc1)C3=O,0.432,0.289,YES,NO,1.707,NO,NO,NO,NO,NO
NO-RAG,999,146,O=C([O-])c1ccc(NNc2ccc(C(=O)[O-])cc2)cc1,O=C([O-])c1ccc(Cl)cc1,0.29,0.441,YES,NO,0.9014,NO,NO,NO,NO,NO
NO-RAG,999,147,O=C(NCc1ccncc1)C(=O)NCc1ccncc1,c1ccc(-c2ccn[nH]2)nc1,0.341,0.294,YES,YES,3.1199,NO,NO,NO,NO,NO
NO-RAG,999,148,Nc1ccc(Cc2ccc(N)cc2)cc1,N#Cc1ccc(C#N)cc1,0.312,0.455,YES,NO,0.8558,NO,NO,NO,NO,NO
NO-RAG,999,149,O=C([O-])c1ccc(-c2cc(-c3ccc(C(=O)O)cc3)c(-c3ccc(C(=O)[O-])cc3)cc2-c2ccc(C(=O)O)cc2)cc1,O=C([O-])c1cc(C(=O)O)c2cc(C(=O)[O-])cc(C(=O)O)c2c1INVALID,0.0,0.0,NO,NO,,NO,NO,NO,NO,NO
NO-RAG,999,150,Fc1cc2cc(C3C=NN=C3)c(F)cc2cc1-c1cn[nH]c1,CC1Cc2nccnc21,0.316,0.0,YES,YES,0.9889,NO,NO,NO,NO,NO
NO-RAG,999,151,O=C1C(=O)C(=O)C(=O)C1=O,O=C1C(=O)C(=O)C1=OINVALID,0.0,0.0,NO,NO,,NO,NO,NO,NO,NO
NO-RAG,999,152,O=C(Nc1cc(C(=O)[O-])cc(C(=O)[O-])c1)Nc1cc(C(=O)[O-])cc(C(=O)[O-])c1,CC=CC=CC=CC1=NCC(C)=C(C)C=C1OC,0.12,0.057,YES,YES,3.5768,NO,NO,NO,NO,NO
NO-RAG,999,153,Cc1nccn1Cc1ccc(-c2ccc(Cn3ccnc3C)cc2)cc1,c1cc(-c2ccncc2)ccn1,0.364,0.0,YES,YES,1.6329,NO,NO,NO,NO,NO
NO-RAG,999,154,CC(=O)NC(C)(NC(C)=O)C(=O)[O-],O=C([O-])C1CCCCC1C(=O)O,0.243,0.205,YES,NO,2.1227,NO,NO,NO,NO,NO
NO-RAG,999,155,O=C([O-])c1cccc(CN2CCOCCN(Cc3cccc(C(=O)[O-])c3)CCOCC2)c1,CC1=NNCCCCC2CNN=C2N1,0.25,0.049,YES,YES,1.4637,NO,NO,NO,NO,NO
NO-RAG,999,156,O=C([O-])c1c(Cl)cc(-c2cc(-c3cc(Cl)c(C(=O)[O-])c(Cl)c3)cc(-c3cc(Cl)c(C(=O)[O-])c(Cl)c3)c2)cc1Cl,CC1=CC(C(=O)[O-])=CC=C2C=CC(=CC=CC=C(S)C=CC(=O)[O-])C(C(=O)[O-])C=CC3=CC=C(C(=O)[O-])C=C(S3)Sc3ccc(C(=O)[O-])cc3SC=CC([NH])C=CC3=C(S)C(C(=O)[O-])C=C(S3)[SH]=C[SH]12,0.319,0.126,YES,YES,1.4577,NO,NO,NO,NO,NO
NO-RAG,999,157,O=[PH](O)O,O=S(=O)(O)O,0.481,0.12,YES,YES,1.1998,NO,NO,NO,NO,NO
NO-RAG,999,158,O=P(O)(O)C1=CC=C2[CH]C=CC=C2N1,OC1=Cc2c(ccc(O)c2S(O)(O)O)C=CC=C1S(O)(O)O,0.351,0.027,YES,YES,1.5319,NO,NO,NO,NO,NO
NO-RAG,999,159,c1ccc2nc(-c3cnc4ccccc4n3)cnc2c1,c1ccc(C2=NC(c3ccccn3)N(c3ccccn3)N2)nc1,0.444,0.068,YES,YES,1.4516,NO,NO,NO,NO,NO
NO-RAG,999,160,O=C([O-])Cn1nn[nH]c1=S,O=C([O-])C(F)(F)F,0.132,0.36,YES,NO,0.6499,NO,NO,NO,NO,NO
NO-RAG,999,161,CCCCN(CCO)CCO,N#CC(C#N)C(N)=O,0.073,0.338,YES,NO,1.9042,NO,NO,NO,NO,NO
NO-RAG,999,162,CC1=C(CC2=C(C)N=NC2C)C(C)N=N1,c1ccc(-n2c(-c3ccncc3)nnc2-c2ccncc2)nc1,0.349,0.0,YES,YES,2.3207,NO,NO,NO,NO,NO
NO-RAG,999,163,CC(C)c1cc(C(C)C)c(CP(=O)(O)O)c(C(C)C)c1,O=C([O-])C=Cc1cccnc1,0.128,0.08,YES,NO,1.9595,NO,NO,NO,NO,NO
NO-RAG,999,164,O=C([O-])CN=Cc1ccccc1O,O=C([O-])CCC(NC(=O)c1cccnc1)C(=O)[O-],0.356,0.256,YES,YES,1.58,NO,NO,NO,NO,NO
NO-RAG,999,165,CNC1CC2(C#CC(=O)[O-])C(NC)CC1(C#CC(=O)[O-])C(F)C2F,CNC1CC2(C#CC(=O)[O-])CCC1(C#CC(=O)[O-])CC2F,0.829,0.877,YES,YES,0.5614,YES,YES,YES,YES,NO
NO-RAG,999,166,O=C([O-])c1cccc(NNc2cccc(C(=O)[O-])c2)c1,O=C([O-])c1cccc(Oc2cccnc2)c1C(=O)[O-],0.375,0.441,YES,NO,1.6332,NO,NO,NO,NO,NO
NO-RAG,999,167,O=C([O-])c1ccc(NNc2ccc(C(=O)[O-])c(F)c2)cc1F,O=C([O-])c1c(O)cc(C#Cc2cc(O)c(C(=O)[O-])c(O)c2)cc1O,0.415,0.369,YES,NO,4.0927,NO,NO,NO,NO,NO
NO-RAG,999,168,N#CNC#N,N#CNC#NINVALID,0.0,0.0,NO,NO,,NO,NO,NO,NO,NO
NO-RAG,999,169,O=C([O-])c1cc(C(=O)[O][Ag])c(C(=O)[O-])cc1C(=O)[O][Ag],O=C1C(=O)C(Cl)C(=O)C(=O)C1Cl,0.31,0.3,YES,YES,2.7464,NO,NO,NO,NO,NO
NO-RAG,999,170,O=C([O-])c1cccc(=O)[nH]1,O=C([O-])c1nc[nH]c1C(=O)[O-],0.486,0.327,YES,YES,0.9402,NO,NO,NO,NO,NO
NO-RAG,999,171,O=C([O-])c1ccc(C(=O)[O-])cc1,O=C([O-])c1ccc(C(=O)[O-])cc1INVALID,0.0,0.0,NO,NO,,NO,NO,NO,NO,NO
NO-RAG,999,172,O=C([O-])CCCC(=O)[O-],O=C([O-])CCC(=O)[O-]INVALID,0.0,0.0,NO,NO,,NO,NO,NO,NO,NO
NO-RAG,999,173,COC1CCc2nccc(-c3ccncc3)c2C1OC,COC1=NN=CC1c1ccc(C2=CN=N[CH]2)c2c1C(OC)C2INVALID,0.0,0.0,NO,NO,,NO,NO,NO,NO,NO
NO-RAG,999,174,O=C([O-])c1ccc(C(=O)[O-])o1,O=C([O-])c1cccnc1C(=O)[O-],0.444,0.3,YES,YES,1.1484,NO,NO,NO,NO,NO
NO-RAG,999,175,[CH]1C=CC=C1,Cc1nc2ccccc2n1Cc1ccc(Cn2c(C)nc3ccccc32)cc1,0.059,0.0,YES,NO,1.9796,NO,NO,NO,NO,NO
NO-RAG,999,176,c1ccc(C2=NNC(c3ccccn3)=NN2)nc1,c1cc(CN2CCN(Cc3ccncc3)CC2)ccn1,0.326,0.289,YES,NO,1.351,NO,NO,NO,NO,NO
NO-RAG,999,177,O=[N+]([O-])C12CN3CN(CN(C3)C1)C2,O=C1C(=O)C(Nc2nnn[nH]2)C1=O,0.288,0.119,YES,YES,1.3514,NO,NO,NO,NO,NO
NO-RAG,999,178,c1cc(-c2nnn[nH]2)ccc1-c1nn[nH]n1,O=C(Nc1cccnc1)C(=O)Nc1cccnc1,0.341,0.0,YES,NO,1.2068,NO,NO,NO,NO,NO
NO-RAG,999,179,Cc1c(C)c(-c2ccncc2)c(C)c(C)c1B(c1c(C)c(C)c(-c2ccncc2)c(C)c1C)c1c(C)c(C)c(-c2ccncc2)c(C)c1C,Cc1cc2cc(n1)C(O)=C(c1ccncc1)c1ccccc1-2,0.457,0.138,YES,YES,3.9544,NO,NO,NO,NO,NO
NO-RAG,999,180,O=C([O-])C(=O)[O-],O=C([O-])C(=O)[O-]INVALID,0.0,0.0,NO,NO,,NO,NO,NO,NO,NO
NO-RAG,999,181,O=C([O-])CN(CC(=O)[O-])c1ccc(C(=O)[O-])cc1,O=C([O-])C1=CC=Cc2ccc(-c3ccc[nH]3)cc2C=C1,0.268,0.289,YES,YES,2.067,NO,NO,NO,NO,NO
NO-RAG,999,182,ON1[CH]C=CC=C1,Cc1cnc(C)cn1,0.194,0.0,YES,YES,1.4001,NO,NO,NO,NO,NO
NO-RAG,999,183,O=C([O-])C1OCOC2C(C(=O)[O-])OCOC12,O=C([O-])C12CCC(C(=O)[O-])(CC1)CC2,0.419,0.221,YES,NO,2.2169,NO,NO,NO,NO,NO
NO-RAG,999,184,O=C([O-])c1ccc(-c2ccc(-c3cc(-c4ccc(-c5ccc(C(=O)[O-])cc5)c(Cl)c4)cc(-c4ccc(-c5ccc(C(=O)[O-])cc5)c(Cl)c4)c3)cc2Cl)cc1,O=C([O-])C=CC(S)=C1C=C(C2=C3C=CC(C(=O)[O-])=C(C(S)C4=CC(C(=O)[O-])=C(S)C4=C3)C(S)c3cc4c(C(=O)[O-])cc3SC=C3C[SH]=CC=CC5C=CC(S)=C3SCC=C(C(=[SH]5)SC=C4)C(C(=O)[O-])C[SH]=C2)C=[SH]CSC1,0.326,0.113,YES,YES,2.9492,NO,NO,NO,NO,NO
NO-RAG,999,185,C1COCCO1,CCc1nnc(CC)[nH]1,0.098,0.0,YES,YES,0.8325,NO,NO,NO,NO,NO
NO-RAG,999,186,O=C1NCCN1,O=C(O)c1c[nH]c(=O)[nH]c1=O,0.358,0.145,YES,YES,0.4026,NO,NO,NO,NO,NO
NO-RAG,999,187,CC(=O)C(Sc1ccncc1)C(C)=O,c1cn(Cn2ccnc2)cn1,0.162,0.043,YES,NO,1.4661,NO,NO,NO,NO,NO
NO-RAG,999,188,O=C([O-])c1ccc2c3c(ccc(C(=O)[O-])c13)C(=O)N(c1ccncc1)C2=O,C=CC=CC(O)=CC(C(=O)[O-])=c1ccccc1=CC(=O)[O-],0.277,0.213,YES,YES,1.4212,NO,NO,NO,NO,NO
NO-RAG,999,189,O=C([O-])C1=CC2=NN=NC2=C[CH]1,c1ccc(C2=NNC(c3ccccn3)=NN2)nc1,0.4,0.0,YES,YES,0.9163,NO,NO,NO,NO,NO
NO-RAG,999,190,S=c1[nH]c2ccccc2[nH]1,N=CC=CC(=NCC1=CC=C1)c1ccc(-c2nnn[nH]2)s1,0.375,0.0,YES,YES,1.8099,NO,NO,NO,NO,NO
NO-RAG,999,191,O=C([O-])C1=C[CH]N(Cc2cc(C(=O)[O-])cc(C(=O)[O-])c2)C=C1,O=C([O-])c1cccnc1C(=O)[O-],0.457,0.161,YES,YES,1.3999,NO,NO,NO,NO,NO
NO-RAG,999,192,O=C([O-])C1=C[CH]N(CCCN2[CH]C=C(C(=O)[O-])C=C2)C=C1,O=C([O-])c1ccccc1FINVALID,0.0,0.0,NO,NO,,NO,NO,NO,NO,NO
NO-RAG,999,193,Oc1ccc(S)cc1,CC=C(C)C(=CC=[N+][O-])SCCOCC,0.091,0.04,YES,YES,0.7149,NO,NO,NO,NO,NO
NO-RAG,999,194,C1CCOC1,c1cnccn1,0.083,0.0,YES,YES,1.5079,NO,NO,NO,NO,NO
NO-RAG,999,195,O=C([O-])c1ccc(N(c2ccc(C(=O)[O-])cc2)c2ccc(-c3ccncc3)cc2)cc1,O=C([O-])c1ccc(NNc2ccc(C(=O)[O-])c(C(=O)O)c2)cc1INVALID,0.0,0.0,NO,NO,,NO,NO,NO,NO,NO
NO-RAG,999,196,NCc1cccnc1,Nc1cccc(N)c1,0.409,0.075,YES,NO,0.766,NO,NO,NO,NO,NO
NO-RAG,999,197,C#N,C#NINVALID,0.0,0.0,NO,NO,,NO,NO,NO,NO,NO
NO-RAG,999,198,O=C1c2ccccc2C(=O)c2c(O)ccc(O)c21,O=C1c2ccc3c4c(ccc(c24)C(=O)N1Cc1ccncc1)C(=O)N(Cc1ccncc1)C3=OINVALID,0.0,0.0,NO,NO,,NO,NO,NO,NO,NO
NO-RAG,999,199,O=C([O-])c1ccc(C#Cc2ccc(C(=O)[O-])cc2F)c(F)c1,O=C([O-])C1=CC=CNNc2ccc(C(=O)[O-])cc2C=C1,0.31,0.402,YES,YES,4.5645,NO,NO,NO,NO,NO
NO-RAG,999,200,O=C([O-])CCN(CCC(=O)[O-])CCC(=O)[O-],CCOC(=O)C(C=O)C(=O)[O-],0.355,0.294,YES,YES,2.5652,NO,NO,NO,NO,NO
NO-RAG,999,201,On1nnnc1-c1nnnn1O,O=C1[CH]C(=O)NC(=S)N1,0.276,0.05,YES,NO,1.6711,NO,NO,NO,NO,NO
NO-RAG,999,202,O=C([O-])c1ccc(C2=C3C=CC4=[N]3->[Fe]35<-[N]6=C(C=CC6=C(c6ccc(C(=O)[O-])cc6)c6ccc2[n]63)C(c2ccc(C(=O)[O-])cc2)=c2ccc([n]25)=C4c2ccc(C(=O)[O-])cc2)cc1,O=C([O-])c1cc2ccc1C(O)C21C=C(O)C(C(=O)[O-])c2ccccc21,0.351,0.139,YES,YES,1.773,NO,NO,NO,NO,NO
NO-RAG,999,203,O=C([O-])c1ccc(C(=O)[O-])s1,O=C([O-])c1ccc(C(=O)[O-])s1INVALID,0.0,0.0,NO,NO,,NO,NO,NO,NO,NO
NO-RAG,999,204,FC12C3C4N1C1C2N3C41F,O=C([O-])c1c(Cl)c(Cl)c(C(=O)[O-])c(CCCl)c1Cl,0.122,0.0,YES,YES,1.6437,NO,NO,NO,NO,NO
NO-RAG,999,205,CNc1nc(NC)c(NC)c(C#Cc2c(NC)c(NC)nc(NC)c2NC)c1NC,N#CC=CC1=C(C#N)C1=C(C#N)C(C#N)=C(CC#N)C(=O)[O-],0.091,0.053,YES,YES,2.9858,NO,NO,NO,NO,NO
NO-RAG,999,206,O=C([O-])c1cc(O)c(C#Cc2c(O)cc(C(=O)[O-])cc2O)c(O)c1,O=C([O-])c1ccc(NNc2ccc(C(=O)[O-])c(C(=O)O)c2)cc1C(=O)[O-],0.486,0.341,YES,YES,6.7876,NO,NO,NO,NO,NO
NO-RAG,999,207,O=S(=O)(O)O,O=[PH](O)O,0.481,0.12,YES,YES,0.4715,NO,NO,NO,NO,NO
NO-RAG,999,208,O=C([O-])c1ccc(C(=O)[O-])c2cc(Cl)c(Cl)cc12,O=C([O-])c1ccccc1O,0.429,0.489,YES,NO,0.7046,NO,NO,NO,NO,NO
NO-RAG,999,209,O=C([O-])c1ccc(P(=O)(O)O)cc1,O=C([O-])c1cccc(-n2ccc(=O)cc2)c1C(=O)[O-],0.283,0.464,YES,YES,1.4382,NO,NO,NO,NO,NO
NO-RAG,999,210,O=C([O-])C=CC(=O)[O-],O=C([O-])CCCCC(=O)[O-],0.6,0.373,YES,NO,1.3211,YES,YES,NO,NO,NO
NO-RAG,999,211,O=C([O-])CC(=O)[O-],O=C([O-])CC(=O)[O-]INVALID,0.0,0.0,NO,NO,,NO,NO,NO,NO,NO
NO-RAG,999,212,O=C([O-])COc1ccc(OCC(=O)[O-])cc1,O=C([O-])COc1ccc(OCC(=O)[O-])cc1INVALID,0.0,0.0,NO,NO,,NO,NO,NO,NO,NO
NO-RAG,999,213,N#CC1CC2(C#CC(=O)[O-])CCC1(C#CC(=O)[O-])CC2,CCNC1c2c(C(=O)[O-])ccc(C(=O)[O-])c2C1CC,0.385,0.392,YES,YES,3.5614,NO,NO,NO,NO,NO
NO-RAG,999,214,O=C([O-])c1nnn[nH]1,O=C([O-])c1nnn[nH]1,1.0,1.0,YES,YES,2.6943,YES,YES,YES,YES,YES
NO-RAG,999,215,O=C([O-])c1cc(Cl)c(C(=O)[O-])c2c1CC2,O=C([O-])c1cc(O)c(C(=O)[O-])c2c1CC2,0.633,0.935,YES,NO,3.544,YES,YES,YES,YES,YES
NO-RAG,999,216,O=C([O-])c1c(Br)c(Br)c(C(=O)[O-])c(Br)c1Br,O=C([O-])c1c(Cl)c(Cl)c(C(=O)[O-])c(Cl)c1Cl,0.895,0.75,YES,YES,2.3407,YES,YES,YES,YES,NO
NO-RAG,999,217,O=C([O-])c1ccc(C(=O)[O-])c(C(=O)[O-])c1,O=C([O-])c1ccc(C(=O)[O-])cc1,0.857,0.8,YES,NO,1.2838,YES,YES,YES,YES,NO
NO-RAG,999,218,CC1Cc2c(C(=O)[O-])ccc(C(=O)[O-])c21,CC1Cc2c(C(=O)[O-])ccc(C(=O)[O-])c21INVALID,0.0,0.0,NO,NO,,NO,NO,NO,NO,NO
NO-RAG,999,219,O=C([O-])c1ccc(-c2ccc(C(=O)[O-])cc2F)c(F)c1,O=C([O-])c1c(F)c(F)c(C(=O)[O-])c2c(F)c(F)c(F)c(F)c12,0.87,0.447,YES,YES,3.4918,YES,YES,YES,YES,NO
NO-RAG,999,220,O=C([O-])c1cncc(C(=O)[O-])c1,O=C([O-])c1cncc(C(=O)[O-])c1INVALID,0.0,0.0,NO,NO,,NO,NO,NO,NO,NO
NO-RAG,999,221,O=C([O-])c1ccc(-c2cc(-c3ccc(C(=O)[O-])cc3)c(C(=O)[O-])cc2C(=O)[O-])cc1,O=C([O-])c1ccc(-c2cc(-c3ccc(C(=O)[O-])cc3)c(C(=O)[O-])cc2C(=O)[O-])cc1INVALID,0.0,0.0,NO,NO,,NO,NO,NO,NO,NO
NO-RAG,999,222,Nc1nnc[nH]1,c1nnc[nH]1INVALID,0.0,0.0,NO,NO,,NO,NO,NO,NO,NO
NO-RAG,999,223,O=C([O-])C#CC#CC(=O)[O-],O=C([O-])C#CC#CC(=O)[O-]INVALID,0.0,0.0,NO,NO,,NO,NO,NO,NO,NO
NO-RAG,999,224,Nc1ccccc1C(=O)[O-],O=C([O-])c1ccccn1,0.458,0.36,YES,YES,0.6555,NO,NO,NO,NO,NO
NO-RAG,999,225,O=C([O-])c1cc(C(=O)[O-])cc(-n2cnnc2)c1,O=C([O-])c1cccnc1C(=O)[O-]INVALID,0.0,0.0,NO,NO,,NO,NO,NO,NO,NO
NO-RAG,999,226,O=CC1c2c(C(=O)[O-])ccc(C(=O)[O-])c2C1O,COc1cc(C(=O)[O-])c2c(c1C(=O)[O-])CC2INVALID,0.0,0.0,NO,NO,,NO,NO,NO,NO,NO
NO-RAG,999,227,O=C([O-])c1ccc2cc(C(=O)[O-])ccc2c1,O=C([O-])c1ccc(-c2ccc(C(=O)[O-])cc2)cc1INVALID,0.0,0.0,NO,NO,,NO,NO,NO,NO,NO
NO-RAG,999,228,O=C([O-])c1ccc(OCC(COc2ccc(C(=O)[O-])cc2)(COc2ccc(C(=O)[O-])cc2)COc2ccc(C(=O)[O-])cc2)cc1,Cc1nnc(-c2ccccc2)n1-c1ccc(C(=O)[O-])cc1,0.208,0.195,YES,YES,1.2147,NO,NO,NO,NO,NO
NO-RAG,999,229,O=C([O-])c1cc(C(=O)[O-])cc(-c2ccc3cc(C(=O)[O-])ccc3c2)c1,O=C([O-])c1cc(C(=O)[O-])cc(-c2ccc3cc(C(=O)[O-])ccc3c2)c1INVALID,0.0,0.0,NO,NO,,NO,NO,NO,NO,NO
NO-RAG,999,230,CCCOc1cc(C(=O)[O-])c(Br)c(Br)c1C(=O)[O-],O=C([O-])c1ccc(-c2cc(-c3ccncc3)cc(-c3ccc(C(=O)[O-])cc3)n2)cc1,0.273,0.289,YES,YES,0.6398,NO,NO,NO,NO,NO
NO-RAG,999,231,O=C([O-])c1ccc(C(=O)O)c(-c2nc(C(=O)[O-])ccc2C(=O)O)n1,O=C([O-])c1cc(Cc2cc(C(=O)[O-])cc(C(=O)O)c2)cc(C(=O)[O-])c1,0.484,0.142,YES,NO,3.4563,NO,NO,NO,NO,NO
NO-RAG,999,232,O=C([O-])c1cc2nc[nH]c2cc1C(=O)[O-],O=C([O-])c1cc2nc[nH]c2cc1C(=O)[O-]INVALID,0.0,0.0,NO,NO,,NO,NO,NO,NO,NO
NO-RAG,999,233,O=C([O-])C1=NC=NC1C(=O)[O-],O=C([O-])C1=NC=NC1C(=O)[O-]INVALID,0.0,0.0,NO,NO,,NO,NO,NO,NO,NO
NO-RAG,999,234,[CH]1C=NN=N1,CCc1nnc[nH]1,0.483,0.0,YES,YES,6.5857,NO,NO,NO,NO,NO
NO-RAG,999,235,c1cnccn1,c1cnccn1INVALID,0.0,0.0,NO,NO,,NO,NO,NO,NO,NO
NO-RAG,999,236,C(C#Cc1cc(C#CC#CC2C=NN=C2)cc(C#CC#CC2C=NN=C2)c1)#CC1=CN=N[CH]1,C(C#Cc1cc(C#CC#CC2C=NN=C2)cc(C#CC#CC2C=NN=C2)c1)#CC1=CN=N[CH]1INVALID,0.0,0.0,NO,NO,,NO,NO,NO,NO,NO
NO-RAG,999,237,Nc1nnc(C(=O)[O-])[nH]1,Oc1cc(Cl)c(Cl)c(Cl)c1-c1c(Cl)c(Cl)nc(Cl)c1Cl,0.176,0.03,YES,YES,2.5692,NO,NO,NO,NO,NO
NO-RAG,999,238,COc1ccc(-c2coc3cc(O)c(OC)c(O)c3c2=O)cc1S(O)(O)O,OS(O)(O)C=CC=Cc1nc(-c2ccncc2)ccc1N=CC1=CC(=CS(O)(O)O)C=C1,0.485,0.11,YES,YES,1.1722,NO,NO,NO,NO,NO
NO-RAG,999,239,O=C([O-])c1cc(C(=O)[O-])cc(-c2cccnc2)c1,O=C([O-])c1cc(C(=O)[O-])cc(-c2cccnc2)c1INVALID,0.0,0.0,NO,NO,,NO,NO,NO,NO,NO
NO-RAG,999,240,O=C([O-])c1cccc(Cl)c1C(=O)[O-],O=C([O-])c1cccc(Cl)c1C(=O)[O-]INVALID,0.0,0.0,NO,NO,,NO,NO,NO,NO,NO
NO-RAG,999,241,O=C([O-])CCn1c(=O)n(CCC(=O)[O-])c(=O)n(CCC(=O)[O-])c1=O,O=C([O-])C1=CC2SC(C(=O)[O-])SC2=N1,0.262,0.108,YES,YES,1.2943,NO,NO,NO,NO,NO
NO-RAG,999,242,O=C([O-])c1cccc(S(O)(O)O)c1,O=C([O-])N1CCN(CP(=O)(O)O)CC1,0.323,0.186,YES,YES,1.4986,NO,NO,NO,NO,NO
NO-RAG,999,243,CC=CC(=O)[O-],O=C([O-])CCCC(=O)[O-],0.4,0.417,YES,YES,1.4162,NO,NO,NO,NO,NO
NO-RAG,999,244,O=C([O-])c1ccc(C(c2ccc(C(=O)[O-])cc2)(C(F)(F)F)C(F)(F)F)cc1,O=C([O-])c1ccc(C(c2ccc(C(=O)[O-])cc2)(C(F)(F)F)C(F)(F)F)cc1INVALID,0.0,0.0,NO,NO,,NO,NO,NO,NO,NO
NO-RAG,999,245,Nc1c(O)c(C2=NNC(c3c(N)c(O)c(C(=O)[O-])c(N)c3O)=NN2)c(N)c(O)c1C(=O)[O-],O=C([O-])c1ccccccc(O)cc(C(=O)[O-])c(O)ccc1O,0.385,0.11,YES,YES,3.756,NO,NO,NO,NO,NO
NO-RAG,999,246,O=C([O-])c1cc(NCc2ccncc2)cc(C(=O)[O-])c1,O=C([O-])c1ccncc1,0.483,0.343,YES,YES,1.2804,NO,NO,NO,NO,NO
NO-RAG,999,247,O=CC(C(=O)[O-])=C(Br)C=CC(=O)[O-],COC(C(=O)[O-])=C(N)C(N)=CC(=O)[O-]INVALID,0.0,0.0,NO,NO,,NO,NO,NO,NO,NO
NO-RAG,999,248,O=C([O-])c1ccc(Oc2ccc(C(=O)[O-])cc2)cc1,O=C([O-])c1ccc(Oc2ccc(C(=O)[O-])cc2)cc1INVALID,0.0,0.0,NO,NO,,NO,NO,NO,NO,NO
NO-RAG,999,249,Cc1c(CSc2ccncc2)c(C)c(CSc2ccncc2)c(C)c1CSc1ccncc1,c1ccc(-c2nnc(-c3ccncc3)n2-c2ccncc2)nc1,0.318,0.176,YES,YES,1.4185,NO,NO,NO,NO,NO
NO-RAG,999,250,O=S(=O)(Nc1cccnc1)c1cccnc1,O=C(Nc1cccnc1)c1cccnc1INVALID,0.0,0.0,NO,NO,,NO,NO,NO,NO,NO
NO-RAG,999,251,Clc1cnccn1,Cc1nnc(C)[nH]1,0.37,0.0,YES,YES,1.555,NO,NO,NO,NO,NO
NO-RAG,999,252,Nc1cnccn1,c1cnc(SCSc2ncccn2)nc1,0.387,0.0,YES,NO,0.8548,NO,NO,NO,NO,NO
NO-RAG,999,253,Cc1nnc(C)[nH]1,[CH]1N=CNN1CCCCCCN1[CH]N=CN1,0.381,0.037,YES,NO,2.4999,NO,NO,NO,NO,NO
NO-RAG,999,254,CC(O)C(=O)[O-],O=C([O-])CNC(=O)C(=O)NCC(=O)[O-],0.25,0.264,YES,NO,2.3859,NO,NO,NO,NO,NO
NO-RAG,999,255,C(=Nn1cnnc1)c1ccccn1,c1cnc(Sc2cnccn2)cn1,0.412,0.0,YES,NO,1.1094,NO,NO,NO,NO,NO
NO-RAG,999,256,O=C([O-])C=CC(Br)=CC(=O)[O-],O=C([O-])C12C3C4C1C1C2C3C41C(=O)[O-],0.409,0.173,YES,NO,1.0662,NO,NO,NO,NO,NO
NO-RAG,999,257,O=C([O-])CCP(=O)(O)c1ccccc1,O=C([O-])CNS(=O)(=O)c1cccnc1,0.368,0.257,YES,YES,1.0996,NO,NO,NO,NO,NO
NO-RAG,999,258,O=Cc1cncc2c(C=O)cncc12,Cc1cnc2c(n1)CC2,0.429,0.112,YES,YES,1.2265,NO,NO,NO,NO,NO
NO-RAG,999,259,COc1ccc(-c2nc(C(=O)[O-])c(C(=O)[O-])[nH]2)cc1,O=C([O-])c1cc(C(=O)O)cc([N+](=O)[O-])c1,0.259,0.309,YES,YES,0.9634,NO,NO,NO,NO,NO
NO-RAG,999,260,O=C[O-],O=C[O-]INVALID,0.0,0.0,NO,NO,,NO,NO,NO,NO,NO
NO-RAG,999,261,N#Cc1ccccc1CSCc1ccccc1C#N,c1cc(CCCCc2ccncc2)ccn1,0.348,0.032,YES,NO,0.4935,NO,NO,NO,NO,NO
NO-RAG,999,262,Ic1nc2ccccc2[nH]1,C1Cc2nnc3c4c(nnc(c24)C1)CCC3,0.382,0.351,YES,NO,4.4268,NO,NO,NO,NO,NO
NO-RAG,999,263,c1ccc2c(c1)CSCc1ccc(cc1)CSCc1ccccc1OCCCO2,C1=NN=CC1=Cc1ccncc1,0.119,0.0,YES,YES,1.3871,NO,NO,NO,NO,NO
NO-RAG,999,264,O=C([O-])c1cc(OCc2ccccc2C(=O)O)cc(C(=O)[O-])c1,O=C([O-])c1cc(OCc2ccccc2C(=O)[O-])cc(C(=O)O)c1INVALID,0.0,0.0,NO,NO,,NO,NO,NO,NO,NO
NO-RAG,999,265,NCc1ccncc1,Cc1nccn1CCCCn1ccnc1C,0.282,0.099,YES,YES,1.4274,NO,NO,NO,NO,NO
NO-RAG,999,266,c1ccc(-c2nnn[nH]2)nc1,c1ccc(OCCSc2ccccn2)nc1,0.25,0.366,YES,YES,1.7451,NO,NO,NO,NO,NO
NO-RAG,999,267,O=C([O-])C(Cl)=C(Cl)C(=O)[O-],O=C([O-])C(Cl)=C(Cl)C(=O)[O-]INVALID,0.0,0.0,NO,NO,,NO,NO,NO,NO,NO
NO-RAG,999,268,NC(CC(=O)[O-])C(=O)[O-],CC(C(=O)[O-])C(=O)[O-]INVALID,0.0,0.0,NO,NO,,NO,NO,NO,NO,NO
NO-RAG,999,269,O=C([O-])c1c(F)c(F)c(C(=O)[O-])c(F)c1F,O=C([O-])c1c(F)c(F)c(C(=O)[O-])c(F)c1FINVALID,0.0,0.0,NO,NO,,NO,NO,NO,NO,NO
NO-RAG,999,270,O=C([O-])c1c([N+](=O)[O-])c([N+](=O)[O-])c(C(=O)[O-])c2ccccc12,O=C([O-])c1c([N+](=O)[O-])c([N+](=O)[O-])c(C(=O)[O-])c2ccccc12INVALID,0.0,0.0,NO,NO,,NO,NO,NO,NO,NO
NO-RAG,999,271,O=C([O-])Cc1ccc(CC(=O)[O-])cc1,O=C([O-])c1ccccc1C(=O)[O-]INVALID,0.0,0.0,NO,NO,,NO,NO,NO,NO,NO
NO-RAG,999,272,COc1cc(C(=O)[O-])cc(C(=O)[O-])c1,COc1cc(C(=O)[O-])cc(C(=O)[O-])c1INVALID,0.0,0.0,NO,NO,,NO,NO,NO,NO,NO
NO-RAG,999,273,O=C([O-])Cc1nnn[nH]1,O=C([O-])Cc1nnn[nH]1INVALID,0.0,0.0,NO,NO,,NO,NO,NO,NO,NO
NO-RAG,999,274,O=C([O-])c1ccnc(C(=O)[O-])c1,O=C([O-])c1ccnc(C(=O)[O-])c1INVALID,0.0,0.0,NO,NO,,NO,NO,NO,NO,NO
NO-RAG,999,275,O=C([O-])c1ccc(-c2ccc(C(=O)[O-])cc2)cc1,CC1=CC2=C(C(=O)[O-])C=C(c3cccnc3)C=CC1=CC=C2C(=O)[O-],0.464,0.14,YES,YES,0.5086,NO,NO,NO,NO,NO
NO-RAG,999,276,c1cn(CCCCn2ccnc2)cn1,c1cn(CCCCn2ccnc2)cn1INVALID,0.0,0.0,NO,NO,,NO,NO,NO,NO,NO
NO-RAG,999,277,O=C([O-])C#CC(Cl)=C(Cl)C#CC(=O)[O-],O=C([O-])C#CC(Cl)=C(Cl)C#CC(=O)[O-]INVALID,0.0,0.0,NO,NO,,NO,NO,NO,NO,NO
NO-RAG,999,278,O=C([O-])C=CCC(=O)[O-],O=C([O-])C=CCC(=O)[O-]INVALID,0.0,0.0,NO,NO,,NO,NO,NO,NO,NO
NO-RAG,999,279,O=C([O-])c1cc(C(=O)[O-])cc(-c2cc(-c3cc(C(=O)[O-])cc(C(=O)[O-])c3)c3ccc4c(-c5cc(C(=O)[O-])cc(C(=O)[O-])c5)cc(-c5cc(C(=O)[O-])cc(C(=O)[O-])c5)c5ccc2c3c54)c1,O=C([O-])c1cc(C(=O)[O-])cc(-c2cc(-c3cc(C(=O)[O-])cc(C(=O)[O-])c3)c3ccc4c(-c5cc(C(=O)[O-])cc(C(=O)[O-])c5)cc(-c5cc(C(=O)[O-])cc(C(=O)[O-])c5)c5ccc2c3c54)c1INVALID,0.0,0.0,NO,NO,,NO,NO,NO,NO,NO
NO-RAG,999,280,O=C([O-])c1cc(C(=O)[O-])cc([N+](=O)[O-])c1,O=C([O-])c1cc(C(=O)[O-])cc([N+](=O)[O-])c1INVALID,0.0,0.0,NO,NO,,NO,NO,NO,NO,NO
NO-RAG,999,281,NC(=O)c1ccccc1OCC(=O)[O-],NC(=O)c1ccccc1OCC(=O)[O-]INVALID,0.0,0.0,NO,NO,,NO,NO,NO,NO,NO
NO-RAG,999,282,C[Si](C)(c1ccncc1)c1ccncc1,ON=C(O)N=CNO,0.039,0.04,YES,YES,1.954,NO,NO,NO,NO,NO
NO-RAG,999,283,O=C([O-])c1nn[nH]c1C(=O)[O-],O=C([O-])c1nnn[nH]1INVALID,0.0,0.0,NO,NO,,NO,NO,NO,NO,NO
NO-RAG,999,284,O=C([O-])c1cc2ccccc2c(Cc2c(O)c(C(=O)[O-])cc3ccccc23)c1O,O=C([O-])c1ccncc1C(=O)[O-],0.424,0.12,YES,NO,1.0862,NO,NO,NO,NO,NO
NO-RAG,999,285,O=C([O-])c1c(Cl)c(Cl)c(C(=O)[O-])c(Cl)c1Cl,O=C([O-])c1cc(Cl)c(Cl)cc1ClINVALID,0.0,0.0,NO,NO,,NO,NO,NO,NO,NO
NO-RAG,999,286,O=C([O-])c1cccnc1C(=O)[O-],O=C([O-])c1cccnc1C(=O)[O-]INVALID,0.0,0.0,NO,NO,,NO,NO,NO,NO,NO
NO-RAG,999,287,N#CS,N#CSINVALID,0.0,0.0,NO,NO,,NO,NO,NO,NO,NO
NO-RAG,999,288,O=C([O-])c1cc(O)cc(C(=O)[O-])c1,O=C([O-])c1ccc(C(=O)[O-])cc1INVALID,0.0,0.0,NO,NO,,NO,NO,NO,NO,NO
NO-RAG,999,289,O.OI,O.O.OIINVALID,0.0,0.0,NO,NO,,NO,NO,NO,NO,NO
NO-RAG,999,290,O=C([O-])c1cc(C(=O)[O-])cc(C(=O)O)c1,O=C([O-])c1cc(C(=O)[O-])cc(C(=O)O)c1INVALID,0.0,0.0,NO,NO,,NO,NO,NO,NO,NO
NO-RAG,999,291,O=C([O-])C=Cc1ccc(C(=O)[O-])cc1,O=C([O-])C=Cc1ccc(C(=O)[O-])cc1INVALID,0.0,0.0,NO,NO,,NO,NO,NO,NO,NO
NO-RAG,999,292,O=C([O-])c1ccc(-c2ccc(C(=O)[O-])c([N+](=O)[O-])c2)cc1[N+](=O)[O-],O=C([O-])c1ccc(-c2ccc(C(=O)[O-])c([N+](=O)[O-])c2)cc1[N+](=O)[O-]INVALID,0.0,0.0,NO,NO,,NO,NO,NO,NO,NO
NO-RAG,999,293,OS(O)(O)c1ccc2cc(S(O)(O)O)ccc2c1,OS(O)(O)c1ccc2cc(S(O)(O)O)ccc2c1INVALID,0.0,0.0,NO,NO,,NO,NO,NO,NO,NO
NO-RAG,999,294,O=C([O-])CCCCCCCC(=O)[O-],O=C([O-])CCCCCCCC(=O)[O-]INVALID,0.0,0.0,NO,NO,,NO,NO,NO,NO,NO
NO-RAG,999,295,[CH2]C(=O)c1ccccc1,O=C([O-])CCCCCCCC(=O)[O-],0.105,0.205,YES,YES,3.3234,NO,NO,NO,NO,NO
NO-RAG,999,296,O=C([O-])c1ccccc1,O=C([O-])c1ccccc1INVALID,0.0,0.0,NO,NO,,NO,NO,NO,NO,NO
NO-RAG,999,297,O=C(O)c1cc(S(O)(O)O)c2cc(C(=O)O)cc(S(O)(O)O)c2c1,O=C(O)c1cc(S(O)(O)O)c2cc(C(=O)O)cc(S(O)(O)O)c2c1INVALID,0.0,0.0,NO,NO,,NO,NO,NO,NO,NO
NO-RAG,999,298,O=C([O-])c1ccncc1,O=C([O-])c1ccncc1INVALID,0.0,0.0,NO,NO,,NO,NO,NO,NO,NO
NO-RAG,999,299,O=C([O-])c1cccnc1-c1ncccc1C(=O)[O-],O=C([O-])c1cccc(-n2ccc(=O)cc2)c1C(=O)[O-]INVALID,0.0,0.0,NO,NO,,NO,NO,NO,NO,NO
NO-RAG,999,300,O=C([O-])c1ccccn1,O=C([O-])c1cccnc1C(=O)[O-]INVALID,0.0,0.0,NO,NO,,NO,NO,NO,NO,NO
NO-RAG,999,301,O=C([O-])c1ccc(C#Cc2ccc(C(=O)[O-])c(Cl)c2)cc1Cl,O=C([O-])c1ccc(C#Cc2ccc(C(=O)[O-])c(Cl)c2)cc1ClINVALID,0.0,0.0,NO,NO,,NO,NO,NO,NO,NO
NO-RAG,999,302,Fc1cnc(F)cn1,Fc1cnc(F)cn1INVALID,0.0,0.0,NO,NO,,NO,NO,NO,NO,NO
NO-RAG,999,303,O=C([O-])c1cc(C(=O)[O-])cc(C(=O)[O-])c1,O=C([O-])c1cc(C(=O)[O-])cc(C(=O)[O-])c1INVALID,0.0,0.0,NO,NO,,NO,NO,NO,NO,NO
NO-RAG,999,304,O=C([O-])Cc1ccccc1CC(=O)[O-],O=C([O-])Cc1ccccc1CC(=O)[O-]INVALID,0.0,0.0,NO,NO,,NO,NO,NO,NO,NO
NO-RAG,999,305,O=C([O-])c1cc2ccc3cc(C(=O)[O-])cc4ccc(c1)c2c34,O=C([O-])c1cc2ccc3cc(C(=O)[O-])cc4ccc(c1)c2c34INVALID,0.0,0.0,NO,NO,,NO,NO,NO,NO,NO
NO-RAG,999,306,NC1=N[CH]c2ncn(CC(=O)[O-])c2N1,NC1=N[CH]c2ncn(CC(=O)[O-])c2N1INVALID,0.0,0.0,NO,NO,,NO,NO,NO,NO,NO
NO-RAG,999,307,O=C(O)c1ccc(-c2cc(C(=O)[O-])c(-c3ccc(C(=O)O)cc3)cc2C(=O)[O-])cc1,C=C(C=C(C=CC=C(C=CC(=CC=O)C=C(C=CC(=O)[O-])C(=O)O)C(=O)[O-])C(=O)[O-])C(=O)O,0.478,0.08,YES,YES,1.277,NO,NO,NO,NO,NO
NO-RAG,999,308,O=C([O-])C(=O)O,O=C([O-])C(=O)[O-]INVALID,0.0,0.0,NO,NO,,NO,NO,NO,NO,NO
NO-RAG,999,309,Nc1c(I)c(C(=O)[O-])c(I)c(C(=O)[O-])c1I,Nc1c(I)c(C(=O)[O-])c(I)c(C(=O)[O-])c1IINVALID,0.0,0.0,NO,NO,,NO,NO,NO,NO,NO
NO-RAG,999,310,OS(O)(O)c1cccc2c(S(O)(O)O)cccc12,OS(O)(O)c1cccc2c(S(O)(O)O)cccc12INVALID,0.0,0.0,NO,NO,,NO,NO,NO,NO,NO
NO-RAG,999,311,O=C([O-])c1cnccn1,O=C([O-])c1cnccn1INVALID,0.0,0.0,NO,NO,,NO,NO,NO,NO,NO
NO-RAG,999,312,O=C([O-])c1c(F)c(F)c(C#Cc2c(F)c(F)c(C(=O)[O-])c(F)c2F)c(F)c1F,O=C([O-])c1c(F)c(F)c(C#Cc2c(F)c(F)c(C(=O)[O-])c(F)c2F)c(F)c1FINVALID,0.0,0.0,NO,NO,,NO,NO,NO,NO,NO
NO-RAG,999,313,O=C([O-])c1ccc(Oc2cc(C(=O)[O-])cc(C(=O)[O-])c2)cc1,O=C([O-])c1ccc(Oc2cc(C(=O)[O-])cc(C(=O)[O-])c2)cc1INVALID,0.0,0.0,NO,NO,,NO,NO,NO,NO,NO
NO-RAG,999,314,N#CC(C#N)=c1c(=O)c(=C(C#N)C#N)c1=O,N#CC(C#N)=c1c(=O)c(=C(C#N)C#N)c1=OINVALID,0.0,0.0,NO,NO,,NO,NO,NO,NO,NO
NO-RAG,999,315,CC(=O)[O-],CC(=O)[O-]INVALID,0.0,0.0,NO,NO,,NO,NO,NO,NO,NO
NO-RAG,999,316,O=C([O-])c1cc[n+]([O-])cc1,O=C([O-])c1cc[n+]([O-])cc1INVALID,0.0,0.0,NO,NO,,NO,NO,NO,NO,NO
NO-RAG,999,317,O=C([O-])c1cc(C(=O)[O-])cc(S(O)(O)O)c1,O=C([O-])c1cc(C(=O)[O-])cc(S(O)(O)O)c1INVALID,0.0,0.0,NO,NO,,NO,NO,NO,NO,NO
NO-RAG,999,318,O=C([O-])C1C(C(=O)[O-])C(C(=O)[O-])C(C(=O)[O-])C(C(=O)[O-])C1C(=O)[O-],O=C([O-])C1C(C(=O)[O-])C(C(=O)[O-])C(C(=O)[O-])C(C(=O)[O-])C1C(=O)[O-]INVALID,0.0,0.0,NO,NO,,NO,NO,NO,NO,NO
NO-RAG,999,319,O=C(O)CC(O)(CC(=O)O)C(=O)[O-],O=C(O)CC(O)(CC(=O)O)C(=O)[O-]INVALID,0.0,0.0,NO,NO,,NO,NO,NO,NO,NO
NO-RAG,999,320,O=C([O-])c1cc(S(=O)(=O)c2ccc(C(=O)[O-])c(C(=O)O)c2)ccc1C(=O)O,O=C([O-])c1cc(C(=O)[O-])cc(C(=O)O)c1,0.382,0.329,YES,YES,1.0498,NO,NO,NO,NO,NO
NO-RAG,999,321,c1nc[nH]n1,c1nc[nH]n1INVALID,0.0,0.0,NO,NO,,NO,NO,NO,NO,NO
NO-RAG,999,322,C1CCSC1,c1nnn[nH]1,0.143,0.0,YES,YES,0.7991,NO,NO,NO,NO,NO
NO-RAG,999,323,O=C([O-])c1cc([N+](=O)[O-])c2c([N+](=O)[O-])c(C(=O)[O-])cc([N+](=O)[O-])c2c1[N+](=O)[O-],O=C([O-])c1cc([N+](=O)[O-])c2c([N+](=O)[O-])c(C(=O)[O-])cc([N+](=O)[O-])c2c1[N+](=O)[O-]INVALID,0.0,0.0,NO,NO,,NO,NO,NO,NO,NO
NO-RAG,999,324,O=C1C(=O)C(Cl)C(=O)C(=O)C1Cl,O=C1C(=O)C(Cl)C(=O)C(=O)C1ClINVALID,0.0,0.0,NO,NO,,NO,NO,NO,NO,NO
NO-RAG,999,325,O=C([O-])c1cc(N2[CH]N=CN2)cc(N2[CH]N=CN2)c1,O=C([O-])c1cc(N2[CH]N=CN2)cc(N2[CH]N=CN2)c1INVALID,0.0,0.0,NO,NO,,NO,NO,NO,NO,NO
NO-RAG,999,326,C1CNCCN1,C1CNCCN1INVALID,0.0,0.0,NO,NO,,NO,NO,NO,NO,NO
NO-RAG,999,327,O=C([O-])c1c(F)c(F)c(C(=O)[O-])c2cc(F)c(F)cc12,O=C([O-])c1c(F)c(F)c(C(=O)[O-])c2cc(F)c(F)cc12INVALID,0.0,0.0,NO,NO,,NO,NO,NO,NO,NO
NO-RAG,999,328,O=C1C([N+](=O)[O-])=CC([N+](=O)[O-])C(O)=C1[N+](=O)[O-],O=C1C([N+](=O)[O-])=CC([N+](=O)[O-])C(O)=C1[N+](=O)[O-]INVALID,0.0,0.0,NO,NO,,NO,NO,NO,NO,NO
NO-RAG,999,329,O=C([O-])c1ccc(C(=O)[O-])c2ccccc12,O=C([O-])c1ccc(C(=O)[O-])cc1INVALID,0.0,0.0,NO,NO,,NO,NO,NO,NO,NO
NO-RAG,999,330,c1nnnn1CCn1cnnn1,O=C(O)c1cncnc1,0.25,0.05,YES,YES,1.4367,NO,NO,NO,NO,NO
NO-RAG,999,331,O=C([O-])c1cc([N+](=O)[O-])c(C(=O)[O-])cc1[N+](=O)[O-],O=C([O-])c1cc([N+](=O)[O-])c(C(=O)[O-])cc1[N+](=O)[O-]INVALID,0.0,0.0,NO,NO,,NO,NO,NO,NO,NO
NO-RAG,999,332,O=C([O-])c1ccccc1C(=O)[O-],O=C([O-])c1ccccc1C(=O)[O-]INVALID,0.0,0.0,NO,NO,,NO,NO,NO,NO,NO
NO-RAG,999,333,CCCn1cnc2c1NC=NC2Cl,c1cc(-c2nnn[nH]2)ccn1,0.346,0.0,YES,YES,2.8419,NO,NO,NO,NO,NO
NO-RAG,999,334,O=C([O-])CCN1[CH]C=C(C2=C[CH]N(CCC(=O)[O-])C=C2)C=C1,O=C([O-])c1ccccc1F,0.182,0.117,YES,NO,1.1993,NO,NO,NO,NO,NO
NO-RAG,999,335,O=C([O-])c1cc(C(=O)[O-])cc(-c2cc(C(=O)[O-])cc(C(=O)[O-])c2)c1,O=C([O-])c1cc(C(=O)[O-])cc(-c2cc(C(=O)[O-])cc(C(=O)[O-])c2)c1INVALID,0.0,0.0,NO,NO,,NO,NO,NO,NO,NO
NO-RAG,999,336,O=C([O-])C=Cc1ccncc1,O=C([O-])C=Cc1ccncc1INVALID,0.0,0.0,NO,NO,,NO,NO,NO,NO,NO
NO-RAG,999,337,O=C([O-])c1ccc(C#Cc2ccc(C(=O)[O-])cc2)cc1,O=C([O-])c1ccc(-c2ccc(C(=O)[O-])cc2)cc1INVALID,0.0,0.0,NO,NO,,NO,NO,NO,NO,NO
NO-RAG,999,338,C(c1nnn[nH]1)c1nnn[nH]1,O=C(O)CC(O)C(=O)O.O=C([O-])COC(O)C(O)C(O)C(=O)O,0.047,0.027,YES,YES,0.4549,NO,NO,NO,NO,NO
NO-RAG,999,339,O=C([O-])c1cc(O)c(C(=O)[O-])cc1O,O=C([O-])c1cc(O)c(C(=O)[O-])cc1OINVALID,0.0,0.0,NO,NO,,NO,NO,NO,NO,NO
NO-RAG,999,340,CCc1c(C#N)c(CC)c(CC)c(C#N)c1CC,CCCOC=C(OCCC)C(OCCC)C(OCCC)C(OCCC)C(OCCC)C(OCCC)C(OCCC)(OCCC)C(C)OCCC,0.189,0.032,YES,YES,1.913,NO,NO,NO,NO,NO
NO-RAG,999,341,O=C([O-])c1cncc(O)c1,O=C([O-])c1cncc(O)c1INVALID,0.0,0.0,NO,NO,,NO,NO,NO,NO,NO
NO-RAG,999,342,O=C([O-])c1cccc(C(=O)[O-])n1,O=C([O-])c1cccc(C(=O)[O-])n1INVALID,0.0,0.0,NO,NO,,NO,NO,NO,NO,NO
NO-RAG,999,343,O=C([O-])c1cncc(-c2ccccc2C(=O)[O-])c1,O=C([O-])c1cncc(-c2ccccc2C(=O)[O-])c1INVALID,0.0,0.0,NO,NO,,NO,NO,NO,NO,NO
NO-RAG,999,344,Cc1cc(C#Cc2cc(C)c(C(=O)[O-])c(C)c2)cc(C)c1C(=O)[O-],Nc1cc(C=Cc2cc(N)c(C(=O)[O-])c(N)c2)cc(N)c1C(=O)[O-],0.485,0.41,YES,NO,6.7134,NO,NO,NO,NO,NO
NO-RAG,999,345,c1cn(Cc2cc(Cn3ccnc3)c(Cn3ccnc3)cc2Cn2ccnc2)cn1,c1cc(Cn2ccnc2)cc(Cn2ccnc2)c1INVALID,0.0,0.0,NO,NO,,NO,NO,NO,NO,NO
NO-RAG,999,346,Nc1cc(C(=O)[O-])ccc1-c1ccc(C(=O)[O-])cc1N,O=C([O-])c1ccccc1O,0.375,0.441,YES,NO,6.1628,NO,NO,NO,NO,NO
NO-RAG,999,347,O=C([O-])c1ccc(-c2ccc(C(=O)[O-])cc2O)c(O)c1,O=C([O-])c1ccc(-c2ccc(C(=O)[O-])cc2O)c(O)c1INVALID,0.0,0.0,NO,NO,,NO,NO,NO,NO,NO
NO-RAG,999,348,O=C([O-])c1nccnc1C(=O)[O-],O=C([O-])c1nccnc1C(=O)[O-]INVALID,0.0,0.0,NO,NO,,NO,NO,NO,NO,NO
NO-RAG,999,349,COc1cc(C(=O)[O-])ccc1C#Cc1cc(OC)c(C(=O)[O-])cc1-c1ccccc1,CCC=C1C=c2c(C(=O)[O-])cccc2=CC=C1C(=O)[O-],0.417,0.292,YES,YES,1.865,NO,NO,NO,NO,NO
NO-RAG,999,350,O=C([O-])c1c(F)c(F)c(C(=O)[O-])c2c(F)c(F)c(F)c(F)c12,O=C([O-])c1c(F)c(F)c(C(=O)[O-])c2ccccc12INVALID,0.0,0.0,NO,NO,,NO,NO,NO,NO,NO
NO-RAG,999,351,O=C([O-])c1cnc(C(=O)[O-])cn1,O=C([O-])c1cccnc1C(=O)[O-]INVALID,0.0,0.0,NO,NO,,NO,NO,NO,NO,NO
NO-RAG,999,352,O=C([O-])c1ccc(Oc2cc(Oc3ccc(C(=O)[O-])cc3)cc(C(=O)[O-])c2)cc1,O=C([O-])c1ccc(Oc2cc(Oc3ccc(C(=O)[O-])cc3)cc(C(=O)[O-])c2)cc1INVALID,0.0,0.0,NO,NO,,NO,NO,NO,NO,NO
NO-RAG,999,353,O=C([O-])c1ccc(-c2cc(C(=O)[O-])cc(C(=O)[O-])c2)cc1,O=C([O-])c1ccc(-c2cc(C(=O)[O-])cc(C(=O)[O-])c2)cc1INVALID,0.0,0.0,NO,NO,,NO,NO,NO,NO,NO
NO-RAG,999,354,O=C([O-])c1cc(F)c(C(=O)[O-])cc1F,O=C([O-])c1cc(F)c(C(=O)[O-])cc1FINVALID,0.0,0.0,NO,NO,,NO,NO,NO,NO,NO
NO-RAG,999,355,[CH](NN[CH]c1ccncc1)c1ccncc1,c1cc(CCCc2ccncc2)ccn1INVALID,0.0,0.0,NO,NO,,NO,NO,NO,NO,NO
NO-RAG,999,356,O=C([O-])c1ccccc1C(=O)O,O=C([O-])c1ccccc1C(=O)OINVALID,0.0,0.0,NO,NO,,NO,NO,NO,NO,NO
NO-RAG,999,357,CC(CCC(=O)[O-])C(=O)[O-],CC(CCC(=O)[O-])C(=O)[O-]INVALID,0.0,0.0,NO,NO,,NO,NO,NO,NO,NO
NO-RAG,999,358,O=C([O-])c1cc(S(O)(O)O)c(C(=O)[O-])c2c1CC2,O=C([O-])c1ccc(C(c2ccc(C(=O)[O-])c(C(=O)[O-])c2)(C(F)(F)F)C(F)(F)F)cc1C(=O)[O-],0.34,0.299,YES,NO,3.6475,NO,NO,NO,NO,NO
NO-RAG,999,359,CNC1(F)CC2(C#CC(=O)[O-])CCC1(C#CC(=O)[O-])CC2,CCC1CC2(C#CC(=O)[O-])CCC1(C#CC(=O)[O-])CC2OINVALID,0.0,0.0,NO,NO,,NO,NO,NO,NO,NO
NO-RAG,999,360,Cc1nccn1Cc1ccncc1,c1cc(-c2nnc(-c3ccncc3)o2)ccn1,0.341,0.338,YES,YES,1.6293,NO,NO,NO,NO,NO
NO-RAG,999,361,c1cn(Cc2ccc(Cn3ccnc3)cc2)cn1,O=C(c1ccncc1)c1cccnc1,0.345,0.087,YES,NO,1.1553,NO,NO,NO,NO,NO
NO-RAG,999,362,c1cncnc1,c1cncnc1INVALID,0.0,0.0,NO,NO,,NO,NO,NO,NO,NO
NO-RAG,999,363,CCC12C3C4(C(=O)[O-])C5(CC)C(C1(C(=O)[O-])C35[N+](=O)[O-])C24[N+](=O)[O-],O=C([O-])C1C(I)CC2(C(=O)[O-])CC1CC2I,0.312,0.471,YES,YES,1.4357,NO,NO,NO,NO,NO
NO-RAG,999,364,O=C([O-])CN(CC(=O)[O-])CC(=O)[O-],O=C([O-])CCC(=O)[O-],0.478,0.285,YES,YES,1.3653,NO,NO,NO,NO,NO
NO-RAG,999,365,c1cn(-c2ccc(NNc3ccc(-n4ccnc4)cc3)cc2)cn1,O=C1[CH]C(=O)NC(=S)N1,0.231,0.0,YES,NO,1.9487,NO,NO,NO,NO,NO
NO-RAG,999,366,Nc1cc(C#Cc2cc(N)c(C(=O)[O-])c(N)c2)cc(N)c1C(=O)[O-],O=C([O-])C1=CC=C2C=C(Br)C(=CC=C(CBr)C(=O)[O-])C2C=C1,0.256,0.148,YES,YES,6.7536,NO,NO,NO,NO,NO
NO-RAG,999,367,CCc1cc2c(cc(CC)c3ccc(C(=O)[O-])c(F)c32)c2cc(C(=O)[O-])ccc12,CC1C=C(C(=O)[O-])C(C(=O)O)=C(C(=O)[O-])C(C(=O)[O-])=C1CC(=O)O,0.371,0.12,YES,YES,1.6326,NO,NO,NO,NO,NO
NO-RAG,999,368,O=C(O)c1cccc(Oc2cccc(C(=O)O)c2C(=O)[O-])c1.O=C(O)c1cccc(Oc2cccc(C(=O)O)c2C(=O)[O-])c1,Cc1cccc(C)[n+]1C(=O)[O-],0.134,0.058,YES,YES,1.7661,NO,NO,NO,NO,NO
NO-RAG,999,369,O=C([O-])CN(CCN(CC(=O)[O-])CC(=O)[O-])CCN(CC(=O)O)CC(=O)O,O=C([O-])Cn1cnnn1,0.36,0.135,YES,NO,0.6757,NO,NO,NO,NO,NO
NO-RAG,999,370,c1ccc(SSc2ccccn2)nc1,c1cnc(SCSc2ncccn2)nc1INVALID,0.0,0.0,NO,NO,,NO,NO,NO,NO,NO
NO-RAG,999,371,Nc1ccc(C=Cc2ccc(N)cc2S(O)(O)O)c(S(O)(O)O)c1,O=P(O)(O)c1ccccc1,0.395,0.246,YES,YES,0.6652,NO,NO,NO,NO,NO
NO-RAG,999,372,O=C([O-])c1cc(C(=O)[O-])c(C(=O)O)cc1C(=O)O,O=C([O-])c1cc(C(=O)[O-])c(C(=O)O)cc1C(=O)OINVALID,0.0,0.0,NO,NO,,NO,NO,NO,NO,NO
NO-RAG,999,373,O=C(Nc1cccnc1)c1ccc(C(=O)Nc2cccnc2)s1,c1cc(-c2ccncc2)ccn1,0.375,0.253,YES,YES,1.5117,NO,NO,NO,NO,NO
NO-RAG,999,374,NC1=N[CH]NN1,Cn1nn[nH]c1=S,0.413,0.0,YES,YES,3.2333,NO,NO,NO,NO,NO
NO-RAG,999,375,O=C([O-])c1cc(C(=O)O)c(C(=O)[O-])cc1C(=O)O,O=C([O-])c1ccc(C(=O)[O-])cc1INVALID,0.0,0.0,NO,NO,,NO,NO,NO,NO,NO
NO-RAG,999,376,O=[N+]([O-])c1cncc([N+](=O)[O-])c1C#Cc1c([N+](=O)[O-])cncc1[N+](=O)[O-],O=[N+]([O-])c1cncc([N+](=O)[O-])c1C#Cc1c([N+](=O)[O-])cncc1[N+](=O)[O-]INVALID,0.0,0.0,NO,NO,,NO,NO,NO,NO,NO
NO-RAG,999,377,O=C([O-])C(O)=C(O)C(=O)[O-],O=C([O-])C(O)=C(O)C(=O)[O-]INVALID,0.0,0.0,NO,NO,,NO,NO,NO,NO,NO
NO-RAG,999,378,C(#C[Si](C#Cc1cn[nH]c1)(C#CC1C=NN=C1)C#CC1C=NN=C1)C1=CN=N[CH]1,C(#C[Si](C#Cc1cn[nH]c1)(C#CC1C=NN=C1)C#CC1C=NN=C1)C1=CN=N[CH]1INVALID,0.0,0.0,NO,NO,,NO,NO,NO,NO,NO
NO-RAG,999,379,O=C([O-])CN1[CH]C=C(c2nnn[nH]2)C=C1,O=C([O-])c1cncc(Cl)c1,0.28,0.17,YES,NO,2.1426,NO,NO,NO,NO,NO
NO-RAG,999,380,Nc1ccccc1S,O=C([O-])c1cccc(C(=O)O)n1.O=C([O-])c1cccc(C(=O)[O-])n1,0.078,0.0,YES,NO,0.6051,NO,NO,NO,NO,NO
NO-RAG,999,381,O=C([O-])c1nc(-c2ccc3ccccc3c2)[nH]c1C(=O)[O-],O=C([O-])c1cc(N2[CH]N=CN2)cc(N2[CH]N=CN2)c1,0.429,0.276,YES,YES,1.2577,NO,NO,NO,NO,NO
NO-RAG,999,382,O=C(O)c1ccc(-c2ccc(-c3ccc(C(=O)O)cc3C(=O)[O-])cc2)c(C(=O)[O-])c1,O=C(O)c1ccc(-c2ccc(-c3ccc(C(=O)O)cc3C(=O)[O-])cc2)c(C(=O)[O-])c1INVALID,0.0,0.0,NO,NO,,NO,NO,NO,NO,NO
NO-RAG,999,383,c1ccc(-c2cc(-c3ccncc3)nc(-c3ccncc3)c2)nc1,C=CC=CC=C1C=CC=C(c2ccncc2)C=NC=C2NC=C(N=C1)C(=CC)c1cnccc12,0.467,0.199,YES,YES,3.7653,NO,NO,NO,NO,NO
NO-RAG,999,384,CSc1nccs1,O=P(O)(O)Cc1ccncc1,0.179,0.055,YES,YES,1.5843,NO,NO,NO,NO,NO
NO-RAG,999,385,O=C([O-])C1CCC(C(=O)[O-])CC1,O=C([O-])C1CCC(C(=O)[O-])CC1INVALID,0.0,0.0,NO,NO,,NO,NO,NO,NO,NO
NO-RAG,999,386,c1c[nH]cn1,c1c[nH]cn1INVALID,0.0,0.0,NO,NO,,NO,NO,NO,NO,NO
NO-RAG,999,387,c1ccc(-c2nnc(-c3ccncc3)[nH]2)nc1,c1ccc(-c2nnc(-c3ccncc3)[nH]2)nc1INVALID,0.0,0.0,NO,NO,,NO,NO,NO,NO,NO
NO-RAG,999,388,O=C([O-])c1cccc(-c2c3nc(c(-c4cccc(C(=O)[O-])c4)c4ccc([nH]4)c(-c4cccc(C(=O)[O-])c4)c4nc(c(-c5cccc(C(=O)[O-])c5)c5ccc2[nH]5)C=C4)C=C3)c1,C=CN=CC=CNNC(=O)C1CC(C(=O)[O-])=CC1=CC(=O)[O-],0.367,0.058,YES,YES,1.211,NO,NO,NO,NO,NO
NO-RAG,999,389,O=C([O-])c1cc2c(cc1C(=O)[O-])C(=O)c1ccccc1C2=O,O=C([O-])c1ccccc1I,0.44,0.395,YES,NO,1.8559,NO,NO,NO,NO,NO
NO-RAG,999,390,Cc1cc2ccc3nc(C)ccc3c2cn1,CC=CC1=CC=Cc2cc(-c3cn[nH]c3)ccc2C12C=NN=C2,0.361,0.249,YES,YES,2.2692,NO,NO,NO,NO,NO
NO-RAG,999,391,Nc1nc2ccccc2[nH]1,Nc1nc2ccccc2[nH]1INVALID,0.0,0.0,NO,NO,,NO,NO,NO,NO,NO
NO-RAG,999,392,O=C([O-])CCC(=O)[O-],O=C([O-])CCC(=O)[O-]INVALID,0.0,0.0,NO,NO,,NO,NO,NO,NO,NO
NO-RAG,999,393,CNC12C3C4C5C3(C#CC(=O)[O-])C1C5(NC)C42C#CC(=O)[O-],CNC12C3C4C5C3(C#CC(=O)[O-])C1C5(NC)C42C#CC(=O)[O-]INVALID,0.0,0.0,NO,NO,,NO,NO,NO,NO,NO
NO-RAG,999,394,O=C([O-])c1ccc(-c2ccccc2)cc1,O=C([O-])c1cccc(-c2cccnc2)c1INVALID,0.0,0.0,NO,NO,,NO,NO,NO,NO,NO
NO-RAG,999,395,CCCOc1c(C(=O)[O-])ccc2c(OCCC)c(C(=O)[O-])ccc12,CCCOc1c(C(=O)[O-])ccc2c(OCCC)c(C(=O)[O-])ccc12INVALID,0.0,0.0,NO,NO,,NO,NO,NO,NO,NO
NO-RAG,999,396,CN1c2cncc(n2)N(C)c2cncc(n2)N(C)c2cncc(n2)N(C)c2cncc1n2,C1=CC2C=CC1CSCc1cccc(c1)CS2,0.189,0.0,YES,YES,3.5858,NO,NO,NO,NO,NO
NO-RAG,999,397,CC(C(=O)[O-])C(=O)[O-],CC(C(=O)[O-])C(=O)[O-]INVALID,0.0,0.0,NO,NO,,NO,NO,NO,NO,NO
NO-RAG,999,398,O=C([O-])C(F)=C(F)C(=O)[O-],O=C([O-])C(F)=C(F)C(=O)[O-]INVALID,0.0,0.0,NO,NO,,NO,NO,NO,NO,NO
NO-RAG,999,399,O=C([O-])c1ccc(Oc2ccc(C(=O)[O-])c(C(=O)[O-])c2)cc1C(=O)[O-],O=C([O-])c1ccc(Oc2ccc(C(=O)[O-])c(C(=O)[O-])c2)cc1C(=O)[O-]INVALID,0.0,0.0,NO,NO,,NO,NO,NO,NO,NO
Vanilla-RAG,42,0,O=C([O-])c1cc[n+]([O-])cc1,O=C([O-])c1cccc(C(=O)[O-])[n+]1[O-],0.794,0.538,YES,NO,0.5083,YES,YES,YES,NO,NO
Vanilla-RAG,42,1,O=C([O-])c1cc(C(=O)[O-])cc(S(O)(O)O)c1,O=C([O-])c1cc(C(=O)[O-])cc(S(O)(O)O)c1,1.0,1.0,YES,YES,1.3412,YES,YES,YES,YES,YES
Vanilla-RAG,42,2,O=C([O-])C1C(C(=O)[O-])C(C(=O)[O-])C(C(=O)[O-])C(C(=O)[O-])C1C(=O)[O-],O=C([O-])C1C(C(=O)[O-])C(C(=O)[O-])C1C(=O)[O-],0.846,0.15,YES,NO,2.5036,YES,YES,YES,NO,NO
Vanilla-RAG,42,3,O=C(O)CC(O)(CC(=O)O)C(=O)[O-],O=C([O-])CC(O)(CC(=O)O)C(=O)[O-],1.0,1.0,YES,NO,1.8766,YES,YES,YES,YES,YES
Vanilla-RAG,42,4,O=C([O-])c1cc(S(=O)(=O)c2ccc(C(=O)[O-])c(C(=O)O)c2)ccc1C(=O)O,O=C([O-])c1cc(C(=O)[O-])cc(S(O)(O)O)c1,0.7,0.365,YES,YES,1.0673,YES,YES,YES,NO,NO
Vanilla-RAG,42,5,c1nc[nH]n1,c1cn[nH]n1,0.9,0.0,YES,YES,2.321,YES,YES,YES,YES,YES
Vanilla-RAG,42,6,C1CCSC1,c1nnc[nH]1,0.16,0.0,YES,NO,0.9355,NO,NO,NO,NO,NO
Vanilla-RAG,42,7,O=C([O-])c1cc([N+](=O)[O-])c2c([N+](=O)[O-])c(C(=O)[O-])cc([N+](=O)[O-])c2c1[N+](=O)[O-],O=C([O-])c1c([N+](=O)[O-])c([N+](=O)[O-])c(C(=O)[O-])c2cc([N+](=O)[O-])c([N+](=O)[O-])cc12,0.949,0.669,YES,YES,0.9864,YES,YES,YES,YES,YES
Vanilla-RAG,42,8,O=C1C(=O)C(Cl)C(=O)C(=O)C1Cl,O=C1C(=O)C(Cl)C(=O)C(=O)C1ClINVALID,0.0,0.0,NO,NO,,NO,NO,NO,NO,NO
Vanilla-RAG,42,9,O=C([O-])c1cc(N2[CH]N=CN2)cc(N2[CH]N=CN2)c1,Cc1c(CN2[CH]N=CN2)c(C)c(Cn2cncn2)c(C)c1CN1[CH]N=CN1,0.529,0.249,YES,YES,1.8965,YES,NO,NO,NO,NO
Vanilla-RAG,42,10,C1CNCCN1,C1CNCCN1,1.0,1.0,YES,YES,0.8306,YES,YES,YES,YES,YES
Vanilla-RAG,42,11,O=C([O-])c1c(F)c(F)c(C(=O)[O-])c2cc(F)c(F)cc12,O=C([O-])c1c(F)c(F)c(C(=O)[O-])c2cc(F)c(F)cc12,1.0,1.0,YES,YES,0.7136,YES,YES,YES,YES,YES
Vanilla-RAG,42,12,O=C1C([N+](=O)[O-])=CC([N+](=O)[O-])C(O)=C1[N+](=O)[O-],O=C(O)C1=CC([N+](=O)[O-])=CC([N+](=O)[O-])C1=O,0.95,0.212,YES,YES,1.4595,YES,YES,YES,YES,YES
Vanilla-RAG,42,13,O=C([O-])c1ccc(C(=O)[O-])c2ccccc12,O=C([O-])c1ccc(C(=O)[O-])cc1INVALID,0.0,0.0,NO,NO,,NO,NO,NO,NO,NO
Vanilla-RAG,42,14,c1nnnn1CCn1cnnn1,O=C(O)c1cncnc1,0.25,0.05,YES,YES,1.3959,NO,NO,NO,NO,NO
Vanilla-RAG,42,15,O=C([O-])c1cc([N+](=O)[O-])c(C(=O)[O-])cc1[N+](=O)[O-],O=C([O-])c1cc([N+](=O)[O-])c(C(=O)[O-])cc1[N+](=O)[O-],1.0,1.0,YES,YES,0.7121,YES,YES,YES,YES,YES
Vanilla-RAG,42,16,O=C([O-])c1ccccc1C(=O)[O-],O=C([O-])c1ccc(C(=O)[O-])cc1,0.857,0.75,YES,YES,0.7234,YES,YES,YES,YES,NO
Vanilla-RAG,42,17,CCCn1cnc2c1NC=NC2Cl,CCCn1cnc2c1NC=NC2N,0.833,0.925,YES,NO,3.0395,YES,YES,YES,YES,YES
Vanilla-RAG,42,18,O=C([O-])CCN1[CH]C=C(C2=C[CH]N(CCC(=O)[O-])C=C2)C=C1,O=C([O-])CN1[CH]C=C(C2=C[CH]N(CC(=O)[O-])C=C2)C=C1,0.868,0.732,YES,YES,1.328,YES,YES,YES,YES,NO
Vanilla-RAG,42,19,O=C([O-])c1cc(C(=O)[O-])cc(-c2cc(C(=O)[O-])cc(C(=O)[O-])c2)c1,O=C([O-])c1ccc(C(=O)[O-])cc1,0.8,0.369,YES,NO,1.7811,YES,YES,YES,NO,NO
Vanilla-RAG,42,20,O=C([O-])C=Cc1ccncc1,O=C([O-])[CH][CH]c1ccccn1,0.875,0.545,YES,NO,2.4872,YES,YES,YES,YES,NO
Vanilla-RAG,42,21,O=C([O-])c1ccc(C#Cc2ccc(C(=O)[O-])cc2)cc1,O=C([O-])c1ccc(-c2ccc(C(=O)[O-])cc2)cc1INVALID,0.0,0.0,NO,NO,,NO,NO,NO,NO,NO
Vanilla-RAG,42,22,C(c1nnn[nH]1)c1nnn[nH]1,O=C(O)CC(O)C(=O)O.O=C([O-])COC(O)C(O)C(O)C(=O)O,0.047,0.027,YES,YES,0.4728,NO,NO,NO,NO,NO
Vanilla-RAG,42,23,O=C([O-])c1cc(O)c(C(=O)[O-])cc1O,O=C([O-])c1cc(O)c(C(=O)[O-])cc1OINVALID,0.0,0.0,NO,NO,,NO,NO,NO,NO,NO
Vanilla-RAG,42,24,CCc1c(C#N)c(CC)c(CC)c(C#N)c1CC,CCCOC=C(OCCC)C(OCCC)C(OCCC)C(OCCC)C(OCCC)C(OCCC)C(OCCC)(OCCC)C(C)OCCC,0.189,0.032,YES,YES,1.913,NO,NO,NO,NO,NO
Vanilla-RAG,42,25,O=C([O-])c1cncc(O)c1,O=C([O-])c1cccnc1C(=O)[O-],0.63,0.75,YES,YES,0.7783,YES,YES,YES,NO,NO
Vanilla-RAG,42,26,O=C([O-])c1cccc(C(=O)[O-])n1,O=C([O-])c1cccnc1C(=O)[O-],0.864,0.75,YES,YES,0.6173,YES,YES,YES,YES,NO
Vanilla-RAG,42,27,O=C([O-])c1cncc(-c2ccccc2C(=O)[O-])c1,O=C([O-])c1cccnc1-c1ncccc1C(=O)[O-],0.852,0.489,YES,YES,1.5356,YES,YES,YES,YES,NO
Vanilla-RAG,42,28,Cc1cc(C#Cc2cc(C)c(C(=O)[O-])c(C)c2)cc(C)c1C(=O)[O-],Nc1cc(C=Cc2cc(N)c(C(=O)[O-])c(N)c2)cc(N)c1C(=O)[O-],0.485,0.41,YES,NO,6.8334,NO,NO,NO,NO,NO
Vanilla-RAG,42,29,c1cn(Cc2cc(Cn3ccnc3)c(Cn3ccnc3)cc2Cn2ccnc2)cn1,c1cc(Cn2ccnc2)cc(Cn2ccnc2)c1INVALID,0.0,0.0,NO,NO,,NO,NO,NO,NO,NO
Vanilla-RAG,42,30,Nc1cc(C(=O)[O-])ccc1-c1ccc(C(=O)[O-])cc1N,Nc1cc(C(=O)[O-])ccc1-c1ccc(C(=O)[O-])cc1N,1.0,1.0,YES,YES,5.5396,YES,YES,YES,YES,YES
Vanilla-RAG,42,31,O=C([O-])c1ccc(-c2ccc(C(=O)[O-])cc2O)c(O)c1,Nc1cc(C(=O)[O-])ccc1-c1ccc(C(=O)[O-])cc1N,0.581,0.902,YES,YES,3.4555,YES,YES,YES,YES,YES
Vanilla-RAG,42,32,O=C([O-])c1nccnc1C(=O)[O-],O=C([O-])c1cnccn1,0.8,0.75,YES,NO,0.8694,YES,YES,YES,NO,NO
Vanilla-RAG,42,33,COc1cc(C(=O)[O-])ccc1C#Cc1cc(OC)c(C(=O)[O-])cc1-c1ccccc1,CCC=C1C=c2c(C(=O)[O-])cccc2=CC=C1C(=O)[O-],0.417,0.292,YES,YES,1.865,NO,NO,NO,NO,NO
Vanilla-RAG,42,34,O=C([O-])c1c(F)c(F)c(C(=O)[O-])c2c(F)c(F)c(F)c(F)c12,O=C([O-])c1c(F)c(F)c(C(=O)[O-])c(F)c1F,0.818,0.625,YES,YES,0.7754,YES,YES,YES,NO,NO
Vanilla-RAG,42,35,O=C([O-])c1cnc(C(=O)[O-])cn1,O=C([O-])c1cccc(C(=O)[O-])n1,0.826,0.3,YES,YES,1.3073,YES,YES,YES,NO,NO
Vanilla-RAG,42,36,O=C([O-])c1ccc(Oc2cc(Oc3ccc(C(=O)[O-])cc3)cc(C(=O)[O-])c2)cc1,O=C([O-])C1=CC=COc2cc(Oc3ccc(C(=O)[O-])cc3)cc(C(=O)[O-])c2C=C1,0.714,0.651,YES,YES,0.6545,YES,YES,YES,NO,NO
Vanilla-RAG,42,37,O=C([O-])c1ccc(-c2cc(C(=O)[O-])cc(C(=O)[O-])c2)cc1,O=C([O-])c1ccc(C(=O)[O-])cc1,0.8,0.421,YES,YES,0.772,YES,YES,YES,NO,NO
Vanilla-RAG,42,38,O=C([O-])c1cc(F)c(C(=O)[O-])cc1F,O=C([O-])c1cc(F)c(C(=O)[O-])cc1F,1.0,1.0,YES,YES,1.4612,YES,YES,YES,YES,YES
Vanilla-RAG,42,39,[CH](NN[CH]c1ccncc1)c1ccncc1,c1cn(CCCCn2ccnc2)cn1,0.278,0.037,YES,YES,1.4591,NO,NO,NO,NO,NO
Vanilla-RAG,42,40,O=C([O-])c1ccccc1C(=O)O,O=C([O-])c1cc(C(=O)[O-])cc(C(=O)O)c1,0.867,0.6,YES,YES,3.2196,YES,YES,YES,YES,NO
Vanilla-RAG,42,41,CC(CCC(=O)[O-])C(=O)[O-],CC(CC(=O)[O-])C(=O)[O-],0.812,0.687,YES,YES,2.0419,YES,YES,YES,NO,NO
Vanilla-RAG,42,42,O=C([O-])c1cc(S(O)(O)O)c(C(=O)[O-])c2c1CC2,O=C([O-])c1ccc(C(=O)[O-])c(S(O)(O)O)c1,0.878,0.87,YES,YES,3.7763,YES,YES,YES,YES,NO
Vanilla-RAG,42,43,CNC1(F)CC2(C#CC(=O)[O-])CCC1(C#CC(=O)[O-])CC2,CCC1CC2(C#CC(=O)[O-])CCC1(C#CC(=O)[O-])CC2OINVALID,0.0,0.0,NO,NO,,NO,NO,NO,NO,NO
Vanilla-RAG,42,44,Cc1nccn1Cc1ccncc1,c1cc(-c2nnc(-c3ccncc3)o2)ccn1,0.341,0.338,YES,YES,1.6293,NO,NO,NO,NO,NO
Vanilla-RAG,42,45,c1cn(Cc2ccc(Cn3ccnc3)cc2)cn1,c1ncn(Cc2ccc(Cn3cncn3)cc2)n1,0.733,0.533,YES,NO,1.1297,YES,YES,YES,NO,NO
Vanilla-RAG,42,46,c1cncnc1,c1cncnc1,1.0,1.0,YES,YES,0.9155,YES,YES,YES,YES,YES
Vanilla-RAG,42,47,CCC12C3C4(C(=O)[O-])C5(CC)C(C1(C(=O)[O-])C35[N+](=O)[O-])C24[N+](=O)[O-],O=C([O-])C1C(I)CC2(C(=O)[O-])CC1CC2I,0.312,0.471,YES,YES,1.4357,NO,NO,NO,NO,NO
Vanilla-RAG,42,48,O=C([O-])CN(CC(=O)[O-])CC(=O)[O-],NCC(=O)NCC(=O)[O-],0.444,0.523,YES,NO,1.4686,YES,NO,NO,NO,NO
Vanilla-RAG,42,49,c1cn(-c2ccc(NNc3ccc(-n4ccnc4)cc3)cc2)cn1,c1nncn1NNn1cnnc1,0.765,0.065,YES,NO,2.0744,YES,YES,YES,NO,NO
Vanilla-RAG,42,50,Nc1cc(C#Cc2cc(N)c(C(=O)[O-])c(N)c2)cc(N)c1C(=O)[O-],O=C([O-])c1c(O)cc(C=Cc2cc(O)c(C(=O)[O-])c(O)c2)cc1O,0.5,0.41,YES,NO,7.0019,YES,NO,NO,NO,NO
Vanilla-RAG,42,51,CCc1cc2c(cc(CC)c3ccc(C(=O)[O-])c(F)c32)c2cc(C(=O)[O-])ccc12,CCc1cc2cc(C(=O)[O-])cc3c(CC)cc4cc(C(=O)[O-])cc1c4c23,0.769,0.0,YES,YES,0.6054,YES,YES,YES,NO,NO
Vanilla-RAG,42,52,O=C(O)c1cccc(Oc2cccc(C(=O)O)c2C(=O)[O-])c1.O=C(O)c1cccc(Oc2cccc(C(=O)O)c2C(=O)[O-])c1,O=C([O-])c1ccc(Oc2ccc(C(=O)[O-])cc2)cc1,0.396,0.299,YES,NO,1.5506,NO,NO,NO,NO,NO
Vanilla-RAG,42,53,O=C([O-])CN(CCN(CC(=O)[O-])CC(=O)[O-])CCN(CC(=O)O)CC(=O)O,O=C([O-])Cn1cnnn1,0.36,0.135,YES,NO,0.7104,NO,NO,NO,NO,NO
Vanilla-RAG,42,54,c1ccc(SSc2ccccn2)nc1,c1cnc(SCSc2ncccn2)nc1INVALID,0.0,0.0,NO,NO,,NO,NO,NO,NO,NO
Vanilla-RAG,42,55,Nc1ccc(C=Cc2ccc(N)cc2S(O)(O)O)c(S(O)(O)O)c1,O=P(O)(O)c1ccccc1,0.395,0.246,YES,YES,0.699,NO,NO,NO,NO,NO
Vanilla-RAG,42,56,O=C([O-])c1cc(C(=O)[O-])c(C(=O)O)cc1C(=O)O,O=C([O-])c1ccc(C(=O)[O-])cc1,0.75,0.667,YES,NO,0.527,YES,YES,YES,NO,NO
Vanilla-RAG,42,57,O=C(Nc1cccnc1)c1ccc(C(=O)Nc2cccnc2)s1,O=C(Nc1ccncc1)c1ccc(C(=O)Nc2ccncc2)cc1,0.781,0.242,YES,NO,1.5349,YES,YES,YES,NO,NO
Vanilla-RAG,42,58,NC1=N[CH]NN1,Cn1nn[nH]c1=S,0.413,0.0,YES,YES,3.2333,NO,NO,NO,NO,NO
Vanilla-RAG,42,59,O=C([O-])c1cc(C(=O)O)c(C(=O)[O-])cc1C(=O)O,O=C([O-])c1ccc(C(=O)[O-])cc1INVALID,0.0,0.0,NO,NO,,NO,NO,NO,NO,NO
Vanilla-RAG,42,60,O=[N+]([O-])c1cncc([N+](=O)[O-])c1C#Cc1c([N+](=O)[O-])cncc1[N+](=O)[O-],N#Cc1cc([N+](=O)[O-])c(C#N)cc1[N+](=O)[O-],0.732,0.137,YES,YES,1.8343,YES,YES,YES,NO,NO
Vanilla-RAG,42,61,O=C([O-])C(O)=C(O)C(=O)[O-],NC(C(=O)[O-])=C(N)C(=O)[O-],0.481,0.791,YES,NO,1.6623,YES,YES,YES,NO,NO
Vanilla-RAG,42,62,C(#C[Si](C#Cc1cn[nH]c1)(C#CC1C=NN=C1)C#CC1C=NN=C1)C1=CN=N[CH]1,C(#CC#CC1C=NN=C1)C#Cc1cn[nH]c1,0.69,0.232,YES,YES,5.132,YES,YES,NO,NO,NO
Vanilla-RAG,42,63,O=C([O-])CN1[CH]C=C(c2nnn[nH]2)C=C1,O=C([O-])c1cncc(Cl)c1,0.28,0.17,YES,NO,2.1727,NO,NO,NO,NO,NO
Vanilla-RAG,42,64,Nc1ccccc1S,c1ccc(SCSc2ccccn2)nc1,0.3,0.04,YES,NO,0.4578,NO,NO,NO,NO,NO
Vanilla-RAG,42,65,O=C([O-])c1nc(-c2ccc3ccccc3c2)[nH]c1C(=O)[O-],O=C([O-])c1cc(N2[CH]N=CN2)cc(N2[CH]N=CN2)c1,0.429,0.276,YES,YES,1.3488,NO,NO,NO,NO,NO
Vanilla-RAG,42,66,O=C(O)c1ccc(-c2ccc(-c3ccc(C(=O)O)cc3C(=O)[O-])cc2)c(C(=O)[O-])c1,O=C([O-])c1ccc(C(=O)[O-])cc1,0.632,0.292,YES,NO,1.6024,YES,YES,NO,NO,NO
Vanilla-RAG,42,67,c1ccc(-c2cc(-c3ccncc3)nc(-c3ccncc3)c2)nc1,C=CC=CC=C1C=CC=C(c2ccncc2)C=NC=C2NC=C(N=C1)C(=CC)c1cnccc12,0.467,0.199,YES,YES,3.7653,NO,NO,NO,NO,NO
Vanilla-RAG,42,68,CSc1nccs1,O=P(O)(O)Cc1ccncc1,0.179,0.055,YES,YES,1.6207,NO,NO,NO,NO,NO
Vanilla-RAG,42,69,O=C([O-])C1CCC(C(=O)[O-])CC1,O=C([O-])C1CC(C(=O)O)C(C(=O)[O-])CC1C(=O)O,0.6,0.667,YES,YES,1.6611,YES,YES,NO,NO,NO
Vanilla-RAG,42,70,c1c[nH]cn1,c1c[nH]cn1,1.0,1.0,YES,YES,3.0175,YES,YES,YES,YES,YES
Vanilla-RAG,42,71,c1ccc(-c2nnc(-c3ccncc3)[nH]2)nc1,C1=NN=CC1c1ccc(-c2cn[nH]c2)cc1,0.643,0.092,YES,YES,2.2686,YES,YES,NO,NO,NO
Vanilla-RAG,42,72,O=C([O-])c1cccc(-c2c3nc(c(-c4cccc(C(=O)[O-])c4)c4ccc([nH]4)c(-c4cccc(C(=O)[O-])c4)c4nc(c(-c5cccc(C(=O)[O-])c5)c5ccc2[nH]5)C=C4)C=C3)c1,C=CN=CC=CNNC(=O)C1CC(C(=O)[O-])=CC1=CC(=O)[O-],0.367,0.058,YES,YES,1.211,NO,NO,NO,NO,NO
Vanilla-RAG,42,73,O=C([O-])c1cc2c(cc1C(=O)[O-])C(=O)c1ccccc1C2=O,O=C([O-])c1ccccc1I,0.44,0.395,YES,NO,1.856,NO,NO,NO,NO,NO
Vanilla-RAG,42,74,Cc1cc2ccc3nc(C)ccc3c2cn1,CC=CC1=CC=Cc2cc(-c3cn[nH]c3)ccc2C12C=NN=C2,0.361,0.249,YES,YES,2.2692,NO,NO,NO,NO,NO
Vanilla-RAG,42,75,Nc1nc2ccccc2[nH]1,Nc1nnn[nH]1,0.667,0.156,YES,NO,3.0799,YES,YES,NO,NO,NO
Vanilla-RAG,42,76,O=C([O-])CCC(=O)[O-],O=C([O-])C=CC(=O)[O-],0.643,0.471,YES,YES,0.4944,YES,YES,NO,NO,NO
Vanilla-RAG,42,77,CNC12C3C4C5C3(C#CC(=O)[O-])C1C5(NC)C42C#CC(=O)[O-],CCCC12C3C4C5C(C1C53C#CC(=O)[O-])C42C#CC(=O)[O-],0.556,0.829,YES,YES,1.3121,YES,YES,YES,NO,NO
Vanilla-RAG,42,78,O=C([O-])c1ccc(-c2ccccc2)cc1,O=C([O-])c1cccc(-c2cccnc2)c1,0.706,0.585,YES,YES,1.3365,YES,YES,YES,NO,NO
Vanilla-RAG,42,79,CCCOc1c(C(=O)[O-])ccc2c(OCCC)c(C(=O)[O-])ccc12,CCCOC=Cc1cc(C(=O)[O-])ccc1C(C=COCCC)c1cc(C(=O)[O-])ccc1OCCC,0.865,0.311,YES,YES,1.788,YES,YES,YES,YES,NO
Vanilla-RAG,42,80,CN1c2cncc(n2)N(C)c2cncc(n2)N(C)c2cncc(n2)N(C)c2cncc1n2,C=Nc1cnccc1C1C2=CN=C21,0.333,0.019,YES,YES,3.7357,NO,NO,NO,NO,NO
Vanilla-RAG,42,81,CC(C(=O)[O-])C(=O)[O-],O=C([O-])CC(O)C(=O)[O-],0.588,0.65,YES,NO,2.9226,YES,YES,NO,NO,NO
Vanilla-RAG,42,82,O=C([O-])C(F)=C(F)C(=O)[O-],O=C([O-])C(F)=C(F)C(=O)[O-]INVALID,0.0,0.0,NO,NO,,NO,NO,NO,NO,NO
Vanilla-RAG,42,83,O=C([O-])c1ccc(Oc2ccc(C(=O)[O-])c(C(=O)[O-])c2)cc1C(=O)[O-],O=C([O-])c1ccc(C=Nc2cc(C(=O)[O-])cc(C(=O)[O-])c2)cc1,0.5,0.354,YES,NO,2.0372,YES,NO,NO,NO,NO
Vanilla-RAG,42,84,Cc1cc(OCC(=O)[O-])cc(C(=O)[O-])c1,O=C([O-])c1cc[n+]([O-])cc1,0.351,0.24,YES,YES,4.3014,NO,NO,NO,NO,NO
Vanilla-RAG,42,85,O=C([O-])c1sc2c(C(=O)O)c(C(=O)[O-])sc2c1C(=O)O,O=C([O-])c1cc(C(=O)O)c(C(=O)[O-])cc1F,0.467,0.177,YES,YES,4.7348,NO,NO,NO,NO,NO
Vanilla-RAG,42,86,Cc1nc(C)c(C(=O)[O-])c(C=Cc2ccccc2)c1C(=O)[O-],c1cc(Cn2cncn2)ccn1,0.227,0.313,YES,NO,1.4814,NO,NO,NO,NO,NO
Vanilla-RAG,42,87,Cc1c(C)c(C(=O)[O-])c(C)c(C)c1C(=O)[O-],Nc1cc(C(=O)[O-])cc(C(=O)[O-])c1,0.5,0.625,YES,NO,0.7593,YES,YES,NO,NO,NO
Vanilla-RAG,42,88,O=C([O-])CO,O=C([O-])COINVALID,0.0,0.0,NO,NO,,NO,NO,NO,NO,NO
Vanilla-RAG,42,89,O=C([O-])c1ccc(-c2ccc(C(=O)[O-])c(C(=O)O)c2)cc1C(=O)O,O=C([O-])c1ccc(NNc2ccc(C(=O)[O-])c(C(=O)O)c2)cc1C(=O)[O-],0.581,0.455,YES,YES,2.5172,YES,NO,NO,NO,NO
Vanilla-RAG,42,90,Cc1cc(-n2ccnc2)c(C)cc1-n1ccnc1,c1cc(-c2ccc(-c3ccnnc3)cc2)cnn1INVALID,0.0,0.0,NO,NO,,NO,NO,NO,NO,NO
Vanilla-RAG,42,91,O=P(O)(O)CCSc1ccncc1,O=P(O)(O)CCCCP(=O)(O)O,0.59,0.431,YES,YES,1.4681,YES,NO,NO,NO,NO
Vanilla-RAG,42,92,O=C([O-])C1=NC(c2cncc(Br)c2)=NC1C(=O)O,O=CC1=CC(Cc2ccc(C(=O)O)cc2)=C(C(=O)[O-])C1=CC1=CC(=CC(=O)[O-])C=CO1,0.378,0.114,YES,YES,1.9664,NO,NO,NO,NO,NO
Vanilla-RAG,42,93,[CH]1N=NC=C1c1ccc([Si](c2ccc(-c3cn[nH]c3)cc2)(c2ccc(C3C=NN=C3)cc2)c2ccc(C3C=NN=C3)cc2)cc1,C1=NN=CC1C12C3C4C1C1C2C3C41Cc1cn[nH]c1INVALID,0.0,0.0,NO,NO,,NO,NO,NO,NO,NO
Vanilla-RAG,42,94,CCOC1(Br)c2c(C(=O)[O-])c(Br)cc(C(=O)[O-])c2C1Br,O=C([O-])C=C(F)C(F)=C(C=CC(F)=C(CF)c1c(F)c(F)c(C(=O)[O-])c(F)c1F)CF,0.528,0.323,YES,YES,1.9046,YES,NO,NO,NO,NO
Vanilla-RAG,42,95,CCCOC1CC2(C#CC(=O)[O-])CCC1(C#CC(=O)[O-])CC2,CCCC1(C)C(C)=C(C#N)C=C(C(=O)[O-])C=CC(C#N)=Cc2cc(C(=O)[O-])ccc21,0.467,0.296,YES,YES,1.0709,NO,NO,NO,NO,NO
Vanilla-RAG,42,96,N#CC(C(=O)[O-])=C(C=CC(=O)[O-])c1ccccc1,O=C([O-])C=CC(=O)[O-],0.556,0.311,YES,YES,2.6828,YES,NO,NO,NO,NO
Vanilla-RAG,42,97,O=C([O-])C=CC=CC(=O)[O-],O=C([O-])C=CC=CC(=O)[O-],1.0,1.0,YES,YES,1.3489,YES,YES,YES,YES,YES
Vanilla-RAG,42,98,CCOP(=O)(Cc1c(C)c(C)c(CP(=O)(OCC)OCC)c(C)c1C)OCC,CC(=O)C(=NNc1ccccc1S(O)(O)O)C(C)=O,0.292,0.214,YES,NO,1.5781,NO,NO,NO,NO,NO
Vanilla-RAG,42,99,[CH]1N=CNN1CCCCCCn1cncn1,c1cnc(SCSc2ncccn2)nc1,0.265,0.037,YES,NO,2.3176,NO,NO,NO,NO,NO
Vanilla-RAG,42,100,O=P(O)(O)O,O=S(=O)(O)O,0.577,0.12,YES,YES,1.0945,YES,NO,NO,NO,NO
Vanilla-RAG,42,101,O=C([O-])c1cc(C(=O)O)c(C(=O)[O-])c2c1CC2,O=C([O-])c1cc(C(=O)[O-])cc(S(O)(O)O)c1,0.317,0.69,YES,YES,2.2525,YES,YES,NO,NO,NO
Vanilla-RAG,42,102,O=C([O-])c1cc(Cn2nnc3ccccc32)cc(C(=O)[O-])c1,O=C([O-])c1cc(CSc2nc3ccccc3[nH]2)cc(C(=O)[O-])c1,0.592,0.547,YES,NO,1.4495,YES,NO,NO,NO,NO
Vanilla-RAG,42,103,O=C([O-])c1c(F)cc(C=Cc2cc(F)c(C(=O)[O-])c(F)c2)cc1F,O=C([O-])c1c(F)cc(C#Cc2cc(F)c(C(=O)[O-])c(F)c2)cc1F,0.909,0.492,YES,NO,6.5092,YES,YES,YES,YES,YES
Vanilla-RAG,42,104,Nc1c(N)c(C(=O)[O-])c(N)c(N)c1C#Cc1c(N)c(N)c(C(=O)[O-])c(N)c1N,O=C([O-])c1c(O)cc(C#Cc2cc(O)c(C(=O)[O-])c(O)c2)cc1O,0.514,0.718,YES,NO,6.8168,YES,YES,YES,NO,NO
Vanilla-RAG,42,105,NCC(=O)[O-],NCC(=O)[O-],1.0,1.0,YES,YES,0.302,YES,YES,YES,YES,YES
Vanilla-RAG,42,106,O=C([O-])c1nc[nH]c1C(=O)[O-],O=C([O-])c1nc[nH]c1C(=O)[O-]INVALID,0.0,0.0,NO,NO,,NO,NO,NO,NO,NO
Vanilla-RAG,42,107,O=C([O-])c1ccc(C#Cc2ccc(C(=O)[O-])cc2Cl)c(Cl)c1,O=C([O-])c1ccc(C#Cc2ccc(C(=O)[O-])c(Cl)c2)cc1Cl,1.0,0.911,YES,NO,3.8705,YES,YES,YES,YES,YES
Vanilla-RAG,42,108,O=C([O-])c1cncc(OCOc2cncc(C(=O)[O-])c2)c1,O=C([O-])c1cccc(Oc2cccnc2)c1C(=O)[O-],0.714,0.327,YES,NO,0.6352,YES,YES,YES,NO,NO
Vanilla-RAG,42,109,O=C([O-])c1ccc(-n2ccc(=O)cc2)cc1C(=O)[O-],O=C([O-])c1cccc(-n2ccc(=O)cc2)c1C(=O)[O-],1.0,0.845,YES,YES,2.1485,YES,YES,YES,YES,YES
Vanilla-RAG,42,110,CCc1cc(-c2ccc(C(=O)[O-])cc2)ccc1C(=O)[O-],CCCOC=Cc1cc2c3ccc(C(=O)[O-])c2c(c1C1=CC=CC=C(CCCC=CC=C(C=CC(=O)[O-])C(=O)[O-])CCCO1)C=CC=C3,0.526,0.183,YES,YES,1.505,YES,NO,NO,NO,NO
Vanilla-RAG,42,111,CCCC1=NN=CC1C#Cc1ccc(C#CC2=C(CCC)N=N[CH]2)cc1OC,CCCC1=NN=CC1C=CC=C1C(C2=CC=C3CC(C)C(=NN3)CC=C2)=CC1CCC,0.571,0.28,YES,YES,1.6003,YES,NO,NO,NO,NO
Vanilla-RAG,42,112,CCC(C)COc1cc(C=Cc2ccncc2)c(OCC(C)CC)cc1C=Cc1ccncc1,CC1=CC=C(C(=O)C2=C(C(C)Cc3ccc(C#N)cc3)[CH]C2=CC(C)(C)C)C=CC1,0.31,0.23,YES,YES,0.8616,NO,NO,NO,NO,NO
Vanilla-RAG,42,113,Cn1cnc(C(=O)[O-])c1C(=O)[O-],O=C([O-])c1cc([N+](=O)[O-])cc([N+](=O)[O-])c1,0.362,0.24,YES,YES,3.2833,NO,NO,NO,NO,NO
Vanilla-RAG,42,114,O=S1(=O)CCCC1,CC1CC(CC(=O)[O-])(C(=O)O)C1C1CCCC(C(=O)[O-])C1,0.188,0.029,YES,YES,4.7878,NO,NO,NO,NO,NO
Vanilla-RAG,42,115,Cc1nccn1CCCCn1ccnc1C,c1cc(-c2ccncc2)ccn1,0.237,0.0,YES,YES,1.9558,NO,NO,NO,NO,NO
Vanilla-RAG,42,116,O=C([O-])c1ccnc(-c2cc(C(=O)[O-])ccn2)c1,O=C([O-])c1cccc(Cl)c1,0.321,0.196,YES,NO,1.0725,NO,NO,NO,NO,NO
Vanilla-RAG,42,117,O=C([O-])c1cccc(-c2nccs2)c1,O=C([O-])c1cc(Cl)c(Cl)cc1C(=O)[O-],0.281,0.626,YES,NO,1.7133,YES,YES,NO,NO,NO
Vanilla-RAG,42,118,NC(=S)c1cccc(C(N)=S)c1,O=c1[nH][nH]c(=O)c2ccccc12,0.205,0.485,YES,YES,1.8051,NO,NO,NO,NO,NO
Vanilla-RAG,42,119,O=C([O-])c1ccc(N=Cc2ccccc2O)cc1,O=C([O-])c1cccc(-c2cccnc2)c1INVALID,0.0,0.0,NO,NO,,NO,NO,NO,NO,NO
Vanilla-RAG,42,120,Nc1c(N)c(C(=O)[O-])c2ccccc2c1C(=O)[O-],O=C([O-])c1c(O)c(O)c(C(=O)[O-])c2ccccc12,0.541,0.891,YES,NO,0.6974,YES,YES,YES,YES,NO
Vanilla-RAG,42,121,Cc1cc2ncn(CCCCn3cnc4cc(C)c(C)cc43)c2cc1C,Cc1nc2ccccc2n1Cc1ccc(Cn2c(C)nc3ccccc32)cc1,0.816,0.352,YES,NO,2.0972,YES,YES,YES,NO,NO
Vanilla-RAG,42,122,O=C([O-])c1c(O)c(O)c(C(=O)[O-])c2c(O)c(O)c(O)c(O)c12,O=C([O-])C=CC(C(=O)O)=C(C=C(C=C(C(=O)O)C(=CC(=O)O)C(=O)O)C(=O)O)C(=O)[O-]INVALID,0.0,0.0,NO,NO,,NO,NO,NO,NO,NO
Vanilla-RAG,42,123,O=C([O-])C12C3C4C1C1(S(O)(O)O)C2C3C41C(=O)[O-],O=C(O)C1OS(O)(O)C2OS(O)(O)CC3C4(F)C2(C(=O)[O-])C(F)C3(S(O)(O)O)C14C(=O)[O-],0.632,0.543,YES,YES,1.8064,YES,YES,NO,NO,NO
Vanilla-RAG,42,124,Cc1cnc(C)cn1,c1cc(NNc2ccncc2)ccn1,0.407,0.0,YES,NO,0.6301,NO,NO,NO,NO,NO
Vanilla-RAG,42,125,ON=C(c1ccncc1)c1ccccn1,NNC(=O)c1ccc(O)cc1,0.262,0.105,YES,YES,0.4844,NO,NO,NO,NO,NO
Vanilla-RAG,42,126,CC(=O)N(C)C,c1c[nH]cn1,0.034,0.0,YES,YES,3.0891,NO,NO,NO,NO,NO
Vanilla-RAG,42,127,c1cc(-c2ccncc2)ccn1,c1cc(-c2ccncc2)ccn1INVALID,0.0,0.0,NO,NO,,NO,NO,NO,NO,NO
Vanilla-RAG,42,128,[CH](C=CC=C1C=NN=C1)c1cn[nH]c1,c1cc(CCCc2ccncc2)ccn1,0.276,0.17,YES,YES,4.9216,NO,NO,NO,NO,NO
Vanilla-RAG,42,129,CC(=O)[CH]C(=O)c1ccc(-n2ccnc2)cc1,CC1C=Nc2ccccc2NO1,0.312,0.345,YES,YES,2.4699,NO,NO,NO,NO,NO
Vanilla-RAG,42,130,O=C(Nc1cccnc1)c1cccnc1,O=C(Nc1cccnc1)c1cccnc1,1.0,1.0,YES,YES,1.3416,YES,YES,YES,YES,YES
Vanilla-RAG,42,131,c1cc(CCCc2ccncc2)ccn1,c1cc(CCCc2ccncc2)ccn1INVALID,0.0,0.0,NO,NO,,NO,NO,NO,NO,NO
Vanilla-RAG,42,132,Cc1cc2ncn(Cc3ccc(Cn4cnc5cc(C)c(C)cc54)cc3)c2cc1C,C1=Cc2ccnc(c2)-c2cccc3ccc(ccccccc(cc4cc(-c5ccncc5)ccc34)C=C1)cc2,0.4,0.143,YES,YES,2.3412,NO,NO,NO,NO,NO
Vanilla-RAG,42,133,Cc1ccc(SCN(CSc2ccc(C)cc2C)CSc2ccc(C)cc2C)c(C)c1,c1ccc2c(c1)nnn2OCCOn1cnnn1,0.154,0.189,YES,YES,1.2515,NO,NO,NO,NO,NO
Vanilla-RAG,42,134,CC1c2nccc(-c3ccnc4c3C4C)c21,O=C([O-])C=CC(=CC=C1C2=CC(=CC(C(=O)[O-])=C1C(=O)O)C=CC=C2)C(=O)OINVALID,0.0,0.0,NO,NO,,NO,NO,NO,NO,NO
Vanilla-RAG,42,135,O=C([O-])c1ccc(OCC(COc2ccc(C(=O)[O-])cc2)(COc2ccc(C(=O)[O-])cc2)COc2ccc(C(=O)O)cc2)cc1,O=C([O-])c1ccc(C=Cc2ccncc2)cc1,0.333,0.195,YES,NO,2.087,NO,NO,NO,NO,NO
Vanilla-RAG,42,136,N#CC(C#N)C(=S)S,CCN1C(=O)[CH]C(=O)N(CC)C1=S,0.14,0.123,YES,NO,0.8772,NO,NO,NO,NO,NO
Vanilla-RAG,42,137,OC1(Cl)Cc2ncc(Cl)nc21,Fc1nc(F)c(F)nc1F,0.457,0.527,YES,YES,2.4128,YES,NO,NO,NO,NO
Vanilla-RAG,42,138,CC1(C)OC(CP(c2ccccc2)c2ccccc2)C(CP(c2ccccc2)c2ccccc2)O1,c1cc(CCCc2ccncc2)ccn1,0.222,0.045,YES,YES,1.3798,NO,NO,NO,NO,NO
Vanilla-RAG,42,139,Cc1ccc(S(=O)(=O)NC(CCC(=O)[O-])C(=O)[O-])cc1,O=C([O-])CNC(=O)c1cccc(C(=O)NCC(=O)[O-])c1,0.364,0.35,YES,NO,0.9294,NO,NO,NO,NO,NO
Vanilla-RAG,42,140,O=C([O-])C1=C[CH]NC=C1C(=O)[O-],O=S(=O)(Cc1ccccn1)c1ccccn1,0.192,0.099,YES,NO,0.6611,NO,NO,NO,NO,NO
Vanilla-RAG,42,141,O=C([O-])c1ccc(-c2cc3cc(c2)C(=O)[O][Cd][O]C3=O)cc1,O=C([O-])c1cc(OCOc2cc(C(=O)[O-])cc(C(=O)O)c2)cc(C(=O)O)c1,0.432,0.329,YES,NO,1.6073,NO,NO,NO,NO,NO
Vanilla-RAG,42,142,O=P(O)(O)F,[NH]n1nnnc1C1=NN=CC1,0.082,0.0,YES,YES,1.1992,NO,NO,NO,NO,NO
Vanilla-RAG,42,143,CC(=O)CC(C#N)(C#N)C(C#N)C#N,N#CC(C#N)C(N)=O,0.286,0.411,YES,NO,0.9195,NO,NO,NO,NO,NO
Vanilla-RAG,42,144,COc1cc(NC#N)c(OC)cc1NC#N,N#CC=C(O)C(=CC=O)C(=O)[O-],0.179,0.1,YES,YES,2.444,NO,NO,NO,NO,NO
Vanilla-RAG,42,145,c1ccc2c(-n3ccnc3)c3ccccc3c(-n3ccnc3)c2c1,O=C(Nc1ccncc1)c1ccc(C(=O)Nc2ccncc2)cc1,0.405,0.236,YES,NO,1.2162,NO,NO,NO,NO,NO
Vanilla-RAG,42,146,O=C([O-])c1ccc(NNc2ccc(C(=O)[O-])cc2)cc1,O=C([O-])c1ccc(Cl)cc1,0.29,0.441,YES,NO,1.2748,NO,NO,NO,NO,NO
Vanilla-RAG,42,147,O=C(NCc1ccncc1)C(=O)NCc1ccncc1,O=C(NCc1ccncc1)c1ccncc1,0.727,0.49,YES,YES,3.1559,YES,YES,YES,NO,NO
Vanilla-RAG,42,148,Nc1ccc(Cc2ccc(N)cc2)cc1,c1cc(-c2ccc(-c3ccncc3)cc2)ccn1,0.333,0.32,YES,YES,1.6309,NO,NO,NO,NO,NO
Vanilla-RAG,42,149,O=C([O-])c1ccc(-c2cc(-c3ccc(C(=O)O)cc3)c(-c3ccc(C(=O)[O-])cc3)cc2-c2ccc(C(=O)O)cc2)cc1,O=C([O-])c1cc(C(=O)O)c2cc(C(=O)[O-])cc(C(=O)O)c2c1INVALID,0.0,0.0,NO,NO,,NO,NO,NO,NO,NO
Vanilla-RAG,42,150,Fc1cc2cc(C3C=NN=C3)c(F)cc2cc1-c1cn[nH]c1,CC1Cc2nccnc21,0.316,0.0,YES,YES,0.9889,NO,NO,NO,NO,NO
Vanilla-RAG,42,151,O=C1C(=O)C(=O)C(=O)C1=O,O=C1C(=O)C(=O)C1=OINVALID,0.0,0.0,NO,NO,,NO,NO,NO,NO,NO
Vanilla-RAG,42,152,O=C(Nc1cc(C(=O)[O-])cc(C(=O)[O-])c1)Nc1cc(C(=O)[O-])cc(C(=O)[O-])c1,O=C([O-])c1cccc(-n2cncn2)c1,0.395,0.317,YES,YES,3.562,NO,NO,NO,NO,NO
Vanilla-RAG,42,153,Cc1nccn1Cc1ccc(-c2ccc(Cn3ccnc3C)cc2)cc1,c1cc(-c2ccncc2)ccn1,0.364,0.0,YES,YES,1.6329,NO,NO,NO,NO,NO
Vanilla-RAG,42,154,CC(=O)NC(C)(NC(C)=O)C(=O)[O-],C1COCCO1,0.07,0.0,YES,YES,2.0586,NO,NO,NO,NO,NO
Vanilla-RAG,42,155,O=C([O-])c1cccc(CN2CCOCCN(Cc3cccc(C(=O)[O-])c3)CCOCC2)c1,O=C([O-])Cn1cncn1,0.46,0.08,YES,NO,1.2014,NO,NO,NO,NO,NO
Vanilla-RAG,42,156,O=C([O-])c1c(Cl)cc(-c2cc(-c3cc(Cl)c(C(=O)[O-])c(Cl)c3)cc(-c3cc(Cl)c(C(=O)[O-])c(Cl)c3)c2)cc1Cl,CC1=CC(C(=O)[O-])=CC=C2C=CC(=CC=CC=C(S)C=CC(=O)[O-])C(C(=O)[O-])C=CC3=CC=C(C(=O)[O-])C=C(S3)Sc3ccc(C(=O)[O-])cc3SC=CC([NH])C=CC3=C(S)C(C(=O)[O-])C=C(S3)[SH]=C[SH]12,0.319,0.126,YES,YES,1.4577,NO,NO,NO,NO,NO
Vanilla-RAG,42,157,O=[PH](O)O,O=S(=O)(O)O,0.481,0.12,YES,YES,1.413,NO,NO,NO,NO,NO
Vanilla-RAG,42,158,O=P(O)(O)C1=CC=C2[CH]C=CC=C2N1,O=P(O)(O)c1ccccc1,0.472,0.321,YES,YES,1.2864,NO,NO,NO,NO,NO
Vanilla-RAG,42,159,c1ccc2nc(-c3cnc4ccccc4n3)cnc2c1,c1ccc(C2=NC(c3ccccn3)N(c3ccccn3)N2)nc1,0.444,0.068,YES,YES,1.4516,NO,NO,NO,NO,NO
Vanilla-RAG,42,160,O=C([O-])Cn1nn[nH]c1=S,O=C([O-])C(F)(F)F,0.132,0.36,YES,NO,0.5501,NO,NO,NO,NO,NO
Vanilla-RAG,42,161,CCCCN(CCO)CCO,O=[N+]([O-])c1ccc(O)cc1,0.154,0.055,YES,YES,2.4071,NO,NO,NO,NO,NO
Vanilla-RAG,42,162,CC1=C(CC2=C(C)N=NC2C)C(C)N=N1,c1ccc(-c2cc(-c3ccncc3)cc(-c3ccccn3)n2)nc1,0.206,0.0,YES,YES,2.3799,NO,NO,NO,NO,NO
Vanilla-RAG,42,163,CC(C)c1cc(C(C)C)c(CP(=O)(O)O)c(C(C)C)c1,OS(O)(O)c1cccc2c(S(O)(O)O)cccc12,0.378,0.3,YES,YES,1.9166,NO,NO,NO,NO,NO
Vanilla-RAG,42,164,O=C([O-])CN=Cc1ccccc1O,O=C([O-])CN1NN=C(c2ccccn2)N1,0.339,0.235,YES,YES,1.4313,NO,NO,NO,NO,NO
Vanilla-RAG,42,165,CNC1CC2(C#CC(=O)[O-])C(NC)CC1(C#CC(=O)[O-])C(F)C2F,COCC(C#CC(=O)[O-])C(Cl)CC(C#CC(=O)[O-])C(Cl)CClINVALID,0.0,0.0,NO,NO,,NO,NO,NO,NO,NO
Vanilla-RAG,42,166,O=C([O-])c1cccc(NNc2cccc(C(=O)[O-])c2)c1,O=C([O-])c1cccc(Oc2cccnc2)c1C(=O)[O-],0.375,0.441,YES,NO,1.5646,NO,NO,NO,NO,NO
Vanilla-RAG,42,167,O=C([O-])c1ccc(NNc2ccc(C(=O)[O-])c(F)c2)cc1F,O=C([O-])c1ccc(NNc2ccc(C(=O)[O-])c(O)c2)cc1O,0.707,0.911,YES,NO,4.5258,YES,YES,YES,YES,YES
Vanilla-RAG,42,168,N#CNC#N,N#CNC#NINVALID,0.0,0.0,NO,NO,,NO,NO,NO,NO,NO
Vanilla-RAG,42,169,O=C([O-])c1cc(C(=O)[O][Ag])c(C(=O)[O-])cc1C(=O)[O][Ag],ClCN1[CH]C=CC[N]([Cu][CH]2[CH][N][CH]C=C2[N][Cu]([Cl])[Cl])C=C1,0.14,0.029,YES,YES,1.4371,NO,NO,NO,NO,NO
Vanilla-RAG,42,170,O=C([O-])c1cccc(=O)[nH]1,O=C([O-])c1cncc(Cl)c1,0.467,0.6,YES,NO,1.0964,YES,YES,NO,NO,NO
Vanilla-RAG,42,171,O=C([O-])c1ccc(C(=O)[O-])cc1,O=C([O-])c1ccc(C(=O)[O-])cc1,1.0,1.0,YES,YES,1.0165,YES,YES,YES,YES,YES
Vanilla-RAG,42,172,O=C([O-])CCCC(=O)[O-],O=C([O-])CCC(=O)[O-]INVALID,0.0,0.0,NO,NO,,NO,NO,NO,NO,NO
Vanilla-RAG,42,173,COC1CCc2nccc(-c3ccncc3)c2C1OC,O=C([O-])c1cc(F)cc(F)c1C(=O)[O-],0.174,0.289,YES,YES,0.8895,NO,NO,NO,NO,NO
Vanilla-RAG,42,174,O=C([O-])c1ccc(C(=O)[O-])o1,O=C([O-])c1ccc(C(=O)[O-])o1,1.0,1.0,YES,YES,1.08,YES,YES,YES,YES,YES
Vanilla-RAG,42,175,[CH]1C=CC=C1,c1cn(CCCCn2ccnc2)cn1,0.074,0.0,YES,YES,1.5303,NO,NO,NO,NO,NO
Vanilla-RAG,42,176,c1ccc(C2=NNC(c3ccccn3)=NN2)nc1,c1cc(CN2CCN(Cc3ccncc3)CC2)ccn1,0.326,0.289,YES,NO,1.318,NO,NO,NO,NO,NO
Vanilla-RAG,42,177,O=[N+]([O-])C12CN3CN(CN(C3)C1)C2,O=C1[CH]C(=O)NC(=S)N1,0.246,0.437,YES,NO,1.0343,NO,NO,NO,NO,NO
Vanilla-RAG,42,178,c1cc(-c2nnn[nH]2)ccc1-c1nn[nH]n1,O=C(Nc1cccnc1)C(=O)Nc1cccnc1,0.341,0.0,YES,NO,1.2068,NO,NO,NO,NO,NO
Vanilla-RAG,42,179,Cc1c(C)c(-c2ccncc2)c(C)c(C)c1B(c1c(C)c(C)c(-c2ccncc2)c(C)c1C)c1c(C)c(C)c(-c2ccncc2)c(C)c1C,Cc1cc2cc(n1)C(O)=C(c1ccncc1)c1ccccc1-2,0.457,0.138,YES,YES,3.9544,NO,NO,NO,NO,NO
Vanilla-RAG,42,180,O=C([O-])C(=O)[O-],O=C([O-])C(=O)[O-]INVALID,0.0,0.0,NO,NO,,NO,NO,NO,NO,NO
Vanilla-RAG,42,181,O=C([O-])CN(CC(=O)[O-])c1ccc(C(=O)[O-])cc1,O=C([O-])c1ccc(C(=O)[O-])cc1,0.444,0.5,YES,NO,1.3044,YES,NO,NO,NO,NO
Vanilla-RAG,42,182,ON1[CH]C=CC=C1,Cc1cnc(C)cn1,0.194,0.0,YES,YES,1.3422,NO,NO,NO,NO,NO
Vanilla-RAG,42,183,O=C([O-])C1OCOC2C(C(=O)[O-])OCOC12,CCCCCP(=O)(O)O.N#CCCCCCPO,0.04,0.019,YES,YES,3.0997,NO,NO,NO,NO,NO
Vanilla-RAG,42,184,O=C([O-])c1ccc(-c2ccc(-c3cc(-c4ccc(-c5ccc(C(=O)[O-])cc5)c(Cl)c4)cc(-c4ccc(-c5ccc(C(=O)[O-])cc5)c(Cl)c4)c3)cc2Cl)cc1,O=C([O-])c1c(Cl)c(Cl)c(-c2cc(-c3c(Cl)c(Cl)c(C(=O)[O-])c(Cl)c3Cl)cc(-c3c(Cl)c(Cl)c(C(=O)[O-])c(Cl)c3Cl)c2)c(Cl)c1Cl,1.0,0.0,YES,YES,2.4655,YES,YES,YES,YES,YES
Vanilla-RAG,42,185,C1COCCO1,CCc1nnc(CC)[nH]1,0.098,0.0,YES,YES,0.7902,NO,NO,NO,NO,NO
Vanilla-RAG,42,186,O=C1NCCN1,O=C1NCCN1,1.0,1.0,YES,YES,0.5149,YES,YES,YES,YES,YES
Vanilla-RAG,42,187,CC(=O)C(Sc1ccncc1)C(C)=O,Cc1nnc(C)[nH]1,0.242,0.043,YES,YES,1.4663,NO,NO,NO,NO,NO
Vanilla-RAG,42,188,O=C([O-])c1ccc2c3c(ccc(C(=O)[O-])c13)C(=O)N(c1ccncc1)C2=O,O=C([O-])c1nccnc1C(=O)[O-],0.477,0.129,YES,YES,1.9701,NO,NO,NO,NO,NO
Vanilla-RAG,42,189,O=C([O-])C1=CC2=NN=NC2=C[CH]1,c1ccc(C2=NNC(c3ccccn3)=NN2)nc1,0.4,0.0,YES,YES,0.9156,NO,NO,NO,NO,NO
Vanilla-RAG,42,190,S=c1[nH]c2ccccc2[nH]1,Cn1ccn(CCCCCCn2ccn(C)c2=S)c1=S,0.438,0.294,YES,NO,1.3404,NO,NO,NO,NO,NO
Vanilla-RAG,42,191,O=C([O-])C1=C[CH]N(Cc2cc(C(=O)[O-])cc(C(=O)[O-])c2)C=C1,O=C([O-])c1cccnc1C(=O)[O-],0.457,0.161,YES,NO,1.403,NO,NO,NO,NO,NO
Vanilla-RAG,42,192,O=C([O-])C1=C[CH]N(CCCN2[CH]C=C(C(=O)[O-])C=C2)C=C1,O=C([O-])c1cccc(NNc2cccc(C(=O)[O-])c2)c1,0.319,0.169,YES,YES,1.5781,NO,NO,NO,NO,NO
Vanilla-RAG,42,193,Oc1ccc(S)cc1,O=C([O-])c1cc(C(=O)[O-])cc(-n2ccnc2)c1,0.119,0.345,YES,YES,1.5194,NO,NO,NO,NO,NO
Vanilla-RAG,42,194,C1CCOC1,CCc1nnc(CC)[nH]1,0.108,0.0,YES,YES,1.4614,NO,NO,NO,NO,NO
Vanilla-RAG,42,195,O=C([O-])c1ccc(N(c2ccc(C(=O)[O-])cc2)c2ccc(-c3ccncc3)cc2)cc1,O=C([O-])c1ccc(NNc2ccc(C(=O)[O-])c(C(=O)O)c2)cc1INVALID,0.0,0.0,NO,NO,,NO,NO,NO,NO,NO
Vanilla-RAG,42,196,NCc1cccnc1,N#Cc1cnccn1,0.476,0.2,YES,NO,0.4784,NO,NO,NO,NO,NO
Vanilla-RAG,42,197,C#N,C#NINVALID,0.0,0.0,NO,NO,,NO,NO,NO,NO,NO
Vanilla-RAG,42,198,O=C1c2ccccc2C(=O)c2c(O)ccc(O)c21,O=C1c2ccc3c4c(ccc(c24)C(=O)N1Cc1ccncc1)C(=O)N(Cc1ccncc1)C3=O,0.372,0.289,YES,NO,1.9583,NO,NO,NO,NO,NO
Vanilla-RAG,42,199,O=C([O-])c1ccc(C#Cc2ccc(C(=O)[O-])cc2F)c(F)c1,O=C([O-])C1=CC=CNNc2ccc(C(=O)[O-])cc2C=C1,0.31,0.402,YES,YES,4.5645,NO,NO,NO,NO,NO
Vanilla-RAG,42,200,O=C([O-])CCN(CCC(=O)[O-])CCC(=O)[O-],N#CNC#N,0.065,0.166,YES,YES,2.5748,NO,NO,NO,NO,NO
Vanilla-RAG,42,201,On1nnnc1-c1nnnn1O,O=c1[nH]nnn1-c1nnn[nH]1,0.686,0.404,YES,YES,1.575,YES,YES,NO,NO,NO
Vanilla-RAG,42,202,O=C([O-])c1ccc(C2=C3C=CC4=[N]3->[Fe]35<-[N]6=C(C=CC6=C(c6ccc(C(=O)[O-])cc6)c6ccc2[n]63)C(c2ccc(C(=O)[O-])cc2)=c2ccc([n]25)=C4c2ccc(C(=O)[O-])cc2)cc1,O=C([O-])c1ccc(-c2cc(-c3ccc(C(=O)[O-])cc3)c3ccc4c(-c5ccc(C(=O)[O-])cc5)cc(-c5ccc(C(=O)[O-])cc5)c5ccc2c3c54)cc1,0.347,0.154,YES,YES,1.7749,NO,NO,NO,NO,NO
Vanilla-RAG,42,203,O=C([O-])c1ccc(C(=O)[O-])s1,O=C([O-])c1ccc(C(=O)[O-])s1INVALID,0.0,0.0,NO,NO,,NO,NO,NO,NO,NO
Vanilla-RAG,42,204,FC12C3C4N1C1C2N3C41F,O=C([O-])c1c(Cl)c(Cl)c(C(=O)[O-])c(CCCl)c1Cl,0.122,0.0,YES,YES,1.6437,NO,NO,NO,NO,NO
Vanilla-RAG,42,205,CNc1nc(NC)c(NC)c(C#Cc2c(NC)c(NC)nc(NC)c2NC)c1NC,Cc1cncc(C)c1C#CC1=CC=C(C#Cc2ccnc(C)c2C)C=CC1,0.543,0.296,YES,YES,3.0182,YES,NO,NO,NO,NO
Vanilla-RAG,42,206,O=C([O-])c1cc(O)c(C#Cc2c(O)cc(C(=O)[O-])cc2O)c(O)c1,O=C([O-])c1cc(F)c(C#Cc2c(F)cc(C(=O)[O-])cc2F)c(F)c1,0.586,0.836,YES,NO,6.6205,YES,YES,YES,NO,NO
Vanilla-RAG,42,207,O=S(=O)(O)O,O=[PH](O)O,0.481,0.12,YES,YES,0.4715,NO,NO,NO,NO,NO
Vanilla-RAG,42,208,O=C([O-])c1ccc(C(=O)[O-])c2cc(Cl)c(Cl)cc12,O=C([O-])c1ccccc1O,0.429,0.489,YES,NO,0.7979,NO,NO,NO,NO,NO
Vanilla-RAG,42,209,O=C([O-])c1ccc(P(=O)(O)O)cc1,O=C([O-])c1cccc(-n2ccc(=O)cc2)c1C(=O)[O-],0.283,0.464,YES,YES,1.4382,NO,NO,NO,NO,NO
Vanilla-RAG,42,210,O=C([O-])C=CC(=O)[O-],O=C([O-])C=CC=CC(=O)[O-],1.0,0.582,YES,YES,1.3793,YES,YES,YES,YES,YES
Vanilla-RAG,42,211,O=C([O-])CC(=O)[O-],O=C([O-])C=CC(=O)[O-],0.692,0.471,YES,YES,0.4649,YES,YES,NO,NO,NO
Vanilla-RAG,42,212,O=C([O-])COc1ccc(OCC(=O)[O-])cc1,O=C([O-])COc1ccc(OCC(=O)[O-])cc1INVALID,0.0,0.0,NO,NO,,NO,NO,NO,NO,NO
Vanilla-RAG,42,213,N#CC1CC2(C#CC(=O)[O-])CCC1(C#CC(=O)[O-])CC2,CCC1CC2(C#CC(=O)[O-])CCC1(C#CC(=O)[O-])CC2,0.75,0.951,YES,YES,3.5492,YES,YES,YES,YES,YES
Vanilla-RAG,42,214,O=C([O-])c1nnn[nH]1,O=C([O-])c1nnn[nH]1,1.0,1.0,YES,YES,2.6943,YES,YES,YES,YES,YES
Vanilla-RAG,42,215,O=C([O-])c1cc(Cl)c(C(=O)[O-])c2c1CC2,O=C([O-])c1cc(O)c(C(=O)[O-])c2c1CC2,0.633,0.935,YES,NO,3.544,YES,YES,YES,YES,YES
Vanilla-RAG,42,216,O=C([O-])c1c(Br)c(Br)c(C(=O)[O-])c(Br)c1Br,O=C([O-])c1c(Cl)c(Cl)c(C(=O)[O-])c(Cl)c1Cl,0.895,0.75,YES,YES,2.3407,YES,YES,YES,YES,NO
Vanilla-RAG,42,217,O=C([O-])c1ccc(C(=O)[O-])c(C(=O)[O-])c1,O=C([O-])c1cc(C(=O)[O-])cc(C(=O)[O-])c1,0.857,0.8,YES,NO,1.4525,YES,YES,YES,YES,NO
Vanilla-RAG,42,218,CC1Cc2c(C(=O)[O-])ccc(C(=O)[O-])c21,CC1Cc2c(C(=O)[O-])ccc(C(=O)[O-])c21INVALID,0.0,0.0,NO,NO,,NO,NO,NO,NO,NO
Vanilla-RAG,42,219,O=C([O-])c1ccc(-c2ccc(C(=O)[O-])cc2F)c(F)c1,O=C([O-])c1c(F)c(F)c(C(=O)[O-])c2c(F)c(F)c(F)c(F)c12,0.87,0.447,YES,YES,3.6752,YES,YES,YES,YES,NO
Vanilla-RAG,42,220,O=C([O-])c1cncc(C(=O)[O-])c1,O=C([O-])c1cncc(C(=O)[O-])c1,1.0,1.0,YES,YES,0.451,YES,YES,YES,YES,YES
Vanilla-RAG,42,221,O=C([O-])c1ccc(-c2cc(-c3ccc(C(=O)[O-])cc3)c(C(=O)[O-])cc2C(=O)[O-])cc1,O=C([O-])c1ccc(C(=O)[O-])cc1,0.706,0.292,YES,NO,1.2961,YES,YES,YES,NO,NO
Vanilla-RAG,42,222,Nc1nnc[nH]1,Nc1nnc[nH]1,1.0,1.0,YES,YES,3.6026,YES,YES,YES,YES,YES
Vanilla-RAG,42,223,O=C([O-])C#CC#CC(=O)[O-],O=C([O-])C#CC#CC#CC(=O)[O-],1.0,0.655,YES,YES,0.4795,YES,YES,YES,YES,YES
Vanilla-RAG,42,224,Nc1ccccc1C(=O)[O-],O=C([O-])c1ccccn1,0.458,0.36,YES,YES,0.6555,NO,NO,NO,NO,NO
Vanilla-RAG,42,225,O=C([O-])c1cc(C(=O)[O-])cc(-n2cnnc2)c1,O=C([O-])c1cccnc1C(=O)[O-],0.415,0.208,YES,YES,0.2645,NO,NO,NO,NO,NO
Vanilla-RAG,42,226,O=CC1c2c(C(=O)[O-])ccc(C(=O)[O-])c2C1O,COc1cc(C(=O)[O-])c2c(c1C(=O)[O-])CC2INVALID,0.0,0.0,NO,NO,,NO,NO,NO,NO,NO
Vanilla-RAG,42,227,O=C([O-])c1ccc2cc(C(=O)[O-])ccc2c1,O=C([O-])c1ccc(-c2ccc(C(=O)[O-])cc2)cc1INVALID,0.0,0.0,NO,NO,,NO,NO,NO,NO,NO
Vanilla-RAG,42,228,O=C([O-])c1ccc(OCC(COc2ccc(C(=O)[O-])cc2)(COc2ccc(C(=O)[O-])cc2)COc2ccc(C(=O)[O-])cc2)cc1,Cc1nnc(-c2ccccc2)n1-c1ccc(C(=O)[O-])cc1,0.208,0.195,YES,YES,1.2147,NO,NO,NO,NO,NO
Vanilla-RAG,42,229,O=C([O-])c1cc(C(=O)[O-])cc(-c2ccc3cc(C(=O)[O-])ccc3c2)c1,O=C([O-])c1cccccc(-c2ccccc2)c(C(=O)[O-])ccccc(-c2ccccc2)c1,0.842,0.214,YES,YES,0.7663,YES,YES,YES,NO,NO
Vanilla-RAG,42,230,CCCOc1cc(C(=O)[O-])c(Br)c(Br)c1C(=O)[O-],CCCOC=CC=Cc1ccc(C(=O)[O-])cc1C=Cc1ccc(C(=O)[O-])cc1IINVALID,0.0,0.0,NO,NO,,NO,NO,NO,NO,NO
Vanilla-RAG,42,231,O=C([O-])c1ccc(C(=O)O)c(-c2nc(C(=O)[O-])ccc2C(=O)O)n1,O=C([O-])c1cc(Cc2cc(C(=O)[O-])cc(C(=O)O)c2)cc(C(=O)[O-])c1,0.484,0.142,YES,NO,3.4563,NO,NO,NO,NO,NO
Vanilla-RAG,42,232,O=C([O-])c1cc2nc[nH]c2cc1C(=O)[O-],O=C([O-])c1cccnc1-c1ncccc1C(=O)O,0.676,0.196,YES,YES,1.612,YES,YES,NO,NO,NO
Vanilla-RAG,42,233,O=C([O-])C1=NC=NC1C(=O)[O-],O=C([O-])c1nn[nH]c1C(=O)[O-],0.622,0.327,YES,YES,2.5059,YES,YES,NO,NO,NO
Vanilla-RAG,42,234,[CH]1C=NN=N1,[CH]1C=NN=N1,1.0,1.0,YES,YES,6.5754,YES,YES,YES,YES,YES
Vanilla-RAG,42,235,c1cnccn1,c1cnccn1,1.0,1.0,YES,YES,1.0264,YES,YES,YES,YES,YES
Vanilla-RAG,42,236,C(C#Cc1cc(C#CC#CC2C=NN=C2)cc(C#CC#CC2C=NN=C2)c1)#CC1=CN=N[CH]1,C(C=CN(C=CC=Cc1cn[nH]c1)C=CC=CC1C=NN=C1)=Cc1cn[nH]c1,0.613,0.176,YES,YES,1.1428,YES,YES,NO,NO,NO
Vanilla-RAG,42,237,Nc1nnc(C(=O)[O-])[nH]1,Oc1cc(Cl)c(Cl)c(Cl)c1-c1c(Cl)c(Cl)nc(Cl)c1Cl,0.176,0.03,YES,YES,2.5692,NO,NO,NO,NO,NO
Vanilla-RAG,42,238,COc1ccc(-c2coc3cc(O)c(OC)c(O)c3c2=O)cc1S(O)(O)O,OS(O)(O)C=CC1=CC=C2C=CC=CC=C1[SH]2(O)(O)O,0.552,0.13,YES,YES,1.1733,YES,NO,NO,NO,NO
Vanilla-RAG,42,239,O=C([O-])c1cc(C(=O)[O-])cc(-c2cccnc2)c1,O=C([O-])c1cccc(-c2ccncc2)c1,0.85,0.544,YES,YES,1.582,YES,YES,YES,YES,NO
Vanilla-RAG,42,240,O=C([O-])c1cccc(Cl)c1C(=O)[O-],O=C([O-])c1ccccc1SSc1ccccc1C(=O)[O-],0.519,0.441,YES,NO,1.4688,YES,NO,NO,NO,NO
Vanilla-RAG,42,241,O=C([O-])CCn1c(=O)n(CCC(=O)[O-])c(=O)n(CCC(=O)[O-])c1=O,O=C([O-])c1cccc(C(=O)[O-])[n+]1[O-],0.5,0.108,YES,NO,1.2032,YES,NO,NO,NO,NO
Vanilla-RAG,42,242,O=C([O-])c1cccc(S(O)(O)O)c1,O=C([O-])N1CCN(CP(=O)(O)O)CC1,0.323,0.186,YES,YES,1.484,NO,NO,NO,NO,NO
Vanilla-RAG,42,243,CC=CC(=O)[O-],O=C([O-])CCCC(=O)[O-],0.4,0.417,YES,YES,1.4162,NO,NO,NO,NO,NO
Vanilla-RAG,42,244,O=C([O-])c1ccc(C(c2ccc(C(=O)[O-])cc2)(C(F)(F)F)C(F)(F)F)cc1,O=C([O-])c1ccc(N(c2ccc(C(=O)[O-])c(Cl)c2)c2ccc(C(=O)O)c(Cl)c2)cc1Cl,0.485,0.283,YES,YES,1.1627,NO,NO,NO,NO,NO
Vanilla-RAG,42,245,Nc1c(O)c(C2=NNC(c3c(N)c(O)c(C(=O)[O-])c(N)c3O)=NN2)c(N)c(O)c1C(=O)[O-],O=C([O-])c1ccccccc(O)cc(C(=O)[O-])c(O)ccc1O,0.385,0.11,YES,YES,3.7786,NO,NO,NO,NO,NO
Vanilla-RAG,42,246,O=C([O-])c1cc(NCc2ccncc2)cc(C(=O)[O-])c1,O=C([O-])c1ccncc1,0.483,0.343,YES,YES,1.2804,NO,NO,NO,NO,NO
Vanilla-RAG,42,247,O=CC(C(=O)[O-])=C(Br)C=CC(=O)[O-],O=C([O-])C=CC(Br)=CC(=O)[O-],0.875,0.841,YES,YES,1.6606,YES,YES,YES,YES,NO
Vanilla-RAG,42,248,O=C([O-])c1ccc(Oc2ccc(C(=O)[O-])cc2)cc1,O=C([O-])c1ccc(Oc2ccc(C(=O)[O-])cc2)cc1INVALID,0.0,0.0,NO,NO,,NO,NO,NO,NO,NO
Vanilla-RAG,42,249,Cc1c(CSc2ccncc2)c(C)c(CSc2ccncc2)c(C)c1CSc1ccncc1,c1cc(-c2nnc(-c3ccncc3)o2)ccn1,0.3,0.176,YES,YES,1.2477,NO,NO,NO,NO,NO
Vanilla-RAG,42,250,O=S(=O)(Nc1cccnc1)c1cccnc1,O=C([O-])CNS(=O)(=O)c1cccnc1,0.684,0.61,YES,YES,0.8294,YES,YES,NO,NO,NO
Vanilla-RAG,42,251,Clc1cnccn1,Fc1cncc(F)n1,0.882,0.75,YES,YES,1.5778,YES,YES,YES,YES,NO
Vanilla-RAG,42,252,Nc1cnccn1,c1cnc(SCSc2ncccn2)nc1,0.387,0.0,YES,NO,0.8548,NO,NO,NO,NO,NO
Vanilla-RAG,42,253,Cc1nnc(C)[nH]1,[CH]1N=CNN1CCCCCCN1[CH]N=CN1,0.381,0.037,YES,NO,2.4999,NO,NO,NO,NO,NO
Vanilla-RAG,42,254,CC(O)C(=O)[O-],O=C([O-])CNC(=O)C(=O)NCC(=O)[O-],0.25,0.264,YES,NO,2.3859,NO,NO,NO,NO,NO
Vanilla-RAG,42,255,C(=Nn1cnnc1)c1ccccn1,c1cnc(Sc2cnccn2)cn1,0.412,0.0,YES,NO,1.186,NO,NO,NO,NO,NO
Vanilla-RAG,42,256,O=C([O-])C=CC(Br)=CC(=O)[O-],O=C([O-])C12C3C4C1C1C2C3C41C(=O)[O-],0.409,0.173,YES,NO,1.0662,NO,NO,NO,NO,NO
Vanilla-RAG,42,257,O=C([O-])CCP(=O)(O)c1ccccc1,O=C([O-])CNC(=O)c1ccncc1,0.333,0.257,YES,YES,1.0398,NO,NO,NO,NO,NO
Vanilla-RAG,42,258,O=Cc1cncc2c(C=O)cncc12,CNc1c2ccc(C3=CN=N[CH]3)c1-c1cc(-c3cn[nH]c3)ccc1NN2,0.277,0.023,YES,YES,1.6732,NO,NO,NO,NO,NO
Vanilla-RAG,42,259,COc1ccc(-c2nc(C(=O)[O-])c(C(=O)[O-])[nH]2)cc1,O=C([O-])c1cc(C(=O)O)cc([N+](=O)[O-])c1,0.259,0.309,YES,YES,0.9119,NO,NO,NO,NO,NO
Vanilla-RAG,42,260,O=C[O-],O=C[O-]INVALID,0.0,0.0,NO,NO,,NO,NO,NO,NO,NO
Vanilla-RAG,42,261,N#Cc1ccccc1CSCc1ccccc1C#N,NCc1ccccn1,0.259,0.083,YES,NO,0.3428,NO,NO,NO,NO,NO
Vanilla-RAG,42,262,Ic1nc2ccccc2[nH]1,C=c1ccccc1=C(c1ccccc1)c1ccncc1,0.258,0.289,YES,YES,4.1761,NO,NO,NO,NO,NO
Vanilla-RAG,42,263,c1ccc2c(c1)CSCc1ccc(cc1)CSCc1ccccc1OCCCO2,c1cc(-c2ccncc2)ccn1,0.219,0.0,YES,YES,1.322,NO,NO,NO,NO,NO
Vanilla-RAG,42,264,O=C([O-])c1cc(OCc2ccccc2C(=O)O)cc(C(=O)[O-])c1,O=C([O-])c1cc(OCc2ccccc2C(=O)[O-])cc(C(=O)O)c1INVALID,0.0,0.0,NO,NO,,NO,NO,NO,NO,NO
Vanilla-RAG,42,265,NCc1ccncc1,Cc1nccn1CCCCn1ccnc1C,0.282,0.099,YES,YES,1.4361,NO,NO,NO,NO,NO
Vanilla-RAG,42,266,c1ccc(-c2nnn[nH]2)nc1,C=Cc1nc(N)ccc1C=CC1=CC=Cn2cnc1c2,0.419,0.289,YES,YES,2.5781,NO,NO,NO,NO,NO
Vanilla-RAG,42,267,O=C([O-])C(Cl)=C(Cl)C(=O)[O-],O=C([O-])C(Cl)=C(Cl)C(=O)[O-]INVALID,0.0,0.0,NO,NO,,NO,NO,NO,NO,NO
Vanilla-RAG,42,268,NC(CC(=O)[O-])C(=O)[O-],CC(C(=O)[O-])C(=O)[O-]INVALID,0.0,0.0,NO,NO,,NO,NO,NO,NO,NO
Vanilla-RAG,42,269,O=C([O-])c1c(F)c(F)c(C(=O)[O-])c(F)c1F,O=C([O-])c1c(F)c(F)c(C(=O)[O-])c(F)c1F,1.0,1.0,YES,YES,1.2294,YES,YES,YES,YES,YES
Vanilla-RAG,42,270,O=C([O-])c1c([N+](=O)[O-])c([N+](=O)[O-])c(C(=O)[O-])c2ccccc12,O=C([O-])c1c([N+](=O)[O-])c([N+](=O)[O-])c(C(=O)[O-])c2cc([N+](=O)[O-])c([N+](=O)[O-])cc12,1.0,0.789,YES,YES,5.0344,YES,YES,YES,YES,YES
Vanilla-RAG,42,271,O=C([O-])Cc1ccc(CC(=O)[O-])cc1,O=C([O-])c1ccccc1C(=O)[O-]INVALID,0.0,0.0,NO,NO,,NO,NO,NO,NO,NO
Vanilla-RAG,42,272,COc1cc(C(=O)[O-])cc(C(=O)[O-])c1,CCCc1cc(C(=O)[O-])cc(C(=O)[O-])c1,0.542,0.8,YES,YES,1.5272,YES,YES,YES,NO,NO
Vanilla-RAG,42,273,O=C([O-])Cc1nnn[nH]1,O=C([O-])Cn1cnnn1,0.725,0.556,YES,NO,1.7255,YES,YES,YES,NO,NO
Vanilla-RAG,42,274,O=C([O-])c1ccnc(C(=O)[O-])c1,O=C([O-])c1ccnc(C(=O)[O-])c1,1.0,1.0,YES,YES,0.6093,YES,YES,YES,YES,YES
Vanilla-RAG,42,275,O=C([O-])c1ccc(-c2ccc(C(=O)[O-])cc2)cc1,CC1=CC2=C(C(=O)[O-])C=C(c3cccnc3)C=CC1=CC=C2C(=O)[O-],0.464,0.14,YES,YES,0.5012,NO,NO,NO,NO,NO
Vanilla-RAG,42,276,c1cn(CCCCn2ccnc2)cn1,c1cn(CCOCCn2ccnc2)cn1,0.765,0.455,YES,NO,1.2156,YES,YES,YES,NO,NO
Vanilla-RAG,42,277,O=C([O-])C#CC(Cl)=C(Cl)C#CC(=O)[O-],O=C([O-])C#CC(=O)[O-],0.667,0.411,YES,NO,3.8162,YES,YES,NO,NO,NO
Vanilla-RAG,42,278,O=C([O-])C=CCC(=O)[O-],O=C([O-])C=C(CC(=O)[O-])C(=O)O,0.75,0.741,YES,NO,2.4125,YES,YES,YES,NO,NO
Vanilla-RAG,42,279,O=C([O-])c1cc(C(=O)[O-])cc(-c2cc(-c3cc(C(=O)[O-])cc(C(=O)[O-])c3)c3ccc4c(-c5cc(C(=O)[O-])cc(C(=O)[O-])c5)cc(-c5cc(C(=O)[O-])cc(C(=O)[O-])c5)c5ccc2c3c54)c1,O=C([O-])c1cccccc(-c2ccccc2)c(C(=O)[O-])cccccc1-c1ccccc1,0.842,0.401,YES,YES,0.8394,YES,YES,YES,NO,NO
Vanilla-RAG,42,280,O=C([O-])c1cc(C(=O)[O-])cc([N+](=O)[O-])c1,O=C([O-])c1cccc([N+](=O)[O-])c1,1.0,0.8,YES,YES,1.1967,YES,YES,YES,YES,YES
Vanilla-RAG,42,281,NC(=O)c1ccccc1OCC(=O)[O-],O=C([O-])Cc1ccccc1CC(=O)[O-],0.457,0.5,YES,YES,1.1697,YES,NO,NO,NO,NO
Vanilla-RAG,42,282,C[Si](C)(c1ccncc1)c1ccncc1,ON=C(O)N=CNO,0.039,0.04,YES,YES,1.9345,NO,NO,NO,NO,NO
Vanilla-RAG,42,283,O=C([O-])c1nn[nH]c1C(=O)[O-],O=C([O-])c1nnn[nH]1INVALID,0.0,0.0,NO,NO,,NO,NO,NO,NO,NO
Vanilla-RAG,42,284,O=C([O-])c1cc2ccccc2c(Cc2c(O)c(C(=O)[O-])cc3ccccc23)c1O,CC=C(C=CC=CCCC=CCC=CC=CC(=O)[O-])C(=O)[O-],0.286,0.087,YES,YES,1.2475,NO,NO,NO,NO,NO
Vanilla-RAG,42,285,O=C([O-])c1c(Cl)c(Cl)c(C(=O)[O-])c(Cl)c1Cl,O=C([O-])c1c(Cl)c(Cl)c(C(=O)[O-])c(Cl)c1ClINVALID,0.0,0.0,NO,NO,,NO,NO,NO,NO,NO
Vanilla-RAG,42,286,O=C([O-])c1cccnc1C(=O)[O-],O=C([O-])c1cccnc1C(=O)[O-]INVALID,0.0,0.0,NO,NO,,NO,NO,NO,NO,NO
Vanilla-RAG,42,287,N#CS,N#CSINVALID,0.0,0.0,NO,NO,,NO,NO,NO,NO,NO
Vanilla-RAG,42,288,O=C([O-])c1cc(O)cc(C(=O)[O-])c1,O=C([O-])c1ccc(C(=O)[O-])cc1INVALID,0.0,0.0,NO,NO,,NO,NO,NO,NO,NO
Vanilla-RAG,42,289,O.OI,O.O.OIINVALID,0.0,0.0,NO,NO,,NO,NO,NO,NO,NO
Vanilla-RAG,42,290,O=C([O-])c1cc(C(=O)[O-])cc(C(=O)O)c1,O=C([O-])c1ccc(C(=O)[O-])cc1,0.923,0.6,YES,NO,1.1305,YES,YES,YES,YES,YES
Vanilla-RAG,42,291,O=C([O-])C=Cc1ccc(C(=O)[O-])cc1,O=C([O-])C=Cc1ccc(C(=O)[O-])cc1,1.0,1.0,YES,YES,1.6865,YES,YES,YES,YES,YES
Vanilla-RAG,42,292,O=C([O-])c1ccc(-c2ccc(C(=O)[O-])c([N+](=O)[O-])c2)cc1[N+](=O)[O-],O=C([O-])c1ccc(-c2ccc(C(=O)[O-])c([N+](=O)[O-])c2)cc1[N+](=O)[O-],1.0,1.0,YES,YES,5.3257,YES,YES,YES,YES,YES
Vanilla-RAG,42,293,OS(O)(O)c1ccc2cc(S(O)(O)O)ccc2c1,OS(O)(O)c1cccc2c(S(O)(O)O)cccc12,1.0,0.979,YES,YES,1.1417,YES,YES,YES,YES,YES
Vanilla-RAG,42,294,O=C([O-])CCCCCCCC(=O)[O-],O=C([O-])CCC(=O)[O-],0.867,0.444,YES,YES,1.3498,YES,YES,YES,YES,NO
Vanilla-RAG,42,295,[CH2]C(=O)c1ccccc1,O=C([O-])CCCCCCCC(=O)[O-],0.105,0.205,YES,YES,3.3234,NO,NO,NO,NO,NO
Vanilla-RAG,42,296,O=C([O-])c1ccccc1,O=C([O-])c1ccc(C(=O)[O-])cc1,0.75,0.75,YES,YES,1.2268,YES,YES,YES,NO,NO
Vanilla-RAG,42,297,O=C(O)c1cc(S(O)(O)O)c2cc(C(=O)O)cc(S(O)(O)O)c2c1,O=C(O)c1ccc(S(=O)(=O)c2ccc(C(=O)O)cc2)cc1,0.744,0.369,YES,YES,0.7929,YES,YES,YES,NO,NO
Vanilla-RAG,42,298,O=C([O-])c1ccncc1,O=C([O-])c1cccnc1C(=O)[O-],0.636,0.5,YES,YES,0.526,YES,YES,NO,NO,NO
Vanilla-RAG,42,299,O=C([O-])c1cccnc1-c1ncccc1C(=O)[O-],O=C([O-])c1cccc(-n2ccc(=O)cc2)c1C(=O)[O-]INVALID,0.0,0.0,NO,NO,,NO,NO,NO,NO,NO
Vanilla-RAG,42,300,O=C([O-])c1ccccn1,O=C([O-])c1cccnc1C(=O)[O-]INVALID,0.0,0.0,NO,NO,,NO,NO,NO,NO,NO
Vanilla-RAG,42,301,O=C([O-])c1ccc(C#Cc2ccc(C(=O)[O-])c(Cl)c2)cc1Cl,O=C([O-])c1ccc(C#Cc2ccc(C(=O)[O-])cc2Cl)c(Cl)c1,1.0,0.911,YES,YES,2.9342,YES,YES,YES,YES,YES
Vanilla-RAG,42,302,Fc1cnc(F)cn1,Fc1cnc(F)cn1,1.0,1.0,YES,YES,0.5131,YES,YES,YES,YES,YES
Vanilla-RAG,42,303,O=C([O-])c1cc(C(=O)[O-])cc(C(=O)[O-])c1,O=C([O-])c1cc(C(=O)[O-])cc(C(=O)[O-])c1,1.0,1.0,YES,YES,1.2667,YES,YES,YES,YES,YES
Vanilla-RAG,42,304,O=C([O-])Cc1ccccc1CC(=O)[O-],O=C([O-])c1cccnc1C(=O)[O-],0.56,0.186,YES,YES,1.2684,YES,NO,NO,NO,NO
Vanilla-RAG,42,305,O=C([O-])c1cc2ccc3cc(C(=O)[O-])cc4ccc(c1)c2c34,O=C([O-])c1ccc(C(=O)[O-])c2ccccc12,1.0,0.563,YES,YES,3.0983,YES,YES,YES,YES,YES
Vanilla-RAG,42,306,NC1=N[CH]c2ncn(CC(=O)[O-])c2N1,NC1=N[CH]c2ncn(CCC(=O)[O-])c2N1,0.885,0.805,YES,NO,1.0528,YES,YES,YES,YES,NO
Vanilla-RAG,42,307,O=C(O)c1ccc(-c2cc(C(=O)[O-])c(-c3ccc(C(=O)O)cc3)cc2C(=O)[O-])cc1,C=C(C=C(C=CC=C(C=CC(=CC=O)C=C(C=CC(=O)[O-])C(=O)O)C(=O)[O-])C(=O)[O-])C(=O)O,0.478,0.08,YES,YES,1.2834,NO,NO,NO,NO,NO
Vanilla-RAG,42,308,O=C([O-])C(=O)O,O=C([O-])C(=O)[O-]INVALID,0.0,0.0,NO,NO,,NO,NO,NO,NO,NO
Vanilla-RAG,42,309,Nc1c(I)c(C(=O)[O-])c(I)c(C(=O)[O-])c1I,O=C([O-])c1c(I)c(I)c(C(=O)[O-])c(I)c1I,0.72,0.688,YES,NO,3.9671,YES,YES,YES,NO,NO
Vanilla-RAG,42,310,OS(O)(O)c1cccc2c(S(O)(O)O)cccc12,OS(O)(O)c1cccc2c(S(O)(O)O)cccc12,1.0,1.0,YES,YES,1.2488,YES,YES,YES,YES,YES
Vanilla-RAG,42,311,O=C([O-])c1cnccn1,O=C([O-])c1cccnc1C(=O)[O-],0.68,0.3,YES,YES,1.4866,YES,YES,NO,NO,NO
Vanilla-RAG,42,312,O=C([O-])c1c(F)c(F)c(C#Cc2c(F)c(F)c(C(=O)[O-])c(F)c2F)c(F)c1F,O=C([O-])c1c(F)c(F)c(C#Cc2c(F)c(F)c(C(=O)[O-])c(F)c2F)c(F)c1F,1.0,1.0,YES,YES,5.9188,YES,YES,YES,YES,YES
Vanilla-RAG,42,313,O=C([O-])c1ccc(Oc2cc(C(=O)[O-])cc(C(=O)[O-])c2)cc1,O=C([O-])c1ccc(Oc2cc(C(=O)[O-])cc(C(=O)[O-])c2)cc1,1.0,1.0,YES,YES,1.4098,YES,YES,YES,YES,YES
Vanilla-RAG,42,314,N#CC(C#N)=c1c(=O)c(=C(C#N)C#N)c1=O,N#CC(C#N)=c1c(=O)c(=C(C#N)C#N)c1=O,1.0,1.0,YES,YES,1.5525,YES,YES,YES,YES,YES
Vanilla-RAG,42,315,CC(=O)[O-],CC(=O)[O-],1.0,1.0,YES,YES,1.2521,YES,YES,YES,YES,YES
Vanilla-RAG,42,316,O=C([O-])c1cc[n+]([O-])cc1,O=C([O-])c1cc[n+]([O-])cc1,1.0,1.0,YES,YES,0.3376,YES,YES,YES,YES,YES
Vanilla-RAG,42,317,O=C([O-])c1cc(C(=O)[O-])cc(S(O)(O)O)c1,O=C([O-])c1cc(C(=O)[O-])cc(S(O)(O)O)c1,1.0,1.0,YES,YES,1.3412,YES,YES,YES,YES,YES
Vanilla-RAG,42,318,O=C([O-])C1C(C(=O)[O-])C(C(=O)[O-])C(C(=O)[O-])C(C(=O)[O-])C1C(=O)[O-],O=C([O-])C1C(C(=O)[O-])C(C(=O)[O-])C1C(=O)[O-],0.846,0.15,YES,NO,2.5036,YES,YES,YES,NO,NO
Vanilla-RAG,42,319,O=C(O)CC(O)(CC(=O)O)C(=O)[O-],O=C([O-])CC(O)(CC(=O)O)C(=O)[O-],1.0,1.0,YES,NO,1.8921,YES,YES,YES,YES,YES
Vanilla-RAG,42,320,O=C([O-])c1cc(S(=O)(=O)c2ccc(C(=O)[O-])c(C(=O)O)c2)ccc1C(=O)O,O=C([O-])c1cc(C(=O)[O-])cc(C(=O)O)c1,0.382,0.329,YES,YES,1.0498,NO,NO,NO,NO,NO
Vanilla-RAG,42,321,c1nc[nH]n1,c1cn[nH]n1,0.9,0.0,YES,YES,2.321,YES,YES,YES,YES,YES
Vanilla-RAG,42,322,C1CCSC1,c1nnn[nH]1,0.143,0.0,YES,YES,0.7991,NO,NO,NO,NO,NO
Vanilla-RAG,42,323,O=C([O-])c1cc([N+](=O)[O-])c2c([N+](=O)[O-])c(C(=O)[O-])cc([N+](=O)[O-])c2c1[N+](=O)[O-],O=C([O-])c1ccc([N+](=O)[O-])cc1,0.763,0.317,YES,YES,1.8311,YES,YES,YES,NO,NO
Vanilla-RAG,42,324,O=C1C(=O)C(Cl)C(=O)C(=O)C1Cl,O=C1C(=O)C(Cl)C(=O)C(=O)C1ClINVALID,0.0,0.0,NO,NO,,NO,NO,NO,NO,NO
Vanilla-RAG,42,325,O=C([O-])c1cc(N2[CH]N=CN2)cc(N2[CH]N=CN2)c1,O=C([O-])c1cc(N2[CH]N=CN2)cc(N2[CH]N=CN2)c1,1.0,1.0,YES,YES,1.7662,YES,YES,YES,YES,YES
Vanilla-RAG,42,326,C1CNCCN1,C1CNCCN1INVALID,0.0,0.0,NO,NO,,NO,NO,NO,NO,NO
Vanilla-RAG,42,327,O=C([O-])c1c(F)c(F)c(C(=O)[O-])c2cc(F)c(F)cc12,O=C([O-])c1c(F)c(F)c(C(=O)[O-])c2cc(F)c(F)cc12INVALID,0.0,0.0,NO,NO,,NO,NO,NO,NO,NO
Vanilla-RAG,42,328,O=C1C([N+](=O)[O-])=CC([N+](=O)[O-])C(O)=C1[N+](=O)[O-],O=C1C([N+](=O)[O-])=CC([N+](=O)[O-])C(O)=C1[N+](=O)[O-]INVALID,0.0,0.0,NO,NO,,NO,NO,NO,NO,NO
Vanilla-RAG,42,329,O=C([O-])c1ccc(C(=O)[O-])c2ccccc12,O=C([O-])c1ccc(C(=O)[O-])cc1INVALID,0.0,0.0,NO,NO,,NO,NO,NO,NO,NO
Vanilla-RAG,42,330,c1nnnn1CCn1cnnn1,c1nnnn1CCCCn1cnnn1INVALID,0.0,0.0,NO,NO,,NO,NO,NO,NO,NO
Vanilla-RAG,42,331,O=C([O-])c1cc([N+](=O)[O-])c(C(=O)[O-])cc1[N+](=O)[O-],O=C([O-])c1cc([N+](=O)[O-])c(C(=O)[O-])cc1[N+](=O)[O-]INVALID,0.0,0.0,NO,NO,,NO,NO,NO,NO,NO
Vanilla-RAG,42,332,O=C([O-])c1ccccc1C(=O)[O-],O=C([O-])c1ccccc1C(=O)[O-]INVALID,0.0,0.0,NO,NO,,NO,NO,NO,NO,NO
Vanilla-RAG,42,333,CCCn1cnc2c1NC=NC2Cl,c1cc(-c2ccncc2)ccn1,0.213,0.0,YES,YES,2.9548,NO,NO,NO,NO,NO
Vanilla-RAG,42,334,O=C([O-])CCN1[CH]C=C(C2=C[CH]N(CCC(=O)[O-])C=C2)C=C1,O=C([O-])c1cccnc1C(=O)[O-],0.372,0.117,YES,YES,1.2246,NO,NO,NO,NO,NO
Vanilla-RAG,42,335,O=C([O-])c1cc(C(=O)[O-])cc(-c2cc(C(=O)[O-])cc(C(=O)[O-])c2)c1,O=C([O-])c1cc(C(=O)[O-])cc(-c2cc(C(=O)[O-])cc(C(=O)[O-])c2)c1INVALID,0.0,0.0,NO,NO,,NO,NO,NO,NO,NO
Vanilla-RAG,42,336,O=C([O-])C=Cc1ccncc1,O=C([O-])C=Cc1ccncc1INVALID,0.0,0.0,NO,NO,,NO,NO,NO,NO,NO
Vanilla-RAG,42,337,O=C([O-])c1ccc(C#Cc2ccc(C(=O)[O-])cc2)cc1,O=C([O-])c1ccc(Oc2ccc(C(=O)[O-])cc2)cc1INVALID,0.0,0.0,NO,NO,,NO,NO,NO,NO,NO
Vanilla-RAG,42,338,C(c1nnn[nH]1)c1nnn[nH]1,O=C(O)CC(O)C(=O)O.O=C([O-])COC(O)C(O)C(O)C(=O)O,0.047,0.027,YES,YES,0.4549,NO,NO,NO,NO,NO
Vanilla-RAG,42,339,O=C([O-])c1cc(O)c(C(=O)[O-])cc1O,O=C([O-])c1cc(O)c(C(=O)[O-])cc1OINVALID,0.0,0.0,NO,NO,,NO,NO,NO,NO,NO
Vanilla-RAG,42,340,CCc1c(C#N)c(CC)c(CC)c(C#N)c1CC,CCCOC=C(OCCC)C(OCCC)C(OCCC)C(OCCC)C(OCCC)C(OCCC)C(OCCC)(OCCC)C(C)OCCC,0.189,0.032,YES,YES,1.913,NO,NO,NO,NO,NO
Vanilla-RAG,42,341,O=C([O-])c1cncc(O)c1,O=C([O-])c1cncc(O)c1INVALID,0.0,0.0,NO,NO,,NO,NO,NO,NO,NO
Vanilla-RAG,42,342,O=C([O-])c1cccc(C(=O)[O-])n1,O=C([O-])c1cccc(C(=O)[O-])n1INVALID,0.0,0.0,NO,NO,,NO,NO,NO,NO,NO
Vanilla-RAG,42,343,O=C([O-])c1cncc(-c2ccccc2C(=O)[O-])c1,O=C([O-])c1cncc(-c2ccccc2C(=O)[O-])c1INVALID,0.0,0.0,NO,NO,,NO,NO,NO,NO,NO
Vanilla-RAG,42,344,Cc1cc(C#Cc2cc(C)c(C(=O)[O-])c(C)c2)cc(C)c1C(=O)[O-],Nc1cc(C=Cc2cc(N)c(C(=O)[O-])c(N)c2)cc(N)c1C(=O)[O-],0.485,0.41,YES,NO,6.8334,NO,NO,NO,NO,NO
Vanilla-RAG,42,345,c1cn(Cc2cc(Cn3ccnc3)c(Cn3ccnc3)cc2Cn2ccnc2)cn1,c1cc(Cn2ccnc2)cc(Cn2ccnc2)c1INVALID,0.0,0.0,NO,NO,,NO,NO,NO,NO,NO
Vanilla-RAG,42,346,Nc1cc(C(=O)[O-])ccc1-c1ccc(C(=O)[O-])cc1N,O=C([O-])c1ccccc1O,0.375,0.441,YES,NO,6.1628,NO,NO,NO,NO,NO
Vanilla-RAG,42,347,O=C([O-])c1ccc(-c2ccc(C(=O)[O-])cc2O)c(O)c1,O=C([O-])c1ccc(-c2ccc(C(=O)[O-])cc2O)c(O)c1INVALID,0.0,0.0,NO,NO,,NO,NO,NO,NO,NO
Vanilla-RAG,42,348,O=C([O-])c1nccnc1C(=O)[O-],O=C([O-])c1nccnc1C(=O)[O-]INVALID,0.0,0.0,NO,NO,,NO,NO,NO,NO,NO
Vanilla-RAG,42,349,COc1cc(C(=O)[O-])ccc1C#Cc1cc(OC)c(C(=O)[O-])cc1-c1ccccc1,CCC=C1C=c2c(C(=O)[O-])cccc2=CC=C1C(=O)[O-],0.417,0.292,YES,YES,1.865,NO,NO,NO,NO,NO
Vanilla-RAG,42,350,O=C([O-])c1c(F)c(F)c(C(=O)[O-])c2c(F)c(F)c(F)c(F)c12,O=C([O-])c1c(F)c(F)c(C(=O)[O-])c2ccccc12INVALID,0.0,0.0,NO,NO,,NO,NO,NO,NO,NO
Vanilla-RAG,42,351,O=C([O-])c1cnc(C(=O)[O-])cn1,O=C([O-])c1cccnc1C(=O)[O-]INVALID,0.0,0.0,NO,NO,,NO,NO,NO,NO,NO
Vanilla-RAG,42,352,O=C([O-])c1ccc(Oc2cc(Oc3ccc(C(=O)[O-])cc3)cc(C(=O)[O-])c2)cc1,O=C([O-])c1ccc(Oc2cc(Oc3ccc(C(=O)[O-])cc3)cc(C(=O)[O-])c2)cc1INVALID,0.0,0.0,NO,NO,,NO,NO,NO,NO,NO
Vanilla-RAG,42,353,O=C([O-])c1ccc(-c2cc(C(=O)[O-])cc(C(=O)[O-])c2)cc1,O=C([O-])c1ccc(-c2cc(C(=O)[O-])cc(C(=O)[O-])c2)cc1INVALID,0.0,0.0,NO,NO,,NO,NO,NO,NO,NO
Vanilla-RAG,42,354,O=C([O-])c1cc(F)c(C(=O)[O-])cc1F,O=C([O-])c1cc(F)c(C(=O)[O-])cc1FINVALID,0.0,0.0,NO,NO,,NO,NO,NO,NO,NO
Vanilla-RAG,42,355,[CH](NN[CH]c1ccncc1)c1ccncc1,c1cn(CCCCn2ccnc2)cn1,0.278,0.037,YES,YES,1.4591,NO,NO,NO,NO,NO
Vanilla-RAG,42,356,O=C([O-])c1ccccc1C(=O)O,O=C([O-])c1ccccc1C(=O)OINVALID,0.0,0.0,NO,NO,,NO,NO,NO,NO,NO
Vanilla-RAG,42,357,CC(CCC(=O)[O-])C(=O)[O-],CC(CCC(=O)[O-])C(=O)[O-]INVALID,0.0,0.0,NO,NO,,NO,NO,NO,NO,NO
Vanilla-RAG,42,358,O=C([O-])c1cc(S(O)(O)O)c(C(=O)[O-])c2c1CC2,O=C([O-])c1ccc(C(c2ccc(C(=O)[O-])c(C(=O)[O-])c2)(C(F)(F)F)C(F)(F)F)cc1C(=O)[O-],0.34,0.299,YES,NO,3.6475,NO,NO,NO,NO,NO
Vanilla-RAG,42,359,CNC1(F)CC2(C#CC(=O)[O-])CCC1(C#CC(=O)[O-])CC2,CCC1CC2(C#CC(=O)[O-])CCC1(C#CC(=O)[O-])CC2OINVALID,0.0,0.0,NO,NO,,NO,NO,NO,NO,NO
Vanilla-RAG,42,360,Cc1nccn1Cc1ccncc1,c1cc(-c2nnc(-c3ccncc3)o2)ccn1,0.341,0.338,YES,YES,1.6293,NO,NO,NO,NO,NO
Vanilla-RAG,42,361,c1cn(Cc2ccc(Cn3ccnc3)cc2)cn1,O=C(c1ccncc1)c1cccnc1,0.345,0.087,YES,NO,1.1741,NO,NO,NO,NO,NO
Vanilla-RAG,42,362,c1cncnc1,c1cncnc1INVALID,0.0,0.0,NO,NO,,NO,NO,NO,NO,NO
Vanilla-RAG,42,363,CCC12C3C4(C(=O)[O-])C5(CC)C(C1(C(=O)[O-])C35[N+](=O)[O-])C24[N+](=O)[O-],O=C([O-])C1C(I)CC2(C(=O)[O-])CC1CC2I,0.312,0.471,YES,YES,1.4058,NO,NO,NO,NO,NO
Vanilla-RAG,42,364,O=C([O-])CN(CC(=O)[O-])CC(=O)[O-],O=C([O-])CCC(=O)[O-],0.478,0.285,YES,YES,1.3653,NO,NO,NO,NO,NO
Vanilla-RAG,42,365,c1cn(-c2ccc(NNc3ccc(-n4ccnc4)cc3)cc2)cn1,c1cc(-c2ccc(-c3ccnnc3)cc2)cnn1,0.455,0.239,YES,YES,1.9985,NO,NO,NO,NO,NO
Vanilla-RAG,42,366,Nc1cc(C#Cc2cc(N)c(C(=O)[O-])c(N)c2)cc(N)c1C(=O)[O-],O=C([O-])C1=CC=C2C=C(Br)C(=CC=C(CBr)C(=O)[O-])C2C=C1,0.256,0.148,YES,YES,6.8899,NO,NO,NO,NO,NO
Vanilla-RAG,42,367,CCc1cc2c(cc(CC)c3ccc(C(=O)[O-])c(F)c32)c2cc(C(=O)[O-])ccc12,CC1C=C(C(=O)[O-])C(C(=O)O)=C(C(=O)[O-])C(C(=O)[O-])=C1CC(=O)O,0.371,0.12,YES,YES,1.0776,NO,NO,NO,NO,NO
Vanilla-RAG,42,368,O=C(O)c1cccc(Oc2cccc(C(=O)O)c2C(=O)[O-])c1.O=C(O)c1cccc(Oc2cccc(C(=O)O)c2C(=O)[O-])c1,Cc1cccc(C)[n+]1C(=O)[O-],0.134,0.058,YES,YES,1.7661,NO,NO,NO,NO,NO
Vanilla-RAG,42,369,O=C([O-])CN(CCN(CC(=O)[O-])CC(=O)[O-])CCN(CC(=O)O)CC(=O)O,O=C([O-])Cn1cnnn1,0.36,0.135,YES,NO,0.7104,NO,NO,NO,NO,NO
Vanilla-RAG,42,370,c1ccc(SSc2ccccn2)nc1,c1cnc(SCSc2ncccn2)nc1INVALID,0.0,0.0,NO,NO,,NO,NO,NO,NO,NO
Vanilla-RAG,42,371,Nc1ccc(C=Cc2ccc(N)cc2S(O)(O)O)c(S(O)(O)O)c1,O=P(O)(O)c1ccc(-c2ccc(P(=O)(O)O)cc2)cc1,0.444,0.246,YES,YES,0.501,NO,NO,NO,NO,NO
Vanilla-RAG,42,372,O=C([O-])c1cc(C(=O)[O-])c(C(=O)O)cc1C(=O)O,O=C([O-])c1cc(C(=O)[O-])c(C(=O)O)cc1C(=O)OINVALID,0.0,0.0,NO,NO,,NO,NO,NO,NO,NO
Vanilla-RAG,42,373,O=C(Nc1cccnc1)c1ccc(C(=O)Nc2cccnc2)s1,c1cc(-c2ccncc2)ccn1,0.375,0.253,YES,YES,1.5499,NO,NO,NO,NO,NO
Vanilla-RAG,42,374,NC1=N[CH]NN1,Cn1nn[nH]c1=S,0.413,0.0,YES,YES,3.2333,NO,NO,NO,NO,NO
Vanilla-RAG,42,375,O=C([O-])c1cc(C(=O)O)c(C(=O)[O-])cc1C(=O)O,O=C([O-])c1ccc(C(=O)[O-])cc1INVALID,0.0,0.0,NO,NO,,NO,NO,NO,NO,NO
Vanilla-RAG,42,376,O=[N+]([O-])c1cncc([N+](=O)[O-])c1C#Cc1c([N+](=O)[O-])cncc1[N+](=O)[O-],O=[N+]([O-])c1cncc([N+](=O)[O-])c1C#Cc1c([N+](=O)[O-])cncc1[N+](=O)[O-]INVALID,0.0,0.0,NO,NO,,NO,NO,NO,NO,NO
Vanilla-RAG,42,377,O=C([O-])C(O)=C(O)C(=O)[O-],O=C([O-])C(O)=C(O)C(=O)[O-]INVALID,0.0,0.0,NO,NO,,NO,NO,NO,NO,NO
Vanilla-RAG,42,378,C(#C[Si](C#Cc1cn[nH]c1)(C#CC1C=NN=C1)C#CC1C=NN=C1)C1=CN=N[CH]1,C(#C[Si](C#Cc1cn[nH]c1)(C#CC1C=NN=C1)C#CC1C=NN=C1)C1=CN=N[CH]1INVALID,0.0,0.0,NO,NO,,NO,NO,NO,NO,NO
Vanilla-RAG,42,379,O=C([O-])CN1[CH]C=C(c2nnn[nH]2)C=C1,O=C([O-])c1cccc(C(=O)O)n1,0.327,0.17,YES,NO,2.2095,NO,NO,NO,NO,NO
Vanilla-RAG,42,380,Nc1ccccc1S,c1ccc(SCSc2ccccn2)nc1,0.3,0.04,YES,NO,0.4346,NO,NO,NO,NO,NO
Vanilla-RAG,42,381,O=C([O-])c1nc(-c2ccc3ccccc3c2)[nH]c1C(=O)[O-],O=C([O-])c1cc(N2[CH]N=CN2)cc(N2[CH]N=CN2)c1,0.429,0.276,YES,YES,1.2577,NO,NO,NO,NO,NO
Vanilla-RAG,42,382,O=C(O)c1ccc(-c2ccc(-c3ccc(C(=O)O)cc3C(=O)[O-])cc2)c(C(=O)[O-])c1,O=C(O)c1ccc(-c2ccc(-c3ccc(C(=O)O)cc3C(=O)[O-])cc2)c(C(=O)[O-])c1INVALID,0.0,0.0,NO,NO,,NO,NO,NO,NO,NO
Vanilla-RAG,42,383,c1ccc(-c2cc(-c3ccncc3)nc(-c3ccncc3)c2)nc1,C=CC=CC=C1C=CC=C(c2ccncc2)C=NC=C2NC=C(N=C1)C(=CC)c1cnccc12,0.467,0.199,YES,YES,3.7653,NO,NO,NO,NO,NO
Vanilla-RAG,42,384,CSc1nccs1,O=P(O)(O)Cc1ccncc1,0.179,0.055,YES,YES,1.6207,NO,NO,NO,NO,NO
Vanilla-RAG,42,385,O=C([O-])C1CCC(C(=O)[O-])CC1,O=C([O-])C1CCC(C(=O)[O-])CC1INVALID,0.0,0.0,NO,NO,,NO,NO,NO,NO,NO
Vanilla-RAG,42,386,c1c[nH]cn1,c1c[nH]cn1INVALID,0.0,0.0,NO,NO,,NO,NO,NO,NO,NO
Vanilla-RAG,42,387,c1ccc(-c2nnc(-c3ccncc3)[nH]2)nc1,c1ccc(-c2nnc(-c3ccncc3)[nH]2)nc1INVALID,0.0,0.0,NO,NO,,NO,NO,NO,NO,NO
Vanilla-RAG,42,388,O=C([O-])c1cccc(-c2c3nc(c(-c4cccc(C(=O)[O-])c4)c4ccc([nH]4)c(-c4cccc(C(=O)[O-])c4)c4nc(c(-c5cccc(C(=O)[O-])c5)c5ccc2[nH]5)C=C4)C=C3)c1,C=CN=CC=CNNC(=O)C1CC(C(=O)[O-])=CC1=CC(=O)[O-],0.367,0.058,YES,YES,1.211,NO,NO,NO,NO,NO
Vanilla-RAG,42,389,O=C([O-])c1cc2c(cc1C(=O)[O-])C(=O)c1ccccc1C2=O,O=C([O-])c1ccccc1I,0.44,0.395,YES,NO,1.8559,NO,NO,NO,NO,NO
Vanilla-RAG,42,390,Cc1cc2ccc3nc(C)ccc3c2cn1,CCCC=NC1=CC=C2N=CC=CC=C(C=C1)C2C,0.312,0.083,YES,YES,1.4547,NO,NO,NO,NO,NO
Vanilla-RAG,42,391,Nc1nc2ccccc2[nH]1,Nc1nc2ccccc2[nH]1INVALID,0.0,0.0,NO,NO,,NO,NO,NO,NO,NO
Vanilla-RAG,42,392,O=C([O-])CCC(=O)[O-],O=C([O-])CCC(=O)[O-]INVALID,0.0,0.0,NO,NO,,NO,NO,NO,NO,NO
Vanilla-RAG,42,393,CNC12C3C4C5C3(C#CC(=O)[O-])C1C5(NC)C42C#CC(=O)[O-],CNC12C3C4C5C3(C#CC(=O)[O-])C1C5(NC)C42C#CC(=O)[O-]INVALID,0.0,0.0,NO,NO,,NO,NO,NO,NO,NO
Vanilla-RAG,42,394,O=C([O-])c1ccc(-c2ccccc2)cc1,C=CC(=CC=CNCC1=CC=CC1)C(=O)[O-],0.269,0.162,YES,YES,1.0053,NO,NO,NO,NO,NO
Vanilla-RAG,42,395,CCCOc1c(C(=O)[O-])ccc2c(OCCC)c(C(=O)[O-])ccc12,CCCOc1c(C(=O)[O-])ccc2c(OCCC)c(C(=O)[O-])ccc12INVALID,0.0,0.0,NO,NO,,NO,NO,NO,NO,NO
Vanilla-RAG,42,396,CN1c2cncc(n2)N(C)c2cncc(n2)N(C)c2cncc(n2)N(C)c2cncc1n2,C=Nc1cnccc1C1C2=CN=C21,0.333,0.019,YES,YES,3.7565,NO,NO,NO,NO,NO
Vanilla-RAG,42,397,CC(C(=O)[O-])C(=O)[O-],CC(C(=O)[O-])C(=O)[O-]INVALID,0.0,0.0,NO,NO,,NO,NO,NO,NO,NO
Vanilla-RAG,42,398,O=C([O-])C(F)=C(F)C(=O)[O-],O=C([O-])C(F)=C(F)C(=O)[O-]INVALID,0.0,0.0,NO,NO,,NO,NO,NO,NO,NO
Vanilla-RAG,42,399,O=C([O-])c1ccc(Oc2ccc(C(=O)[O-])c(C(=O)[O-])c2)cc1C(=O)[O-],O=C([O-])c1ccc(Oc2ccc(C(=O)[O-])c(C(=O)[O-])c2)cc1C(=O)[O-]INVALID,0.0,0.0,NO,NO,,NO,NO,NO,NO,NO
Vanilla-RAG,123,0,O=C([O-])c1cc[n+]([O-])cc1,O=C([O-])c1cccc(C(=O)[O-])[n+]1[O-],0.794,0.538,YES,NO,0.5083,YES,YES,YES,NO,NO
Vanilla-RAG,123,1,O=C([O-])c1cc(C(=O)[O-])cc(S(O)(O)O)c1,O=C([O-])c1cc(C(=O)[O-])cc(P(=O)(O)[O][Zn])c1,0.553,0.706,YES,YES,1.434,YES,YES,YES,NO,NO
Vanilla-RAG,123,2,O=C([O-])C1C(C(=O)[O-])C(C(=O)[O-])C(C(=O)[O-])C(C(=O)[O-])C1C(=O)[O-],O=C([O-])C1C(C(=O)[O-])C(C(=O)[O-])C1C(=O)[O-],0.846,0.15,YES,NO,2.5036,YES,YES,YES,NO,NO
Vanilla-RAG,123,3,O=C(O)CC(O)(CC(=O)O)C(=O)[O-],O=C([O-])CC(O)(CC(=O)O)C(=O)[O-],1.0,1.0,YES,NO,1.8646,YES,YES,YES,YES,YES
Vanilla-RAG,123,4,O=C([O-])c1cc(S(=O)(=O)c2ccc(C(=O)[O-])c(C(=O)O)c2)ccc1C(=O)O,O=C([O-])c1cc(C(=O)[O-])cc(S(O)(O)O)c1,0.7,0.365,YES,YES,1.0673,YES,YES,YES,NO,NO
Vanilla-RAG,123,5,c1nc[nH]n1,c1cn[nH]n1,0.9,0.0,YES,YES,2.4084,YES,YES,YES,YES,YES
Vanilla-RAG,123,6,C1CCSC1,c1nnn[nH]1,0.143,0.0,YES,YES,0.7991,NO,NO,NO,NO,NO
Vanilla-RAG,123,7,O=C([O-])c1cc([N+](=O)[O-])c2c([N+](=O)[O-])c(C(=O)[O-])cc([N+](=O)[O-])c2c1[N+](=O)[O-],O=C([O-])c1ccc([N+](=O)[O-])cc1,0.763,0.317,YES,YES,1.8311,YES,YES,YES,NO,NO
Vanilla-RAG,123,8,O=C1C(=O)C(Cl)C(=O)C(=O)C1Cl,O=C1C(=O)C(Cl)C(=O)C(=O)C1ClINVALID,0.0,0.0,NO,NO,,NO,NO,NO,NO,NO
Vanilla-RAG,123,9,O=C([O-])c1cc(N2[CH]N=CN2)cc(N2[CH]N=CN2)c1,O=C([O-])c1cc(N2[CH]N=CN2)cc(N2[CH]N=CN2)c1,1.0,1.0,YES,YES,1.6729,YES,YES,YES,YES,YES
Vanilla-RAG,123,10,C1CNCCN1,C1CNCCN1,1.0,1.0,YES,YES,0.8306,YES,YES,YES,YES,YES
Vanilla-RAG,123,11,O=C([O-])c1c(F)c(F)c(C(=O)[O-])c2cc(F)c(F)cc12,O=C([O-])c1c(F)c(F)c(C(=O)[O-])c2ccccc12,1.0,0.902,YES,NO,0.7232,YES,YES,YES,YES,YES
Vanilla-RAG,123,12,O=C1C([N+](=O)[O-])=CC([N+](=O)[O-])C(O)=C1[N+](=O)[O-],O=C1C([N+](=O)[O-])=C[N+]([O-])C=C1[N+](=O)[O-],0.8,0.212,YES,YES,0.8841,YES,YES,YES,NO,NO
Vanilla-RAG,123,13,O=C([O-])c1ccc(C(=O)[O-])c2ccccc12,Cc1c(C)c(C(=O)[O-])c2ccccc2c1C(=O)[O-],0.8,0.891,YES,NO,1.2527,YES,YES,YES,YES,NO
Vanilla-RAG,123,14,c1nnnn1CCn1cnnn1,c1cn(CCOCCn2ccnc2)cn1,0.585,0.17,YES,NO,1.3842,YES,NO,NO,NO,NO
Vanilla-RAG,123,15,O=C([O-])c1cc([N+](=O)[O-])c(C(=O)[O-])cc1[N+](=O)[O-],O=C([O-])c1ccc([N+](=O)[O-])cc1,0.879,0.5,YES,YES,0.9457,YES,YES,YES,YES,NO
Vanilla-RAG,123,16,O=C([O-])c1ccccc1C(=O)[O-],O=C([O-])c1ccc(C(=O)[O-])cc1,0.857,0.75,YES,YES,0.9117,YES,YES,YES,YES,NO
Vanilla-RAG,123,17,CCCn1cnc2c1NC=NC2Cl,CCCn1cnc2c1NC=NC2N,0.833,0.925,YES,NO,3.0487,YES,YES,YES,YES,YES
Vanilla-RAG,123,18,O=C([O-])CCN1[CH]C=C(C2=C[CH]N(CCC(=O)[O-])C=C2)C=C1,O=C([O-])c1ccc(Cl)cc1,0.19,0.117,YES,NO,1.2605,NO,NO,NO,NO,NO
Vanilla-RAG,123,19,O=C([O-])c1cc(C(=O)[O-])cc(-c2cc(C(=O)[O-])cc(C(=O)[O-])c2)c1,O=C([O-])c1ccc(-c2ccc(C(=O)[O-])c(C(=O)[O-])c2)cc1C(=O)[O-],0.882,0.754,YES,YES,1.7349,YES,YES,YES,YES,NO
Vanilla-RAG,123,20,O=C([O-])C=Cc1ccncc1,O=C([O-])[CH][CH]c1ccccn1,0.875,0.545,YES,NO,2.4872,YES,YES,YES,YES,NO
Vanilla-RAG,123,21,O=C([O-])c1ccc(C#Cc2ccc(C(=O)[O-])cc2)cc1,O=C([O-])c1ccc(Oc2ccc(C(=O)[O-])cc2)cc1INVALID,0.0,0.0,NO,NO,,NO,NO,NO,NO,NO
Vanilla-RAG,123,22,C(c1nnn[nH]1)c1nnn[nH]1,O=C(O)CC(O)C(=O)O.O=C([O-])COC(O)C(O)C(O)C(=O)O,0.047,0.027,YES,YES,0.4549,NO,NO,NO,NO,NO
Vanilla-RAG,123,23,O=C([O-])c1cc(O)c(C(=O)[O-])cc1O,O=C([O-])c1cc(O)c(C(=O)[O-])cc1OINVALID,0.0,0.0,NO,NO,,NO,NO,NO,NO,NO
Vanilla-RAG,123,24,CCc1c(C#N)c(CC)c(CC)c(C#N)c1CC,CCCc1c(C#N)c(CCC)c(CCC)c(C#N)c1CC,0.842,0.857,YES,YES,2.5222,YES,YES,YES,YES,NO
Vanilla-RAG,123,25,O=C([O-])c1cncc(O)c1,O=C([O-])c1cccnc1C(=O)[O-],0.63,0.75,YES,YES,0.6359,YES,YES,YES,NO,NO
Vanilla-RAG,123,26,O=C([O-])c1cccc(C(=O)[O-])n1,O=C([O-])c1cccnc1C(=O)[O-],0.864,0.75,YES,YES,0.6173,YES,YES,YES,YES,NO
Vanilla-RAG,123,27,O=C([O-])c1cncc(-c2ccccc2C(=O)[O-])c1,O=C([O-])c1cccnc1-c1ncccc1C(=O)[O-],0.852,0.489,YES,YES,1.3833,YES,YES,YES,YES,NO
Vanilla-RAG,123,28,Cc1cc(C#Cc2cc(C)c(C(=O)[O-])c(C)c2)cc(C)c1C(=O)[O-],Nc1cc(C=Cc2cc(N)c(C(=O)[O-])c(N)c2)cc(N)c1C(=O)[O-],0.485,0.41,YES,NO,6.8334,NO,NO,NO,NO,NO
Vanilla-RAG,123,29,c1cn(Cc2cc(Cn3ccnc3)c(Cn3ccnc3)cc2Cn2ccnc2)cn1,c1cn(Cc2ccc(Cn3ccnc3)cc2)cn1,0.852,0.595,YES,YES,1.5856,YES,YES,YES,YES,NO
Vanilla-RAG,123,30,Nc1cc(C(=O)[O-])ccc1-c1ccc(C(=O)[O-])cc1N,Nc1cc(C(=O)[O-])ccc1-c1ccc(C(=O)[O-])cc1N,1.0,1.0,YES,YES,5.5376,YES,YES,YES,YES,YES
Vanilla-RAG,123,31,O=C([O-])c1ccc(-c2ccc(C(=O)[O-])cc2O)c(O)c1,Nc1cc(C(=O)[O-])ccc1-c1ccc(C(=O)[O-])cc1N,0.581,0.902,YES,YES,3.4555,YES,YES,YES,YES,YES
Vanilla-RAG,123,32,O=C([O-])c1nccnc1C(=O)[O-],O=C([O-])c1cccnc1C(=O)[O-],0.88,0.3,YES,NO,1.2131,YES,YES,YES,YES,NO
Vanilla-RAG,123,33,COc1cc(C(=O)[O-])ccc1C#Cc1cc(OC)c(C(=O)[O-])cc1-c1ccccc1,CNc1cc(C(=O)[O-])ccc1C(=O)[O-],0.471,0.325,YES,YES,1.271,NO,NO,NO,NO,NO
Vanilla-RAG,123,34,O=C([O-])c1c(F)c(F)c(C(=O)[O-])c2c(F)c(F)c(F)c(F)c12,O=C([O-])c1c(F)c(F)c(C(=O)[O-])c2ccccc12INVALID,0.0,0.0,NO,NO,,NO,NO,NO,NO,NO
Vanilla-RAG,123,35,O=C([O-])c1cnc(C(=O)[O-])cn1,O=C([O-])c1cccnc1C(=O)[O-]INVALID,0.0,0.0,NO,NO,,NO,NO,NO,NO,NO
Vanilla-RAG,123,36,O=C([O-])c1ccc(Oc2cc(Oc3ccc(C(=O)[O-])cc3)cc(C(=O)[O-])c2)cc1,O=C([O-])c1ccc(Oc2ccc(C(=O)[O-])cc2)cc1,0.95,0.55,YES,NO,0.3787,YES,YES,YES,YES,YES
Vanilla-RAG,123,37,O=C([O-])c1ccc(-c2cc(C(=O)[O-])cc(C(=O)[O-])c2)cc1,O=C([O-])c1ccc(C(=O)[O-])cc1,0.8,0.421,YES,YES,0.772,YES,YES,YES,NO,NO
Vanilla-RAG,123,38,O=C([O-])c1cc(F)c(C(=O)[O-])cc1F,O=C([O-])c1cc(F)c(C(=O)[O-])cc1F,1.0,1.0,YES,YES,1.47,YES,YES,YES,YES,YES
Vanilla-RAG,123,39,[CH](NN[CH]c1ccncc1)c1ccncc1,c1cn(CCCCn2ccnc2)cn1,0.278,0.037,YES,YES,1.4588,NO,NO,NO,NO,NO
Vanilla-RAG,123,40,O=C([O-])c1ccccc1C(=O)O,O=C([O-])c1cccc(C(=O)O)c1,0.867,0.75,YES,NO,3.1384,YES,YES,YES,YES,NO
Vanilla-RAG,123,41,CC(CCC(=O)[O-])C(=O)[O-],O=C([O-])C=CC=CC(=O)[O-],0.529,0.373,YES,YES,2.1182,YES,NO,NO,NO,NO
Vanilla-RAG,123,42,O=C([O-])c1cc(S(O)(O)O)c(C(=O)[O-])c2c1CC2,O=C([O-])c1ccc(C(=O)[O-])c(S(O)(O)O)c1,0.878,0.87,YES,YES,3.7995,YES,YES,YES,YES,NO
Vanilla-RAG,123,43,CNC1(F)CC2(C#CC(=O)[O-])CCC1(C#CC(=O)[O-])CC2,CNC1CC2(C#CC(=O)[O-])CCC1(C#CC(=O)[O-])C(OC)C2,0.756,0.911,YES,YES,0.7395,YES,YES,YES,YES,YES
Vanilla-RAG,123,44,Cc1nccn1Cc1ccncc1,c1cn(Cc2ccc(-n3ccnc3)cc2)cn1,0.719,0.394,YES,YES,1.5635,YES,YES,YES,NO,NO
Vanilla-RAG,123,45,c1cn(Cc2ccc(Cn3ccnc3)cc2)cn1,O=C(c1ccncc1)c1cccnc1,0.345,0.087,YES,NO,1.1741,NO,NO,NO,NO,NO
Vanilla-RAG,123,46,c1cncnc1,c1cnccn1,0.769,0.0,YES,YES,0.9181,YES,YES,YES,NO,NO
Vanilla-RAG,123,47,CCC12C3C4(C(=O)[O-])C5(CC)C(C1(C(=O)[O-])C35[N+](=O)[O-])C24[N+](=O)[O-],N#CC12C3C4([N+](=O)[O-])C5(C#N)C(C14[N+](=O)[O-])C2([N+](=O)[O-])C35[N+](=O)[O-],0.767,0.0,YES,YES,1.4676,YES,YES,YES,NO,NO
Vanilla-RAG,123,48,O=C([O-])CN(CC(=O)[O-])CC(=O)[O-],O=C([O-])CCC(=O)[O-],0.478,0.285,YES,YES,1.2689,NO,NO,NO,NO,NO
Vanilla-RAG,123,49,c1cn(-c2ccc(NNc3ccc(-n4ccnc4)cc3)cc2)cn1,c1nncn1NNn1cnnc1,0.765,0.065,YES,NO,2.0603,YES,YES,YES,NO,NO
Vanilla-RAG,123,50,Nc1cc(C#Cc2cc(N)c(C(=O)[O-])c(N)c2)cc(N)c1C(=O)[O-],O=C([O-])C1=CC=C2C=C(Br)C(=CC=C(CBr)C(=O)[O-])C2C=C1,0.256,0.148,YES,YES,6.7536,NO,NO,NO,NO,NO
Vanilla-RAG,123,51,CCc1cc2c(cc(CC)c3ccc(C(=O)[O-])c(F)c32)c2cc(C(=O)[O-])ccc12,CCc1cc2cc(C(=O)[O-])cc3c(CC)cc4cc(C(=O)[O-])cc1c4c23INVALID,0.0,0.0,NO,NO,,NO,NO,NO,NO,NO
Vanilla-RAG,123,52,O=C(O)c1cccc(Oc2cccc(C(=O)O)c2C(=O)[O-])c1.O=C(O)c1cccc(Oc2cccc(C(=O)O)c2C(=O)[O-])c1,O=C(O)c1cccc(Oc2cccc(C(=O)[O-])c2C(=O)[O-])c1,0.479,0.5,YES,YES,1.8796,YES,NO,NO,NO,NO
Vanilla-RAG,123,53,O=C([O-])CN(CCN(CC(=O)[O-])CC(=O)[O-])CCN(CC(=O)O)CC(=O)O,NCC(=O)NCC(=O)[O-],0.575,0.285,YES,NO,0.6616,YES,NO,NO,NO,NO
Vanilla-RAG,123,54,c1ccc(SSc2ccccn2)nc1,c1cnc(SCSc2ncccn2)nc1INVALID,0.0,0.0,NO,NO,,NO,NO,NO,NO,NO
Vanilla-RAG,123,55,Nc1ccc(C=Cc2ccc(N)cc2S(O)(O)O)c(S(O)(O)O)c1,O=P(O)(O)c1ccccc1,0.395,0.246,YES,YES,0.706,NO,NO,NO,NO,NO
Vanilla-RAG,123,56,O=C([O-])c1cc(C(=O)[O-])c(C(=O)O)cc1C(=O)O,O=C([O-])c1cc(C(=O)[O-])c(C(=O)O)cc1C(=O)O,1.0,1.0,YES,YES,1.0756,YES,YES,YES,YES,YES
Vanilla-RAG,123,57,O=C(Nc1cccnc1)c1ccc(C(=O)Nc2cccnc2)s1,O=C([O-])c1cc(S(O)(O)O)cc(S(O)(O)O)c1,0.164,0.11,YES,YES,1.9888,NO,NO,NO,NO,NO
Vanilla-RAG,123,58,NC1=N[CH]NN1,Cn1nn[nH]c1=S,0.413,0.0,YES,YES,3.2333,NO,NO,NO,NO,NO
Vanilla-RAG,123,59,O=C([O-])c1cc(C(=O)O)c(C(=O)[O-])cc1C(=O)O,O=C([O-])c1ccc(C(=O)[O-])cc1INVALID,0.0,0.0,NO,NO,,NO,NO,NO,NO,NO
Vanilla-RAG,123,60,O=[N+]([O-])c1cncc([N+](=O)[O-])c1C#Cc1c([N+](=O)[O-])cncc1[N+](=O)[O-],O=[N+]([O-])c1cncc([N+](=O)[O-])c1C#Cc1c([N+](=O)[O-])cncc1[N+](=O)[O-],1.0,1.0,YES,YES,1.9466,YES,YES,YES,YES,YES
Vanilla-RAG,123,61,O=C([O-])C(O)=C(O)C(=O)[O-],NC(C(=O)[O-])=C(N)C(=O)[O-],0.481,0.791,YES,NO,1.6845,YES,YES,YES,NO,NO
Vanilla-RAG,123,62,C(#C[Si](C#Cc1cn[nH]c1)(C#CC1C=NN=C1)C#CC1C=NN=C1)C1=CN=N[CH]1,C(#CC(C#Cc1cn[nH]c1)(C#CC1C=NN=C1)C#CC1C=NN=C1)c1cn[nH]c1,0.656,0.232,YES,YES,4.4969,YES,YES,NO,NO,NO
Vanilla-RAG,123,63,O=C([O-])CN1[CH]C=C(c2nnn[nH]2)C=C1,O=C([O-])c1cncc(Cl)c1,0.28,0.17,YES,NO,2.1426,NO,NO,NO,NO,NO
Vanilla-RAG,123,64,Nc1ccccc1S,O=C([O-])c1ccccc1S,0.375,0.7,YES,NO,0.9442,YES,YES,YES,NO,NO
Vanilla-RAG,123,65,O=C([O-])c1nc(-c2ccc3ccccc3c2)[nH]c1C(=O)[O-],O=C([O-])c1cc(N2[CH]N=CN2)cc(N2[CH]N=CN2)c1,0.429,0.276,YES,YES,1.2896,NO,NO,NO,NO,NO
Vanilla-RAG,123,66,O=C(O)c1ccc(-c2ccc(-c3ccc(C(=O)O)cc3C(=O)[O-])cc2)c(C(=O)[O-])c1,O=C([O-])c1cc(C(=O)[O-])cc(-c2ccc(C(=O)O)cc2)c1,0.842,0.5,YES,YES,1.8287,YES,YES,YES,NO,NO
Vanilla-RAG,123,67,c1ccc(-c2cc(-c3ccncc3)nc(-c3ccncc3)c2)nc1,C=CC=CC=C1C=CC=C(c2ccncc2)C=NC=C2NC=C(N=C1)C(=CC)c1cnccc12,0.467,0.199,YES,YES,3.7653,NO,NO,NO,NO,NO
Vanilla-RAG,123,68,CSc1nccs1,O=P(O)(O)Cc1ccncc1,0.179,0.055,YES,YES,1.5843,NO,NO,NO,NO,NO
Vanilla-RAG,123,69,O=C([O-])C1CCC(C(=O)[O-])CC1,O=C([O-])C1CC(C(=O)O)C(C(=O)[O-])CC1C(=O)O,0.6,0.667,YES,YES,1.6611,YES,YES,NO,NO,NO
Vanilla-RAG,123,70,c1c[nH]cn1,c1c[nH]cn1INVALID,0.0,0.0,NO,NO,,NO,NO,NO,NO,NO
Vanilla-RAG,123,71,c1ccc(-c2nnc(-c3ccncc3)[nH]2)nc1,C1=NN=CC1c1ccc(-c2cn[nH]c2)cc1,0.643,0.092,YES,YES,2.3123,YES,YES,NO,NO,NO
Vanilla-RAG,123,72,O=C([O-])c1cccc(-c2c3nc(c(-c4cccc(C(=O)[O-])c4)c4ccc([nH]4)c(-c4cccc(C(=O)[O-])c4)c4nc(c(-c5cccc(C(=O)[O-])c5)c5ccc2[nH]5)C=C4)C=C3)c1,C=CN=CC=CNNC(=O)C1CC(C(=O)[O-])=CC1=CC(=O)[O-],0.367,0.058,YES,YES,1.2555,NO,NO,NO,NO,NO
Vanilla-RAG,123,73,O=C([O-])c1cc2c(cc1C(=O)[O-])C(=O)c1ccccc1C2=O,O=C([O-])c1ccccc1I,0.44,0.395,YES,NO,1.8559,NO,NO,NO,NO,NO
Vanilla-RAG,123,74,Cc1cc2ccc3nc(C)ccc3c2cn1,CC=CC1=CC=Cc2cc(-c3cn[nH]c3)ccc2C12C=NN=C2,0.361,0.249,YES,YES,2.2766,NO,NO,NO,NO,NO
Vanilla-RAG,123,75,Nc1nc2ccccc2[nH]1,C=Nc1nc2ccccc2[nH]1,0.793,0.912,YES,YES,3.835,YES,YES,YES,YES,YES
Vanilla-RAG,123,76,O=C([O-])CCC(=O)[O-],O=C([O-])CC(=O)[O-],0.786,0.604,YES,YES,0.4617,YES,YES,YES,NO,NO
Vanilla-RAG,123,77,CNC12C3C4C5C3(C#CC(=O)[O-])C1C5(NC)C42C#CC(=O)[O-],CCCC12C3C4C5C(C1C53C#CC(=O)[O-])C42C#CC(=O)[O-],0.556,0.829,YES,YES,1.2967,YES,YES,YES,NO,NO
Vanilla-RAG,123,78,O=C([O-])c1ccc(-c2ccccc2)cc1,C=CC(=CC=CNCC1=CC=CC1)C(=O)[O-],0.269,0.162,YES,YES,0.994,NO,NO,NO,NO,NO
Vanilla-RAG,123,79,CCCOc1c(C(=O)[O-])ccc2c(OCCC)c(C(=O)[O-])ccc12,CCCOC=Cc1cc(C(=O)[O-])ccc1C(C=COCCC)c1cc(C(=O)[O-])ccc1OCCC,0.865,0.311,YES,YES,1.788,YES,YES,YES,YES,NO
Vanilla-RAG,123,80,CN1c2cncc(n2)N(C)c2cncc(n2)N(C)c2cncc(n2)N(C)c2cncc1n2,C=Nc1cnccc1C1C2=CN=C21,0.333,0.019,YES,YES,3.744,NO,NO,NO,NO,NO
Vanilla-RAG,123,81,CC(C(=O)[O-])C(=O)[O-],CC(C(=O)[O-])=C(C)C(=O)[O-],0.667,0.478,YES,NO,2.9299,YES,YES,NO,NO,NO
Vanilla-RAG,123,82,O=C([O-])C(F)=C(F)C(=O)[O-],O=C([O-])C(O)=C(O)C(=O)[O-],0.55,0.791,YES,YES,1.6,YES,YES,YES,NO,NO
Vanilla-RAG,123,83,O=C([O-])c1ccc(Oc2ccc(C(=O)[O-])c(C(=O)[O-])c2)cc1C(=O)[O-],O=C([O-])c1ccc(C=Nc2cc(C(=O)[O-])cc(C(=O)[O-])c2)cc1,0.5,0.354,YES,NO,2.1115,YES,NO,NO,NO,NO
Vanilla-RAG,123,84,Cc1cc(OCC(=O)[O-])cc(C(=O)[O-])c1,C=CC=C(OC)C(C(=O)[O-])=C(OC)C(=CC(=CC=COC)c1cc(OC)c(C(=O)[O-])cc1C=C)OC,0.576,0.278,YES,YES,4.198,YES,NO,NO,NO,NO
Vanilla-RAG,123,85,O=C([O-])c1sc2c(C(=O)O)c(C(=O)[O-])sc2c1C(=O)O,O=C([O-])c1cc(C(=O)[O-])c(C(=O)O)c(C(=O)O)c1,0.577,0.177,YES,YES,4.7,YES,NO,NO,NO,NO
Vanilla-RAG,123,86,Cc1nc(C)c(C(=O)[O-])c(C=Cc2ccccc2)c1C(=O)[O-],O=C([O-])c1ccccc1-c1ccccc1C(=O)[O-],0.593,0.313,YES,YES,1.7222,YES,NO,NO,NO,NO
Vanilla-RAG,123,87,Cc1c(C)c(C(=O)[O-])c(C)c(C)c1C(=O)[O-],Nc1cc(C(=O)[O-])cc(C(=O)[O-])c1,0.5,0.625,YES,NO,0.8281,YES,YES,NO,NO,NO
Vanilla-RAG,123,88,O=C([O-])CO,NCC(=O)[O-],0.5,0.78,YES,YES,0.4416,YES,YES,YES,NO,NO
Vanilla-RAG,123,89,O=C([O-])c1ccc(-c2ccc(C(=O)[O-])c(C(=O)O)c2)cc1C(=O)O,O=C([O-])c1cc(C(=O)O)c(C#Cc2c(C(=O)O)cc(C(=O)[O-])cc2C(=O)O)c(C(=O)O)c1,0.9,0.309,YES,NO,2.4152,YES,YES,YES,YES,YES
Vanilla-RAG,123,90,Cc1cc(-n2ccnc2)c(C)cc1-n1ccnc1,c1ccc(-c2nc(-c3ccccn3)c(-c3ccccn3)nc2-c2ccccn2)nc1,0.5,0.0,YES,YES,2.3177,YES,NO,NO,NO,NO
Vanilla-RAG,123,91,O=P(O)(O)CCSc1ccncc1,O=P(O)(O)CCCCP(=O)(O)O,0.59,0.431,YES,YES,1.4681,YES,NO,NO,NO,NO
Vanilla-RAG,123,92,O=C([O-])C1=NC(c2cncc(Br)c2)=NC1C(=O)O,O=C([O-])c1cccc2cccc(C(=O)[O-])c12,0.286,0.196,YES,NO,1.955,NO,NO,NO,NO,NO
Vanilla-RAG,123,93,[CH]1N=NC=C1c1ccc([Si](c2ccc(-c3cn[nH]c3)cc2)(c2ccc(C3C=NN=C3)cc2)c2ccc(C3C=NN=C3)cc2)cc1,C1=NN=CC1C12C3C4C1C1C2C3C41Cc1cn[nH]c1INVALID,0.0,0.0,NO,NO,,NO,NO,NO,NO,NO
Vanilla-RAG,123,94,CCOC1(Br)c2c(C(=O)[O-])c(Br)cc(C(=O)[O-])c2C1Br,O=C([O-])c1c(F)c(F)c(N=Nc2c(F)c(F)c(C(=O)[O-])c(F)c2F)c(F)c1F,0.386,0.317,YES,NO,1.6751,NO,NO,NO,NO,NO
Vanilla-RAG,123,95,CCCOC1CC2(C#CC(=O)[O-])CCC1(C#CC(=O)[O-])CC2,CCCOC1CC2(C#CC(=O)[O-])CCC1(C#CC(=O)[O-])C(C#N)C2,0.941,0.918,YES,YES,1.0172,YES,YES,YES,YES,YES
Vanilla-RAG,123,96,N#CC(C(=O)[O-])=C(C=CC(=O)[O-])c1ccccc1,CCCc1cc(C(=O)[O-])ccc1NNc1ccc(C(=O)[O-])cc1,0.31,0.342,YES,YES,1.5504,NO,NO,NO,NO,NO
Vanilla-RAG,123,97,O=C([O-])C=CC=CC(=O)[O-],O=C([O-])CCC(=O)[O-],0.643,0.373,YES,YES,1.4334,YES,YES,NO,NO,NO
Vanilla-RAG,123,98,CCOP(=O)(Cc1c(C)c(C)c(CP(=O)(OCC)OCC)c(C)c1C)OCC,CC(=O)C(=NNc1ccccc1S(O)(O)O)C(C)=O,0.292,0.214,YES,NO,1.5781,NO,NO,NO,NO,NO
Vanilla-RAG,123,99,[CH]1N=CNN1CCCCCCn1cncn1,c1cnc(SCSc2ncccn2)nc1,0.265,0.037,YES,NO,2.3176,NO,NO,NO,NO,NO
Vanilla-RAG,123,100,O=P(O)(O)O,O=P(O)(O)O,1.0,1.0,YES,YES,1.1282,YES,YES,YES,YES,YES
Vanilla-RAG,123,101,O=C([O-])c1cc(C(=O)O)c(C(=O)[O-])c2c1CC2,O=C([O-])c1cc(C(=O)[O-])cc(S(O)(O)O)c1,0.317,0.69,YES,YES,2.2525,YES,YES,NO,NO,NO
Vanilla-RAG,123,102,O=C([O-])c1cc(Cn2nnc3ccccc32)cc(C(=O)[O-])c1,O=C([O-])c1ccccc1-c1ccccc1C(=O)[O-],0.318,0.395,YES,YES,1.5712,NO,NO,NO,NO,NO
Vanilla-RAG,123,103,O=C([O-])c1c(F)cc(C=Cc2cc(F)c(C(=O)[O-])c(F)c2)cc1F,O=C([O-])C=C(O)C(O)=C(C=CC(O)=C1C(=C(O)C(O)=C(CO)C(=O)[O-])C1OCO)COC(O)=CO,0.279,0.074,YES,YES,6.9295,NO,NO,NO,NO,NO
Vanilla-RAG,123,104,Nc1c(N)c(C(=O)[O-])c(N)c(N)c1C#Cc1c(N)c(N)c(C(=O)[O-])c(N)c1N,O=C([O-])c1c(Cl)c(Cl)c(C#Cc2c(Cl)c(Cl)c(C(=O)[O-])c(Cl)c2Cl)c(Cl)c1Cl,0.486,0.718,YES,NO,6.3833,YES,YES,YES,NO,NO
Vanilla-RAG,123,105,NCC(=O)[O-],O=CC(=O)[O-],0.316,0.78,YES,YES,0.3371,YES,YES,YES,NO,NO
Vanilla-RAG,123,106,O=C([O-])c1nc[nH]c1C(=O)[O-],O=C([O-])c1nc[nH]c1C(=O)[O-]INVALID,0.0,0.0,NO,NO,,NO,NO,NO,NO,NO
Vanilla-RAG,123,107,O=C([O-])c1ccc(C#Cc2ccc(C(=O)[O-])cc2Cl)c(Cl)c1,O=C([O-])c1ccc(NNc2ccc(C(=O)[O-])c(Cl)c2)cc1Cl,0.588,0.402,YES,NO,4.0666,YES,NO,NO,NO,NO
Vanilla-RAG,123,108,O=C([O-])c1cncc(OCOc2cncc(C(=O)[O-])c2)c1,O=C([O-])c1cccc(Oc2cccnc2)c1C(=O)[O-],0.714,0.327,YES,NO,0.6352,YES,YES,YES,NO,NO
Vanilla-RAG,123,109,O=C([O-])c1ccc(-n2ccc(=O)cc2)cc1C(=O)[O-],O=C([O-])c1ccc(C(=O)[O-])cc1,0.343,0.464,YES,YES,1.7444,NO,NO,NO,NO,NO
Vanilla-RAG,123,110,CCc1cc(-c2ccc(C(=O)[O-])cc2)ccc1C(=O)[O-],INVALID,0.0,0.0,NO,NO,,NO,NO,NO,NO,NO
Vanilla-RAG,123,111,CCCC1=NN=CC1C#Cc1ccc(C#CC2=C(CCC)N=N[CH]2)cc1OC,CCC12C3C4C5C(C1C53C#CC1=CN=N[CH]1)C42C#Cc1cn[nH]c1,0.5,0.57,YES,YES,0.9592,YES,NO,NO,NO,NO
Vanilla-RAG,123,112,CCC(C)COc1cc(C=Cc2ccncc2)c(OCC(C)CC)cc1C=Cc1ccncc1,CCCOC=CC1(C(O)CC=CC(=O)[O-])C(OCCCC=CC=O)=CC(OCCC)=CC=CCC1O,0.34,0.156,YES,YES,0.8191,NO,NO,NO,NO,NO
Vanilla-RAG,123,113,Cn1cnc(C(=O)[O-])c1C(=O)[O-],O=C([O-])c1cc([N+](=O)[O-])cc([N+](=O)[O-])c1,0.362,0.24,YES,YES,3.2833,NO,NO,NO,NO,NO
Vanilla-RAG,123,114,O=S1(=O)CCCC1,C1COCCO1,0.289,0.0,YES,YES,4.1495,NO,NO,NO,NO,NO
Vanilla-RAG,123,115,Cc1nccn1CCCCn1ccnc1C,c1cc(NNc2ccncc2)ccn1,0.234,0.0,YES,NO,1.4865,NO,NO,NO,NO,NO
Vanilla-RAG,123,116,O=C([O-])c1ccnc(-c2cc(C(=O)[O-])ccn2)c1,O=C([O-])c1ccnc(-c2cc(C(=O)[O-])ccn2)c1,1.0,1.0,YES,YES,1.0695,YES,YES,YES,YES,YES
Vanilla-RAG,123,117,O=C([O-])c1cccc(-c2nccs2)c1,O=C([O-])c1cc(Cl)c(Cl)cc1C(=O)[O-],0.281,0.626,YES,NO,1.7133,YES,YES,NO,NO,NO
Vanilla-RAG,123,118,NC(=S)c1cccc(C(N)=S)c1,O=c1[nH][nH]c(=O)c2ccccc12,0.205,0.485,YES,YES,1.7759,NO,NO,NO,NO,NO
Vanilla-RAG,123,119,O=C([O-])c1ccc(N=Cc2ccccc2O)cc1,O=C([O-])c1cccc(-c2cccnc2)c1,0.375,0.489,YES,YES,1.4728,NO,NO,NO,NO,NO
Vanilla-RAG,123,120,Nc1c(N)c(C(=O)[O-])c2ccccc2c1C(=O)[O-],O=C([O-])c1c(O)c(O)c(C(=O)[O-])c2ccccc12INVALID,0.0,0.0,NO,NO,,NO,NO,NO,NO,NO
Vanilla-RAG,123,121,Cc1cc2ncn(CCCCn3cnc4cc(C)c(C)cc43)c2cc1C,O=C([O-])c1cc(-c2ccncc2)cc(-c2ccncc2)c1,0.25,0.258,YES,YES,1.8686,NO,NO,NO,NO,NO
Vanilla-RAG,123,122,O=C([O-])c1c(O)c(O)c(C(=O)[O-])c2c(O)c(O)c(O)c(O)c12,O=C([O-])C=CC(C(=O)O)=C(C=C(C=C(C(=O)O)C(=CC(=O)O)C(=O)O)C(=O)O)C(=O)[O-]INVALID,0.0,0.0,NO,NO,,NO,NO,NO,NO,NO
Vanilla-RAG,123,123,O=C([O-])C12C3C4C1C1(S(O)(O)O)C2C3C41C(=O)[O-],CCC1C2C3C(CC)C4(c5ccccc5)C3(C#CC(=O)[O-])C2C14C(=O)[O-],0.4,0.441,YES,YES,1.609,NO,NO,NO,NO,NO
Vanilla-RAG,123,124,Cc1cnc(C)cn1,C=C1N=CC(CCCCCn2cncn2)=N1,0.244,0.099,YES,YES,0.6537,NO,NO,NO,NO,NO
Vanilla-RAG,123,125,ON=C(c1ccncc1)c1ccccn1,NNC(=O)c1ccc(O)cc1,0.262,0.105,YES,YES,0.6988,NO,NO,NO,NO,NO
Vanilla-RAG,123,126,CC(=O)N(C)C,c1c[nH]cn1,0.034,0.0,YES,YES,3.0713,NO,NO,NO,NO,NO
Vanilla-RAG,123,127,c1cc(-c2ccncc2)ccn1,c1cc(-c2ccncc2)ccn1INVALID,0.0,0.0,NO,NO,,NO,NO,NO,NO,NO
Vanilla-RAG,123,128,[CH](C=CC=C1C=NN=C1)c1cn[nH]c1,CC(NNC(C)c1ccncc1)c1ccncc1INVALID,0.0,0.0,NO,NO,,NO,NO,NO,NO,NO
Vanilla-RAG,123,129,CC(=O)[CH]C(=O)c1ccc(-n2ccnc2)cc1,c1ccc2c(c1)N=NC2CCCCn1nnc2ccccc21,0.417,0.26,YES,YES,2.5796,NO,NO,NO,NO,NO
Vanilla-RAG,123,130,O=C(Nc1cccnc1)c1cccnc1,c1cc(-c2ccncc2)ccn1,0.462,0.39,YES,YES,1.6471,NO,NO,NO,NO,NO
Vanilla-RAG,123,131,c1cc(CCCc2ccncc2)ccn1,c1cc(CCCc2ccncc2)ccn1INVALID,0.0,0.0,NO,NO,,NO,NO,NO,NO,NO
Vanilla-RAG,123,132,Cc1cc2ncn(Cc3ccc(Cn4cnc5cc(C)c(C)cc54)cc3)c2cc1C,CC(=CC=C1C2C=CC(=CC(=O)[O-])C=C2N1c1ccncc1)c1ccncc1,0.42,0.052,YES,YES,2.3218,NO,NO,NO,NO,NO
Vanilla-RAG,123,133,Cc1ccc(SCN(CSc2ccc(C)cc2C)CSc2ccc(C)cc2C)c(C)c1,c1ccc2c(c1)nnn2OCCOn1cnnn1INVALID,0.0,0.0,NO,NO,,NO,NO,NO,NO,NO
Vanilla-RAG,123,134,CC1c2nccc(-c3ccnc4c3C4C)c21,O=C([O-])C=CC(=CC=C1C2=CC(=CC(C(=O)[O-])=C1C(=O)O)C=CC=C2)C(=O)OINVALID,0.0,0.0,NO,NO,,NO,NO,NO,NO,NO
Vanilla-RAG,123,135,O=C([O-])c1ccc(OCC(COc2ccc(C(=O)[O-])cc2)(COc2ccc(C(=O)[O-])cc2)COc2ccc(C(=O)O)cc2)cc1,O=C([O-])c1ccc(C=Cc2ccncc2)cc1,0.333,0.195,YES,NO,2.087,NO,NO,NO,NO,NO
Vanilla-RAG,123,136,N#CC(C#N)C(=S)S,CC(=O)C(C#N)C(C)=O,0.125,0.533,YES,NO,0.2582,YES,NO,NO,NO,NO
Vanilla-RAG,123,137,OC1(Cl)Cc2ncc(Cl)nc21,OS(O)(O)c1cnccc1C#Cc1ccncc1S(O)(O)O,0.25,0.027,YES,NO,2.5109,NO,NO,NO,NO,NO
Vanilla-RAG,123,138,CC1(C)OC(CP(c2ccccc2)c2ccccc2)C(CP(c2ccccc2)c2ccccc2)O1,c1cc(CCCc2ccncc2)ccn1,0.222,0.045,YES,YES,1.4384,NO,NO,NO,NO,NO
Vanilla-RAG,123,139,Cc1ccc(S(=O)(=O)NC(CCC(=O)[O-])C(=O)[O-])cc1,O=C([O-])CNC(=O)c1cccc(C(=O)NCC(=O)[O-])c1,0.364,0.35,YES,NO,0.8174,NO,NO,NO,NO,NO
Vanilla-RAG,123,140,O=C([O-])C1=C[CH]NC=C1C(=O)[O-],O=S(=O)(n1ccnc1)n1ccnc1,0.145,0.046,YES,YES,0.5084,NO,NO,NO,NO,NO
Vanilla-RAG,123,141,O=C([O-])c1ccc(-c2cc3cc(c2)C(=O)[O][Cd][O]C3=O)cc1,c1cc(-c2nnn[nH]2)ccc1-c1nnn[nH]1,0.2,0.308,YES,YES,1.5629,NO,NO,NO,NO,NO
Vanilla-RAG,123,142,O=P(O)(O)F,O=[N+]([O-])O,0.393,0.12,YES,YES,0.6789,NO,NO,NO,NO,NO
Vanilla-RAG,123,143,CC(=O)CC(C#N)(C#N)C(C#N)C#N,N#CC(C#N)C(N)=O,0.286,0.411,YES,NO,0.8582,NO,NO,NO,NO,NO
Vanilla-RAG,123,144,COc1cc(NC#N)c(OC)cc1NC#N,N#CC(C#N)=C(C#N)C(C#N)=C(C#N)C#N,0.094,0.1,YES,NO,2.0396,NO,NO,NO,NO,NO
Vanilla-RAG,123,145,c1ccc2c(-n3ccnc3)c3ccccc3c(-n3ccnc3)c2c1,Cc1c(-c2ccncc2)c(C)c(-c2c(C)c(-c3ccncc3)c(C)c(-c3ccncc3)c2C)c(C)c1-c1ccncc1,0.375,0.137,YES,YES,1.6813,NO,NO,NO,NO,NO
Vanilla-RAG,123,146,O=C([O-])c1ccc(NNc2ccc(C(=O)[O-])cc2)cc1,O=C([O-])c1ccc(Oc2ccc(C(=O)[O-])cc2)cc1,0.438,0.441,YES,YES,0.7827,NO,NO,NO,NO,NO
Vanilla-RAG,123,147,O=C(NCc1ccncc1)C(=O)NCc1ccncc1,c1cc(SSc2ccncc2)ccn1,0.3,0.294,YES,NO,3.2451,NO,NO,NO,NO,NO
Vanilla-RAG,123,148,Nc1ccc(Cc2ccc(N)cc2)cc1,N#Cc1ccc(C#N)cc1,0.312,0.455,YES,NO,0.652,NO,NO,NO,NO,NO
Vanilla-RAG,123,149,O=C([O-])c1ccc(-c2cc(-c3ccc(C(=O)O)cc3)c(-c3ccc(C(=O)[O-])cc3)cc2-c2ccc(C(=O)O)cc2)cc1,O=C([O-])c1cc(C(=O)O)c2cc(C(=O)[O-])cc(C(=O)O)c2c1INVALID,0.0,0.0,NO,NO,,NO,NO,NO,NO,NO
Vanilla-RAG,123,150,Fc1cc2cc(C3C=NN=C3)c(F)cc2cc1-c1cn[nH]c1,CC1Cc2nccnc21,0.316,0.0,YES,YES,0.9889,NO,NO,NO,NO,NO
Vanilla-RAG,123,151,O=C1C(=O)C(=O)C(=O)C1=O,O=C1C(=O)C(=O)C1=O,0.867,0.16,YES,NO,3.0628,YES,YES,YES,YES,NO
Vanilla-RAG,123,152,O=C(Nc1cc(C(=O)[O-])cc(C(=O)[O-])c1)Nc1cc(C(=O)[O-])cc(C(=O)[O-])c1,O=C([O-])c1cccc(C(=O)[O-])c1OCCO,0.255,0.423,YES,YES,3.5841,NO,NO,NO,NO,NO
Vanilla-RAG,123,153,Cc1nccn1Cc1ccc(-c2ccc(Cn3ccnc3C)cc2)cc1,c1cc(-c2ccncc2)ccn1,0.364,0.0,YES,YES,1.6322,NO,NO,NO,NO,NO
Vanilla-RAG,123,154,CC(=O)NC(C)(NC(C)=O)C(=O)[O-],OS(O)(O)C(F)(F)F,0.128,0.046,YES,NO,2.0156,NO,NO,NO,NO,NO
Vanilla-RAG,123,155,O=C([O-])c1cccc(CN2CCOCCN(Cc3cccc(C(=O)[O-])c3)CCOCC2)c1,O=C([O-])Cn1cncn1,0.46,0.08,YES,NO,1.1798,NO,NO,NO,NO,NO
Vanilla-RAG,123,156,O=C([O-])c1c(Cl)cc(-c2cc(-c3cc(Cl)c(C(=O)[O-])c(Cl)c3)cc(-c3cc(Cl)c(C(=O)[O-])c(Cl)c3)c2)cc1Cl,O=C([O-])c1ccccc1O,0.444,0.224,YES,NO,1.8769,NO,NO,NO,NO,NO
Vanilla-RAG,123,157,O=[PH](O)O,O=S(=O)(O)O,0.481,0.12,YES,YES,1.413,NO,NO,NO,NO,NO
Vanilla-RAG,123,158,O=P(O)(O)C1=CC=C2[CH]C=CC=C2N1,OC1=Cc2c(ccc(O)c2S(O)(O)O)C=CC=C1S(O)(O)O,0.351,0.027,YES,YES,1.6142,NO,NO,NO,NO,NO
Vanilla-RAG,123,159,c1ccc2nc(-c3cnc4ccccc4n3)cnc2c1,C=CC=C1c2ccccc2N=C(C)c2ccccc2[Si]1(c1ccccc1)c1ccccc1INVALID,0.0,0.0,NO,NO,,NO,NO,NO,NO,NO
Vanilla-RAG,123,160,O=C([O-])Cn1nn[nH]c1=S,O=C([O-])CSc1nnc(SCC(=O)[O-])s1,0.556,0.24,YES,NO,0.6228,YES,NO,NO,NO,NO
Vanilla-RAG,123,161,CCCCN(CCO)CCO,CC(C)(C)S(=O)C#N,0.109,0.244,YES,YES,1.7767,NO,NO,NO,NO,NO
Vanilla-RAG,123,162,CC1=C(CC2=C(C)N=NC2C)C(C)N=N1,c1ccc(-c2nnc(-c3ccncc3)n2-c2ccncc2)nc1,0.349,0.0,YES,YES,2.3147,NO,NO,NO,NO,NO
Vanilla-RAG,123,163,CC(C)c1cc(C(C)C)c(CP(=O)(O)O)c(C(C)C)c1,O=C([O-])C=Cc1cccnc1,0.128,0.08,YES,NO,1.9595,NO,NO,NO,NO,NO
Vanilla-RAG,123,164,O=C([O-])CN=Cc1ccccc1O,O=C([O-])C=Cc1ccncc1,0.312,0.277,YES,YES,1.5335,NO,NO,NO,NO,NO
Vanilla-RAG,123,165,CNC1CC2(C#CC(=O)[O-])C(NC)CC1(C#CC(=O)[O-])C(F)C2F,CNC1CC2(C#CC(=O)[O-])CCC1(C#CC(=O)[O-])CC2F,0.829,0.877,YES,YES,0.5929,YES,YES,YES,YES,NO
Vanilla-RAG,123,166,O=C([O-])c1cccc(NNc2cccc(C(=O)[O-])c2)c1,O=C([O-])c1cccc(NNc2cccc(C(=O)[O-])c2)c1,1.0,1.0,YES,YES,1.5263,YES,YES,YES,YES,YES
Vanilla-RAG,123,167,O=C([O-])c1ccc(NNc2ccc(C(=O)[O-])c(F)c2)cc1F,O=C([O-])c1c(O)c(O)c(C(=O)[O-])c2cc(O)c(O)cc12,0.395,0.402,YES,NO,3.9069,NO,NO,NO,NO,NO
Vanilla-RAG,123,168,N#CNC#N,N#CNC#NINVALID,0.0,0.0,NO,NO,,NO,NO,NO,NO,NO
Vanilla-RAG,123,169,O=C([O-])c1cc(C(=O)[O][Ag])c(C(=O)[O-])cc1C(=O)[O][Ag],O=C([O-])c1cccc(C(=O)O)c1,0.571,0.6,YES,NO,1.7624,YES,YES,NO,NO,NO
Vanilla-RAG,123,170,O=C([O-])c1cccc(=O)[nH]1,Cc1nnn[nH]1,0.2,0.16,YES,YES,0.6492,NO,NO,NO,NO,NO
Vanilla-RAG,123,171,O=C([O-])c1ccc(C(=O)[O-])cc1,O=C([O-])c1ccc(C(=O)[O-])cc1INVALID,0.0,0.0,NO,NO,,NO,NO,NO,NO,NO
Vanilla-RAG,123,172,O=C([O-])CCCC(=O)[O-],O=C([O-])CCC(=O)[O-]INVALID,0.0,0.0,NO,NO,,NO,NO,NO,NO,NO
Vanilla-RAG,123,173,COC1CCc2nccc(-c3ccncc3)c2C1OC,COC1=NN=CC1c1ccc(C2=CN=N[CH]2)c2c1C(OC)C2,0.491,0.26,YES,YES,1.0744,NO,NO,NO,NO,NO
Vanilla-RAG,123,174,O=C([O-])c1ccc(C(=O)[O-])o1,O=C([O-])c1cccnc1C(=O)[O-],0.444,0.3,YES,NO,1.0527,NO,NO,NO,NO,NO
Vanilla-RAG,123,175,[CH]1C=CC=C1,c1cn(CCCCn2ccnc2)cn1,0.074,0.0,YES,YES,1.564,NO,NO,NO,NO,NO
Vanilla-RAG,123,176,c1ccc(C2=NNC(c3ccccn3)=NN2)nc1,c1ccc2c(c1)nnn2CCCCCn1nnc2ccccc21,0.435,0.0,YES,NO,1.4127,NO,NO,NO,NO,NO
Vanilla-RAG,123,177,O=[N+]([O-])C12CN3CN(CN(C3)C1)C2,O=C(O)c1c(C(=O)[O-])c([N+](=O)[O-])c([N+](=O)[O-])c(C(=O)[O-])c1[N+](=O)[O-],0.463,0.15,YES,YES,1.1206,NO,NO,NO,NO,NO
Vanilla-RAG,123,178,c1cc(-c2nnn[nH]2)ccc1-c1nn[nH]n1,c1cn(-c2cc(-n3ccnc3)cc(-n3ccnc3)c2)cn1,0.515,0.271,YES,YES,2.1461,YES,NO,NO,NO,NO
Vanilla-RAG,123,179,Cc1c(C)c(-c2ccncc2)c(C)c(C)c1B(c1c(C)c(C)c(-c2ccncc2)c(C)c1C)c1c(C)c(C)c(-c2ccncc2)c(C)c1C,C1=Cc2nc1c(-c1ccncc1)c1ccc([nH]1)c(-c1ccncc1)c1nc(c(-c3ccncc3)c3ccc([nH]3)c2-c2ccncc2)C=C1,0.483,0.136,YES,YES,3.9243,NO,NO,NO,NO,NO
Vanilla-RAG,123,180,O=C([O-])C(=O)[O-],O=C([O-])C(=O)[O-]INVALID,0.0,0.0,NO,NO,,NO,NO,NO,NO,NO
Vanilla-RAG,123,181,O=C([O-])CN(CC(=O)[O-])c1ccc(C(=O)[O-])cc1,O=C([O-])C1=CC=Cc2ccc(-c3ccc[nH]3)cc2C=C1,0.268,0.289,YES,YES,2.067,NO,NO,NO,NO,NO
Vanilla-RAG,123,182,ON1[CH]C=CC=C1,Cc1cnc(C)cn1,0.194,0.0,YES,YES,1.4001,NO,NO,NO,NO,NO
Vanilla-RAG,123,183,O=C([O-])C1OCOC2C(C(=O)[O-])OCOC12,O=C([O-])C12CCC(C(=O)[O-])(CC1)CC2,0.419,0.221,YES,NO,2.2169,NO,NO,NO,NO,NO
Vanilla-RAG,123,184,O=C([O-])c1ccc(-c2ccc(-c3cc(-c4ccc(-c5ccc(C(=O)[O-])cc5)c(Cl)c4)cc(-c4ccc(-c5ccc(C(=O)[O-])cc5)c(Cl)c4)c3)cc2Cl)cc1,O=C([O-])c1c(Cl)c(Cl)c(-c2cc(-c3c(Cl)c(Cl)c(C(=O)[O-])c(Cl)c3Cl)cc(-c3c(Cl)c(Cl)c(C(=O)[O-])c(Cl)c3Cl)c2)c(Cl)c1Cl,1.0,0.0,YES,YES,2.4448,YES,YES,YES,YES,YES
Vanilla-RAG,123,185,C1COCCO1,C1COCCO1INVALID,0.0,0.0,NO,NO,,NO,NO,NO,NO,NO
Vanilla-RAG,123,186,O=C1NCCN1,c1nnc[nH]1,0.275,0.0,YES,NO,0.7033,NO,NO,NO,NO,NO
Vanilla-RAG,123,187,CC(=O)C(Sc1ccncc1)C(C)=O,Cc1nnc(C)[nH]1,0.242,0.043,YES,YES,1.4663,NO,NO,NO,NO,NO
Vanilla-RAG,123,188,O=C([O-])c1ccc2c3c(ccc(C(=O)[O-])c13)C(=O)N(c1ccncc1)C2=O,O=C([O-])c1nccnc1C(=O)[O-],0.477,0.129,YES,YES,2.2264,NO,NO,NO,NO,NO
Vanilla-RAG,123,189,O=C([O-])C1=CC2=NN=NC2=C[CH]1,c1ccc(C2=NNC(c3ccccn3)=NN2)nc1,0.4,0.0,YES,YES,0.9257,NO,NO,NO,NO,NO
Vanilla-RAG,123,190,S=c1[nH]c2ccccc2[nH]1,Cn1ccn(CCCCCCn2ccn(C)c2=S)c1=S,0.438,0.294,YES,NO,1.3717,NO,NO,NO,NO,NO
Vanilla-RAG,123,191,O=C([O-])C1=C[CH]N(Cc2cc(C(=O)[O-])cc(C(=O)[O-])c2)C=C1,O=C([O-])c1cccnc1C(=O)[O-],0.457,0.161,YES,YES,1.5471,NO,NO,NO,NO,NO
Vanilla-RAG,123,192,O=C([O-])C1=C[CH]N(CCCN2[CH]C=C(C(=O)[O-])C=C2)C=C1,O=C([O-])c1cccnc1C(=O)[O-],0.357,0.169,YES,NO,1.3586,NO,NO,NO,NO,NO
Vanilla-RAG,123,193,Oc1ccc(S)cc1,Nc1ccc(C(=O)NO)cc1,0.167,0.545,YES,NO,1.0086,YES,NO,NO,NO,NO
Vanilla-RAG,123,194,C1CCOC1,c1cnccn1,0.083,0.0,YES,YES,1.5079,NO,NO,NO,NO,NO
Vanilla-RAG,123,195,O=C([O-])c1ccc(N(c2ccc(C(=O)[O-])cc2)c2ccc(-c3ccncc3)cc2)cc1,O=C([O-])c1ccc(N(c2ccccc2)c2ccc(C(=O)[O-])cc2)cc1,0.786,0.802,YES,NO,0.5692,YES,YES,YES,NO,NO
Vanilla-RAG,123,196,NCc1cccnc1,NCc1ccccn1,0.8,0.75,YES,NO,0.538,YES,YES,YES,NO,NO
Vanilla-RAG,123,197,C#N,C#NINVALID,0.0,0.0,NO,NO,,NO,NO,NO,NO,NO
Vanilla-RAG,123,198,O=C1c2ccccc2C(=O)c2c(O)ccc(O)c21,O=C1c2ccc3c4c(ccc(c24)C(=O)N1Cc1ccncc1)C(=O)N(Cc1ccncc1)C3=O,0.372,0.289,YES,NO,1.9583,NO,NO,NO,NO,NO
Vanilla-RAG,123,199,O=C([O-])c1ccc(C#Cc2ccc(C(=O)[O-])cc2F)c(F)c1,O=C([O-])c1ccc(C#Cc2ccc(C(=O)[O-])c(Cl)c2)cc1Cl,0.909,0.911,YES,NO,4.2845,YES,YES,YES,YES,YES
Vanilla-RAG,123,200,O=C([O-])CCN(CCC(=O)[O-])CCC(=O)[O-],N#CNC#N,0.065,0.166,YES,YES,2.6039,NO,NO,NO,NO,NO
Vanilla-RAG,123,201,On1nnnc1-c1nnnn1O,O=C1[CH]C(=O)NC(=S)N1,0.276,0.05,YES,NO,1.687,NO,NO,NO,NO,NO
Vanilla-RAG,123,202,O=C([O-])c1ccc(C2=C3C=CC4=[N]3->[Fe]35<-[N]6=C(C=CC6=C(c6ccc(C(=O)[O-])cc6)c6ccc2[n]63)C(c2ccc(C(=O)[O-])cc2)=c2ccc([n]25)=C4c2ccc(C(=O)[O-])cc2)cc1,O=C([O-])c1ccc(-c2cc(-c3ccc(C(=O)[O-])cc3)c3ccc4c(-c5ccc(C(=O)[O-])cc5)cc(-c5ccc(C(=O)[O-])cc5)c5ccc2c3c54)cc1,0.347,0.154,YES,YES,1.7649,NO,NO,NO,NO,NO
Vanilla-RAG,123,203,O=C([O-])c1ccc(C(=O)[O-])s1,O=C([O-])c1ccc(C(=O)[O-])s1INVALID,0.0,0.0,NO,NO,,NO,NO,NO,NO,NO
Vanilla-RAG,123,204,FC12C3C4N1C1C2N3C41F,Brc1nc(Br)c(Br)c(C#Cc2c(Br)c(Br)nc(Br)c2Br)c1Br,0.419,0.0,YES,YES,2.1841,NO,NO,NO,NO,NO
Vanilla-RAG,123,205,CNc1nc(NC)c(NC)c(C#Cc2c(NC)c(NC)nc(NC)c2NC)c1NC,N#CC=CC1=C(C#N)C1=C(C#N)C(C#N)=C(CC#N)C(=O)[O-],0.091,0.053,YES,YES,2.9858,NO,NO,NO,NO,NO
Vanilla-RAG,123,206,O=C([O-])c1cc(O)c(C#Cc2c(O)cc(C(=O)[O-])cc2O)c(O)c1,O=C([O-])c1ccc(NNc2ccc(C(=O)[O-])c(C(=O)O)c2)cc1C(=O)[O-],0.486,0.341,YES,YES,6.7861,NO,NO,NO,NO,NO
Vanilla-RAG,123,207,O=S(=O)(O)O,O=[PH](O)O,0.481,0.12,YES,YES,0.4784,NO,NO,NO,NO,NO
Vanilla-RAG,123,208,O=C([O-])c1ccc(C(=O)[O-])c2cc(Cl)c(Cl)cc12,O=C([O-])c1ccccc1O,0.429,0.489,YES,NO,0.7979,NO,NO,NO,NO,NO
Vanilla-RAG,123,209,O=C([O-])c1ccc(P(=O)(O)O)cc1,O=C([O-])c1cccc(-n2ccc(=O)cc2)c1C(=O)[O-],0.283,0.464,YES,YES,1.4382,NO,NO,NO,NO,NO
Vanilla-RAG,123,210,O=C([O-])C=CC(=O)[O-],O=C([O-])C=CC(=O)[O-],1.0,1.0,YES,YES,1.4362,YES,YES,YES,YES,YES
Vanilla-RAG,123,211,O=C([O-])CC(=O)[O-],O=C([O-])CC(=O)[O-]INVALID,0.0,0.0,NO,NO,,NO,NO,NO,NO,NO
Vanilla-RAG,123,212,O=C([O-])COc1ccc(OCC(=O)[O-])cc1,O=C([O-])COc1ccc(OCC(=O)[O-])cc1INVALID,0.0,0.0,NO,NO,,NO,NO,NO,NO,NO
Vanilla-RAG,123,213,N#CC1CC2(C#CC(=O)[O-])CCC1(C#CC(=O)[O-])CC2,CCNC1c2c(C(=O)[O-])ccc(C(=O)[O-])c2C1CC,0.385,0.392,YES,YES,3.5614,NO,NO,NO,NO,NO
Vanilla-RAG,123,214,O=C([O-])c1nnn[nH]1,O=C([O-])c1nnn[nH]1,1.0,1.0,YES,YES,2.6943,YES,YES,YES,YES,YES
Vanilla-RAG,123,215,O=C([O-])c1cc(Cl)c(C(=O)[O-])c2c1CC2,O=C([O-])c1cc(Cl)c2c(Cl)c(C(=O)[O-])cc(Cl)c2c1Cl,0.8,0.49,YES,YES,3.5136,YES,YES,YES,NO,NO
Vanilla-RAG,123,216,O=C([O-])c1c(Br)c(Br)c(C(=O)[O-])c(Br)c1Br,O=C([O-])c1c(Cl)c(Cl)c(C(=O)[O-])c(Cl)c1Cl,0.895,0.75,YES,YES,2.2864,YES,YES,YES,YES,NO
Vanilla-RAG,123,217,O=C([O-])c1ccc(C(=O)[O-])c(C(=O)[O-])c1,O=C([O-])c1cc(C(=O)[O-])cc(C(=O)[O-])c1,0.857,0.8,YES,NO,1.4525,YES,YES,YES,YES,NO
Vanilla-RAG,123,218,CC1Cc2c(C(=O)[O-])ccc(C(=O)[O-])c21,CC1Cc2c(C(=O)[O-])ccc(C(=O)[O-])c21INVALID,0.0,0.0,NO,NO,,NO,NO,NO,NO,NO
Vanilla-RAG,123,219,O=C([O-])c1ccc(-c2ccc(C(=O)[O-])cc2F)c(F)c1,O=C([O-])c1c(F)c(F)c(C(=O)[O-])c2c(F)c(F)c(F)c(F)c12,0.87,0.447,YES,YES,3.4918,YES,YES,YES,YES,NO
Vanilla-RAG,123,220,O=C([O-])c1cncc(C(=O)[O-])c1,O=C([O-])c1cccc(C(=O)[O-])c1,0.667,0.3,YES,NO,0.478,YES,YES,NO,NO,NO
Vanilla-RAG,123,221,O=C([O-])c1ccc(-c2cc(-c3ccc(C(=O)[O-])cc3)c(C(=O)[O-])cc2C(=O)[O-])cc1,O=C([O-])c1ccc(C(=O)[O-])cc1,0.706,0.292,YES,YES,1.4138,YES,YES,YES,NO,NO
Vanilla-RAG,123,222,Nc1nnc[nH]1,c1nnc[nH]1,0.654,0.833,YES,NO,3.6357,YES,YES,YES,NO,NO
Vanilla-RAG,123,223,O=C([O-])C#CC#CC(=O)[O-],O=C([O-])C=CC(=O)[O-],0.818,0.373,YES,YES,0.4415,YES,YES,YES,NO,NO
Vanilla-RAG,123,224,Nc1ccccc1C(=O)[O-],O=C([O-])c1cccc(-n2cncn2)c1,0.378,0.626,YES,YES,0.9659,YES,YES,NO,NO,NO
Vanilla-RAG,123,225,O=C([O-])c1cc(C(=O)[O-])cc(-n2cnnc2)c1,O=C([O-])c1cccnc1C(=O)[O-]INVALID,0.0,0.0,NO,NO,,NO,NO,NO,NO,NO
Vanilla-RAG,123,226,O=CC1c2c(C(=O)[O-])ccc(C(=O)[O-])c2C1O,COc1cc(C(=O)[O-])c2c(c1C(=O)[O-])CC2INVALID,0.0,0.0,NO,NO,,NO,NO,NO,NO,NO
Vanilla-RAG,123,227,O=C([O-])c1ccc2cc(C(=O)[O-])ccc2c1,O=C([O-])c1ccc(-c2ccc(C(=O)[O-])cc2)cc1INVALID,0.0,0.0,NO,NO,,NO,NO,NO,NO,NO
Vanilla-RAG,123,228,O=C([O-])c1ccc(OCC(COc2ccc(C(=O)[O-])cc2)(COc2ccc(C(=O)[O-])cc2)COc2ccc(C(=O)[O-])cc2)cc1,Cc1nnc(-c2ccccc2)n1-c1ccc(C(=O)[O-])cc1,0.208,0.195,YES,YES,1.2147,NO,NO,NO,NO,NO
Vanilla-RAG,123,229,O=C([O-])c1cc(C(=O)[O-])cc(-c2ccc3cc(C(=O)[O-])ccc3c2)c1,O=C([O-])c1cccccc(-c2ccccc2)c(C(=O)[O-])ccccc(-c2ccccc2)c1,0.842,0.214,YES,YES,0.7663,YES,YES,YES,NO,NO
Vanilla-RAG,123,230,CCCOc1cc(C(=O)[O-])c(Br)c(Br)c1C(=O)[O-],CCCOC=CC=Cc1ccc(C(=O)[O-])cc1C=Cc1ccc(C(=O)[O-])cc1IINVALID,0.0,0.0,NO,NO,,NO,NO,NO,NO,NO
Vanilla-RAG,123,231,O=C([O-])c1ccc(C(=O)O)c(-c2nc(C(=O)[O-])ccc2C(=O)O)n1,O=C([O-])c1cccnc1C(=O)[O-],0.733,0.369,YES,NO,2.9627,YES,YES,YES,NO,NO
Vanilla-RAG,123,232,O=C([O-])c1cc2nc[nH]c2cc1C(=O)[O-],O=C([O-])c1cc2nc[nH]c2cc1C(=O)[O-],1.0,1.0,YES,YES,1.8763,YES,YES,YES,YES,YES
Vanilla-RAG,123,233,O=C([O-])C1=NC=NC1C(=O)[O-],O=C([O-])c1nn[nH]c1C(=O)[O-],0.622,0.327,YES,YES,2.5059,YES,YES,NO,NO,NO
Vanilla-RAG,123,234,[CH]1C=NN=N1,CCc1nnc[nH]1,0.483,0.0,YES,YES,6.5553,NO,NO,NO,NO,NO
Vanilla-RAG,123,235,c1cnccn1,c1c[nH]cn1,0.6,0.0,YES,YES,1.0663,YES,YES,NO,NO,NO
Vanilla-RAG,123,236,C(C#Cc1cc(C#CC#CC2C=NN=C2)cc(C#CC#CC2C=NN=C2)c1)#CC1=CN=N[CH]1,C(C=CN(C=CC=Cc1cn[nH]c1)C=CC=Cc1cn[nH]c1)=Cc1cn[nH]c1,0.548,0.047,YES,YES,1.2011,YES,NO,NO,NO,NO
Vanilla-RAG,123,237,Nc1nnc(C(=O)[O-])[nH]1,O=C([O-])C1N=CC=NC1=O,0.354,0.36,YES,NO,0.9643,NO,NO,NO,NO,NO
Vanilla-RAG,123,238,COc1ccc(-c2coc3cc(O)c(OC)c(O)c3c2=O)cc1S(O)(O)O,OS(O)(O)C=CC=Cc1nc(-c2ccncc2)ccc1N=CC1=CC(=CS(O)(O)O)C=C1,0.485,0.11,YES,YES,1.1722,NO,NO,NO,NO,NO
Vanilla-RAG,123,239,O=C([O-])c1cc(C(=O)[O-])cc(-c2cccnc2)c1,O=C([O-])c1cccc(-c2ccncc2)c1,0.85,0.544,YES,YES,1.5737,YES,YES,YES,YES,NO
Vanilla-RAG,123,240,O=C([O-])c1cccc(Cl)c1C(=O)[O-],O=C([O-])c1c(Cl)c(Cl)c(C(=O)[O-])c(Cl)c1Cl,1.0,0.625,YES,YES,2.5679,YES,YES,YES,YES,YES
Vanilla-RAG,123,241,O=C([O-])CCn1c(=O)n(CCC(=O)[O-])c(=O)n(CCC(=O)[O-])c1=O,O=C([O-])C1=CC2SC(C(=O)[O-])SC2=N1,0.262,0.108,YES,YES,1.2943,NO,NO,NO,NO,NO
Vanilla-RAG,123,242,O=C([O-])c1cccc(S(O)(O)O)c1,O=C([O-])N1CCN(CP(=O)(O)O)CC1,0.323,0.186,YES,YES,1.484,NO,NO,NO,NO,NO
Vanilla-RAG,123,243,CC=CC(=O)[O-],O=C([O-])CCCC(=O)[O-],0.4,0.417,YES,YES,1.482,NO,NO,NO,NO,NO
Vanilla-RAG,123,244,O=C([O-])c1ccc(C(c2ccc(C(=O)[O-])cc2)(C(F)(F)F)C(F)(F)F)cc1,O=C([O-])c1ccc(N(c2ccc(C(=O)[O-])c(Cl)c2)c2ccc(C(=O)O)c(Cl)c2)cc1Cl,0.485,0.283,YES,YES,1.1627,NO,NO,NO,NO,NO
Vanilla-RAG,123,245,Nc1c(O)c(C2=NNC(c3c(N)c(O)c(C(=O)[O-])c(N)c3O)=NN2)c(N)c(O)c1C(=O)[O-],O=C([O-])c1c(Cl)c(Cl)c(N=Nc2c(Cl)c(Cl)c(C(=O)[O-])c(Cl)c2Cl)c(Cl)c1ClINVALID,0.0,0.0,NO,NO,,NO,NO,NO,NO,NO
Vanilla-RAG,123,246,O=C([O-])c1cc(NCc2ccncc2)cc(C(=O)[O-])c1,O=C([O-])c1ccncc1,0.483,0.343,YES,YES,1.2782,NO,NO,NO,NO,NO
Vanilla-RAG,123,247,O=CC(C(=O)[O-])=C(Br)C=CC(=O)[O-],O=C([O-])C=CC(Br)=CC(=O)[O-],0.875,0.841,YES,YES,1.903,YES,YES,YES,YES,NO
Vanilla-RAG,123,248,O=C([O-])c1ccc(Oc2ccc(C(=O)[O-])cc2)cc1,O=C([O-])c1ccc(Oc2ccc(C(=O)[O-])cc2)cc1INVALID,0.0,0.0,NO,NO,,NO,NO,NO,NO,NO
Vanilla-RAG,123,249,Cc1c(CSc2ccncc2)c(C)c(CSc2ccncc2)c(C)c1CSc1ccncc1,c1cc(-c2nnc(-c3ccncc3)o2)ccn1,0.3,0.176,YES,YES,1.2587,NO,NO,NO,NO,NO
Vanilla-RAG,123,250,O=S(=O)(Nc1cccnc1)c1cccnc1,O=C(Nc1cccnc1)c1cccnc1INVALID,0.0,0.0,NO,NO,,NO,NO,NO,NO,NO
Vanilla-RAG,123,251,Clc1cnccn1,Cc1nnc(C)[nH]1,0.37,0.0,YES,YES,1.5117,NO,NO,NO,NO,NO
Vanilla-RAG,123,252,Nc1cnccn1,c1cnc(SCSc2ncccn2)nc1,0.387,0.0,YES,NO,0.8548,NO,NO,NO,NO,NO
Vanilla-RAG,123,253,Cc1nnc(C)[nH]1,c1ncn(CCn2cncn2)n1,0.5,0.404,YES,NO,2.5116,YES,NO,NO,NO,NO
Vanilla-RAG,123,254,CC(O)C(=O)[O-],O=C([O-])CNC(=O)C(=O)NCC(=O)[O-],0.25,0.264,YES,NO,2.4302,NO,NO,NO,NO,NO
Vanilla-RAG,123,255,C(=Nn1cnnc1)c1ccccn1,c1cnc(Sc2cnccn2)cn1,0.412,0.0,YES,NO,1.1094,NO,NO,NO,NO,NO
Vanilla-RAG,123,256,O=C([O-])C=CC(Br)=CC(=O)[O-],O=C([O-])C=CC(Br)=CC(=O)[O-],1.0,1.0,YES,YES,2.1478,YES,YES,YES,YES,YES
Vanilla-RAG,123,257,O=C([O-])CCP(=O)(O)c1ccccc1,Cc1ccc(S(=O)(=O)NC(CCC(=O)[O-])C(=O)[O-])cc1,0.48,0.3,YES,YES,1.0358,NO,NO,NO,NO,NO
Vanilla-RAG,123,258,O=Cc1cncc2c(C=O)cncc12,N#CC1=NN=C(Br)C1C#CC#CCC1C(Br)=NN=C1Br,0.158,0.079,YES,YES,1.7379,NO,NO,NO,NO,NO
Vanilla-RAG,123,259,COc1ccc(-c2nc(C(=O)[O-])c(C(=O)[O-])[nH]2)cc1,O=C([O-])c1cc(C(=O)O)cc(N2[CH]N=CN2)c1,0.453,0.309,YES,YES,1.0542,NO,NO,NO,NO,NO
Vanilla-RAG,123,260,O=C[O-],O=C[O-]INVALID,0.0,0.0,NO,NO,,NO,NO,NO,NO,NO
Vanilla-RAG,123,261,N#Cc1ccccc1CSCc1ccccc1C#N,NCc1ccccn1,0.259,0.083,YES,NO,0.3428,NO,NO,NO,NO,NO
Vanilla-RAG,123,262,Ic1nc2ccccc2[nH]1,C1Cc2nnc3c4c(nnc(c24)C1)CCC3,0.382,0.351,YES,NO,4.4268,NO,NO,NO,NO,NO
Vanilla-RAG,123,263,c1ccc2c(c1)CSCc1ccc(cc1)CSCc1ccccc1OCCCO2,C1=NN=CC1=Cc1ccncc1,0.119,0.0,YES,YES,1.3871,NO,NO,NO,NO,NO
Vanilla-RAG,123,264,O=C([O-])c1cc(OCc2ccccc2C(=O)O)cc(C(=O)[O-])c1,O=C([O-])c1cc(OCc2ccccc2C(=O)[O-])cc(C(=O)O)c1INVALID,0.0,0.0,NO,NO,,NO,NO,NO,NO,NO
Vanilla-RAG,123,265,NCc1ccncc1,Cc1nccn1CCCCn1ccnc1C,0.282,0.099,YES,YES,1.4361,NO,NO,NO,NO,NO
Vanilla-RAG,123,266,c1ccc(-c2nnn[nH]2)nc1,C=Cc1nc(N)ccc1C=CC1=CC=Cn2cnc1c2,0.419,0.289,YES,YES,2.5781,NO,NO,NO,NO,NO
Vanilla-RAG,123,267,O=C([O-])C(Cl)=C(Cl)C(=O)[O-],O=C([O-])C(Cl)=C(Cl)C(=O)[O-]INVALID,0.0,0.0,NO,NO,,NO,NO,NO,NO,NO
Vanilla-RAG,123,268,NC(CC(=O)[O-])C(=O)[O-],CC(C(=O)[O-])C(=O)[O-],0.409,0.533,YES,YES,0.7081,YES,NO,NO,NO,NO
Vanilla-RAG,123,269,O=C([O-])c1c(F)c(F)c(C(=O)[O-])c(F)c1F,O=C([O-])c1c(F)c(F)c(C(=O)[O-])c(F)c1FINVALID,0.0,0.0,NO,NO,,NO,NO,NO,NO,NO
Vanilla-RAG,123,270,O=C([O-])c1c([N+](=O)[O-])c([N+](=O)[O-])c(C(=O)[O-])c2ccccc12,O=C([O-])c1c2c(c(C(=O)[O-])c([N+](=O)[O-])c1[N+](=O)[O-])CC2,0.878,0.804,YES,YES,5.0226,YES,YES,YES,YES,NO
Vanilla-RAG,123,271,O=C([O-])Cc1ccc(CC(=O)[O-])cc1,O=C([O-])c1ccccc1C(=O)[O-]INVALID,0.0,0.0,NO,NO,,NO,NO,NO,NO,NO
Vanilla-RAG,123,272,COc1cc(C(=O)[O-])cc(C(=O)[O-])c1,COc1cc(C(=O)[O-])cc(C(=O)[O-])c1INVALID,0.0,0.0,NO,NO,,NO,NO,NO,NO,NO
Vanilla-RAG,123,273,O=C([O-])Cc1nnn[nH]1,O=C([O-])Cc1nnn[nH]1,1.0,1.0,YES,YES,1.7646,YES,YES,YES,YES,YES
Vanilla-RAG,123,274,O=C([O-])c1ccnc(C(=O)[O-])c1,O=C([O-])c1cccnc1C(=O)[O-],0.864,0.75,YES,NO,0.6942,YES,YES,YES,YES,NO
Vanilla-RAG,123,275,O=C([O-])c1ccc(-c2ccc(C(=O)[O-])cc2)cc1,CC1=CC2=C(C(=O)[O-])C=C(c3cccnc3)C=CC1=CC=C2C(=O)[O-],0.464,0.14,YES,YES,0.5012,NO,NO,NO,NO,NO
Vanilla-RAG,123,276,c1cn(CCCCn2ccnc2)cn1,c1cn(CCOCCn2ccnc2)cn1,0.765,0.455,YES,NO,1.2156,YES,YES,YES,NO,NO
Vanilla-RAG,123,277,O=C([O-])C#CC(Cl)=C(Cl)C#CC(=O)[O-],O=C([O-])C#CC(=O)[O-],0.667,0.411,YES,NO,3.8875,YES,YES,NO,NO,NO
Vanilla-RAG,123,278,O=C([O-])C=CCC(=O)[O-],O=C([O-])C=C(CC(=O)[O-])C(=O)O,0.75,0.741,YES,NO,2.4723,YES,YES,YES,NO,NO
Vanilla-RAG,123,279,O=C([O-])c1cc(C(=O)[O-])cc(-c2cc(-c3cc(C(=O)[O-])cc(C(=O)[O-])c3)c3ccc4c(-c5cc(C(=O)[O-])cc(C(=O)[O-])c5)cc(-c5cc(C(=O)[O-])cc(C(=O)[O-])c5)c5ccc2c3c54)c1,O=C([O-])C12CCC(C(=O)[O-])(CC1)CC2,0.565,0.135,YES,NO,0.7511,YES,NO,NO,NO,NO
Vanilla-RAG,123,280,O=C([O-])c1cc(C(=O)[O-])cc([N+](=O)[O-])c1,O=C([O-])c1ccc[n+]([O-])c1,0.462,0.24,YES,NO,1.2967,NO,NO,NO,NO,NO
Vanilla-RAG,123,281,NC(=O)c1ccccc1OCC(=O)[O-],O=C([O-])CNC(=O)c1cccc(C(=O)NCC(=O)[O-])c1,0.55,0.45,YES,NO,1.1072,YES,NO,NO,NO,NO
Vanilla-RAG,123,282,C[Si](C)(c1ccncc1)c1ccncc1,CC=CC(C=CC1=CC=CC1)N(c1ccc(-c2ccncc2)cc1)c1ccc(-c2ccncc2)cc1,0.438,0.16,YES,YES,1.7359,NO,NO,NO,NO,NO
Vanilla-RAG,123,283,O=C([O-])c1nn[nH]c1C(=O)[O-],O=C([O-])c1nnn[nH]1INVALID,0.0,0.0,NO,NO,,NO,NO,NO,NO,NO
Vanilla-RAG,123,284,O=C([O-])c1cc2ccccc2c(Cc2c(O)c(C(=O)[O-])cc3ccccc23)c1O,O=C([O-])c1ccncc1C(=O)[O-],0.424,0.12,YES,NO,1.0862,NO,NO,NO,NO,NO
Vanilla-RAG,123,285,O=C([O-])c1c(Cl)c(Cl)c(C(=O)[O-])c(Cl)c1Cl,O=C([O-])c1c(Cl)c(Cl)c(C(=O)[O-])c(Cl)c1Cl,1.0,1.0,YES,YES,2.0717,YES,YES,YES,YES,YES
Vanilla-RAG,123,286,O=C([O-])c1cccnc1C(=O)[O-],O=C([O-])c1cccnc1C(=O)[O-],1.0,1.0,YES,YES,0.8922,YES,YES,YES,YES,YES
Vanilla-RAG,123,287,N#CS,N#CSINVALID,0.0,0.0,NO,NO,,NO,NO,NO,NO,NO
Vanilla-RAG,123,288,O=C([O-])c1cc(O)cc(C(=O)[O-])c1,O=C([O-])c1cc(O)cc(C(=O)[O-])c1,1.0,1.0,YES,YES,1.1899,YES,YES,YES,YES,YES
Vanilla-RAG,123,289,O.OI,O.O.OIINVALID,0.0,0.0,NO,NO,,NO,NO,NO,NO,NO
Vanilla-RAG,123,290,O=C([O-])c1cc(C(=O)[O-])cc(C(=O)O)c1,O=C([O-])c1cc(C(=O)[O-])cc(C(=O)O)c1,1.0,1.0,YES,YES,1.1984,YES,YES,YES,YES,YES
Vanilla-RAG,123,291,O=C([O-])C=Cc1ccc(C(=O)[O-])cc1,O=C([O-])c1ccc(C(=O)[O-])cc1,0.923,0.714,YES,YES,1.5395,YES,YES,YES,YES,YES
Vanilla-RAG,123,292,O=C([O-])c1ccc(-c2ccc(C(=O)[O-])c([N+](=O)[O-])c2)cc1[N+](=O)[O-],O=C([O-])c1ccc(-c2ccc(C(=O)[O-])c([N+](=O)[O-])c2)cc1[N+](=O)[O-],1.0,1.0,YES,YES,5.3249,YES,YES,YES,YES,YES
Vanilla-RAG,123,293,OS(O)(O)c1ccc2cc(S(O)(O)O)ccc2c1,OS(O)(O)c1cccc2c(S(O)(O)O)cccc12,1.0,0.979,YES,NO,1.2075,YES,YES,YES,YES,YES
Vanilla-RAG,123,294,O=C([O-])CCCCCCCC(=O)[O-],O=C([O-])CCC(=O)[O-],0.867,0.444,YES,YES,1.3498,YES,YES,YES,YES,NO
Vanilla-RAG,123,295,[CH2]C(=O)c1ccccc1,O=C([O-])CCCCCCCC(=O)[O-],0.105,0.205,YES,NO,3.2425,NO,NO,NO,NO,NO
Vanilla-RAG,123,296,O=C([O-])c1ccccc1,O=C([O-])c1ccc(C(=O)[O-])cc1,0.75,0.75,YES,NO,1.2612,YES,YES,YES,NO,NO
Vanilla-RAG,123,297,O=C(O)c1cc(S(O)(O)O)c2cc(C(=O)O)cc(S(O)(O)O)c2c1,O=C(O)c1cc(S(O)(O)O)c2cc(C(=O)O)cc(S(O)(O)O)c2c1,1.0,1.0,YES,YES,0.5473,YES,YES,YES,YES,YES
Vanilla-RAG,123,298,O=C([O-])c1ccncc1,O=C([O-])c1cccnc1C(=O)[O-],0.636,0.5,YES,NO,0.5656,YES,YES,NO,NO,NO
Vanilla-RAG,123,299,O=C([O-])c1cccnc1-c1ncccc1C(=O)[O-],O=C([O-])c1cccc(-n2ccc(=O)cc2)c1C(=O)[O-]INVALID,0.0,0.0,NO,NO,,NO,NO,NO,NO,NO
Vanilla-RAG,123,300,O=C([O-])c1ccccn1,O=C([O-])c1cccnc1C(=O)[O-]INVALID,0.0,0.0,NO,NO,,NO,NO,NO,NO,NO
Vanilla-RAG,123,301,O=C([O-])c1ccc(C#Cc2ccc(C(=O)[O-])c(Cl)c2)cc1Cl,O=C([O-])c1ccc(C#Cc2ccc(C(=O)[O-])cc2Cl)c(Cl)c1,1.0,0.911,YES,YES,2.9342,YES,YES,YES,YES,YES
Vanilla-RAG,123,302,Fc1cnc(F)cn1,Fc1cnc(F)cn1,1.0,1.0,YES,YES,0.5131,YES,YES,YES,YES,YES
Vanilla-RAG,123,303,O=C([O-])c1cc(C(=O)[O-])cc(C(=O)[O-])c1,O=C([O-])c1cc(C(=O)[O-])cc(C(=O)[O-])c1,1.0,1.0,YES,YES,1.2669,YES,YES,YES,YES,YES
Vanilla-RAG,123,304,O=C([O-])Cc1ccccc1CC(=O)[O-],O=C([O-])c1cccnc1C(=O)[O-],0.56,0.186,YES,YES,1.3838,YES,NO,NO,NO,NO
Vanilla-RAG,123,305,O=C([O-])c1cc2ccc3cc(C(=O)[O-])cc4ccc(c1)c2c34,O=C([O-])C=CC=c1cc(-c2ccc(C(=O)[O-])cc2Br)c(=CC=CC(=O)[O-])c2cc(C(=O)[O-])ccc12,0.615,0.374,YES,YES,3.078,YES,YES,NO,NO,NO
Vanilla-RAG,123,306,NC1=N[CH]c2ncn(CC(=O)[O-])c2N1,O=C([O-])Cn1nnc2ccccc21,0.582,0.321,YES,NO,1.0431,YES,NO,NO,NO,NO
Vanilla-RAG,123,307,O=C(O)c1ccc(-c2cc(C(=O)[O-])c(-c3ccc(C(=O)O)cc3)cc2C(=O)[O-])cc1,C=C(C=C(C=CC=C(C=CC(=CC=O)C=C(C=CC(=O)[O-])C(=O)O)C(=O)[O-])C(=O)[O-])C(=O)O,0.478,0.08,YES,YES,1.277,NO,NO,NO,NO,NO
Vanilla-RAG,123,308,O=C([O-])C(=O)O,O=C([O-])C(=O)[O-]INVALID,0.0,0.0,NO,NO,,NO,NO,NO,NO,NO
Vanilla-RAG,123,309,Nc1c(I)c(C(=O)[O-])c(I)c(C(=O)[O-])c1I,O=C([O-])c1c(Br)c(Br)c(C(=O)[O-])c(Br)c1Br,0.654,0.562,YES,YES,3.9512,YES,YES,NO,NO,NO
Vanilla-RAG,123,310,OS(O)(O)c1cccc2c(S(O)(O)O)cccc12,OS(O)(O)c1cccc2c(S(O)(O)O)cccc12,1.0,1.0,YES,YES,1.2488,YES,YES,YES,YES,YES
Vanilla-RAG,123,311,O=C([O-])c1cnccn1,O=C([O-])c1cccnc1C(=O)[O-],0.68,0.3,YES,YES,1.4866,YES,YES,NO,NO,NO
Vanilla-RAG,123,312,O=C([O-])c1c(F)c(F)c(C#Cc2c(F)c(F)c(C(=O)[O-])c(F)c2F)c(F)c1F,O=C([O-])c1c(F)c(F)c(C#Cc2c(F)c(F)c(C(=O)[O-])c(F)c2F)c(F)c1F,1.0,1.0,YES,YES,5.7752,YES,YES,YES,YES,YES
Vanilla-RAG,123,313,O=C([O-])c1ccc(Oc2cc(C(=O)[O-])cc(C(=O)[O-])c2)cc1,O=C([O-])c1ccc(Oc2cc(C(=O)[O-])cc(C(=O)[O-])c2)cc1,1.0,1.0,YES,YES,1.4098,YES,YES,YES,YES,YES
Vanilla-RAG,123,314,N#CC(C#N)=c1c(=O)c(=C(C#N)C#N)c1=O,N#CC(C#N)=c1c(=O)c(=C(C#N)C#N)c1=O,1.0,1.0,YES,YES,1.5525,YES,YES,YES,YES,YES
Vanilla-RAG,123,315,CC(=O)[O-],CC(=O)[O-],1.0,1.0,YES,YES,1.2521,YES,YES,YES,YES,YES
Vanilla-RAG,123,316,O=C([O-])c1cc[n+]([O-])cc1,O=C([O-])c1cccc(C(=O)[O-])[n+]1[O-],0.794,0.538,YES,NO,0.5083,YES,YES,YES,NO,NO
Vanilla-RAG,123,317,O=C([O-])c1cc(C(=O)[O-])cc(S(O)(O)O)c1,O=C([O-])c1cc(C(=O)[O-])cc(S(O)(O)O)c1,1.0,1.0,YES,YES,1.3412,YES,YES,YES,YES,YES
Vanilla-RAG,123,318,O=C([O-])C1C(C(=O)[O-])C(C(=O)[O-])C(C(=O)[O-])C(C(=O)[O-])C1C(=O)[O-],O=C([O-])C1C(C(=O)[O-])C(C(=O)[O-])C1C(=O)[O-],0.846,0.15,YES,NO,2.721,YES,YES,YES,NO,NO
Vanilla-RAG,123,319,O=C(O)CC(O)(CC(=O)O)C(=O)[O-],O=C([O-])CC(O)(CC(=O)O)C(=O)[O-],1.0,1.0,YES,NO,1.8646,YES,YES,YES,YES,YES
Vanilla-RAG,123,320,O=C([O-])c1cc(S(=O)(=O)c2ccc(C(=O)[O-])c(C(=O)O)c2)ccc1C(=O)O,O=C([O-])c1cc(C(=O)[O-])cc(C(=O)O)c1,0.382,0.329,YES,YES,1.0498,NO,NO,NO,NO,NO
Vanilla-RAG,123,321,c1nc[nH]n1,c1cn[nH]n1,0.9,0.0,YES,YES,2.321,YES,YES,YES,YES,YES
Vanilla-RAG,123,322,C1CCSC1,C1CSCCS1,0.625,0.0,YES,NO,0.8143,YES,YES,NO,NO,NO
Vanilla-RAG,123,323,O=C([O-])c1cc([N+](=O)[O-])c2c([N+](=O)[O-])c(C(=O)[O-])cc([N+](=O)[O-])c2c1[N+](=O)[O-],O=C([O-])c1c([N+](=O)[O-])c([N+](=O)[O-])c(C(=O)[O-])c2cc([N+](=O)[O-])c([N+](=O)[O-])cc12,0.949,0.669,YES,YES,0.9864,YES,YES,YES,YES,YES
Vanilla-RAG,123,324,O=C1C(=O)C(Cl)C(=O)C(=O)C1Cl,O=C1C(=O)C(Cl)C(=O)C(=O)C1ClINVALID,0.0,0.0,NO,NO,,NO,NO,NO,NO,NO
Vanilla-RAG,123,325,O=C([O-])c1cc(N2[CH]N=CN2)cc(N2[CH]N=CN2)c1,O=C([O-])c1cc(C(=O)O)cc(-n2cnnc2)c1,0.698,0.506,YES,YES,1.651,YES,YES,NO,NO,NO
Vanilla-RAG,123,326,C1CNCCN1,c1cnccn1,0.333,1.0,YES,YES,0.7753,YES,YES,YES,YES,YES
Vanilla-RAG,123,327,O=C([O-])c1c(F)c(F)c(C(=O)[O-])c2cc(F)c(F)cc12,O=C([O-])c1c(F)c(F)c(C(=O)[O-])c2ccccc12,1.0,0.902,YES,NO,0.7132,YES,YES,YES,YES,YES
Vanilla-RAG,123,328,O=C1C([N+](=O)[O-])=CC([N+](=O)[O-])C(O)=C1[N+](=O)[O-],O=C1C([N+](=O)[O-])=C[N+]([O-])C=C1[N+](=O)[O-],0.8,0.212,YES,YES,0.8841,YES,YES,YES,NO,NO
Vanilla-RAG,123,329,O=C([O-])c1ccc(C(=O)[O-])c2ccccc12,O=C([O-])c1ccc(C(=O)[O-])cc1INVALID,0.0,0.0,NO,NO,,NO,NO,NO,NO,NO
Vanilla-RAG,123,330,c1nnnn1CCn1cnnn1,O=C(O)c1cncnc1,0.25,0.05,YES,YES,1.4091,NO,NO,NO,NO,NO
Vanilla-RAG,123,331,O=C([O-])c1cc([N+](=O)[O-])c(C(=O)[O-])cc1[N+](=O)[O-],O=C([O-])c1ccc([N+](=O)[O-])cc1,0.879,0.5,YES,YES,0.9457,YES,YES,YES,YES,NO
Vanilla-RAG,123,332,O=C([O-])c1ccccc1C(=O)[O-],O=C([O-])c1cc(C(=O)[O-])c(C(=O)[O-])cc1C(=O)[O-],1.0,0.667,YES,NO,1.2267,YES,YES,YES,YES,YES
Vanilla-RAG,123,333,CCCn1cnc2c1NC=NC2Cl,c1cc(-c2nnn[nH]2)ccn1,0.346,0.0,YES,YES,2.8419,NO,NO,NO,NO,NO
Vanilla-RAG,123,334,O=C([O-])CCN1[CH]C=C(C2=C[CH]N(CCC(=O)[O-])C=C2)C=C1,O=C([O-])c1cccnc1C(=O)[O-],0.372,0.117,YES,YES,1.2246,NO,NO,NO,NO,NO
Vanilla-RAG,123,335,O=C([O-])c1cc(C(=O)[O-])cc(-c2cc(C(=O)[O-])cc(C(=O)[O-])c2)c1,O=C([O-])c1ccc(C(=O)[O-])cc1,0.8,0.369,YES,NO,1.7811,YES,YES,YES,NO,NO
Vanilla-RAG,123,336,O=C([O-])C=Cc1ccncc1,O=C([O-])C=Cc1ccncc1INVALID,0.0,0.0,NO,NO,,NO,NO,NO,NO,NO
Vanilla-RAG,123,337,O=C([O-])c1ccc(C#Cc2ccc(C(=O)[O-])cc2)cc1,O=C([O-])c1ccc(-c2ccc(C(=O)[O-])cc2)cc1INVALID,0.0,0.0,NO,NO,,NO,NO,NO,NO,NO
Vanilla-RAG,123,338,C(c1nnn[nH]1)c1nnn[nH]1,O=C(O)CC(O)C(=O)O.O=C([O-])COC(O)C(O)C(O)C(=O)O,0.047,0.027,YES,YES,0.4728,NO,NO,NO,NO,NO
Vanilla-RAG,123,339,O=C([O-])c1cc(O)c(C(=O)[O-])cc1O,O=C([O-])c1cc(O)c(C(=O)[O-])cc1OINVALID,0.0,0.0,NO,NO,,NO,NO,NO,NO,NO
Vanilla-RAG,123,340,CCc1c(C#N)c(CC)c(CC)c(C#N)c1CC,CCCOC=C(OCCC)C(OCCC)C(OCCC)C(OCCC)C(OCCC)C(OCCC)C(OCCC)(OCCC)C(C)OCCC,0.189,0.032,YES,YES,1.8745,NO,NO,NO,NO,NO
Vanilla-RAG,123,341,O=C([O-])c1cncc(O)c1,O=C([O-])c1cncc(O)c1INVALID,0.0,0.0,NO,NO,,NO,NO,NO,NO,NO
Vanilla-RAG,123,342,O=C([O-])c1cccc(C(=O)[O-])n1,O=C([O-])c1cccc(C(=O)[O-])n1INVALID,0.0,0.0,NO,NO,,NO,NO,NO,NO,NO
Vanilla-RAG,123,343,O=C([O-])c1cncc(-c2ccccc2C(=O)[O-])c1,O=C([O-])c1cncc(-c2ccccc2C(=O)[O-])c1INVALID,0.0,0.0,NO,NO,,NO,NO,NO,NO,NO
Vanilla-RAG,123,344,Cc1cc(C#Cc2cc(C)c(C(=O)[O-])c(C)c2)cc(C)c1C(=O)[O-],Nc1cc(C=Cc2cc(N)c(C(=O)[O-])c(N)c2)cc(N)c1C(=O)[O-],0.485,0.41,YES,NO,6.7134,NO,NO,NO,NO,NO
Vanilla-RAG,123,345,c1cn(Cc2cc(Cn3ccnc3)c(Cn3ccnc3)cc2Cn2ccnc2)cn1,c1cc(Cn2ccnc2)cc(Cn2ccnc2)c1INVALID,0.0,0.0,NO,NO,,NO,NO,NO,NO,NO
Vanilla-RAG,123,346,Nc1cc(C(=O)[O-])ccc1-c1ccc(C(=O)[O-])cc1N,O=C([O-])c1ccccc1O,0.375,0.441,YES,NO,6.1628,NO,NO,NO,NO,NO
Vanilla-RAG,123,347,O=C([O-])c1ccc(-c2ccc(C(=O)[O-])cc2O)c(O)c1,O=C([O-])c1ccc(-c2ccc(C(=O)[O-])cc2O)c(O)c1INVALID,0.0,0.0,NO,NO,,NO,NO,NO,NO,NO
Vanilla-RAG,123,348,O=C([O-])c1nccnc1C(=O)[O-],O=C([O-])c1nccnc1C(=O)[O-]INVALID,0.0,0.0,NO,NO,,NO,NO,NO,NO,NO
Vanilla-RAG,123,349,COc1cc(C(=O)[O-])ccc1C#Cc1cc(OC)c(C(=O)[O-])cc1-c1ccccc1,CCC=C1C=c2c(C(=O)[O-])cccc2=CC=C1C(=O)[O-],0.417,0.292,YES,YES,1.865,NO,NO,NO,NO,NO
Vanilla-RAG,123,350,O=C([O-])c1c(F)c(F)c(C(=O)[O-])c2c(F)c(F)c(F)c(F)c12,O=C([O-])c1c(F)c(F)c(C(=O)[O-])c2ccccc12INVALID,0.0,0.0,NO,NO,,NO,NO,NO,NO,NO
Vanilla-RAG,123,351,O=C([O-])c1cnc(C(=O)[O-])cn1,O=C([O-])c1cccnc1C(=O)[O-]INVALID,0.0,0.0,NO,NO,,NO,NO,NO,NO,NO
Vanilla-RAG,123,352,O=C([O-])c1ccc(Oc2cc(Oc3ccc(C(=O)[O-])cc3)cc(C(=O)[O-])c2)cc1,O=C([O-])c1ccc(Oc2cc(Oc3ccc(C(=O)[O-])cc3)cc(C(=O)[O-])c2)cc1INVALID,0.0,0.0,NO,NO,,NO,NO,NO,NO,NO
Vanilla-RAG,123,353,O=C([O-])c1ccc(-c2cc(C(=O)[O-])cc(C(=O)[O-])c2)cc1,O=C([O-])c1ccc(-c2cc(C(=O)[O-])cc(C(=O)[O-])c2)cc1INVALID,0.0,0.0,NO,NO,,NO,NO,NO,NO,NO
Vanilla-RAG,123,354,O=C([O-])c1cc(F)c(C(=O)[O-])cc1F,O=C([O-])c1cc(F)c(C(=O)[O-])cc1FINVALID,0.0,0.0,NO,NO,,NO,NO,NO,NO,NO
Vanilla-RAG,123,355,[CH](NN[CH]c1ccncc1)c1ccncc1,c1cn(CCCCn2ccnc2)cn1,0.278,0.037,YES,YES,1.4588,NO,NO,NO,NO,NO
Vanilla-RAG,123,356,O=C([O-])c1ccccc1C(=O)O,O=C([O-])c1ccccc1C(=O)OINVALID,0.0,0.0,NO,NO,,NO,NO,NO,NO,NO
Vanilla-RAG,123,357,CC(CCC(=O)[O-])C(=O)[O-],CC(CCC(=O)[O-])C(=O)[O-]INVALID,0.0,0.0,NO,NO,,NO,NO,NO,NO,NO
Vanilla-RAG,123,358,O=C([O-])c1cc(S(O)(O)O)c(C(=O)[O-])c2c1CC2,O=C([O-])c1ccc(C(c2ccc(C(=O)[O-])c(C(=O)[O-])c2)(C(F)(F)F)C(F)(F)F)cc1C(=O)[O-],0.34,0.299,YES,NO,3.6475,NO,NO,NO,NO,NO
Vanilla-RAG,123,359,CNC1(F)CC2(C#CC(=O)[O-])CCC1(C#CC(=O)[O-])CC2,CCC1CC2(C#CC(=O)[O-])CCC1(C#CC(=O)[O-])CC2OINVALID,0.0,0.0,NO,NO,,NO,NO,NO,NO,NO
Vanilla-RAG,123,360,Cc1nccn1Cc1ccncc1,c1cc(-c2nnc(-c3ccncc3)o2)ccn1,0.341,0.338,YES,YES,1.6293,NO,NO,NO,NO,NO
Vanilla-RAG,123,361,c1cn(Cc2ccc(Cn3ccnc3)cc2)cn1,O=C(c1ccncc1)c1cccnc1,0.345,0.087,YES,NO,1.1553,NO,NO,NO,NO,NO
Vanilla-RAG,123,362,c1cncnc1,c1cncnc1INVALID,0.0,0.0,NO,NO,,NO,NO,NO,NO,NO
Vanilla-RAG,123,363,CCC12C3C4(C(=O)[O-])C5(CC)C(C1(C(=O)[O-])C35[N+](=O)[O-])C24[N+](=O)[O-],O=C([O-])C1C(I)CC2(C(=O)[O-])CC1CC2I,0.312,0.471,YES,YES,1.4058,NO,NO,NO,NO,NO
Vanilla-RAG,123,364,O=C([O-])CN(CC(=O)[O-])CC(=O)[O-],O=C([O-])CCC(=O)[O-],0.478,0.285,YES,YES,1.3653,NO,NO,NO,NO,NO
Vanilla-RAG,123,365,c1cn(-c2ccc(NNc3ccc(-n4ccnc4)cc3)cc2)cn1,c1cc(-c2ccc(-c3ccnnc3)cc2)cnn1,0.455,0.239,YES,YES,1.9985,NO,NO,NO,NO,NO
Vanilla-RAG,123,366,Nc1cc(C#Cc2cc(N)c(C(=O)[O-])c(N)c2)cc(N)c1C(=O)[O-],O=C([O-])C1=CC=C2C=C(Br)C(=CC=C(CBr)C(=O)[O-])C2C=C1,0.256,0.148,YES,YES,6.7091,NO,NO,NO,NO,NO
Vanilla-RAG,123,367,CCc1cc2c(cc(CC)c3ccc(C(=O)[O-])c(F)c32)c2cc(C(=O)[O-])ccc12,CC1C=C(C(=O)[O-])C(C(=O)O)=C(C(=O)[O-])C(C(=O)[O-])=C1CC(=O)O,0.371,0.12,YES,YES,1.6326,NO,NO,NO,NO,NO
Vanilla-RAG,123,368,O=C(O)c1cccc(Oc2cccc(C(=O)O)c2C(=O)[O-])c1.O=C(O)c1cccc(Oc2cccc(C(=O)O)c2C(=O)[O-])c1,O=C([O-])c1ccc(Oc2ccc(C(=O)[O-])cc2)cc1,0.396,0.299,YES,NO,1.5506,NO,NO,NO,NO,NO
Vanilla-RAG,123,369,O=C([O-])CN(CCN(CC(=O)[O-])CC(=O)[O-])CCN(CC(=O)O)CC(=O)O,O=C([O-])Cn1cnnn1,0.36,0.135,YES,NO,0.6757,NO,NO,NO,NO,NO
Vanilla-RAG,123,370,c1ccc(SSc2ccccn2)nc1,c1cnc(SCSc2ncccn2)nc1INVALID,0.0,0.0,NO,NO,,NO,NO,NO,NO,NO
Vanilla-RAG,123,371,Nc1ccc(C=Cc2ccc(N)cc2S(O)(O)O)c(S(O)(O)O)c1,OS(O)(O)c1cccc2c(S(O)(O)O)cccc12INVALID,0.0,0.0,NO,NO,,NO,NO,NO,NO,NO
Vanilla-RAG,123,372,O=C([O-])c1cc(C(=O)[O-])c(C(=O)O)cc1C(=O)O,O=C([O-])c1cc(C(=O)[O-])c(C(=O)O)cc1C(=O)OINVALID,0.0,0.0,NO,NO,,NO,NO,NO,NO,NO
Vanilla-RAG,123,373,O=C(Nc1cccnc1)c1ccc(C(=O)Nc2cccnc2)s1,O=C([O-])c1cc(S(O)(O)O)cc(S(O)(O)O)c1,0.164,0.11,YES,YES,1.9888,NO,NO,NO,NO,NO
Vanilla-RAG,123,374,NC1=N[CH]NN1,Cn1nn[nH]c1=S,0.413,0.0,YES,YES,3.2333,NO,NO,NO,NO,NO
Vanilla-RAG,123,375,O=C([O-])c1cc(C(=O)O)c(C(=O)[O-])cc1C(=O)O,O=C([O-])c1ccc(C(=O)[O-])cc1INVALID,0.0,0.0,NO,NO,,NO,NO,NO,NO,NO
Vanilla-RAG,123,376,O=[N+]([O-])c1cncc([N+](=O)[O-])c1C#Cc1c([N+](=O)[O-])cncc1[N+](=O)[O-],O=[N+]([O-])c1cncc([N+](=O)[O-])c1C#Cc1c([N+](=O)[O-])cncc1[N+](=O)[O-]INVALID,0.0,0.0,NO,NO,,NO,NO,NO,NO,NO
Vanilla-RAG,123,377,O=C([O-])C(O)=C(O)C(=O)[O-],O=C([O-])C(O)=C(O)C(=O)[O-]INVALID,0.0,0.0,NO,NO,,NO,NO,NO,NO,NO
Vanilla-RAG,123,378,C(#C[Si](C#Cc1cn[nH]c1)(C#CC1C=NN=C1)C#CC1C=NN=C1)C1=CN=N[CH]1,C(#C[Si](C#Cc1cn[nH]c1)(C#CC1C=NN=C1)C#CC1C=NN=C1)C1=CN=N[CH]1INVALID,0.0,0.0,NO,NO,,NO,NO,NO,NO,NO
Vanilla-RAG,123,379,O=C([O-])CN1[CH]C=C(c2nnn[nH]2)C=C1,O=C([O-])c1cncc(Cl)c1,0.28,0.17,YES,NO,2.1426,NO,NO,NO,NO,NO
Vanilla-RAG,123,380,Nc1ccccc1S,c1ccc(SCSc2ccccn2)nc1,0.3,0.04,YES,NO,0.4346,NO,NO,NO,NO,NO
Vanilla-RAG,123,381,O=C([O-])c1nc(-c2ccc3ccccc3c2)[nH]c1C(=O)[O-],O=C([O-])c1cc(N2[CH]N=CN2)cc(N2[CH]N=CN2)c1,0.429,0.276,YES,YES,1.2577,NO,NO,NO,NO,NO
Vanilla-RAG,123,382,O=C(O)c1ccc(-c2ccc(-c3ccc(C(=O)O)cc3C(=O)[O-])cc2)c(C(=O)[O-])c1,O=C(O)c1ccc(-c2ccc(-c3ccc(C(=O)O)cc3C(=O)[O-])cc2)c(C(=O)[O-])c1INVALID,0.0,0.0,NO,NO,,NO,NO,NO,NO,NO
Vanilla-RAG,123,383,c1ccc(-c2cc(-c3ccncc3)nc(-c3ccncc3)c2)nc1,C=CC=CC=C1C=CC=C(c2ccncc2)C=NC=C2NC=C(N=C1)C(=CC)c1cnccc12,0.467,0.199,YES,YES,3.7653,NO,NO,NO,NO,NO
Vanilla-RAG,123,384,CSc1nccs1,O=P(O)(O)Cc1ccncc1,0.179,0.055,YES,YES,1.6207,NO,NO,NO,NO,NO
Vanilla-RAG,123,385,O=C([O-])C1CCC(C(=O)[O-])CC1,O=C([O-])C1CCC(C(=O)[O-])CC1INVALID,0.0,0.0,NO,NO,,NO,NO,NO,NO,NO
Vanilla-RAG,123,386,c1c[nH]cn1,c1c[nH]cn1INVALID,0.0,0.0,NO,NO,,NO,NO,NO,NO,NO
Vanilla-RAG,123,387,c1ccc(-c2nnc(-c3ccncc3)[nH]2)nc1,c1ccc(-c2nnc(-c3ccncc3)[nH]2)nc1INVALID,0.0,0.0,NO,NO,,NO,NO,NO,NO,NO
Vanilla-RAG,123,388,O=C([O-])c1cccc(-c2c3nc(c(-c4cccc(C(=O)[O-])c4)c4ccc([nH]4)c(-c4cccc(C(=O)[O-])c4)c4nc(c(-c5cccc(C(=O)[O-])c5)c5ccc2[nH]5)C=C4)C=C3)c1,C=CN=CC=CNNC(=O)C1CC(C(=O)[O-])=CC1=CC(=O)[O-],0.367,0.058,YES,YES,1.211,NO,NO,NO,NO,NO
Vanilla-RAG,123,389,O=C([O-])c1cc2c(cc1C(=O)[O-])C(=O)c1ccccc1C2=O,O=C([O-])c1ccccc1I,0.44,0.395,YES,NO,1.8559,NO,NO,NO,NO,NO
Vanilla-RAG,123,390,Cc1cc2ccc3nc(C)ccc3c2cn1,CC=CC1=CC=Cc2cc(-c3cn[nH]c3)ccc2C12C=NN=C2,0.361,0.249,YES,YES,2.2766,NO,NO,NO,NO,NO
Vanilla-RAG,123,391,Nc1nc2ccccc2[nH]1,Nc1nc2ccccc2[nH]1INVALID,0.0,0.0,NO,NO,,NO,NO,NO,NO,NO
Vanilla-RAG,123,392,O=C([O-])CCC(=O)[O-],O=C([O-])CCC(=O)[O-]INVALID,0.0,0.0,NO,NO,,NO,NO,NO,NO,NO
Vanilla-RAG,123,393,CNC12C3C4C5C3(C#CC(=O)[O-])C1C5(NC)C42C#CC(=O)[O-],CNC12C3C4C5C3(C#CC(=O)[O-])C1C5(NC)C42C#CC(=O)[O-]INVALID,0.0,0.0,NO,NO,,NO,NO,NO,NO,NO
Vanilla-RAG,123,394,O=C([O-])c1ccc(-c2ccccc2)cc1,C=CC(=CC=CNCC1=CC=CC1)C(=O)[O-],0.269,0.162,YES,YES,1.0053,NO,NO,NO,NO,NO
Vanilla-RAG,123,395,CCCOc1c(C(=O)[O-])ccc2c(OCCC)c(C(=O)[O-])ccc12,CCCOc1c(C(=O)[O-])ccc2c(OCCC)c(C(=O)[O-])ccc12INVALID,0.0,0.0,NO,NO,,NO,NO,NO,NO,NO
Vanilla-RAG,123,396,CN1c2cncc(n2)N(C)c2cncc(n2)N(C)c2cncc(n2)N(C)c2cncc1n2,C1=CC2C=CC1CSCc1cccc(c1)CS2,0.189,0.0,YES,YES,3.6061,NO,NO,NO,NO,NO
Vanilla-RAG,123,397,CC(C(=O)[O-])C(=O)[O-],CC(C(=O)[O-])C(=O)[O-]INVALID,0.0,0.0,NO,NO,,NO,NO,NO,NO,NO
Vanilla-RAG,123,398,O=C([O-])C(F)=C(F)C(=O)[O-],O=C([O-])C(F)=C(F)C(=O)[O-]INVALID,0.0,0.0,NO,NO,,NO,NO,NO,NO,NO
Vanilla-RAG,123,399,O=C([O-])c1ccc(Oc2ccc(C(=O)[O-])c(C(=O)[O-])c2)cc1C(=O)[O-],O=C([O-])c1ccc(Oc2ccc(C(=O)[O-])c(C(=O)[O-])c2)cc1C(=O)[O-]INVALID,0.0,0.0,NO,NO,,NO,NO,NO,NO,NO
Vanilla-RAG,999,0,O=C([O-])c1cc[n+]([O-])cc1,O=C([O-])c1cccc(C(=O)[O-])[n+]1[O-],0.794,0.538,YES,NO,0.308,YES,YES,YES,NO,NO
Vanilla-RAG,999,1,O=C([O-])c1cc(C(=O)[O-])cc(S(O)(O)O)c1,O=C([O-])c1cc(C(=O)[O-])cc(S(O)(O)O)c1,1.0,1.0,YES,YES,1.3412,YES,YES,YES,YES,YES
Vanilla-RAG,999,2,O=C([O-])C1C(C(=O)[O-])C(C(=O)[O-])C(C(=O)[O-])C(C(=O)[O-])C1C(=O)[O-],O=C([O-])C1C(C(=O)[O-])C(C(=O)[O-])C1C(=O)[O-],0.846,0.15,YES,NO,2.5036,YES,YES,YES,NO,NO
Vanilla-RAG,999,3,O=C(O)CC(O)(CC(=O)O)C(=O)[O-],O=C([O-])CC(O)(CC(=O)O)C(=O)[O-],1.0,1.0,YES,NO,1.8646,YES,YES,YES,YES,YES
Vanilla-RAG,999,4,O=C([O-])c1cc(S(=O)(=O)c2ccc(C(=O)[O-])c(C(=O)O)c2)ccc1C(=O)O,O=C([O-])c1cc(C(=O)[O-])cc(C(=O)O)c1,0.382,0.329,YES,YES,1.1424,NO,NO,NO,NO,NO
Vanilla-RAG,999,5,c1nc[nH]n1,c1cn[nH]n1,0.9,0.0,YES,YES,2.4084,YES,YES,YES,YES,YES
Vanilla-RAG,999,6,C1CCSC1,c1nnn[nH]1,0.143,0.0,YES,YES,0.7991,NO,NO,NO,NO,NO
Vanilla-RAG,999,7,O=C([O-])c1cc([N+](=O)[O-])c2c([N+](=O)[O-])c(C(=O)[O-])cc([N+](=O)[O-])c2c1[N+](=O)[O-],O=C([O-])c1c([N+](=O)[O-])c([N+](=O)[O-])c(C(=O)[O-])c2cc([N+](=O)[O-])c([N+](=O)[O-])cc12,0.949,0.669,YES,YES,1.2804,YES,YES,YES,YES,YES
Vanilla-RAG,999,8,O=C1C(=O)C(Cl)C(=O)C(=O)C1Cl,O=C1C(=O)C(Cl)C(=O)C(=O)C1Cl,1.0,1.0,YES,YES,1.5704,YES,YES,YES,YES,YES
Vanilla-RAG,999,9,O=C([O-])c1cc(N2[CH]N=CN2)cc(N2[CH]N=CN2)c1,O=C([O-])c1cc(C(=O)O)cc(-n2cnnc2)c1,0.698,0.506,YES,YES,1.651,YES,YES,NO,NO,NO
Vanilla-RAG,999,10,C1CNCCN1,C1CNCCN1,1.0,1.0,YES,YES,0.8306,YES,YES,YES,YES,YES
Vanilla-RAG,999,11,O=C([O-])c1c(F)c(F)c(C(=O)[O-])c2cc(F)c(F)cc12,O=C([O-])c1c(F)c(F)c(C(=O)[O-])c2ccccc12,1.0,0.902,YES,NO,0.7232,YES,YES,YES,YES,YES
Vanilla-RAG,999,12,O=C1C([N+](=O)[O-])=CC([N+](=O)[O-])C(O)=C1[N+](=O)[O-],O=C(O)C1=CC([N+](=O)[O-])=CC([N+](=O)[O-])C1=O,0.95,0.212,YES,YES,1.4695,YES,YES,YES,YES,YES
Vanilla-RAG,999,13,O=C([O-])c1ccc(C(=O)[O-])c2ccccc12,O=C([O-])c1ccc(C(=O)[O-])cc1INVALID,0.0,0.0,NO,NO,,NO,NO,NO,NO,NO
Vanilla-RAG,999,14,c1nnnn1CCn1cnnn1,O=C(O)c1cncnc1,0.25,0.05,YES,YES,1.3959,NO,NO,NO,NO,NO
Vanilla-RAG,999,15,O=C([O-])c1cc([N+](=O)[O-])c(C(=O)[O-])cc1[N+](=O)[O-],O=C([O-])c1ccc([N+](=O)[O-])cc1,0.879,0.5,YES,YES,0.9457,YES,YES,YES,YES,NO
Vanilla-RAG,999,16,O=C([O-])c1ccccc1C(=O)[O-],O=C([O-])c1ccc(C(=O)[O-])cc1,0.857,0.75,YES,YES,0.9117,YES,YES,YES,YES,NO
Vanilla-RAG,999,17,CCCn1cnc2c1NC=NC2Cl,CCN1C(=O)[CH]C(=O)N(CC)C1=S,0.323,0.196,YES,NO,2.9455,NO,NO,NO,NO,NO
Vanilla-RAG,999,18,O=C([O-])CCN1[CH]C=C(C2=C[CH]N(CCC(=O)[O-])C=C2)C=C1,O=C([O-])c1ccccc1F,0.182,0.117,YES,NO,1.2223,NO,NO,NO,NO,NO
Vanilla-RAG,999,19,O=C([O-])c1cc(C(=O)[O-])cc(-c2cc(C(=O)[O-])cc(C(=O)[O-])c2)c1,O=C([O-])c1ccc(-c2ccc(C(=O)[O-])c(C(=O)[O-])c2)cc1C(=O)[O-],0.882,0.754,YES,YES,1.7934,YES,YES,YES,YES,NO
Vanilla-RAG,999,20,O=C([O-])C=Cc1ccncc1,O=C([O-])[CH][CH]c1ccccn1,0.875,0.545,YES,NO,2.4872,YES,YES,YES,YES,NO
Vanilla-RAG,999,21,O=C([O-])c1ccc(C#Cc2ccc(C(=O)[O-])cc2)cc1,O=C([O-])c1ccc(-c2ccc(C(=O)[O-])cc2)cc1INVALID,0.0,0.0,NO,NO,,NO,NO,NO,NO,NO
Vanilla-RAG,999,22,C(c1nnn[nH]1)c1nnn[nH]1,O=C(O)CC(O)C(=O)O.O=C([O-])COC(O)C(O)C(O)C(=O)O,0.047,0.027,YES,YES,0.4728,NO,NO,NO,NO,NO
Vanilla-RAG,999,23,O=C([O-])c1cc(O)c(C(=O)[O-])cc1O,O=C([O-])c1cc(O)c(C(=O)[O-])cc1OINVALID,0.0,0.0,NO,NO,,NO,NO,NO,NO,NO
Vanilla-RAG,999,24,CCc1c(C#N)c(CC)c(CC)c(C#N)c1CC,CCCc1c(C#N)c(CCC)c(CCC)c(C#N)c1CC,0.842,0.857,YES,YES,2.5872,YES,YES,YES,YES,NO
Vanilla-RAG,999,25,O=C([O-])c1cncc(O)c1,O=C([O-])c1cncc(F)c1,0.577,0.9,YES,NO,0.6703,YES,YES,YES,YES,YES
Vanilla-RAG,999,26,O=C([O-])c1cccc(C(=O)[O-])n1,O=C([O-])c1cccnc1C(=O)[O-],0.864,0.75,YES,YES,0.6173,YES,YES,YES,YES,NO
Vanilla-RAG,999,27,O=C([O-])c1cncc(-c2ccccc2C(=O)[O-])c1,O=C([O-])c1cccnc1C(=O)[O-],0.8,0.489,YES,YES,1.1797,YES,YES,YES,NO,NO
Vanilla-RAG,999,28,Cc1cc(C#Cc2cc(C)c(C(=O)[O-])c(C)c2)cc(C)c1C(=O)[O-],Nc1cc(C=Cc2cc(N)c(C(=O)[O-])c(N)c2)cc(N)c1C(=O)[O-],0.485,0.41,YES,NO,6.8334,NO,NO,NO,NO,NO
Vanilla-RAG,999,29,c1cn(Cc2cc(Cn3ccnc3)c(Cn3ccnc3)cc2Cn2ccnc2)cn1,c1cc(Cn2ccnc2)cc(Cn2ccnc2)c1INVALID,0.0,0.0,NO,NO,,NO,NO,NO,NO,NO
Vanilla-RAG,999,30,Nc1cc(C(=O)[O-])ccc1-c1ccc(C(=O)[O-])cc1N,O=C([O-])c1ccccc1O,0.375,0.441,YES,NO,6.1628,NO,NO,NO,NO,NO
Vanilla-RAG,999,31,O=C([O-])c1ccc(-c2ccc(C(=O)[O-])cc2O)c(O)c1,Nc1cc(C(=O)[O-])ccc1-c1ccc(C(=O)[O-])cc1N,0.581,0.902,YES,YES,3.4555,YES,YES,YES,YES,YES
Vanilla-RAG,999,32,O=C([O-])c1nccnc1C(=O)[O-],O=C([O-])c1cccnc1C(=O)[O-],0.88,0.3,YES,NO,1.2131,YES,YES,YES,YES,NO
Vanilla-RAG,999,33,COc1cc(C(=O)[O-])ccc1C#Cc1cc(OC)c(C(=O)[O-])cc1-c1ccccc1,COc1cc(C(=O)[O-])ccc1C(=O)[O-],0.815,0.39,YES,YES,1.2794,YES,YES,YES,NO,NO
Vanilla-RAG,999,34,O=C([O-])c1c(F)c(F)c(C(=O)[O-])c2c(F)c(F)c(F)c(F)c12,O=C([O-])c1c(F)c(F)c(C(=O)[O-])c2ccccc12INVALID,0.0,0.0,NO,NO,,NO,NO,NO,NO,NO
Vanilla-RAG,999,35,O=C([O-])c1cnc(C(=O)[O-])cn1,O=C([O-])c1cccc(C(=O)[O-])n1,0.826,0.3,YES,YES,1.3073,YES,YES,YES,NO,NO
Vanilla-RAG,999,36,O=C([O-])c1ccc(Oc2cc(Oc3ccc(C(=O)[O-])cc3)cc(C(=O)[O-])c2)cc1,O=C([O-])c1ccc(Oc2cc(Oc3ccc(C(=O)[O-])cc3)cc(C(=O)[O-])c2)cc1INVALID,0.0,0.0,NO,NO,,NO,NO,NO,NO,NO
Vanilla-RAG,999,37,O=C([O-])c1ccc(-c2cc(C(=O)[O-])cc(C(=O)[O-])c2)cc1,O=C([O-])c1ccc(C(=O)[O-])cc1,0.8,0.421,YES,NO,0.7667,YES,YES,YES,NO,NO
Vanilla-RAG,999,38,O=C([O-])c1cc(F)c(C(=O)[O-])cc1F,O=C([O-])c1c(F)c(F)c(C(=O)[O-])c2cc(F)c(F)cc12,0.818,0.638,YES,YES,1.3228,YES,YES,YES,NO,NO
Vanilla-RAG,999,39,[CH](NN[CH]c1ccncc1)c1ccncc1,c1cc(SSc2ccncc2)ccn1,0.5,0.366,YES,NO,1.4816,YES,NO,NO,NO,NO
Vanilla-RAG,999,40,O=C([O-])c1ccccc1C(=O)O,O=C([O-])c1cccc(C(=O)O)c1,0.867,0.75,YES,NO,3.0629,YES,YES,YES,YES,NO
Vanilla-RAG,999,41,CC(CCC(=O)[O-])C(=O)[O-],O=C([O-])C=CC=CC(=O)[O-],0.529,0.373,YES,YES,2.0405,YES,NO,NO,NO,NO
Vanilla-RAG,999,42,O=C([O-])c1cc(S(O)(O)O)c(C(=O)[O-])c2c1CC2,O=C([O-])c1ccc(C(c2ccc(C(=O)[O-])c(C(=O)[O-])c2)(C(F)(F)F)C(F)(F)F)cc1C(=O)[O-],0.34,0.299,YES,NO,3.6643,NO,NO,NO,NO,NO
Vanilla-RAG,999,43,CNC1(F)CC2(C#CC(=O)[O-])CCC1(C#CC(=O)[O-])CC2,CNC1CC2(C#CC(=O)[O-])CCC1(C#CC(=O)[O-])C(OC)C2,0.756,0.911,YES,YES,0.6944,YES,YES,YES,YES,YES
Vanilla-RAG,999,44,Cc1nccn1Cc1ccncc1,c1cn(Cc2ccc(-n3ccnc3)cc2)cn1,0.719,0.394,YES,YES,1.6165,YES,YES,YES,NO,NO
Vanilla-RAG,999,45,c1cn(Cc2ccc(Cn3ccnc3)cc2)cn1,c1cc(-c2ccncc2)ccn1,0.385,0.0,YES,YES,1.1454,NO,NO,NO,NO,NO
Vanilla-RAG,999,46,c1cncnc1,c1cnccn1,0.769,0.0,YES,YES,0.8877,YES,YES,YES,NO,NO
Vanilla-RAG,999,47,CCC12C3C4(C(=O)[O-])C5(CC)C(C1(C(=O)[O-])C35[N+](=O)[O-])C24[N+](=O)[O-],O=C([O-])C1C(I)CC2(C(=O)[O-])CC1CC2I,0.312,0.471,YES,YES,1.4292,NO,NO,NO,NO,NO
Vanilla-RAG,999,48,O=C([O-])CN(CC(=O)[O-])CC(=O)[O-],NCC(=O)NCC(=O)[O-],0.444,0.523,YES,NO,1.4751,YES,NO,NO,NO,NO
Vanilla-RAG,999,49,c1cn(-c2ccc(NNc3ccc(-n4ccnc4)cc3)cc2)cn1,c1cn(-c2ccc(-n3ccnc3)cc2)cn1,0.742,0.453,YES,YES,1.7728,YES,YES,YES,NO,NO
Vanilla-RAG,999,50,Nc1cc(C#Cc2cc(N)c(C(=O)[O-])c(N)c2)cc(N)c1C(=O)[O-],O=C([O-])c1c(O)cc(C=Cc2cc(O)c(C(=O)[O-])c(O)c2)cc1O,0.5,0.41,YES,NO,7.1887,YES,NO,NO,NO,NO
Vanilla-RAG,999,51,CCc1cc2c(cc(CC)c3ccc(C(=O)[O-])c(F)c32)c2cc(C(=O)[O-])ccc12,CCCOC=Cc1ccc(C(=O)[O-])cc1C=CC=CC=C1OCC2C=C=C(C=CCCOC(OCCC)=CC=CC=CC(F)=C1C(=O)[O-])OC2,0.5,0.177,YES,YES,1.9349,YES,NO,NO,NO,NO
Vanilla-RAG,999,52,O=C(O)c1cccc(Oc2cccc(C(=O)O)c2C(=O)[O-])c1.O=C(O)c1cccc(Oc2cccc(C(=O)O)c2C(=O)[O-])c1,Cc1cccc(C)[n+]1C(=O)[O-],0.134,0.058,YES,YES,1.7661,NO,NO,NO,NO,NO
Vanilla-RAG,999,53,O=C([O-])CN(CCN(CC(=O)[O-])CC(=O)[O-])CCN(CC(=O)O)CC(=O)O,O=C([O-])Cn1cnnn1,0.36,0.135,YES,NO,0.6757,NO,NO,NO,NO,NO
Vanilla-RAG,999,54,c1ccc(SSc2ccccn2)nc1,c1cnc(SCSc2ncccn2)nc1INVALID,0.0,0.0,NO,NO,,NO,NO,NO,NO,NO
Vanilla-RAG,999,55,Nc1ccc(C=Cc2ccc(N)cc2S(O)(O)O)c(S(O)(O)O)c1,OS(O)(O)c1cccc2c(S(O)(O)O)cccc12,0.705,0.41,YES,YES,0.5418,YES,YES,YES,NO,NO
Vanilla-RAG,999,56,O=C([O-])c1cc(C(=O)[O-])c(C(=O)O)cc1C(=O)O,O=C([O-])c1ccc(C(=O)[O-])cc1,0.75,0.667,YES,YES,0.5442,YES,YES,YES,NO,NO
Vanilla-RAG,999,57,O=C(Nc1cccnc1)c1ccc(C(=O)Nc2cccnc2)s1,O=C([O-])c1cc(S(O)(O)O)cc(S(O)(O)O)c1,0.164,0.11,YES,YES,1.9557,NO,NO,NO,NO,NO
Vanilla-RAG,999,58,NC1=N[CH]NN1,Nc1nnc(N)[nH]1,0.75,0.229,YES,YES,3.3229,YES,YES,YES,NO,NO
Vanilla-RAG,999,59,O=C([O-])c1cc(C(=O)O)c(C(=O)[O-])cc1C(=O)O,O=C([O-])c1ccc(C(=O)[O-])cc1INVALID,0.0,0.0,NO,NO,,NO,NO,NO,NO,NO
Vanilla-RAG,999,60,O=[N+]([O-])c1cncc([N+](=O)[O-])c1C#Cc1c([N+](=O)[O-])cncc1[N+](=O)[O-],N#Cc1cc([N+](=O)[O-])c(C#N)cc1[N+](=O)[O-],0.732,0.137,YES,YES,1.8373,YES,YES,YES,NO,NO
Vanilla-RAG,999,61,O=C([O-])C(O)=C(O)C(=O)[O-],NC(C(=O)[O-])=C(N)C(=O)[O-],0.481,0.791,YES,NO,1.6623,YES,YES,YES,NO,NO
Vanilla-RAG,999,62,C(#C[Si](C#Cc1cn[nH]c1)(C#CC1C=NN=C1)C#CC1C=NN=C1)C1=CN=N[CH]1,C(#CC#Cc1cn[nH]c1)C#CC1=CN=N[CH]1,0.828,0.232,YES,YES,5.132,YES,YES,YES,NO,NO
Vanilla-RAG,999,63,O=C([O-])CN1[CH]C=C(c2nnn[nH]2)C=C1,O=C([O-])C=Cc1ccc(-c2nnn[nH]2)cc1,0.674,0.366,YES,YES,2.0844,YES,YES,NO,NO,NO
Vanilla-RAG,999,64,Nc1ccccc1S,c1ccc(SCSc2ccccn2)nc1,0.3,0.04,YES,NO,0.4346,NO,NO,NO,NO,NO
Vanilla-RAG,999,65,O=C([O-])c1nc(-c2ccc3ccccc3c2)[nH]c1C(=O)[O-],O=C([O-])c1cc(N2[CH]N=CN2)cc(N2[CH]N=CN2)c1,0.429,0.276,YES,YES,1.3488,NO,NO,NO,NO,NO
Vanilla-RAG,999,66,O=C(O)c1ccc(-c2ccc(-c3ccc(C(=O)O)cc3C(=O)[O-])cc2)c(C(=O)[O-])c1,O=C([O-])c1ccc(C(=O)[O-])c2ccccc12,0.667,0.292,YES,YES,1.9394,YES,YES,NO,NO,NO
Vanilla-RAG,999,67,c1ccc(-c2cc(-c3ccncc3)nc(-c3ccncc3)c2)nc1,c1cc(-c2nnc(-c3cnccn3)[nH]2)ccn1,0.583,0.279,YES,YES,3.824,YES,NO,NO,NO,NO
Vanilla-RAG,999,68,CSc1nccs1,O=P(O)(O)c1ccccn1,0.222,0.0,YES,YES,1.5929,NO,NO,NO,NO,NO
Vanilla-RAG,999,69,O=C([O-])C1CCC(C(=O)[O-])CC1,O=C([O-])C1CCC(C(=O)[O-])CC1,1.0,1.0,YES,YES,1.222,YES,YES,YES,YES,YES
Vanilla-RAG,999,70,c1c[nH]cn1,c1nnn[nH]1,0.65,0.0,YES,YES,3.0895,YES,YES,NO,NO,NO
Vanilla-RAG,999,71,c1ccc(-c2nnc(-c3ccncc3)[nH]2)nc1,c1ccc(-c2nnc(-c3ccncc3)[nH]2)nc1,1.0,1.0,YES,YES,2.3678,YES,YES,YES,YES,YES
Vanilla-RAG,999,72,O=C([O-])c1cccc(-c2c3nc(c(-c4cccc(C(=O)[O-])c4)c4ccc([nH]4)c(-c4cccc(C(=O)[O-])c4)c4nc(c(-c5cccc(C(=O)[O-])c5)c5ccc2[nH]5)C=C4)C=C3)c1,O=C([O-])c1ccc(-c2nc3c4cccnc4c4ncccc4c3[nH]2)cc1,0.686,0.143,YES,YES,1.5625,YES,YES,NO,NO,NO
Vanilla-RAG,999,73,O=C([O-])c1cc2c(cc1C(=O)[O-])C(=O)c1ccccc1C2=O,O=C([O-])c1ccccc1I,0.44,0.395,YES,NO,1.8559,NO,NO,NO,NO,NO
Vanilla-RAG,999,74,Cc1cc2ccc3nc(C)ccc3c2cn1,CC=CC1=CC=Cc2cc(-c3cn[nH]c3)ccc2C12C=NN=C2,0.361,0.249,YES,YES,2.2692,NO,NO,NO,NO,NO
Vanilla-RAG,999,75,Nc1nc2ccccc2[nH]1,C=Nc1nc2ccccc2[nH]1,0.793,0.912,YES,YES,3.8311,YES,YES,YES,YES,YES
Vanilla-RAG,999,76,O=C([O-])CCC(=O)[O-],O=C([O-])CC(=O)[O-],0.786,0.604,YES,YES,0.4617,YES,YES,YES,NO,NO
Vanilla-RAG,999,77,CNC12C3C4C5C3(C#CC(=O)[O-])C1C5(NC)C42C#CC(=O)[O-],CCCC12C3C4C5C(C41C#CC(=O)[O-])C2(S(O)(O)O)C53C#CC(=O)[O-],0.375,0.735,YES,YES,1.245,YES,YES,YES,NO,NO
Vanilla-RAG,999,78,O=C([O-])c1ccc(-c2ccccc2)cc1,O=C([O-])c1cccc(-c2cccnc2)c1INVALID,0.0,0.0,NO,NO,,NO,NO,NO,NO,NO
Vanilla-RAG,999,79,CCCOc1c(C(=O)[O-])ccc2c(OCCC)c(C(=O)[O-])ccc12,CCCOCCC1(C#CC(=O)[O-])CC(I)C(C#CC(=O)[O-])CC1I,0.5,0.287,YES,YES,1.271,YES,NO,NO,NO,NO
Vanilla-RAG,999,80,CN1c2cncc(n2)N(C)c2cncc(n2)N(C)c2cncc(n2)N(C)c2cncc1n2,C1=CC2C=CC1CSCc1cccc(c1)CS2,0.189,0.0,YES,YES,3.6187,NO,NO,NO,NO,NO
Vanilla-RAG,999,81,CC(C(=O)[O-])C(=O)[O-],CC(C(=O)[O-])=C(C)C(=O)[O-],0.667,0.478,YES,NO,2.9299,YES,YES,NO,NO,NO
Vanilla-RAG,999,82,O=C([O-])C(F)=C(F)C(=O)[O-],O=C([O-])C(F)=C(F)C(=O)[O-]INVALID,0.0,0.0,NO,NO,,NO,NO,NO,NO,NO
Vanilla-RAG,999,83,O=C([O-])c1ccc(Oc2ccc(C(=O)[O-])c(C(=O)[O-])c2)cc1C(=O)[O-],O=C([O-])c1ccc(Oc2ccc(C(=O)[O-])c(C(=O)[O-])c2)cc1C(=O)[O-],1.0,1.0,YES,YES,1.9915,YES,YES,YES,YES,YES
Vanilla-RAG,999,84,Cc1cc(OCC(=O)[O-])cc(C(=O)[O-])c1,O=C([O-])c1cc[n+]([O-])cc1,0.351,0.24,YES,YES,4.3014,NO,NO,NO,NO,NO
Vanilla-RAG,999,85,O=C([O-])c1sc2c(C(=O)O)c(C(=O)[O-])sc2c1C(=O)O,O=C([O-])c1sc2c(C(=O)O)c(C(=O)[O-])sc2c1C(=O)O,1.0,1.0,YES,YES,4.5751,YES,YES,YES,YES,YES
Vanilla-RAG,999,86,Cc1nc(C)c(C(=O)[O-])c(C=Cc2ccccc2)c1C(=O)[O-],O=C([O-])c1cccc(F)c1C(=O)[O-],0.467,0.313,YES,NO,1.4803,NO,NO,NO,NO,NO
Vanilla-RAG,999,87,Cc1c(C)c(C(=O)[O-])c(C)c(C)c1C(=O)[O-],Nc1cc(C(=O)[O-])cc(C(=O)[O-])c1,0.5,0.625,YES,NO,0.7593,YES,YES,NO,NO,NO
Vanilla-RAG,999,88,O=C([O-])CO,O=C([O-])COINVALID,0.0,0.0,NO,NO,,NO,NO,NO,NO,NO
Vanilla-RAG,999,89,O=C([O-])c1ccc(-c2ccc(C(=O)[O-])c(C(=O)O)c2)cc1C(=O)O,O=C([O-])c1ccc(NNc2ccc(C(=O)[O-])c(C(=O)O)c2)cc1C(=O)[O-],0.581,0.455,YES,YES,2.4851,YES,NO,NO,NO,NO
Vanilla-RAG,999,90,Cc1cc(-n2ccnc2)c(C)cc1-n1ccnc1,c1cc(-c2ccc(-c3ccnnc3)cc2)cnn1INVALID,0.0,0.0,NO,NO,,NO,NO,NO,NO,NO
Vanilla-RAG,999,91,O=P(O)(O)CCSc1ccncc1,CC=CC(=O)[O-]INVALID,0.0,0.0,NO,NO,,NO,NO,NO,NO,NO
Vanilla-RAG,999,92,O=C([O-])C1=NC(c2cncc(Br)c2)=NC1C(=O)O,O=C([O-])c1cccc(-c2nnn[nH]2)c1,0.5,0.196,YES,YES,1.3013,YES,NO,NO,NO,NO
Vanilla-RAG,999,93,[CH]1N=NC=C1c1ccc([Si](c2ccc(-c3cn[nH]c3)cc2)(c2ccc(C3C=NN=C3)cc2)c2ccc(C3C=NN=C3)cc2)cc1,C1=NN=CC1C12C3C4C1C1C2C3C41Cc1cn[nH]c1INVALID,0.0,0.0,NO,NO,,NO,NO,NO,NO,NO
Vanilla-RAG,999,94,CCOC1(Br)c2c(C(=O)[O-])c(Br)cc(C(=O)[O-])c2C1Br,O=C([O-])C=C(F)C(F)=C(C=CC(F)=C(CF)c1c(F)c(F)c(C(=O)[O-])c(F)c1F)CF,0.528,0.323,YES,YES,1.9046,YES,NO,NO,NO,NO
Vanilla-RAG,999,95,CCCOC1CC2(C#CC(=O)[O-])CCC1(C#CC(=O)[O-])CC2,CCC1c2c(C(=O)[O-])cc(OC)c(C(=O)[O-])c2C1CCINVALID,0.0,0.0,NO,NO,,NO,NO,NO,NO,NO
Vanilla-RAG,999,96,N#CC(C(=O)[O-])=C(C=CC(=O)[O-])c1ccccc1,O=C([O-])C=CC(=O)[O-],0.556,0.311,YES,YES,2.6828,YES,NO,NO,NO,NO
Vanilla-RAG,999,97,O=C([O-])C=CC=CC(=O)[O-],O=C([O-])CCCCCC(=O)[O-],0.562,0.338,YES,NO,1.2165,YES,NO,NO,NO,NO
Vanilla-RAG,999,98,CCOP(=O)(Cc1c(C)c(C)c(CP(=O)(OCC)OCC)c(C)c1C)OCC,CCCCS(=O)CC1CCCCC1,0.349,0.25,YES,YES,1.6918,NO,NO,NO,NO,NO
Vanilla-RAG,999,99,[CH]1N=CNN1CCCCCCn1cncn1,c1cnc(SCSc2ncccn2)nc1,0.265,0.037,YES,NO,2.3068,NO,NO,NO,NO,NO
Vanilla-RAG,999,100,O=P(O)(O)O,O=P(O)(O)CCP(=O)(O)O,0.64,0.373,YES,YES,1.1026,YES,YES,NO,NO,NO
Vanilla-RAG,999,101,O=C([O-])c1cc(C(=O)O)c(C(=O)[O-])c2c1CC2,O=C([O-])c1cc(C(=O)[O-])cc(S(O)(O)O)c1,0.317,0.69,YES,YES,2.2525,YES,YES,NO,NO,NO
Vanilla-RAG,999,102,O=C([O-])c1cc(Cn2nnc3ccccc32)cc(C(=O)[O-])c1,O=C([O-])c1cc(CSc2nc3ccccc3[nH]2)cc(C(=O)[O-])c1,0.592,0.547,YES,NO,1.4495,YES,NO,NO,NO,NO
Vanilla-RAG,999,103,O=C([O-])c1c(F)cc(C=Cc2cc(F)c(C(=O)[O-])c(F)c2)cc1F,O=C([O-])C=C(O)C(O)=C(C=CC(O)=C1C(=C(O)C(O)=C(CO)C(=O)[O-])C1OCO)COC(O)=CO,0.279,0.074,YES,YES,6.9295,NO,NO,NO,NO,NO
Vanilla-RAG,999,104,Nc1c(N)c(C(=O)[O-])c(N)c(N)c1C#Cc1c(N)c(N)c(C(=O)[O-])c(N)c1N,O=C([O-])c1c(Cl)c(Cl)c(C#Cc2c(Cl)c(Cl)c(C(=O)[O-])c(Cl)c2Cl)c(Cl)c1ClINVALID,0.0,0.0,NO,NO,,NO,NO,NO,NO,NO
Vanilla-RAG,999,105,NCC(=O)[O-],O=CC(=O)[O-],0.316,0.78,YES,YES,0.3371,YES,YES,YES,NO,NO
Vanilla-RAG,999,106,O=C([O-])c1nc[nH]c1C(=O)[O-],O=C([O-])c1nc[nH]c1C(=O)[O-]INVALID,0.0,0.0,NO,NO,,NO,NO,NO,NO,NO
Vanilla-RAG,999,107,O=C([O-])c1ccc(C#Cc2ccc(C(=O)[O-])cc2Cl)c(Cl)c1,O=C([O-])c1ccc(C#Cc2ccc(C(=O)[O-])cc2Cl)c(Cl)c1,1.0,1.0,YES,YES,3.9256,YES,YES,YES,YES,YES
Vanilla-RAG,999,108,O=C([O-])c1cncc(OCOc2cncc(C(=O)[O-])c2)c1,O=C([O-])c1cccc(Oc2cccnc2)c1C(=O)[O-],0.714,0.327,YES,NO,0.6778,YES,YES,YES,NO,NO
Vanilla-RAG,999,109,O=C([O-])c1ccc(-n2ccc(=O)cc2)cc1C(=O)[O-],O=C([O-])c1ccc(C(=O)[O-])cc1,0.343,0.464,YES,YES,1.5347,NO,NO,NO,NO,NO
Vanilla-RAG,999,110,CCc1cc(-c2ccc(C(=O)[O-])cc2)ccc1C(=O)[O-],CCCOC=Cc1cc2c3ccc(C(=O)[O-])c2c(c1C1=CC=CC=C(CCCC=CC=C(C=CC(=O)[O-])C(=O)[O-])CCCO1)C=CC=C3,0.526,0.183,YES,YES,1.485,YES,NO,NO,NO,NO
Vanilla-RAG,999,111,CCCC1=NN=CC1C#Cc1ccc(C#CC2=C(CCC)N=N[CH]2)cc1OC,CCCOC12C=CC3(C)C(C#Cc4cn[nH]c4)C1(OCCC)C3(F)C2INVALID,0.0,0.0,NO,NO,,NO,NO,NO,NO,NO
Vanilla-RAG,999,112,CCC(C)COc1cc(C=Cc2ccncc2)c(OCC(C)CC)cc1C=Cc1ccncc1,CCCOC=C1C=C(c2ccncc2)C=C1Cc1ccncc1,0.575,0.201,YES,YES,0.6143,YES,NO,NO,NO,NO
Vanilla-RAG,999,113,Cn1cnc(C(=O)[O-])c1C(=O)[O-],O=C([O-])c1c([N+](=O)[O-])c([N+](=O)[O-])c(C(=O)[O-])c2cc([N+](=O)[O-])c([N+](=O)[O-])cc12,0.42,0.127,YES,YES,3.6244,NO,NO,NO,NO,NO
Vanilla-RAG,999,114,O=S1(=O)CCCC1,C1COCCO1,0.289,0.0,YES,YES,4.1495,NO,NO,NO,NO,NO
Vanilla-RAG,999,115,Cc1nccn1CCCCn1ccnc1C,c1cn(CCCCn2ccnc2)cn1,0.765,0.878,YES,YES,1.393,YES,YES,YES,YES,NO
Vanilla-RAG,999,116,O=C([O-])c1ccnc(-c2cc(C(=O)[O-])ccn2)c1,O=C([O-])c1cccnc1C(=O)[O-],0.643,0.326,YES,YES,1.1557,YES,YES,NO,NO,NO
Vanilla-RAG,999,117,O=C([O-])c1cccc(-c2nccs2)c1,OS(O)(O)c1cccnc1,0.239,0.043,YES,NO,0.6996,NO,NO,NO,NO,NO
Vanilla-RAG,999,118,NC(=S)c1cccc(C(N)=S)c1,c1cc(-c2nnn[nH]2)cc(-c2nnn[nH]2)c1,0.25,0.358,YES,YES,1.5613,NO,NO,NO,NO,NO
Vanilla-RAG,999,119,O=C([O-])c1ccc(N=Cc2ccccc2O)cc1,CC(=CC=CC(=O)[O-])Cc1ccncc1C,0.308,0.142,YES,YES,1.7974,NO,NO,NO,NO,NO
Vanilla-RAG,999,120,Nc1c(N)c(C(=O)[O-])c2ccccc2c1C(=O)[O-],O=C([O-])c1c(O)c(O)c(C(=O)[O-])c2ccccc12INVALID,0.0,0.0,NO,NO,,NO,NO,NO,NO,NO
Vanilla-RAG,999,121,Cc1cc2ncn(CCCCn3cnc4cc(C)c(C)cc43)c2cc1C,c1cc(-c2ccncc2)ccn1,0.289,0.0,YES,YES,1.4613,NO,NO,NO,NO,NO
Vanilla-RAG,999,122,O=C([O-])c1c(O)c(O)c(C(=O)[O-])c2c(O)c(O)c(O)c(O)c12,O=C([O-])C=CC(C(=O)O)=C(C=C(C=C(C(=O)O)C(=CC(=O)O)C(=O)O)C(=O)O)C(=O)[O-]INVALID,0.0,0.0,NO,NO,,NO,NO,NO,NO,NO
Vanilla-RAG,999,123,O=C([O-])C12C3C4C1C1(S(O)(O)O)C2C3C41C(=O)[O-],CCC1C2C3C(CC)C4(c5ccccc5)C3(C#CC(=O)[O-])C2C14C(=O)[O-],0.4,0.441,YES,YES,1.6166,NO,NO,NO,NO,NO
Vanilla-RAG,999,124,Cc1cnc(C)cn1,C=C1N=CC(CCCCCn2cncn2)=N1,0.244,0.099,YES,YES,0.6537,NO,NO,NO,NO,NO
Vanilla-RAG,999,125,ON=C(c1ccncc1)c1ccccn1,N#Cc1ccc(-c2nnn[nH]2)cc1,0.417,0.105,YES,YES,0.7968,NO,NO,NO,NO,NO
Vanilla-RAG,999,126,CC(=O)N(C)C,CCCOC(=O)CCC,0.129,0.3,YES,YES,3.0861,NO,NO,NO,NO,NO
Vanilla-RAG,999,127,c1cc(-c2ccncc2)ccn1,c1cc(-c2ccncc2)ccn1INVALID,0.0,0.0,NO,NO,,NO,NO,NO,NO,NO
Vanilla-RAG,999,128,[CH](C=CC=C1C=NN=C1)c1cn[nH]c1,CC(NNC(C)c1ccncc1)c1ccncc1INVALID,0.0,0.0,NO,NO,,NO,NO,NO,NO,NO
Vanilla-RAG,999,129,CC(=O)[CH]C(=O)c1ccc(-n2ccnc2)cc1,CC(=O)[CH]C(=O)c1ccc(-n2ccnc2)cc1,1.0,1.0,YES,YES,2.4774,YES,YES,YES,YES,YES
Vanilla-RAG,999,130,O=C(Nc1cccnc1)c1cccnc1,O=P(O)(O)c1ccccn1INVALID,0.0,0.0,NO,NO,,NO,NO,NO,NO,NO
Vanilla-RAG,999,131,c1cc(CCCc2ccncc2)ccn1,c1cc(CCCc2ccncc2)ccn1INVALID,0.0,0.0,NO,NO,,NO,NO,NO,NO,NO
Vanilla-RAG,999,132,Cc1cc2ncn(Cc3ccc(Cn4cnc5cc(C)c(C)cc54)cc3)c2cc1C,C1=Cc2ccnc(c2)-c2cccc3ccc(ccccccc(cc4cc(-c5ccncc5)ccc34)C=C1)cc2,0.4,0.143,YES,YES,2.31,NO,NO,NO,NO,NO
Vanilla-RAG,999,133,Cc1ccc(SCN(CSc2ccc(C)cc2C)CSc2ccc(C)cc2C)c(C)c1,COc1ccc(O)cc1C(=O)NCC1CCCCCC1,0.2,0.22,YES,YES,1.3302,NO,NO,NO,NO,NO
Vanilla-RAG,999,134,CC1c2nccc(-c3ccnc4c3C4C)c21,O=C([O-])c1ccccc1SSc1ccccc1C(=O)[O-],0.162,0.079,YES,NO,0.6158,NO,NO,NO,NO,NO
Vanilla-RAG,999,135,O=C([O-])c1ccc(OCC(COc2ccc(C(=O)[O-])cc2)(COc2ccc(C(=O)[O-])cc2)COc2ccc(C(=O)O)cc2)cc1,O=C([O-])c1ccc(-c2nnn[nH]2)cc1,0.208,0.195,YES,YES,2.0724,NO,NO,NO,NO,NO
Vanilla-RAG,999,136,N#CC(C#N)C(=S)S,C[Si](C)(c1cccnc1)[Si](C)([Si]c1cccnc1)c1cccnc1,0.069,0.025,YES,YES,0.2605,NO,NO,NO,NO,NO
Vanilla-RAG,999,137,OC1(Cl)Cc2ncc(Cl)nc21,N=CC=C1C(C=CF)=CC=C1C=CC=C(CF)c1ccncc1,0.227,0.0,YES,YES,1.5565,NO,NO,NO,NO,NO
Vanilla-RAG,999,138,CC1(C)OC(CP(c2ccccc2)c2ccccc2)C(CP(c2ccccc2)c2ccccc2)O1,O=C([O-])C(CO)c1ccccc1,0.25,0.164,YES,YES,1.2561,NO,NO,NO,NO,NO
Vanilla-RAG,999,139,Cc1ccc(S(=O)(=O)NC(CCC(=O)[O-])C(=O)[O-])cc1,O=C([O-])C=CC=CS(=O)(=O)c1ccc(C(=O)[O-])cc1,0.583,0.5,YES,YES,0.8037,YES,NO,NO,NO,NO
Vanilla-RAG,999,140,O=C([O-])C1=C[CH]NC=C1C(=O)[O-],O=S(=O)(n1ccnc1)n1ccnc1,0.145,0.046,YES,YES,0.5084,NO,NO,NO,NO,NO
Vanilla-RAG,999,141,O=C([O-])c1ccc(-c2cc3cc(c2)C(=O)[O][Cd][O]C3=O)cc1,O=C([O-])c1cc(OCOc2cc(C(=O)[O-])cc(C(=O)O)c2)cc(C(=O)O)c1,0.432,0.329,YES,NO,1.5427,NO,NO,NO,NO,NO
Vanilla-RAG,999,142,O=P(O)(O)F,O=[N+]([O-])O,0.393,0.12,YES,YES,0.6876,NO,NO,NO,NO,NO
Vanilla-RAG,999,143,CC(=O)CC(C#N)(C#N)C(C#N)C#N,CC(C)OC(=O)CO,0.231,0.19,YES,YES,0.9295,NO,NO,NO,NO,NO
Vanilla-RAG,999,144,COc1cc(NC#N)c(OC)cc1NC#N,C=CC(C#N)=C(C#N)C(C#N)=CNC#N,0.176,0.162,YES,YES,2.2771,NO,NO,NO,NO,NO
Vanilla-RAG,999,145,c1ccc2c(-n3ccnc3)c3ccccc3c(-n3ccnc3)c2c1,O=C1c2ccc3c4c(ccc(c24)C(=O)N1Cc1ccncc1)C(=O)N(Cc1ccncc1)C3=O,0.432,0.289,YES,NO,1.707,NO,NO,NO,NO,NO
Vanilla-RAG,999,146,O=C([O-])c1ccc(NNc2ccc(C(=O)[O-])cc2)cc1,O=C([O-])c1ccc(Cl)cc1,0.29,0.441,YES,NO,1.2807,NO,NO,NO,NO,NO
Vanilla-RAG,999,147,O=C(NCc1ccncc1)C(=O)NCc1ccncc1,c1cc(SSc2ccncc2)ccn1,0.3,0.294,YES,NO,3.1768,NO,NO,NO,NO,NO
Vanilla-RAG,999,148,Nc1ccc(Cc2ccc(N)cc2)cc1,N#Cc1ccc(C#N)cc1,0.312,0.455,YES,NO,0.8558,NO,NO,NO,NO,NO
Vanilla-RAG,999,149,O=C([O-])c1ccc(-c2cc(-c3ccc(C(=O)O)cc3)c(-c3ccc(C(=O)[O-])cc3)cc2-c2ccc(C(=O)O)cc2)cc1,O=C([O-])c1cc(C(=O)O)c2cc(C(=O)[O-])cc(C(=O)O)c2c1INVALID,0.0,0.0,NO,NO,,NO,NO,NO,NO,NO
Vanilla-RAG,999,150,Fc1cc2cc(C3C=NN=C3)c(F)cc2cc1-c1cn[nH]c1,CC1Cc2nccnc21,0.316,0.0,YES,YES,0.9889,NO,NO,NO,NO,NO
Vanilla-RAG,999,151,O=C1C(=O)C(=O)C(=O)C1=O,O=C1C(=O)C(=O)C1=OINVALID,0.0,0.0,NO,NO,,NO,NO,NO,NO,NO
Vanilla-RAG,999,152,O=C(Nc1cc(C(=O)[O-])cc(C(=O)[O-])c1)Nc1cc(C(=O)[O-])cc(C(=O)[O-])c1,O=C([O-])c1ccc(N=Nc2ccc(C(=O)[O-])cc2)cc1,0.625,0.317,YES,NO,3.5734,YES,YES,NO,NO,NO
Vanilla-RAG,999,153,Cc1nccn1Cc1ccc(-c2ccc(Cn3ccnc3C)cc2)cc1,c1cc(-c2ccncc2)ccn1,0.364,0.0,YES,YES,1.6329,NO,NO,NO,NO,NO
Vanilla-RAG,999,154,CC(=O)NC(C)(NC(C)=O)C(=O)[O-],CCCCS(=O)CCCS(=O)CCC1CCCCC1,0.078,0.137,YES,YES,2.0526,NO,NO,NO,NO,NO
Vanilla-RAG,999,155,O=C([O-])c1cccc(CN2CCOCCN(Cc3cccc(C(=O)[O-])c3)CCOCC2)c1,O=C([O-])Cn1cncn1,0.46,0.08,YES,NO,1.2014,NO,NO,NO,NO,NO
Vanilla-RAG,999,156,O=C([O-])c1c(Cl)cc(-c2cc(-c3cc(Cl)c(C(=O)[O-])c(Cl)c3)cc(-c3cc(Cl)c(C(=O)[O-])c(Cl)c3)c2)cc1Cl,O=C([O-])c1c(Cl)cc(-c2cc(-c3cc(Cl)c(C(=O)[O-])c(Cl)c3)cc(-c3cc(Cl)c(C(=O)[O-])c(Cl)c3)c2)cc1Cl,1.0,1.0,YES,YES,0.9333,YES,YES,YES,YES,YES
Vanilla-RAG,999,157,O=[PH](O)O,O=S(=O)(O)O,0.481,0.12,YES,YES,1.1223,NO,NO,NO,NO,NO
Vanilla-RAG,999,158,O=P(O)(O)C1=CC=C2[CH]C=CC=C2N1,O=P(O)(O)c1ccccc1,0.472,0.321,YES,YES,1.2586,NO,NO,NO,NO,NO
Vanilla-RAG,999,159,c1ccc2nc(-c3cnc4ccccc4n3)cnc2c1,c1cc(-c2ccncc2)ccn1INVALID,0.0,0.0,NO,NO,,NO,NO,NO,NO,NO
Vanilla-RAG,999,160,O=C([O-])Cn1nn[nH]c1=S,O=C([O-])C(F)(F)F,0.132,0.36,YES,NO,0.6499,NO,NO,NO,NO,NO
Vanilla-RAG,999,161,CCCCN(CCO)CCO,O=C(O)c1cc[n+]([O-])cc1,0.137,0.149,YES,YES,2.5956,NO,NO,NO,NO,NO
Vanilla-RAG,999,162,CC1=C(CC2=C(C)N=NC2C)C(C)N=N1,c1ccc(-c2cc(-c3ccncc3)cc(-c3ccccn3)n2)nc1,0.206,0.0,YES,YES,2.3799,NO,NO,NO,NO,NO
Vanilla-RAG,999,163,CC(C)c1cc(C(C)C)c(CP(=O)(O)O)c(C(C)C)c1,OS(O)(O)c1cccc2c(S(O)(O)O)cccc12,0.378,0.3,YES,NO,1.7264,NO,NO,NO,NO,NO
Vanilla-RAG,999,164,O=C([O-])CN=Cc1ccccc1O,O=C([O-])CN1NN=C(c2ccccn2)N1INVALID,0.0,0.0,NO,NO,,NO,NO,NO,NO,NO
Vanilla-RAG,999,165,CNC1CC2(C#CC(=O)[O-])C(NC)CC1(C#CC(=O)[O-])C(F)C2F,CCCOC1C2C(F)C(C(=O)[O-])C(F)C(F)C1(C(=O)[O-])C(F)C2CF,0.352,0.103,YES,YES,0.7461,NO,NO,NO,NO,NO
Vanilla-RAG,999,166,O=C([O-])c1cccc(NNc2cccc(C(=O)[O-])c2)c1,O=C([O-])c1cccc(NNc2cccc(C(=O)[O-])c2)c1,1.0,1.0,YES,YES,1.5263,YES,YES,YES,YES,YES
Vanilla-RAG,999,167,O=C([O-])c1ccc(NNc2ccc(C(=O)[O-])c(F)c2)cc1F,O=C([O-])C1=CC=C(O)NNc2ccc(C(=O)[O-])c(O)c2C=C1,0.456,0.402,YES,YES,4.3807,NO,NO,NO,NO,NO
Vanilla-RAG,999,168,N#CNC#N,N#CNC#N,1.0,1.0,YES,YES,1.0067,YES,YES,YES,YES,YES
Vanilla-RAG,999,169,O=C([O-])c1cc(C(=O)[O][Ag])c(C(=O)[O-])cc1C(=O)[O][Ag],O=C([O-])c1cccc(C(=O)O)c1,0.571,0.6,YES,NO,1.7624,YES,YES,NO,NO,NO
Vanilla-RAG,999,170,O=C([O-])c1cccc(=O)[nH]1,O=C([O-])c1nc[nH]c1C(=O)[O-],0.486,0.327,YES,YES,1.0029,NO,NO,NO,NO,NO
Vanilla-RAG,999,171,O=C([O-])c1ccc(C(=O)[O-])cc1,O=C([O-])c1ccc(C(=O)[O-])cc1INVALID,0.0,0.0,NO,NO,,NO,NO,NO,NO,NO
Vanilla-RAG,999,172,O=C([O-])CCCC(=O)[O-],O=C([O-])CCC(=O)[O-]INVALID,0.0,0.0,NO,NO,,NO,NO,NO,NO,NO
Vanilla-RAG,999,173,COC1CCc2nccc(-c3ccncc3)c2C1OC,CC1(C)CCCC(C#CC(=O)[O-])CC1(C=O)C=O,0.216,0.078,YES,YES,0.9535,NO,NO,NO,NO,NO
Vanilla-RAG,999,174,O=C([O-])c1ccc(C(=O)[O-])o1,O=C([O-])c1ccc(C(=O)[O-])o1,1.0,1.0,YES,YES,1.08,YES,YES,YES,YES,YES
Vanilla-RAG,999,175,[CH]1C=CC=C1,CCc1nnc(CC)n1CCCCCCCNC1=NC=CC=NCC1INVALID,0.0,0.0,NO,NO,,NO,NO,NO,NO,NO
Vanilla-RAG,999,176,c1ccc(C2=NNC(c3ccccn3)=NN2)nc1,c1cc(CN2CCN(Cc3ccncc3)CC2)ccn1,0.326,0.289,YES,NO,1.318,NO,NO,NO,NO,NO
Vanilla-RAG,999,177,O=[N+]([O-])C12CN3CN(CN(C3)C1)C2,O=C1C(=O)C(Nc2nnn[nH]2)C1=O,0.288,0.119,YES,YES,1.3514,NO,NO,NO,NO,NO
Vanilla-RAG,999,178,c1cc(-c2nnn[nH]2)ccc1-c1nn[nH]n1,C=CC=C(SCSc1ccncc1)C(S)=CC=N,0.244,0.0,YES,YES,0.896,NO,NO,NO,NO,NO
Vanilla-RAG,999,179,Cc1c(C)c(-c2ccncc2)c(C)c(C)c1B(c1c(C)c(C)c(-c2ccncc2)c(C)c1C)c1c(C)c(C)c(-c2ccncc2)c(C)c1C,Cc1cc2cc(n1)C(O)=C(c1ccncc1)c1ccccc1-2,0.457,0.138,YES,YES,3.9201,NO,NO,NO,NO,NO
Vanilla-RAG,999,180,O=C([O-])C(=O)[O-],O=C([O-])C(=O)[O-]INVALID,0.0,0.0,NO,NO,,NO,NO,NO,NO,NO
Vanilla-RAG,999,181,O=C([O-])CN(CC(=O)[O-])c1ccc(C(=O)[O-])cc1,O=C([O-])C1=CC=Cc2ccc(-c3ccc[nH]3)cc2C=C1,0.268,0.289,YES,YES,2.097,NO,NO,NO,NO,NO
Vanilla-RAG,999,182,ON1[CH]C=CC=C1,N#Cc1cccc(C#N)c1,0.115,0.0,YES,NO,1.4489,NO,NO,NO,NO,NO
Vanilla-RAG,999,183,O=C([O-])C1OCOC2C(C(=O)[O-])OCOC12,CCCCCP(=O)(O)O.N#CCCCCCPO,0.04,0.019,YES,YES,3.1563,NO,NO,NO,NO,NO
Vanilla-RAG,999,184,O=C([O-])c1ccc(-c2ccc(-c3cc(-c4ccc(-c5ccc(C(=O)[O-])cc5)c(Cl)c4)cc(-c4ccc(-c5ccc(C(=O)[O-])cc5)c(Cl)c4)c3)cc2Cl)cc1,O=C([O-])C=CC(S)=C1C=C(C2=C3C=CC(C(=O)[O-])=C(C(S)C4=CC(C(=O)[O-])=C(S)C4=C3)C(S)c3cc4c(C(=O)[O-])cc3SC=C3C[SH]=CC=CC5C=CC(S)=C3SCC=C(C(=[SH]5)SC=C4)C(C(=O)[O-])C[SH]=C2)C=[SH]CSC1,0.326,0.113,YES,YES,2.9492,NO,NO,NO,NO,NO
Vanilla-RAG,999,185,C1COCCO1,CCc1nnc(CC)[nH]1,0.098,0.0,YES,YES,0.8073,NO,NO,NO,NO,NO
Vanilla-RAG,999,186,O=C1NCCN1,c1nnc[nH]1,0.275,0.0,YES,NO,0.7033,NO,NO,NO,NO,NO
Vanilla-RAG,999,187,CC(=O)C(Sc1ccncc1)C(C)=O,c1cc(SSc2ccncc2)ccn1,0.444,0.487,YES,NO,1.4386,NO,NO,NO,NO,NO
Vanilla-RAG,999,188,O=C([O-])c1ccc2c3c(ccc(C(=O)[O-])c13)C(=O)N(c1ccncc1)C2=O,O=CC(=CC(=CC=CC=CC=CC(=O)[O-])C(=O)[O-])c1ccccc1,0.279,0.249,YES,YES,1.7537,NO,NO,NO,NO,NO
Vanilla-RAG,999,189,O=C([O-])C1=CC2=NN=NC2=C[CH]1,O=C([O-])C1=CC2=NN=NC2=C[CH]1,1.0,1.0,YES,YES,1.3103,YES,YES,YES,YES,YES
Vanilla-RAG,999,190,S=c1[nH]c2ccccc2[nH]1,c1cc(SSc2ccncc2)ccn1,0.424,0.043,YES,NO,1.2097,NO,NO,NO,NO,NO
Vanilla-RAG,999,191,O=C([O-])C1=C[CH]N(Cc2cc(C(=O)[O-])cc(C(=O)[O-])c2)C=C1,O=C([O-])c1ccc(Oc2cccc(C(=O)[O-])c2C(=O)[O-])cc1INVALID,0.0,0.0,NO,NO,,NO,NO,NO,NO,NO
Vanilla-RAG,999,192,O=C([O-])C1=C[CH]N(CCCN2[CH]C=C(C(=O)[O-])C=C2)C=C1,O=C([O-])c1cccc(NNc2cccc(C(=O)[O-])c2)c1,0.319,0.169,YES,YES,1.5756,NO,NO,NO,NO,NO
Vanilla-RAG,999,193,Oc1ccc(S)cc1,CC=C(C)C(=CC=[N+][O-])SCCOCC,0.091,0.04,YES,YES,0.7238,NO,NO,NO,NO,NO
Vanilla-RAG,999,194,C1CCOC1,c1cnccn1,0.083,0.0,YES,YES,1.5209,NO,NO,NO,NO,NO
Vanilla-RAG,999,195,O=C([O-])c1ccc(N(c2ccc(C(=O)[O-])cc2)c2ccc(-c3ccncc3)cc2)cc1,O=C([O-])c1ccc(NNc2ccc(C(=O)[O-])c(C(=O)O)c2)cc1INVALID,0.0,0.0,NO,NO,,NO,NO,NO,NO,NO
Vanilla-RAG,999,196,NCc1cccnc1,NCc1ccccn1,0.8,0.75,YES,NO,0.5625,YES,YES,YES,NO,NO
Vanilla-RAG,999,197,C#N,C#NINVALID,0.0,0.0,NO,NO,,NO,NO,NO,NO,NO
Vanilla-RAG,999,198,O=C1c2ccccc2C(=O)c2c(O)ccc(O)c21,O=C1c2ccc3c4c(ccc(c24)C(=O)N1Cc1ccncc1)C(=O)N(Cc1ccncc1)C3=O,0.372,0.289,YES,NO,1.9583,NO,NO,NO,NO,NO
Vanilla-RAG,999,199,O=C([O-])c1ccc(C#Cc2ccc(C(=O)[O-])cc2F)c(F)c1,O=C([O-])C1=CC=CNNc2ccc(C(=O)[O-])cc2C=C1,0.31,0.402,YES,YES,4.7161,NO,NO,NO,NO,NO
Vanilla-RAG,999,200,O=C([O-])CCN(CCC(=O)[O-])CCC(=O)[O-],CCOC(=O)C(C=O)C(=O)[O-],0.355,0.294,YES,YES,2.5652,NO,NO,NO,NO,NO
Vanilla-RAG,999,201,On1nnnc1-c1nnnn1O,On1nnnc1-c1nnnn1O,1.0,1.0,YES,YES,1.5684,YES,YES,YES,YES,YES
Vanilla-RAG,999,202,O=C([O-])c1ccc(C2=C3C=CC4=[N]3->[Fe]35<-[N]6=C(C=CC6=C(c6ccc(C(=O)[O-])cc6)c6ccc2[n]63)C(c2ccc(C(=O)[O-])cc2)=c2ccc([n]25)=C4c2ccc(C(=O)[O-])cc2)cc1,O=C([O-])c1ccc(-c2c3nc(c(-c4ccc(C(=O)[O-])cc4)c4ccc([nH]4)c(-c4ccc(C(=O)[O-])cc4)c4nc(c(-c5ccc(C(=O)[O-])cc5)c5ccc2[nH]5)C=C4)C=C3)cc1,0.549,0.154,YES,YES,1.7426,YES,NO,NO,NO,NO
Vanilla-RAG,999,203,O=C([O-])c1ccc(C(=O)[O-])s1,O=C([O-])c1ccc(C(=O)[O-])s1INVALID,0.0,0.0,NO,NO,,NO,NO,NO,NO,NO
Vanilla-RAG,999,204,FC12C3C4N1C1C2N3C41F,O=C([O-])C#CCC1C2OC3(O)C(C#CC(=O)O)C(O)(C1(O)CO)C3(C#CC(=O)[O-])C2O,0.121,0.0,YES,YES,1.8028,NO,NO,NO,NO,NO
Vanilla-RAG,999,205,CNc1nc(NC)c(NC)c(C#Cc2c(NC)c(NC)nc(NC)c2NC)c1NC,Cc1cncc(C)c1C#CC1=CC=C(C#Cc2ccnc(C)c2C)C=CC1,0.543,0.296,YES,YES,3.0182,YES,NO,NO,NO,NO
Vanilla-RAG,999,206,O=C([O-])c1cc(O)c(C#Cc2c(O)cc(C(=O)[O-])cc2O)c(O)c1,O=C([O-])c1ccc(NNc2ccc(C(=O)[O-])c(C(=O)O)c2)cc1C(=O)[O-],0.486,0.341,YES,YES,6.8411,NO,NO,NO,NO,NO
Vanilla-RAG,999,207,O=S(=O)(O)O,O=[PH](O)O,0.481,0.12,YES,YES,0.4715,NO,NO,NO,NO,NO
Vanilla-RAG,999,208,O=C([O-])c1ccc(C(=O)[O-])c2cc(Cl)c(Cl)cc12,O=C([O-])c1c(Cl)c(Cl)c(C(=O)[O-])c2ccccc12,1.0,0.891,YES,NO,1.4937,YES,YES,YES,YES,YES
Vanilla-RAG,999,209,O=C([O-])c1ccc(P(=O)(O)O)cc1,O=C([O-])c1ccc(P(=O)(O)O)cc1,1.0,1.0,YES,YES,1.2585,YES,YES,YES,YES,YES
Vanilla-RAG,999,210,O=C([O-])C=CC(=O)[O-],O=C([O-])C#CC(=O)[O-],0.818,0.471,YES,NO,1.349,YES,YES,YES,NO,NO
Vanilla-RAG,999,211,O=C([O-])CC(=O)[O-],O=C([O-])CC(=O)[O-]INVALID,0.0,0.0,NO,NO,,NO,NO,NO,NO,NO
Vanilla-RAG,999,212,O=C([O-])COc1ccc(OCC(=O)[O-])cc1,O=C([O-])COc1ccc(OCC(=O)[O-])cc1INVALID,0.0,0.0,NO,NO,,NO,NO,NO,NO,NO
Vanilla-RAG,999,213,N#CC1CC2(C#CC(=O)[O-])CCC1(C#CC(=O)[O-])CC2,CCC1CC2(C#CC(=O)[O-])CCC1(C#CC(=O)[O-])CC2,0.75,0.951,YES,YES,3.5492,YES,YES,YES,YES,YES
Vanilla-RAG,999,214,O=C([O-])c1nnn[nH]1,O=C([O-])c1nnn[nH]1,1.0,1.0,YES,YES,2.7524,YES,YES,YES,YES,YES
Vanilla-RAG,999,215,O=C([O-])c1cc(Cl)c(C(=O)[O-])c2c1CC2,O=C([O-])c1cc(Cl)c2c(Cl)c(C(=O)[O-])cc(Cl)c2c1Cl,0.8,0.49,YES,YES,3.5136,YES,YES,YES,NO,NO
Vanilla-RAG,999,216,O=C([O-])c1c(Br)c(Br)c(C(=O)[O-])c(Br)c1Br,O=C([O-])c1c(Cl)c(Cl)c(C(=O)[O-])c(Cl)c1Cl,0.895,0.75,YES,YES,2.3407,YES,YES,YES,YES,NO
Vanilla-RAG,999,217,O=C([O-])c1ccc(C(=O)[O-])c(C(=O)[O-])c1,O=C([O-])c1cc(C(=O)[O-])cc(C(=O)[O-])c1,0.857,0.8,YES,NO,1.4525,YES,YES,YES,YES,NO
Vanilla-RAG,999,218,CC1Cc2c(C(=O)[O-])ccc(C(=O)[O-])c21,CC1Cc2c(C(=O)[O-])ccc(C(=O)[O-])c21INVALID,0.0,0.0,NO,NO,,NO,NO,NO,NO,NO
Vanilla-RAG,999,219,O=C([O-])c1ccc(-c2ccc(C(=O)[O-])cc2F)c(F)c1,O=C([O-])c1c(F)c(F)c(C(=O)[O-])c2c(F)c(F)c(F)c(F)c12,0.87,0.447,YES,YES,3.5261,YES,YES,YES,YES,NO
Vanilla-RAG,999,220,O=C([O-])c1cncc(C(=O)[O-])c1,O=C([O-])c1cccnc1C(=O)[O-],0.818,0.75,YES,YES,0.5428,YES,YES,YES,NO,NO
Vanilla-RAG,999,221,O=C([O-])c1ccc(-c2cc(-c3ccc(C(=O)[O-])cc3)c(C(=O)[O-])cc2C(=O)[O-])cc1,O=C([O-])c1ccc(-c2ccc(C(=O)[O-])c(Br)c2)cc1,0.81,0.598,YES,YES,2.2319,YES,YES,YES,NO,NO
Vanilla-RAG,999,222,Nc1nnc[nH]1,Nc1nnc[nH]1INVALID,0.0,0.0,NO,NO,,NO,NO,NO,NO,NO
Vanilla-RAG,999,223,O=C([O-])C#CC#CC(=O)[O-],O=C([O-])C=CC(=O)[O-],0.818,0.373,YES,YES,0.4415,YES,YES,YES,NO,NO
Vanilla-RAG,999,224,Nc1ccccc1C(=O)[O-],O=C([O-])c1ccccn1,0.458,0.36,YES,YES,0.6555,NO,NO,NO,NO,NO
Vanilla-RAG,999,225,O=C([O-])c1cc(C(=O)[O-])cc(-n2cnnc2)c1,O=C([O-])c1cccnc1C(=O)[O-]INVALID,0.0,0.0,NO,NO,,NO,NO,NO,NO,NO
Vanilla-RAG,999,226,O=CC1c2c(C(=O)[O-])ccc(C(=O)[O-])c2C1O,O=C([O-])C12C3C4C1C1(F)C4(C(=O)[O-])C3C21F,0.517,0.774,YES,YES,3.4261,YES,YES,YES,NO,NO
Vanilla-RAG,999,227,O=C([O-])c1ccc2cc(C(=O)[O-])ccc2c1,O=C([O-])c1ccc(-c2ccc(C(=O)[O-])cc2)cc1INVALID,0.0,0.0,NO,NO,,NO,NO,NO,NO,NO
Vanilla-RAG,999,228,O=C([O-])c1ccc(OCC(COc2ccc(C(=O)[O-])cc2)(COc2ccc(C(=O)[O-])cc2)COc2ccc(C(=O)[O-])cc2)cc1,Cc1nnc(-c2ccccc2)n1-c1ccc(C(=O)[O-])cc1,0.208,0.195,YES,YES,1.1784,NO,NO,NO,NO,NO
Vanilla-RAG,999,229,O=C([O-])c1cc(C(=O)[O-])cc(-c2ccc3cc(C(=O)[O-])ccc3c2)c1,O=C([O-])c1cccccc(-c2ccccc2)c(C(=O)[O-])ccccc(-c2ccccc2)c1,0.842,0.214,YES,YES,0.728,YES,YES,YES,NO,NO
Vanilla-RAG,999,230,CCCOc1cc(C(=O)[O-])c(Br)c(Br)c1C(=O)[O-],O=C([O-])c1ccc(-c2cc(-c3ccncc3)cc(-c3ccc(C(=O)[O-])cc3)n2)cc1,0.273,0.289,YES,YES,0.7008,NO,NO,NO,NO,NO
Vanilla-RAG,999,231,O=C([O-])c1ccc(C(=O)O)c(-c2nc(C(=O)[O-])ccc2C(=O)O)n1,O=C([O-])c1cc(Cc2cc(C(=O)[O-])cc(C(=O)O)c2)cc(C(=O)[O-])c1,0.484,0.142,YES,NO,3.4238,NO,NO,NO,NO,NO
Vanilla-RAG,999,232,O=C([O-])c1cc2nc[nH]c2cc1C(=O)[O-],O=C([O-])c1cccnc1-c1ncccc1C(=O)O,0.676,0.196,YES,YES,1.7506,YES,YES,NO,NO,NO
Vanilla-RAG,999,233,O=C([O-])C1=NC=NC1C(=O)[O-],O=C([O-])c1nn[nH]c1C(=O)[O-],0.622,0.327,YES,YES,2.5059,YES,YES,NO,NO,NO
Vanilla-RAG,999,234,[CH]1C=NN=N1,CCc1nnc(CC)[nH]1,0.452,0.0,YES,YES,6.5926,NO,NO,NO,NO,NO
Vanilla-RAG,999,235,c1cnccn1,c1cnccn1,1.0,1.0,YES,YES,1.0264,YES,YES,YES,YES,YES
Vanilla-RAG,999,236,C(C#Cc1cc(C#CC#CC2C=NN=C2)cc(C#CC#CC2C=NN=C2)c1)#CC1=CN=N[CH]1,C(C=CN(C=CC=Cc1cn[nH]c1)C=CC=CC1C=NN=C1)=Cc1cn[nH]c1,0.613,0.176,YES,YES,1.2011,YES,YES,NO,NO,NO
Vanilla-RAG,999,237,Nc1nnc(C(=O)[O-])[nH]1,Oc1cc(Cl)c(Cl)c(Cl)c1-c1c(Cl)c(Cl)nc(Cl)c1Cl,0.176,0.03,YES,YES,2.5276,NO,NO,NO,NO,NO
Vanilla-RAG,999,238,COc1ccc(-c2coc3cc(O)c(OC)c(O)c3c2=O)cc1S(O)(O)O,OC1=CC2=C(S(O)(O)O)C(O)C=CC2=CC=CS(O)(O)O1,0.633,0.166,YES,YES,1.1768,YES,YES,NO,NO,NO
Vanilla-RAG,999,239,O=C([O-])c1cc(C(=O)[O-])cc(-c2cccnc2)c1,O=C([O-])c1cccc(-c2ccncc2)c1,0.85,0.544,YES,YES,1.582,YES,YES,YES,YES,NO
Vanilla-RAG,999,240,O=C([O-])c1cccc(Cl)c1C(=O)[O-],O=C([O-])c1ccc2c(c1)C(=O)c1cc(C(=O)[O-])ccc1-2,0.5,0.434,YES,NO,2.4653,YES,NO,NO,NO,NO
Vanilla-RAG,999,241,O=C([O-])CCn1c(=O)n(CCC(=O)[O-])c(=O)n(CCC(=O)[O-])c1=O,O=C([O-])C1=CC2SC(C(=O)[O-])SC2=N1,0.262,0.108,YES,YES,1.4531,NO,NO,NO,NO,NO
Vanilla-RAG,999,242,O=C([O-])c1cccc(S(O)(O)O)c1,O=C([O-])N1CCN(CP(=O)(O)O)CC1,0.323,0.186,YES,YES,1.484,NO,NO,NO,NO,NO
Vanilla-RAG,999,243,CC=CC(=O)[O-],O=C([O-])CCCC(=O)[O-],0.4,0.417,YES,YES,1.4162,NO,NO,NO,NO,NO
Vanilla-RAG,999,244,O=C([O-])c1ccc(C(c2ccc(C(=O)[O-])cc2)(C(F)(F)F)C(F)(F)F)cc1,O=C([O-])c1ccc(N(c2ccc(C(=O)[O-])c(Cl)c2)c2ccc(C(=O)O)c(Cl)c2)cc1Cl,0.485,0.283,YES,YES,1.0491,NO,NO,NO,NO,NO
Vanilla-RAG,999,245,Nc1c(O)c(C2=NNC(c3c(N)c(O)c(C(=O)[O-])c(N)c3O)=NN2)c(N)c(O)c1C(=O)[O-],O=C([O-])c1c(Cl)c(Cl)c(N=Nc2c(Cl)c(Cl)c(C(=O)[O-])c(Cl)c2Cl)c(Cl)c1ClINVALID,0.0,0.0,NO,NO,,NO,NO,NO,NO,NO
Vanilla-RAG,999,246,O=C([O-])c1cc(NCc2ccncc2)cc(C(=O)[O-])c1,O=C([O-])c1cc(NCc2ccncc2)cc(C(=O)[O-])c1,1.0,1.0,YES,YES,0.885,YES,YES,YES,YES,YES
Vanilla-RAG,999,247,O=CC(C(=O)[O-])=C(Br)C=CC(=O)[O-],O=C([O-])c1c(Br)c(Br)c(C(=O)[O-])c(Br)c1Br,0.545,0.162,YES,YES,0.4783,YES,NO,NO,NO,NO
Vanilla-RAG,999,248,O=C([O-])c1ccc(Oc2ccc(C(=O)[O-])cc2)cc1,O=C([O-])c1ccc(Oc2ccc(C(=O)[O-])cc2)cc1INVALID,0.0,0.0,NO,NO,,NO,NO,NO,NO,NO
Vanilla-RAG,999,249,Cc1c(CSc2ccncc2)c(C)c(CSc2ccncc2)c(C)c1CSc1ccncc1,c1ccc(-c2nnc(-c3ccncc3)n2-c2ccncc2)nc1,0.318,0.176,YES,YES,1.4022,NO,NO,NO,NO,NO
Vanilla-RAG,999,250,O=S(=O)(Nc1cccnc1)c1cccnc1,O=C(Nc1cccnc1)c1cccnc1INVALID,0.0,0.0,NO,NO,,NO,NO,NO,NO,NO
Vanilla-RAG,999,251,Clc1cnccn1,Fc1cnccn1,0.882,0.857,YES,NO,1.5134,YES,YES,YES,YES,NO
Vanilla-RAG,999,252,Nc1cnccn1,c1cnc(SCSc2ncccn2)nc1,0.387,0.0,YES,NO,0.8548,NO,NO,NO,NO,NO
Vanilla-RAG,999,253,Cc1nnc(C)[nH]1,[CH]1N=CNN1CCCCCCN1[CH]N=CN1,0.381,0.037,YES,NO,2.4999,NO,NO,NO,NO,NO
Vanilla-RAG,999,254,CC(O)C(=O)[O-],O=C([O-])CNC(=O)C(=O)NCC(=O)[O-],0.25,0.264,YES,NO,2.4302,NO,NO,NO,NO,NO
Vanilla-RAG,999,255,C(=Nn1cnnc1)c1ccccn1,c1cc(-c2ccncc2)ccn1,0.367,0.448,YES,YES,1.6019,NO,NO,NO,NO,NO
Vanilla-RAG,999,256,O=C([O-])C=CC(Br)=CC(=O)[O-],O=C([O-])C=CC=CC(=O)[O-],0.714,0.905,YES,YES,2.868,YES,YES,YES,YES,YES
Vanilla-RAG,999,257,O=C([O-])CCP(=O)(O)c1ccccc1,Cc1ccc(S(=O)(=O)NC(CCC(=O)[O-])C(=O)[O-])cc1,0.48,0.3,YES,YES,1.05,NO,NO,NO,NO,NO
Vanilla-RAG,999,258,O=Cc1cncc2c(C=O)cncc12,N#CC1=NN=C(Br)C1C#CC#CCC1C(Br)=NN=C1Br,0.158,0.079,YES,YES,1.8449,NO,NO,NO,NO,NO
Vanilla-RAG,999,259,COc1ccc(-c2nc(C(=O)[O-])c(C(=O)[O-])[nH]2)cc1,O=C([O-])c1cc(C(=O)O)cc([N+](=O)[O-])c1,0.259,0.309,YES,YES,0.9007,NO,NO,NO,NO,NO
Vanilla-RAG,999,260,O=C[O-],O=C[O-]INVALID,0.0,0.0,NO,NO,,NO,NO,NO,NO,NO
Vanilla-RAG,999,261,N#Cc1ccccc1CSCc1ccccc1C#N,NCc1ccccn1,0.259,0.083,YES,NO,0.3428,NO,NO,NO,NO,NO
Vanilla-RAG,999,262,Ic1nc2ccccc2[nH]1,C1Cc2nnc3c4c(nnc(c24)C1)CCC3,0.382,0.351,YES,NO,4.4634,NO,NO,NO,NO,NO
Vanilla-RAG,999,263,c1ccc2c(c1)CSCc1ccc(cc1)CSCc1ccccc1OCCCO2,c1cc(-c2ccncc2)ccn1,0.219,0.0,YES,YES,1.322,NO,NO,NO,NO,NO
Vanilla-RAG,999,264,O=C([O-])c1cc(OCc2ccccc2C(=O)O)cc(C(=O)[O-])c1,O=C([O-])c1cc(OCc2ccccc2C(=O)[O-])cc(C(=O)O)c1INVALID,0.0,0.0,NO,NO,,NO,NO,NO,NO,NO
Vanilla-RAG,999,265,NCc1ccncc1,Cc1nccn1CCCCn1ccnc1C,0.282,0.099,YES,YES,1.4314,NO,NO,NO,NO,NO
Vanilla-RAG,999,266,c1ccc(-c2nnn[nH]2)nc1,c1ccc(OCCSc2ccccn2)nc1,0.25,0.366,YES,YES,1.7632,NO,NO,NO,NO,NO
Vanilla-RAG,999,267,O=C([O-])C(Cl)=C(Cl)C(=O)[O-],O=C([O-])C(Cl)=C(Cl)C(=O)[O-],1.0,1.0,YES,YES,0.5695,YES,YES,YES,YES,YES
Vanilla-RAG,999,268,NC(CC(=O)[O-])C(=O)[O-],O=C([O-])CC(O)C(=O)[O-],0.5,0.883,YES,NO,0.7267,YES,YES,YES,YES,NO
Vanilla-RAG,999,269,O=C([O-])c1c(F)c(F)c(C(=O)[O-])c(F)c1F,O=C([O-])c1c(F)c(F)c(C(=O)[O-])c(F)c1F,1.0,1.0,YES,YES,1.2294,YES,YES,YES,YES,YES
Vanilla-RAG,999,270,O=C([O-])c1c([N+](=O)[O-])c([N+](=O)[O-])c(C(=O)[O-])c2ccccc12,O=C([O-])c1c2c(c(C(=O)[O-])c([N+](=O)[O-])c1[N+](=O)[O-])CC2,0.878,0.804,YES,YES,5.0226,YES,YES,YES,YES,NO
Vanilla-RAG,999,271,O=C([O-])Cc1ccc(CC(=O)[O-])cc1,O=C([O-])c1ccccc1C(=O)[O-]INVALID,0.0,0.0,NO,NO,,NO,NO,NO,NO,NO
Vanilla-RAG,999,272,COc1cc(C(=O)[O-])cc(C(=O)[O-])c1,COc1cc(C(=O)[O-])cc(C(=O)[O-])c1INVALID,0.0,0.0,NO,NO,,NO,NO,NO,NO,NO
Vanilla-RAG,999,273,O=C([O-])Cc1nnn[nH]1,O=C([O-])Cn1cnnn1,0.725,0.556,YES,NO,1.7385,YES,YES,YES,NO,NO
Vanilla-RAG,999,274,O=C([O-])c1ccnc(C(=O)[O-])c1,O=C([O-])c1cccnc1C(=O)[O-],0.864,0.75,YES,YES,0.7211,YES,YES,YES,YES,NO
Vanilla-RAG,999,275,O=C([O-])c1ccc(-c2ccc(C(=O)[O-])cc2)cc1,CC1=CC2=C(C(=O)[O-])C=C(c3cccnc3)C=CC1=CC=C2C(=O)[O-],0.464,0.14,YES,YES,0.5012,NO,NO,NO,NO,NO
Vanilla-RAG,999,276,c1cn(CCCCn2ccnc2)cn1,c1cn(CCCCn2ccnc2)cn1,1.0,1.0,YES,YES,1.1984,YES,YES,YES,YES,YES
Vanilla-RAG,999,277,O=C([O-])C#CC(Cl)=C(Cl)C#CC(=O)[O-],O=C([O-])C#CC(=O)[O-],0.667,0.411,YES,NO,3.7188,YES,YES,NO,NO,NO
Vanilla-RAG,999,278,O=C([O-])C=CCC(=O)[O-],O=C([O-])C#CC#CC(=O)[O-],0.692,0.373,YES,YES,2.5116,YES,YES,NO,NO,NO
Vanilla-RAG,999,279,O=C([O-])c1cc(C(=O)[O-])cc(-c2cc(-c3cc(C(=O)[O-])cc(C(=O)[O-])c3)c3ccc4c(-c5cc(C(=O)[O-])cc(C(=O)[O-])c5)cc(-c5cc(C(=O)[O-])cc(C(=O)[O-])c5)c5ccc2c3c54)c1,O=C([O-])c1cccccc(-c2ccccc2)c(C(=O)[O-])cccccc1-c1ccccc1,0.842,0.401,YES,YES,0.8394,YES,YES,YES,NO,NO
Vanilla-RAG,999,280,O=C([O-])c1cc(C(=O)[O-])cc([N+](=O)[O-])c1,O=C([O-])c1cccc([N+](=O)[O-])c1,1.0,0.8,YES,YES,1.2269,YES,YES,YES,YES,YES
Vanilla-RAG,999,281,NC(=O)c1ccccc1OCC(=O)[O-],O=C([O-])COc1ccccc1C(=O)[O-],0.735,0.929,YES,NO,1.0902,YES,YES,YES,YES,YES
Vanilla-RAG,999,282,C[Si](C)(c1ccncc1)c1ccncc1,ON=C(O)N=CNO,0.039,0.04,YES,YES,1.9345,NO,NO,NO,NO,NO
Vanilla-RAG,999,283,O=C([O-])c1nn[nH]c1C(=O)[O-],O=C([O-])c1nnn[nH]1INVALID,0.0,0.0,NO,NO,,NO,NO,NO,NO,NO
Vanilla-RAG,999,284,O=C([O-])c1cc2ccccc2c(Cc2c(O)c(C(=O)[O-])cc3ccccc23)c1O,O=C([O-])C=c1c2cccc1=C(C(=O)[O-])C=CC(c1ccccc1)=C2,0.531,0.199,YES,YES,0.9031,YES,NO,NO,NO,NO
Vanilla-RAG,999,285,O=C([O-])c1c(Cl)c(Cl)c(C(=O)[O-])c(Cl)c1Cl,O=C([O-])c1c(Cl)c(Cl)c(C(=O)[O-])c(Cl)c1ClINVALID,0.0,0.0,NO,NO,,NO,NO,NO,NO,NO
Vanilla-RAG,999,286,O=C([O-])c1cccnc1C(=O)[O-],O=C([O-])c1cccnc1C(=O)[O-]INVALID,0.0,0.0,NO,NO,,NO,NO,NO,NO,NO
Vanilla-RAG,999,287,N#CS,N#CSINVALID,0.0,0.0,NO,NO,,NO,NO,NO,NO,NO
Vanilla-RAG,999,288,O=C([O-])c1cc(O)cc(C(=O)[O-])c1,O=C([O-])c1ccc(C(=O)[O-])cc1INVALID,0.0,0.0,NO,NO,,NO,NO,NO,NO,NO
Vanilla-RAG,999,289,O.OI,O.O.OI,0.667,0.667,YES,YES,0.7791,YES,YES,NO,NO,NO
Vanilla-RAG,999,290,O=C([O-])c1cc(C(=O)[O-])cc(C(=O)O)c1,O=C([O-])c1ccc(C(=O)[O-])cc1,0.923,0.6,YES,YES,1.1993,YES,YES,YES,YES,YES
Vanilla-RAG,999,291,O=C([O-])C=Cc1ccc(C(=O)[O-])cc1,O=C([O-])C=Cc1ccc(C(=O)[O-])cc1,1.0,1.0,YES,YES,1.6865,YES,YES,YES,YES,YES
Vanilla-RAG,999,292,O=C([O-])c1ccc(-c2ccc(C(=O)[O-])c([N+](=O)[O-])c2)cc1[N+](=O)[O-],O=C([O-])c1ccc(-c2ccc(C(=O)[O-])c([N+](=O)[O-])c2)cc1[N+](=O)[O-],1.0,1.0,YES,YES,5.3257,YES,YES,YES,YES,YES
Vanilla-RAG,999,293,OS(O)(O)c1ccc2cc(S(O)(O)O)ccc2c1,OS(O)(O)c1cccc2c(S(O)(O)O)cccc12,1.0,0.979,YES,NO,1.2165,YES,YES,YES,YES,YES
Vanilla-RAG,999,294,O=C([O-])CCCCCCCC(=O)[O-],O=C([O-])CCC(=O)[O-],0.867,0.444,YES,YES,1.4097,YES,YES,YES,YES,NO
Vanilla-RAG,999,295,[CH2]C(=O)c1ccccc1,O=C([O-])CCCCCCCC(=O)[O-],0.105,0.205,YES,NO,3.2425,NO,NO,NO,NO,NO
Vanilla-RAG,999,296,O=C([O-])c1ccccc1,O=C([O-])c1ccc(C(=O)[O-])cc1,0.75,0.75,YES,YES,1.2268,YES,YES,YES,NO,NO
Vanilla-RAG,999,297,O=C(O)c1cc(S(O)(O)O)c2cc(C(=O)O)cc(S(O)(O)O)c2c1,O=C(O)c1ccc(S(=O)(=O)c2ccc(C(=O)O)cc2)cc1,0.744,0.369,YES,YES,0.7929,YES,YES,YES,NO,NO
Vanilla-RAG,999,298,O=C([O-])c1ccncc1,O=C([O-])c1cccnc1,0.933,0.667,YES,NO,0.6234,YES,YES,YES,YES,YES
Vanilla-RAG,999,299,O=C([O-])c1cccnc1-c1ncccc1C(=O)[O-],O=C([O-])c1cccnc1C(=O)[O-],0.75,0.489,YES,YES,1.1755,YES,YES,YES,NO,NO
Vanilla-RAG,999,300,O=C([O-])c1ccccn1,O=C([O-])c1cccnc1C(=O)[O-]INVALID,0.0,0.0,NO,NO,,NO,NO,NO,NO,NO
Vanilla-RAG,999,301,O=C([O-])c1ccc(C#Cc2ccc(C(=O)[O-])c(Cl)c2)cc1Cl,O=C([O-])c1ccc(C#Cc2ccc(C(=O)[O-])cc2Cl)c(Cl)c1,1.0,0.911,YES,YES,2.9342,YES,YES,YES,YES,YES
Vanilla-RAG,999,302,Fc1cnc(F)cn1,Fc1cncc(F)n1,1.0,0.875,YES,YES,0.6081,YES,YES,YES,YES,YES
Vanilla-RAG,999,303,O=C([O-])c1cc(C(=O)[O-])cc(C(=O)[O-])c1,O=C([O-])c1cc(C(=O)[O-])cc(C(=O)[O-])c1,1.0,1.0,YES,YES,1.2669,YES,YES,YES,YES,YES
Vanilla-RAG,999,304,O=C([O-])Cc1ccccc1CC(=O)[O-],O=C([O-])c1cccnc1C(=O)[O-],0.56,0.186,YES,NO,1.3351,YES,NO,NO,NO,NO
Vanilla-RAG,999,305,O=C([O-])c1cc2ccc3cc(C(=O)[O-])cc4ccc(c1)c2c34,O=C([O-])c1ccc(C(=O)[O-])c2ccccc12,1.0,0.563,YES,YES,3.0983,YES,YES,YES,YES,YES
Vanilla-RAG,999,306,NC1=N[CH]c2ncn(CC(=O)[O-])c2N1,O=C([O-])c1ccc(N2[CH]N=CN2)cc1,0.558,0.182,YES,NO,0.9925,YES,NO,NO,NO,NO
Vanilla-RAG,999,307,O=C(O)c1ccc(-c2cc(C(=O)[O-])c(-c3ccc(C(=O)O)cc3)cc2C(=O)[O-])cc1,C=C(C=C(C=CC=C(C=CC(=CC=O)C=C(C=CC(=O)[O-])C(=O)O)C(=O)[O-])C(=O)[O-])C(=O)O,0.478,0.08,YES,YES,1.2834,NO,NO,NO,NO,NO
Vanilla-RAG,999,308,O=C([O-])C(=O)O,O=C([O-])C(=O)[O-]INVALID,0.0,0.0,NO,NO,,NO,NO,NO,NO,NO
Vanilla-RAG,999,309,Nc1c(I)c(C(=O)[O-])c(I)c(C(=O)[O-])c1I,O=C([O-])c1c(I)c(I)c(C(=O)[O-])c(I)c1I,0.72,0.688,YES,NO,3.9544,YES,YES,YES,NO,NO
Vanilla-RAG,999,310,OS(O)(O)c1cccc2c(S(O)(O)O)cccc12,OS(O)(O)c1cccc2c(S(O)(O)O)cccc12,1.0,1.0,YES,YES,1.2488,YES,YES,YES,YES,YES
Vanilla-RAG,999,311,O=C([O-])c1cnccn1,O=C([O-])c1cccnc1C(=O)[O-],0.68,0.3,YES,NO,1.4712,YES,YES,NO,NO,NO
Vanilla-RAG,999,312,O=C([O-])c1c(F)c(F)c(C#Cc2c(F)c(F)c(C(=O)[O-])c(F)c2F)c(F)c1F,O=C([O-])c1c(F)c(F)c(C#Cc2c(F)c(F)c(C(=O)[O-])c(F)c2F)c(F)c1F,1.0,1.0,YES,YES,5.7752,YES,YES,YES,YES,YES
Vanilla-RAG,999,313,O=C([O-])c1ccc(Oc2cc(C(=O)[O-])cc(C(=O)[O-])c2)cc1,O=C([O-])c1ccc(Oc2cc(C(=O)[O-])cc(C(=O)[O-])c2)cc1,1.0,1.0,YES,YES,1.4098,YES,YES,YES,YES,YES
Vanilla-RAG,999,314,N#CC(C#N)=c1c(=O)c(=C(C#N)C#N)c1=O,N#CC(C#N)=c1c(=O)c(=C(C#N)C#N)c1=O,1.0,1.0,YES,YES,1.5525,YES,YES,YES,YES,YES
Vanilla-RAG,999,315,CC(=O)[O-],CC(=O)[O-],1.0,1.0,YES,YES,1.2521,YES,YES,YES,YES,YES
Vanilla-RAG,999,316,O=C([O-])c1cc[n+]([O-])cc1,O=C([O-])c1cc[n+]([O-])cc1,1.0,1.0,YES,YES,0.4612,YES,YES,YES,YES,YES
Vanilla-RAG,999,317,O=C([O-])c1cc(C(=O)[O-])cc(S(O)(O)O)c1,O=C([O-])c1cc(C(=O)[O-])cc(S(O)(O)O)c1,1.0,1.0,YES,YES,1.3412,YES,YES,YES,YES,YES
Vanilla-RAG,999,318,O=C([O-])C1C(C(=O)[O-])C(C(=O)[O-])C(C(=O)[O-])C(C(=O)[O-])C1C(=O)[O-],O=C([O-])C1C(C(=O)[O-])C(C(=O)[O-])C1C(=O)[O-],0.846,0.15,YES,NO,2.5036,YES,YES,YES,NO,NO
Vanilla-RAG,999,319,O=C(O)CC(O)(CC(=O)O)C(=O)[O-],O=C([O-])CC(O)(CC(=O)O)C(=O)[O-],1.0,1.0,YES,NO,1.8921,YES,YES,YES,YES,YES
Vanilla-RAG,999,320,O=C([O-])c1cc(S(=O)(=O)c2ccc(C(=O)[O-])c(C(=O)O)c2)ccc1C(=O)O,O=C([O-])c1cc(C(=O)[O-])cc(C(=O)O)c1,0.382,0.329,YES,YES,1.1424,NO,NO,NO,NO,NO
Vanilla-RAG,999,321,c1nc[nH]n1,c1nnc[nH]1,0.944,1.0,YES,NO,2.3609,YES,YES,YES,YES,YES
Vanilla-RAG,999,322,C1CCSC1,c1nnn[nH]1,0.143,0.0,YES,YES,0.7991,NO,NO,NO,NO,NO
Vanilla-RAG,999,323,O=C([O-])c1cc([N+](=O)[O-])c2c([N+](=O)[O-])c(C(=O)[O-])cc([N+](=O)[O-])c2c1[N+](=O)[O-],O=C([O-])c1ccc([N+](=O)[O-])cc1,0.763,0.317,YES,YES,1.8311,YES,YES,YES,NO,NO
Vanilla-RAG,999,324,O=C1C(=O)C(Cl)C(=O)C(=O)C1Cl,O=C1C(=O)C(Cl)C(=O)C(=O)C1ClINVALID,0.0,0.0,NO,NO,,NO,NO,NO,NO,NO
Vanilla-RAG,999,325,O=C([O-])c1cc(N2[CH]N=CN2)cc(N2[CH]N=CN2)c1,Cc1c(CN2[CH]N=CN2)c(C)c(Cn2cncn2)c(C)c1CN1[CH]N=CN1,0.529,0.249,YES,YES,1.8965,YES,NO,NO,NO,NO
Vanilla-RAG,999,326,C1CNCCN1,C1CNCCN1,1.0,1.0,YES,YES,0.8306,YES,YES,YES,YES,YES
Vanilla-RAG,999,327,O=C([O-])c1c(F)c(F)c(C(=O)[O-])c2cc(F)c(F)cc12,O=C([O-])c1c(F)c(F)c(C(=O)[O-])c2ccccc12,1.0,0.902,YES,NO,0.7132,YES,YES,YES,YES,YES
Vanilla-RAG,999,328,O=C1C([N+](=O)[O-])=CC([N+](=O)[O-])C(O)=C1[N+](=O)[O-],O=C1C([N+](=O)[O-])=C[N+]([O-])C=C1[N+](=O)[O-],0.8,0.212,YES,YES,1.2903,YES,YES,YES,NO,NO
Vanilla-RAG,999,329,O=C([O-])c1ccc(C(=O)[O-])c2ccccc12,O=C([O-])c1ccc(C(=O)[O-])cc1INVALID,0.0,0.0,NO,NO,,NO,NO,NO,NO,NO
Vanilla-RAG,999,330,c1nnnn1CCn1cnnn1,O=C(O)c1cncnc1,0.25,0.05,YES,YES,1.4091,NO,NO,NO,NO,NO
Vanilla-RAG,999,331,O=C([O-])c1cc([N+](=O)[O-])c(C(=O)[O-])cc1[N+](=O)[O-],O=C([O-])c1cc([N+](=O)[O-])c(C(=O)[O-])cc1[N+](=O)[O-]INVALID,0.0,0.0,NO,NO,,NO,NO,NO,NO,NO
Vanilla-RAG,999,332,O=C([O-])c1ccccc1C(=O)[O-],O=C([O-])c1ccccc1C(=O)[O-]INVALID,0.0,0.0,NO,NO,,NO,NO,NO,NO,NO
Vanilla-RAG,999,333,CCCn1cnc2c1NC=NC2Cl,c1cc(-c2ccncc2)ccn1,0.213,0.0,YES,YES,2.9682,NO,NO,NO,NO,NO
Vanilla-RAG,999,334,O=C([O-])CCN1[CH]C=C(C2=C[CH]N(CCC(=O)[O-])C=C2)C=C1,O=C([O-])c1ccc(Cl)cc1,0.19,0.117,YES,NO,1.2605,NO,NO,NO,NO,NO
Vanilla-RAG,999,335,O=C([O-])c1cc(C(=O)[O-])cc(-c2cc(C(=O)[O-])cc(C(=O)[O-])c2)c1,O=C([O-])c1cc(C(=O)[O-])cc(-c2cc(C(=O)[O-])cc(C(=O)[O-])c2)c1INVALID,0.0,0.0,NO,NO,,NO,NO,NO,NO,NO
Vanilla-RAG,999,336,O=C([O-])C=Cc1ccncc1,O=C([O-])C=Cc1ccncc1INVALID,0.0,0.0,NO,NO,,NO,NO,NO,NO,NO
Vanilla-RAG,999,337,O=C([O-])c1ccc(C#Cc2ccc(C(=O)[O-])cc2)cc1,O=C([O-])c1ccc(-c2ccc(C(=O)[O-])cc2)cc1INVALID,0.0,0.0,NO,NO,,NO,NO,NO,NO,NO
Vanilla-RAG,999,338,C(c1nnn[nH]1)c1nnn[nH]1,O=C(O)CC(O)C(=O)O.O=C([O-])COC(O)C(O)C(O)C(=O)O,0.047,0.027,YES,YES,0.4728,NO,NO,NO,NO,NO
Vanilla-RAG,999,339,O=C([O-])c1cc(O)c(C(=O)[O-])cc1O,O=C([O-])c1cc(O)c(C(=O)[O-])cc1OINVALID,0.0,0.0,NO,NO,,NO,NO,NO,NO,NO
Vanilla-RAG,999,340,CCc1c(C#N)c(CC)c(CC)c(C#N)c1CC,CCCOC=C(OCCC)C(OCCC)C(OCCC)C(OCCC)C(OCCC)C(OCCC)C(OCCC)(OCCC)C(C)OCCC,0.189,0.032,YES,YES,1.8745,NO,NO,NO,NO,NO
Vanilla-RAG,999,341,O=C([O-])c1cncc(O)c1,O=C([O-])c1cncc(O)c1INVALID,0.0,0.0,NO,NO,,NO,NO,NO,NO,NO
Vanilla-RAG,999,342,O=C([O-])c1cccc(C(=O)[O-])n1,O=C([O-])c1cccc(C(=O)[O-])n1INVALID,0.0,0.0,NO,NO,,NO,NO,NO,NO,NO
Vanilla-RAG,999,343,O=C([O-])c1cncc(-c2ccccc2C(=O)[O-])c1,O=C([O-])c1cncc(-c2ccccc2C(=O)[O-])c1INVALID,0.0,0.0,NO,NO,,NO,NO,NO,NO,NO
Vanilla-RAG,999,344,Cc1cc(C#Cc2cc(C)c(C(=O)[O-])c(C)c2)cc(C)c1C(=O)[O-],Nc1cc(C=Cc2cc(N)c(C(=O)[O-])c(N)c2)cc(N)c1C(=O)[O-],0.485,0.41,YES,NO,6.8334,NO,NO,NO,NO,NO
Vanilla-RAG,999,345,c1cn(Cc2cc(Cn3ccnc3)c(Cn3ccnc3)cc2Cn2ccnc2)cn1,c1cc(Cn2ccnc2)cc(Cn2ccnc2)c1INVALID,0.0,0.0,NO,NO,,NO,NO,NO,NO,NO
Vanilla-RAG,999,346,Nc1cc(C(=O)[O-])ccc1-c1ccc(C(=O)[O-])cc1N,O=C([O-])c1ccccc1O,0.375,0.441,YES,NO,6.1352,NO,NO,NO,NO,NO
Vanilla-RAG,999,347,O=C([O-])c1ccc(-c2ccc(C(=O)[O-])cc2O)c(O)c1,O=C([O-])c1ccc(-c2ccc(C(=O)[O-])cc2O)c(O)c1INVALID,0.0,0.0,NO,NO,,NO,NO,NO,NO,NO
Vanilla-RAG,999,348,O=C([O-])c1nccnc1C(=O)[O-],O=C([O-])c1nccnc1C(=O)[O-]INVALID,0.0,0.0,NO,NO,,NO,NO,NO,NO,NO
Vanilla-RAG,999,349,COc1cc(C(=O)[O-])ccc1C#Cc1cc(OC)c(C(=O)[O-])cc1-c1ccccc1,CCC=C1C=c2c(C(=O)[O-])cccc2=CC=C1C(=O)[O-],0.417,0.292,YES,YES,1.865,NO,NO,NO,NO,NO
Vanilla-RAG,999,350,O=C([O-])c1c(F)c(F)c(C(=O)[O-])c2c(F)c(F)c(F)c(F)c12,O=C([O-])c1c(F)c(F)c(C(=O)[O-])c2ccccc12INVALID,0.0,0.0,NO,NO,,NO,NO,NO,NO,NO
Vanilla-RAG,999,351,O=C([O-])c1cnc(C(=O)[O-])cn1,O=C([O-])c1cccnc1C(=O)[O-]INVALID,0.0,0.0,NO,NO,,NO,NO,NO,NO,NO
Vanilla-RAG,999,352,O=C([O-])c1ccc(Oc2cc(Oc3ccc(C(=O)[O-])cc3)cc(C(=O)[O-])c2)cc1,O=C([O-])c1ccc(Oc2cc(Oc3ccc(C(=O)[O-])cc3)cc(C(=O)[O-])c2)cc1INVALID,0.0,0.0,NO,NO,,NO,NO,NO,NO,NO
Vanilla-RAG,999,353,O=C([O-])c1ccc(-c2cc(C(=O)[O-])cc(C(=O)[O-])c2)cc1,O=C([O-])c1ccc(-c2cc(C(=O)[O-])cc(C(=O)[O-])c2)cc1INVALID,0.0,0.0,NO,NO,,NO,NO,NO,NO,NO
Vanilla-RAG,999,354,O=C([O-])c1cc(F)c(C(=O)[O-])cc1F,O=C([O-])c1cc(F)c(C(=O)[O-])cc1FINVALID,0.0,0.0,NO,NO,,NO,NO,NO,NO,NO
Vanilla-RAG,999,355,[CH](NN[CH]c1ccncc1)c1ccncc1,c1cn(CCCCn2ccnc2)cn1,0.278,0.037,YES,YES,1.4588,NO,NO,NO,NO,NO
Vanilla-RAG,999,356,O=C([O-])c1ccccc1C(=O)O,O=C([O-])c1ccccc1C(=O)OINVALID,0.0,0.0,NO,NO,,NO,NO,NO,NO,NO
Vanilla-RAG,999,357,CC(CCC(=O)[O-])C(=O)[O-],CC(CCC(=O)[O-])C(=O)[O-]INVALID,0.0,0.0,NO,NO,,NO,NO,NO,NO,NO
Vanilla-RAG,999,358,O=C([O-])c1cc(S(O)(O)O)c(C(=O)[O-])c2c1CC2,O=C([O-])c1ccc(C(c2ccc(C(=O)[O-])c(C(=O)[O-])c2)(C(F)(F)F)C(F)(F)F)cc1C(=O)[O-],0.34,0.299,YES,NO,3.6475,NO,NO,NO,NO,NO
Vanilla-RAG,999,359,CNC1(F)CC2(C#CC(=O)[O-])CCC1(C#CC(=O)[O-])CC2,CCC1CC2(C#CC(=O)[O-])CCC1(C#CC(=O)[O-])CC2OINVALID,0.0,0.0,NO,NO,,NO,NO,NO,NO,NO
Vanilla-RAG,999,360,Cc1nccn1Cc1ccncc1,c1cc(-c2ccncc2)ccn1,0.355,0.448,YES,YES,1.6737,NO,NO,NO,NO,NO
Vanilla-RAG,999,361,c1cn(Cc2ccc(Cn3ccnc3)cc2)cn1,O=C(c1ccncc1)c1cccnc1,0.345,0.087,YES,NO,1.1357,NO,NO,NO,NO,NO
Vanilla-RAG,999,362,c1cncnc1,c1cncnc1INVALID,0.0,0.0,NO,NO,,NO,NO,NO,NO,NO
Vanilla-RAG,999,363,CCC12C3C4(C(=O)[O-])C5(CC)C(C1(C(=O)[O-])C35[N+](=O)[O-])C24[N+](=O)[O-],O=C([O-])C1C(I)CC2(C(=O)[O-])CC1CC2I,0.312,0.471,YES,YES,1.4058,NO,NO,NO,NO,NO
Vanilla-RAG,999,364,O=C([O-])CN(CC(=O)[O-])CC(=O)[O-],O=C([O-])CCC(=O)[O-],0.478,0.285,YES,YES,1.2689,NO,NO,NO,NO,NO
Vanilla-RAG,999,365,c1cn(-c2ccc(NNc3ccc(-n4ccnc4)cc3)cc2)cn1,O=C1[CH]C(=O)NC(=S)N1,0.231,0.0,YES,NO,1.9487,NO,NO,NO,NO,NO
Vanilla-RAG,999,366,Nc1cc(C#Cc2cc(N)c(C(=O)[O-])c(N)c2)cc(N)c1C(=O)[O-],O=C([O-])C1=CC=C2C=C(Br)C(=CC=C(CBr)C(=O)[O-])C2C=C1,0.256,0.148,YES,YES,6.7536,NO,NO,NO,NO,NO
Vanilla-RAG,999,367,CCc1cc2c(cc(CC)c3ccc(C(=O)[O-])c(F)c32)c2cc(C(=O)[O-])ccc12,CC1C=C(C(=O)[O-])C(C(=O)O)=C(C(=O)[O-])C(C(=O)[O-])=C1CC(=O)O,0.371,0.12,YES,YES,1.1895,NO,NO,NO,NO,NO
Vanilla-RAG,999,368,O=C(O)c1cccc(Oc2cccc(C(=O)O)c2C(=O)[O-])c1.O=C(O)c1cccc(Oc2cccc(C(=O)O)c2C(=O)[O-])c1,Cc1cccc(C)[n+]1C(=O)[O-],0.134,0.058,YES,YES,1.7286,NO,NO,NO,NO,NO
Vanilla-RAG,999,369,O=C([O-])CN(CCN(CC(=O)[O-])CC(=O)[O-])CCN(CC(=O)O)CC(=O)O,O=C([O-])Cn1cnnn1,0.36,0.135,YES,NO,0.6757,NO,NO,NO,NO,NO
Vanilla-RAG,999,370,c1ccc(SSc2ccccn2)nc1,c1cnc(SCSc2ncccn2)nc1INVALID,0.0,0.0,NO,NO,,NO,NO,NO,NO,NO
Vanilla-RAG,999,371,Nc1ccc(C=Cc2ccc(N)cc2S(O)(O)O)c(S(O)(O)O)c1,O=P(O)(O)c1ccccc1,0.395,0.246,YES,YES,0.706,NO,NO,NO,NO,NO
Vanilla-RAG,999,372,O=C([O-])c1cc(C(=O)[O-])c(C(=O)O)cc1C(=O)O,O=C([O-])c1cc(C(=O)[O-])c(C(=O)O)cc1C(=O)OINVALID,0.0,0.0,NO,NO,,NO,NO,NO,NO,NO
Vanilla-RAG,999,373,O=C(Nc1cccnc1)c1ccc(C(=O)Nc2cccnc2)s1,O=C([O-])c1cc(S(O)(O)O)cc(S(O)(O)O)c1,0.164,0.11,YES,YES,1.9557,NO,NO,NO,NO,NO
Vanilla-RAG,999,374,NC1=N[CH]NN1,Cn1nn[nH]c1=S,0.413,0.0,YES,YES,3.2333,NO,NO,NO,NO,NO
Vanilla-RAG,999,375,O=C([O-])c1cc(C(=O)O)c(C(=O)[O-])cc1C(=O)O,O=C([O-])c1ccc(C(=O)[O-])cc1INVALID,0.0,0.0,NO,NO,,NO,NO,NO,NO,NO
Vanilla-RAG,999,376,O=[N+]([O-])c1cncc([N+](=O)[O-])c1C#Cc1c([N+](=O)[O-])cncc1[N+](=O)[O-],O=[N+]([O-])c1cncc([N+](=O)[O-])c1C#Cc1c([N+](=O)[O-])cncc1[N+](=O)[O-]INVALID,0.0,0.0,NO,NO,,NO,NO,NO,NO,NO
Vanilla-RAG,999,377,O=C([O-])C(O)=C(O)C(=O)[O-],O=C([O-])C(O)=C(O)C(=O)[O-]INVALID,0.0,0.0,NO,NO,,NO,NO,NO,NO,NO
Vanilla-RAG,999,378,C(#C[Si](C#Cc1cn[nH]c1)(C#CC1C=NN=C1)C#CC1C=NN=C1)C1=CN=N[CH]1,C(#C[Si](C#Cc1cn[nH]c1)(C#CC1C=NN=C1)C#CC1C=NN=C1)C1=CN=N[CH]1INVALID,0.0,0.0,NO,NO,,NO,NO,NO,NO,NO
Vanilla-RAG,999,379,O=C([O-])CN1[CH]C=C(c2nnn[nH]2)C=C1,O=C([O-])c1cncc(Cl)c1,0.28,0.17,YES,NO,2.1426,NO,NO,NO,NO,NO
Vanilla-RAG,999,380,Nc1ccccc1S,c1ccc(SCSc2ccccn2)nc1,0.3,0.04,YES,NO,0.4418,NO,NO,NO,NO,NO
Vanilla-RAG,999,381,O=C([O-])c1nc(-c2ccc3ccccc3c2)[nH]c1C(=O)[O-],O=C([O-])c1cc(N2[CH]N=CN2)cc(N2[CH]N=CN2)c1,0.429,0.276,YES,YES,1.3488,NO,NO,NO,NO,NO
Vanilla-RAG,999,382,O=C(O)c1ccc(-c2ccc(-c3ccc(C(=O)O)cc3C(=O)[O-])cc2)c(C(=O)[O-])c1,O=C(O)c1ccc(-c2ccc(-c3ccc(C(=O)O)cc3C(=O)[O-])cc2)c(C(=O)[O-])c1INVALID,0.0,0.0,NO,NO,,NO,NO,NO,NO,NO
Vanilla-RAG,999,383,c1ccc(-c2cc(-c3ccncc3)nc(-c3ccncc3)c2)nc1,C=CC=CC=C1C=CC=C(c2ccncc2)C=NC=C2NC=C(N=C1)C(=CC)c1cnccc12,0.467,0.199,YES,YES,3.7653,NO,NO,NO,NO,NO
Vanilla-RAG,999,384,CSc1nccs1,O=P(O)(O)c1ccccn1,0.222,0.0,YES,YES,1.6177,NO,NO,NO,NO,NO
Vanilla-RAG,999,385,O=C([O-])C1CCC(C(=O)[O-])CC1,O=C([O-])C1CCC(C(=O)[O-])CC1INVALID,0.0,0.0,NO,NO,,NO,NO,NO,NO,NO
Vanilla-RAG,999,386,c1c[nH]cn1,c1c[nH]cn1INVALID,0.0,0.0,NO,NO,,NO,NO,NO,NO,NO
Vanilla-RAG,999,387,c1ccc(-c2nnc(-c3ccncc3)[nH]2)nc1,c1ccc(-c2nnc(-c3ccncc3)[nH]2)nc1INVALID,0.0,0.0,NO,NO,,NO,NO,NO,NO,NO
Vanilla-RAG,999,388,O=C([O-])c1cccc(-c2c3nc(c(-c4cccc(C(=O)[O-])c4)c4ccc([nH]4)c(-c4cccc(C(=O)[O-])c4)c4nc(c(-c5cccc(C(=O)[O-])c5)c5ccc2[nH]5)C=C4)C=C3)c1,C=CN=CC=CNNC(=O)C1CC(C(=O)[O-])=CC1=CC(=O)[O-],0.367,0.058,YES,YES,1.211,NO,NO,NO,NO,NO
Vanilla-RAG,999,389,O=C([O-])c1cc2c(cc1C(=O)[O-])C(=O)c1ccccc1C2=O,O=C([O-])c1ccccc1I,0.44,0.395,YES,NO,1.8559,NO,NO,NO,NO,NO
Vanilla-RAG,999,390,Cc1cc2ccc3nc(C)ccc3c2cn1,CC=CC1=CC=Cc2cc(-c3cn[nH]c3)ccc2C12C=NN=C2,0.361,0.249,YES,YES,2.2766,NO,NO,NO,NO,NO
Vanilla-RAG,999,391,Nc1nc2ccccc2[nH]1,Nc1nc2ccccc2[nH]1INVALID,0.0,0.0,NO,NO,,NO,NO,NO,NO,NO
Vanilla-RAG,999,392,O=C([O-])CCC(=O)[O-],O=C([O-])CCC(=O)[O-]INVALID,0.0,0.0,NO,NO,,NO,NO,NO,NO,NO
Vanilla-RAG,999,393,CNC12C3C4C5C3(C#CC(=O)[O-])C1C5(NC)C42C#CC(=O)[O-],CNC12C3C4C5C3(C#CC(=O)[O-])C1C5(NC)C42C#CC(=O)[O-]INVALID,0.0,0.0,NO,NO,,NO,NO,NO,NO,NO
Vanilla-RAG,999,394,O=C([O-])c1ccc(-c2ccccc2)cc1,O=C([O-])c1cccc(-c2cccnc2)c1INVALID,0.0,0.0,NO,NO,,NO,NO,NO,NO,NO
Vanilla-RAG,999,395,CCCOc1c(C(=O)[O-])ccc2c(OCCC)c(C(=O)[O-])ccc12,CCCOc1c(C(=O)[O-])ccc2c(OCCC)c(C(=O)[O-])ccc12INVALID,0.0,0.0,NO,NO,,NO,NO,NO,NO,NO
Vanilla-RAG,999,396,CN1c2cncc(n2)N(C)c2cncc(n2)N(C)c2cncc(n2)N(C)c2cncc1n2,C1=CC2C=CC1CSCc1cccc(c1)CS2,0.189,0.0,YES,YES,3.6187,NO,NO,NO,NO,NO
Vanilla-RAG,999,397,CC(C(=O)[O-])C(=O)[O-],CC(C(=O)[O-])C(=O)[O-]INVALID,0.0,0.0,NO,NO,,NO,NO,NO,NO,NO
Vanilla-RAG,999,398,O=C([O-])C(F)=C(F)C(=O)[O-],O=C([O-])C(F)=C(F)C(=O)[O-]INVALID,0.0,0.0,NO,NO,,NO,NO,NO,NO,NO
Vanilla-RAG,999,399,O=C([O-])c1ccc(Oc2ccc(C(=O)[O-])c(C(=O)[O-])c2)cc1C(=O)[O-],O=C([O-])c1ccc(Oc2ccc(C(=O)[O-])c(C(=O)[O-])c2)cc1C(=O)[O-]INVALID,0.0,0.0,NO,NO,,NO,NO,NO,NO,NO
Self-RAG,42,0,O=C([O-])c1cc[n+]([O-])cc1,O=C([O-])c1cc[n+]([O-])cc1,1.0,1.0,YES,YES,0.4612,YES,YES,YES,YES,YES
Self-RAG,42,1,O=C([O-])c1cc(C(=O)[O-])cc(S(O)(O)O)c1,O=C([O-])c1cc(C(=O)[O-])cc(S(O)(O)O)c1,1.0,1.0,YES,YES,1.3412,YES,YES,YES,YES,YES
Self-RAG,42,2,O=C([O-])C1C(C(=O)[O-])C(C(=O)[O-])C(C(=O)[O-])C(C(=O)[O-])C1C(=O)[O-],O=C([O-])C1C(C(=O)[O-])C(C(=O)[O-])C(C(=O)[O-])C(C(=O)[O-])C1C(=O)[O-],1.0,1.0,YES,YES,1.7866,YES,YES,YES,YES,YES
Self-RAG,42,3,O=C(O)CC(O)(CC(=O)O)C(=O)[O-],O=C(O)CC(O)(CC(=O)O)C(=O)[O-],1.0,1.0,YES,YES,1.9775,YES,YES,YES,YES,YES
Self-RAG,42,4,O=C([O-])c1cc(S(=O)(=O)c2ccc(C(=O)[O-])c(C(=O)O)c2)ccc1C(=O)O,O=C([O-])c1cc(C(=O)[O-])cc(S(O)(O)O)c1,0.7,0.365,YES,YES,1.0673,YES,YES,YES,NO,NO
Self-RAG,42,5,c1nc[nH]n1,c1cn[nH]n1,0.9,0.0,YES,YES,2.321,YES,YES,YES,YES,YES
Self-RAG,42,6,C1CCSC1,c1nnc[nH]1,0.16,0.0,YES,NO,0.9355,NO,NO,NO,NO,NO
Self-RAG,42,7,O=C([O-])c1cc([N+](=O)[O-])c2c([N+](=O)[O-])c(C(=O)[O-])cc([N+](=O)[O-])c2c1[N+](=O)[O-],O=C([O-])c1c([N+](=O)[O-])c([N+](=O)[O-])c(C(=O)[O-])c2cc([N+](=O)[O-])c([N+](=O)[O-])cc12,0.949,0.669,YES,YES,0.9864,YES,YES,YES,YES,YES
Self-RAG,42,8,O=C1C(=O)C(Cl)C(=O)C(=O)C1Cl,O=C1C(=O)C(Cl)C(=O)C(=O)C1Cl,1.0,1.0,YES,YES,1.5704,YES,YES,YES,YES,YES
Self-RAG,42,9,O=C([O-])c1cc(N2[CH]N=CN2)cc(N2[CH]N=CN2)c1,Cc1c(CN2[CH]N=CN2)c(C)c(Cn2cncn2)c(C)c1CN1[CH]N=CN1,0.529,0.249,YES,YES,1.9282,YES,NO,NO,NO,NO
Self-RAG,42,10,C1CNCCN1,c1cnccn1,0.333,1.0,YES,YES,0.7753,YES,YES,YES,YES,YES
Self-RAG,42,11,O=C([O-])c1c(F)c(F)c(C(=O)[O-])c2cc(F)c(F)cc12,O=C([O-])c1c(F)c(F)c(C(=O)[O-])c2ccccc12,1.0,0.902,YES,NO,0.7232,YES,YES,YES,YES,YES
Self-RAG,42,12,O=C1C([N+](=O)[O-])=CC([N+](=O)[O-])C(O)=C1[N+](=O)[O-],O=C1C([N+](=O)[O-])=C[N+]([O-])C=C1[N+](=O)[O-],0.8,0.212,YES,YES,1.1947,YES,YES,YES,NO,NO
Self-RAG,42,13,O=C([O-])c1ccc(C(=O)[O-])c2ccccc12,O=C([O-])c1ccc(C(=O)[O-])cc1,0.75,0.732,YES,YES,0.5782,YES,YES,YES,NO,NO
Self-RAG,42,14,c1nnnn1CCn1cnnn1,c1nnc[nH]1,0.5,0.0,YES,NO,1.5602,YES,NO,NO,NO,NO
Self-RAG,42,15,O=C([O-])c1cc([N+](=O)[O-])c(C(=O)[O-])cc1[N+](=O)[O-],O=C([O-])c1cc([N+](=O)[O-])c(C(=O)[O-])cc1[N+](=O)[O-],1.0,1.0,YES,YES,0.7121,YES,YES,YES,YES,YES
Self-RAG,42,16,O=C([O-])c1ccccc1C(=O)[O-],O=C([O-])c1ccccc1C(=O)[O-],1.0,1.0,YES,YES,0.7932,YES,YES,YES,YES,YES
Self-RAG,42,17,CCCn1cnc2c1NC=NC2Cl,CCN1C(=O)[CH]C(=O)N(CC)C1=S,0.323,0.196,YES,NO,2.9795,NO,NO,NO,NO,NO
Self-RAG,42,18,O=C([O-])CCN1[CH]C=C(C2=C[CH]N(CCC(=O)[O-])C=C2)C=C1,O=C([O-])CN1[CH]C=C(C2=C[CH]N(CC(=O)[O-])C=C2)C=C1,0.868,0.732,YES,YES,1.2871,YES,YES,YES,YES,NO
Self-RAG,42,19,O=C([O-])c1cc(C(=O)[O-])cc(-c2cc(C(=O)[O-])cc(C(=O)[O-])c2)c1,O=C([O-])c1cc(C(=O)[O-])cc(-c2cc(C(=O)[O-])cc(C(=O)[O-])c2)c1,1.0,1.0,YES,YES,1.7485,YES,YES,YES,YES,YES
Self-RAG,42,20,O=C([O-])C=Cc1ccncc1,O=C([O-])[CH][CH]c1ccccn1,0.875,0.545,YES,NO,2.4785,YES,YES,YES,YES,NO
Self-RAG,42,21,O=C([O-])c1ccc(C#Cc2ccc(C(=O)[O-])cc2)cc1,O=C([O-])c1ccc(-c2ccc(C(=O)[O-])cc2)cc1,0.875,0.441,YES,YES,4.3568,YES,YES,YES,YES,NO
Self-RAG,42,22,C(c1nnn[nH]1)c1nnn[nH]1,O=C(O)CC(O)C(=O)O.O=C([O-])COC(O)C(O)C(O)C(=O)O,0.047,0.027,YES,YES,0.4728,NO,NO,NO,NO,NO
Self-RAG,42,23,O=C([O-])c1cc(O)c(C(=O)[O-])cc1O,O=C([O-])c1ccc(C(=O)[O-])cc1,0.571,0.857,YES,NO,0.5542,YES,YES,YES,YES,NO
Self-RAG,42,24,CCc1c(C#N)c(CC)c(CC)c(C#N)c1CC,CCCc1c(C#N)c(CCC)c(CCC)c(C#N)c1CC,0.842,0.857,YES,YES,2.5872,YES,YES,YES,YES,NO
Self-RAG,42,25,O=C([O-])c1cncc(O)c1,O=C([O-])c1cccnc1,0.682,0.9,YES,NO,0.6305,YES,YES,YES,YES,YES
Self-RAG,42,26,O=C([O-])c1cccc(C(=O)[O-])n1,O=C([O-])c1cccnc1C(=O)[O-],0.864,0.75,YES,YES,0.9452,YES,YES,YES,YES,NO
Self-RAG,42,27,O=C([O-])c1cncc(-c2ccccc2C(=O)[O-])c1,O=C([O-])c1cccnc1C(=O)[O-],0.8,0.489,YES,NO,1.1482,YES,YES,YES,NO,NO
Self-RAG,42,28,Cc1cc(C#Cc2cc(C)c(C(=O)[O-])c(C)c2)cc(C)c1C(=O)[O-],Nc1cc(C=Cc2cc(N)c(C(=O)[O-])c(N)c2)cc(N)c1C(=O)[O-],0.485,0.41,YES,NO,6.8334,NO,NO,NO,NO,NO
Self-RAG,42,29,c1cn(Cc2cc(Cn3ccnc3)c(Cn3ccnc3)cc2Cn2ccnc2)cn1,c1cc(Cn2ccnc2)cc(Cn2ccnc2)c1,0.889,0.595,YES,NO,1.5638,YES,YES,YES,YES,NO
Self-RAG,42,30,Nc1cc(C(=O)[O-])ccc1-c1ccc(C(=O)[O-])cc1N,O=C([O-])c1ccccc1O,0.375,0.441,YES,NO,6.1628,NO,NO,NO,NO,NO
Self-RAG,42,31,O=C([O-])c1ccc(-c2ccc(C(=O)[O-])cc2O)c(O)c1,O=C([O-])c1ccc(C(=O)[O-])cc1,0.522,0.441,YES,YES,4.1592,YES,NO,NO,NO,NO
Self-RAG,42,32,O=C([O-])c1nccnc1C(=O)[O-],O=C([O-])c1cnccn1,0.8,0.75,YES,YES,0.8899,YES,YES,YES,NO,NO
Self-RAG,42,33,COc1cc(C(=O)[O-])ccc1C#Cc1cc(OC)c(C(=O)[O-])cc1-c1ccccc1,CCC=C1C=c2c(C(=O)[O-])cccc2=CC=C1C(=O)[O-],0.417,0.292,YES,YES,1.865,NO,NO,NO,NO,NO
Self-RAG,42,34,O=C([O-])c1c(F)c(F)c(C(=O)[O-])c2c(F)c(F)c(F)c(F)c12,O=C([O-])c1c(F)c(F)c(C(=O)[O-])c2ccccc12,1.0,0.821,YES,NO,0.7132,YES,YES,YES,YES,YES
Self-RAG,42,35,O=C([O-])c1cnc(C(=O)[O-])cn1,O=C([O-])c1ccc(C(=O)[O-])nc1,0.87,0.3,YES,NO,1.2565,YES,YES,YES,YES,NO
Self-RAG,42,36,O=C([O-])c1ccc(Oc2cc(Oc3ccc(C(=O)[O-])cc3)cc(C(=O)[O-])c2)cc1,O=C([O-])c1ccc(Oc2cc(Oc3ccc(C(=O)[O-])cc3)cc(C(=O)[O-])c2)cc1INVALID,0.0,0.0,NO,NO,,NO,NO,NO,NO,NO
Self-RAG,42,37,O=C([O-])c1ccc(-c2cc(C(=O)[O-])cc(C(=O)[O-])c2)cc1,O=C([O-])c1ccc(C(=O)[O-])cc1,0.8,0.421,YES,YES,0.772,YES,YES,YES,NO,NO
Self-RAG,42,38,O=C([O-])c1cc(F)c(C(=O)[O-])cc1F,O=C([O-])c1c(F)c(F)c(C(=O)[O-])c2cc(F)c(F)cc12,0.818,0.638,YES,YES,1.3377,YES,YES,YES,NO,NO
Self-RAG,42,39,[CH](NN[CH]c1ccncc1)c1ccncc1,c1cc(NNc2ccncc2)ccn1,0.833,0.366,YES,NO,1.3927,YES,YES,YES,NO,NO
Self-RAG,42,40,O=C([O-])c1ccccc1C(=O)O,O=C([O-])c1ccc(C(=O)[O-])cc1,0.8,0.75,YES,YES,3.0765,YES,YES,YES,NO,NO
Self-RAG,42,41,CC(CCC(=O)[O-])C(=O)[O-],CC(CC(=O)[O-])C(=O)[O-],0.812,0.687,YES,YES,2.1227,YES,YES,YES,NO,NO
Self-RAG,42,42,O=C([O-])c1cc(S(O)(O)O)c(C(=O)[O-])c2c1CC2,O=C([O-])c1sc2c(S(O)(O)O)c(C(=O)[O-])sc2c1S(O)(O)O,0.787,0.206,YES,YES,3.7648,YES,YES,YES,NO,NO
Self-RAG,42,43,CNC1(F)CC2(C#CC(=O)[O-])CCC1(C#CC(=O)[O-])CC2,COC1CC2(C#CC(=O)[O-])CCC1(C#CC(=O)[O-])C(Cl)C2Cl,0.636,0.821,YES,YES,0.6979,YES,YES,YES,NO,NO
Self-RAG,42,44,Cc1nccn1Cc1ccncc1,c1cn(Cc2ccc(-n3ccnc3)cc2)cn1,0.719,0.394,YES,YES,1.586,YES,YES,YES,NO,NO
Self-RAG,42,45,c1cn(Cc2ccc(Cn3ccnc3)cc2)cn1,c1ncn(Cc2ccc(Cn3cncn3)cc2)n1,0.733,0.533,YES,NO,1.1598,YES,YES,YES,NO,NO
Self-RAG,42,46,c1cncnc1,c1cnccn1,0.769,0.0,YES,YES,0.8877,YES,YES,YES,NO,NO
Self-RAG,42,47,CCC12C3C4(C(=O)[O-])C5(CC)C(C1(C(=O)[O-])C35[N+](=O)[O-])C24[N+](=O)[O-],N#CC12C3C4([N+](=O)[O-])C5(C#N)C(C14[N+](=O)[O-])C2([N+](=O)[O-])C35[N+](=O)[O-],0.767,0.0,YES,YES,1.5276,YES,YES,YES,NO,NO
Self-RAG,42,48,O=C([O-])CN(CC(=O)[O-])CC(=O)[O-],NCC(=O)NCC(=O)[O-],0.444,0.523,YES,NO,1.4751,YES,NO,NO,NO,NO
Self-RAG,42,49,c1cn(-c2ccc(NNc3ccc(-n4ccnc4)cc3)cc2)cn1,c1cc(-c2ccc(-c3ccnnc3)cc2)cnn1,0.455,0.239,YES,YES,1.8752,NO,NO,NO,NO,NO
Self-RAG,42,50,Nc1cc(C#Cc2cc(N)c(C(=O)[O-])c(N)c2)cc(N)c1C(=O)[O-],O=C([O-])c1ccc(C#Cc2ccc(C(=O)[O-])c(Cl)c2)cc1Cl,0.515,0.836,YES,NO,7.0693,YES,YES,YES,NO,NO
Self-RAG,42,51,CCc1cc2c(cc(CC)c3ccc(C(=O)[O-])c(F)c32)c2cc(C(=O)[O-])ccc12,CCc1cc2cc(C(=O)[O-])cc3c(CC)cc4cc(C(=O)[O-])cc1c4c23,0.769,0.0,YES,YES,0.6325,YES,YES,YES,NO,NO
Self-RAG,42,52,O=C(O)c1cccc(Oc2cccc(C(=O)O)c2C(=O)[O-])c1.O=C(O)c1cccc(Oc2cccc(C(=O)O)c2C(=O)[O-])c1,O=C(O)c1cccc(Oc2cccc(C(=O)[O-])c2C(=O)[O-])c1,0.479,0.5,YES,YES,1.8796,YES,NO,NO,NO,NO
Self-RAG,42,53,O=C([O-])CN(CCN(CC(=O)[O-])CC(=O)[O-])CCN(CC(=O)O)CC(=O)O,O=C([O-])CN1CCN(CC(=O)[O-])CC1,0.718,0.135,YES,NO,0.7636,YES,YES,YES,NO,NO
Self-RAG,42,54,c1ccc(SSc2ccccn2)nc1,c1cnc(SCSc2ncccn2)nc1INVALID,0.0,0.0,NO,NO,,NO,NO,NO,NO,NO
Self-RAG,42,55,Nc1ccc(C=Cc2ccc(N)cc2S(O)(O)O)c(S(O)(O)O)c1,OS(O)(O)c1cccc2c(S(O)(O)O)cccc12INVALID,0.0,0.0,NO,NO,,NO,NO,NO,NO,NO
Self-RAG,42,56,O=C([O-])c1cc(C(=O)[O-])c(C(=O)O)cc1C(=O)O,O=C([O-])c1ccc(C(=O)[O-])cc1,0.75,0.667,YES,YES,0.5442,YES,YES,YES,NO,NO
Self-RAG,42,57,O=C(Nc1cccnc1)c1ccc(C(=O)Nc2cccnc2)s1,O=C(Nc1ccncc1)c1ccc(C(=O)Nc2ccncc2)cc1,0.781,0.242,YES,NO,1.6297,YES,YES,YES,NO,NO
Self-RAG,42,58,NC1=N[CH]NN1,Cn1nn[nH]c1=S,0.413,0.0,YES,YES,3.2333,NO,NO,NO,NO,NO
Self-RAG,42,59,O=C([O-])c1cc(C(=O)O)c(C(=O)[O-])cc1C(=O)O,O=C([O-])c1cc(C(=O)O)c(C(=O)[O-])cc1C(=O)O,1.0,1.0,YES,YES,1.5451,YES,YES,YES,YES,YES
Self-RAG,42,60,O=[N+]([O-])c1cncc([N+](=O)[O-])c1C#Cc1c([N+](=O)[O-])cncc1[N+](=O)[O-],N#Cc1cc([N+](=O)[O-])c(C#N)cc1[N+](=O)[O-],0.732,0.137,YES,YES,1.8271,YES,YES,YES,NO,NO
Self-RAG,42,61,O=C([O-])C(O)=C(O)C(=O)[O-],NC(C(=O)[O-])=C(N)C(=O)[O-],0.481,0.791,YES,NO,1.6845,YES,YES,YES,NO,NO
Self-RAG,42,62,C(#C[Si](C#Cc1cn[nH]c1)(C#CC1C=NN=C1)C#CC1C=NN=C1)C1=CN=N[CH]1,C(#CC#CC1C=NN=C1)C#Cc1cn[nH]c1,0.69,0.232,YES,YES,5.2962,YES,YES,NO,NO,NO
Self-RAG,42,63,O=C([O-])CN1[CH]C=C(c2nnn[nH]2)C=C1,O=C([O-])c1cccc(-c2nnn[nH]2)c1,0.652,0.39,YES,YES,2.0802,YES,YES,NO,NO,NO
Self-RAG,42,64,Nc1ccccc1S,O=C([O-])c1ccccc1S,0.375,0.7,YES,NO,0.8956,YES,YES,YES,NO,NO
Self-RAG,42,65,O=C([O-])c1nc(-c2ccc3ccccc3c2)[nH]c1C(=O)[O-],O=C([O-])c1cc(N2[CH]N=CN2)cc(N2[CH]N=CN2)c1,0.429,0.276,YES,YES,1.3488,NO,NO,NO,NO,NO
Self-RAG,42,66,O=C(O)c1ccc(-c2ccc(-c3ccc(C(=O)O)cc3C(=O)[O-])cc2)c(C(=O)[O-])c1,O=C([O-])c1ccc(C(=O)[O-])cc1,0.632,0.292,YES,YES,1.6563,YES,YES,NO,NO,NO
Self-RAG,42,67,c1ccc(-c2cc(-c3ccncc3)nc(-c3ccncc3)c2)nc1,C=CC=CC=C1C=CC=C(c2ccncc2)C=NC=C2NC=C(N=C1)C(=CC)c1cnccc12,0.467,0.199,YES,YES,3.7653,NO,NO,NO,NO,NO
Self-RAG,42,68,CSc1nccs1,CSc1nnn[nH]1,0.6,0.371,YES,YES,1.6496,YES,YES,NO,NO,NO
Self-RAG,42,69,O=C([O-])C1CCC(C(=O)[O-])CC1,O=C([O-])C1CCC(C(=O)[O-])CC1,1.0,1.0,YES,YES,1.222,YES,YES,YES,YES,YES
Self-RAG,42,70,c1c[nH]cn1,c1nnn[nH]1,0.65,0.0,YES,YES,3.0895,YES,YES,NO,NO,NO
Self-RAG,42,71,c1ccc(-c2nnc(-c3ccncc3)[nH]2)nc1,C1=NN=CC1c1ccc(-c2cn[nH]c2)cc1,0.643,0.092,YES,YES,2.3123,YES,YES,NO,NO,NO
Self-RAG,42,72,O=C([O-])c1cccc(-c2c3nc(c(-c4cccc(C(=O)[O-])c4)c4ccc([nH]4)c(-c4cccc(C(=O)[O-])c4)c4nc(c(-c5cccc(C(=O)[O-])c5)c5ccc2[nH]5)C=C4)C=C3)c1,O=C([O-])c1cccc(-c2c3nc(c(-c4cccc(C(=O)[O-])c4)c4ccc([nH]4)c(-c4cccc(C(=O)O)c4)c4nc(c(-c5cccc(C(=O)[O-])c5)c5ccc2[nH]5)C=C4)C=C3)c1,0.968,1.0,YES,YES,1.5287,YES,YES,YES,YES,YES
Self-RAG,42,73,O=C([O-])c1cc2c(cc1C(=O)[O-])C(=O)c1ccccc1C2=O,O=CC=CC=CC(=O)c1ccc(C(=O)[O-])c(C(=O)[O-])c1,0.682,0.527,YES,YES,1.2123,YES,YES,NO,NO,NO
Self-RAG,42,74,Cc1cc2ccc3nc(C)ccc3c2cn1,Cc1cc(-c2ccnc(C)c2)ccn1,0.833,0.418,YES,YES,1.5733,YES,YES,YES,NO,NO
Self-RAG,42,75,Nc1nc2ccccc2[nH]1,c1ccc2c(c1)ncn2Cn1cnc2ccccc21,0.5,0.466,YES,NO,4.0295,YES,NO,NO,NO,NO
Self-RAG,42,76,O=C([O-])CCC(=O)[O-],O=C([O-])CC(=O)[O-],0.786,0.604,YES,YES,0.4617,YES,YES,YES,NO,NO
Self-RAG,42,77,CNC12C3C4C5C3(C#CC(=O)[O-])C1C5(NC)C42C#CC(=O)[O-],CCCC12C3C4C5C(C1C53C#CC(=O)[O-])C42C#CC(=O)[O-],0.556,0.829,YES,YES,1.2967,YES,YES,YES,NO,NO
Self-RAG,42,78,O=C([O-])c1ccc(-c2ccccc2)cc1,O=C([O-])c1cccc(-c2cccnc2)c1INVALID,0.0,0.0,NO,NO,,NO,NO,NO,NO,NO
Self-RAG,42,79,CCCOc1c(C(=O)[O-])ccc2c(OCCC)c(C(=O)[O-])ccc12,CCCOc1cc(NNc2ccc(C(=O)[O-])cc2I)c(OCCC)c(I)c1C(=O)[O-],0.6,0.428,YES,YES,1.2513,YES,YES,NO,NO,NO
Self-RAG,42,80,CN1c2cncc(n2)N(C)c2cncc(n2)N(C)c2cncc(n2)N(C)c2cncc1n2,C1=CC2C=CC1CSCc1cccc(c1)CS2,0.189,0.0,YES,YES,3.6061,NO,NO,NO,NO,NO
Self-RAG,42,81,CC(C(=O)[O-])C(=O)[O-],O=C([O-])CC(O)C(=O)[O-],0.588,0.65,YES,NO,2.9629,YES,YES,NO,NO,NO
Self-RAG,42,82,O=C([O-])C(F)=C(F)C(=O)[O-],O=C([O-])C(O)=C(O)C(=O)[O-],0.55,0.791,YES,YES,1.5206,YES,YES,YES,NO,NO
Self-RAG,42,83,O=C([O-])c1ccc(Oc2ccc(C(=O)[O-])c(C(=O)[O-])c2)cc1C(=O)[O-],O=C([O-])c1ccc(Oc2ccc(C(=O)[O-])c(C(=O)[O-])c2)cc1C(=O)[O-],1.0,1.0,YES,YES,1.9915,YES,YES,YES,YES,YES
Self-RAG,42,84,Cc1cc(OCC(=O)[O-])cc(C(=O)[O-])c1,O=C([O-])CNC=C1C=C(C(=O)[O-])C(=O)N1,0.306,0.24,YES,YES,4.2596,NO,NO,NO,NO,NO
Self-RAG,42,85,O=C([O-])c1sc2c(C(=O)O)c(C(=O)[O-])sc2c1C(=O)O,O=C([O-])C=C1C=C(F)C(C(=O)[O-])=C(F)C(F)=CC(C(=O)[O-])=C1F,0.375,0.157,YES,YES,4.793,NO,NO,NO,NO,NO
Self-RAG,42,86,Cc1nc(C)c(C(=O)[O-])c(C=Cc2ccccc2)c1C(=O)[O-],O=C([O-])c1ccccc1-c1ccccc1C(=O)[O-],0.593,0.313,YES,YES,1.7222,YES,NO,NO,NO,NO
Self-RAG,42,87,Cc1c(C)c(C(=O)[O-])c(C)c(C)c1C(=O)[O-],Cc1cc(C(=O)[O-])c(C)cc1C(=O)[O-],0.941,0.875,YES,NO,0.8439,YES,YES,YES,YES,YES
Self-RAG,42,88,O=C([O-])CO,O=C([O-])CO,1.0,1.0,YES,YES,0.4439,YES,YES,YES,YES,YES
Self-RAG,42,89,O=C([O-])c1ccc(-c2ccc(C(=O)[O-])c(C(=O)O)c2)cc1C(=O)O,O=C([O-])c1cc(C(=O)O)c(C#Cc2c(C(=O)O)cc(C(=O)[O-])cc2C(=O)O)c(C(=O)O)c1,0.9,0.309,YES,NO,2.423,YES,YES,YES,YES,YES
Self-RAG,42,90,Cc1cc(-n2ccnc2)c(C)cc1-n1ccnc1,c1cc(-c2ccc(-c3ccnnc3)cc2)cnn1INVALID,0.0,0.0,NO,NO,,NO,NO,NO,NO,NO
Self-RAG,42,91,O=P(O)(O)CCSc1ccncc1,O=P(O)(O)CCCCP(=O)(O)O,0.59,0.431,YES,YES,1.3822,YES,NO,NO,NO,NO
Self-RAG,42,92,O=C([O-])C1=NC(c2cncc(Br)c2)=NC1C(=O)O,O=C([O-])c1cccc(-c2nnn[nH]2)c1,0.5,0.196,YES,YES,1.3013,YES,NO,NO,NO,NO
Self-RAG,42,93,[CH]1N=NC=C1c1ccc([Si](c2ccc(-c3cn[nH]c3)cc2)(c2ccc(C3C=NN=C3)cc2)c2ccc(C3C=NN=C3)cc2)cc1,C(C#C[Si](C#CC#Cc1cn[nH]c1)(C#CC#Cc1cn[nH]c1)C#CC#CC1C=NN=C1)#CC1=CN=N[CH]1,0.853,0.105,YES,YES,5.0926,YES,YES,YES,YES,NO
Self-RAG,42,94,CCOC1(Br)c2c(C(=O)[O-])c(Br)cc(C(=O)[O-])c2C1Br,O=C([O-])C=C(F)C(F)=C(C=CC(F)=C(CF)c1c(F)c(F)c(C(=O)[O-])c(F)c1F)CF,0.528,0.323,YES,YES,1.9046,YES,NO,NO,NO,NO
Self-RAG,42,95,CCCOC1CC2(C#CC(=O)[O-])CCC1(C#CC(=O)[O-])CC2,CCC1c2c(C(=O)[O-])cc(OC)c(C(=O)[O-])c2C1CCINVALID,0.0,0.0,NO,NO,,NO,NO,NO,NO,NO
Self-RAG,42,96,N#CC(C(=O)[O-])=C(C=CC(=O)[O-])c1ccccc1,CCCc1cc(C(=O)[O-])ccc1NNc1ccc(C(=O)[O-])cc1,0.31,0.342,YES,YES,1.5504,NO,NO,NO,NO,NO
Self-RAG,42,97,O=C([O-])C=CC=CC(=O)[O-],O=C([O-])CCC(=O)[O-],0.643,0.373,YES,YES,1.3195,YES,YES,NO,NO,NO
Self-RAG,42,98,CCOP(=O)(Cc1c(C)c(C)c(CP(=O)(OCC)OCC)c(C)c1C)OCC,CC(=O)C(=NNc1ccccc1S(O)(O)O)C(C)=O,0.292,0.214,YES,NO,1.5781,NO,NO,NO,NO,NO
Self-RAG,42,99,[CH]1N=CNN1CCCCCCn1cncn1,c1cn(CCOCCn2ccnc2)cn1,0.532,0.16,YES,NO,2.3793,YES,NO,NO,NO,NO
Self-RAG,42,100,O=P(O)(O)O,O=P(O)(O)CCP(=O)(O)O,0.64,0.373,YES,YES,1.0841,YES,YES,NO,NO,NO
Self-RAG,42,101,O=C([O-])c1cc(C(=O)O)c(C(=O)[O-])c2c1CC2,O=C([O-])c1cc(C(=O)[O-])cc(S(O)(O)O)c1,0.317,0.69,YES,YES,2.2525,YES,YES,NO,NO,NO
Self-RAG,42,102,O=C([O-])c1cc(Cn2nnc3ccccc32)cc(C(=O)[O-])c1,O=C([O-])c1ccccc1-c1ccccc1C(=O)[O-],0.318,0.395,YES,YES,1.5944,NO,NO,NO,NO,NO
Self-RAG,42,103,O=C([O-])c1c(F)cc(C=Cc2cc(F)c(C(=O)[O-])c(F)c2)cc1F,O=C([O-])c1c(F)cc(C#Cc2cc(F)c(C(=O)[O-])c(F)c2)cc1F,0.909,0.492,YES,NO,6.5092,YES,YES,YES,YES,YES
Self-RAG,42,104,Nc1c(N)c(C(=O)[O-])c(N)c(N)c1C#Cc1c(N)c(N)c(C(=O)[O-])c(N)c1N,O=C([O-])c1c(O)c(O)c(C#Cc2c(O)c(O)c(C(=O)[O-])c(O)c2O)c(O)c1O,0.526,0.718,YES,NO,6.988,YES,YES,YES,NO,NO
Self-RAG,42,105,NCC(=O)[O-],O=CC(=O)[O-],0.316,0.78,YES,YES,0.3371,YES,YES,YES,NO,NO
Self-RAG,42,106,O=C([O-])c1nc[nH]c1C(=O)[O-],O=C([O-])c1cccc(-c2nnn[nH]2)c1,0.526,0.251,YES,YES,1.4985,YES,NO,NO,NO,NO
Self-RAG,42,107,O=C([O-])c1ccc(C#Cc2ccc(C(=O)[O-])cc2Cl)c(Cl)c1,O=C([O-])c1ccc(C#Cc2ccc(C(=O)[O-])cc2Cl)c(Cl)c1,1.0,1.0,YES,YES,3.9256,YES,YES,YES,YES,YES
Self-RAG,42,108,O=C([O-])c1cncc(OCOc2cncc(C(=O)[O-])c2)c1,O=C([O-])c1cncc(Cl)c1,0.417,0.421,YES,NO,0.6432,NO,NO,NO,NO,NO
Self-RAG,42,109,O=C([O-])c1ccc(-n2ccc(=O)cc2)cc1C(=O)[O-],O=C([O-])c1ccc(C(=O)[O-])cc1,0.343,0.464,YES,YES,1.7444,NO,NO,NO,NO,NO
Self-RAG,42,110,CCc1cc(-c2ccc(C(=O)[O-])cc2)ccc1C(=O)[O-],Cc1cc(C(=O)[O-])cc2c(C)cc(C(=O)[O-])cc12,0.652,0.441,YES,NO,1.3457,YES,YES,NO,NO,NO
Self-RAG,42,111,CCCC1=NN=CC1C#Cc1ccc(C#CC2=C(CCC)N=N[CH]2)cc1OC,CCCOC12C=CC3(C)C(C#Cc4cn[nH]c4)C1(OCCC)C3(F)C2INVALID,0.0,0.0,NO,NO,,NO,NO,NO,NO,NO
Self-RAG,42,112,CCC(C)COc1cc(C=Cc2ccncc2)c(OCC(C)CC)cc1C=Cc1ccncc1,CCCOC=C1C=C(c2ccncc2)C=C1Cc1ccncc1,0.575,0.201,YES,YES,0.6143,YES,NO,NO,NO,NO
Self-RAG,42,113,Cn1cnc(C(=O)[O-])c1C(=O)[O-],O=C([O-])c1c([N+](=O)[O-])c([N+](=O)[O-])c(C(=O)[O-])c2cc([N+](=O)[O-])c([N+](=O)[O-])cc12,0.42,0.127,YES,YES,3.5991,NO,NO,NO,NO,NO
Self-RAG,42,114,O=S1(=O)CCCC1,C1COCCO1,0.289,0.0,YES,YES,4.1495,NO,NO,NO,NO,NO
Self-RAG,42,115,Cc1nccn1CCCCn1ccnc1C,c1cn(CCCCn2ccnc2)cn1,0.765,0.878,YES,YES,1.3869,YES,YES,YES,YES,NO
Self-RAG,42,116,O=C([O-])c1ccnc(-c2cc(C(=O)[O-])ccn2)c1,O=C([O-])c1cccc(Cl)c1,0.321,0.196,YES,NO,1.0872,NO,NO,NO,NO,NO
Self-RAG,42,117,O=C([O-])c1cccc(-c2nccs2)c1,O=C([O-])c1cc(Cl)c(Cl)cc1C(=O)[O-],0.281,0.626,YES,NO,1.7133,YES,YES,NO,NO,NO
Self-RAG,42,118,NC(=S)c1cccc(C(N)=S)c1,O=C(O)c1ccc(Br)cc1O,0.121,0.583,YES,YES,2.2004,YES,NO,NO,NO,NO
Self-RAG,42,119,O=C([O-])c1ccc(N=Cc2ccccc2O)cc1,O=C([O-])c1cccc(-c2cccnc2)c1,0.375,0.489,YES,YES,1.4575,NO,NO,NO,NO,NO
Self-RAG,42,120,Nc1c(N)c(C(=O)[O-])c2ccccc2c1C(=O)[O-],O=C([O-])c1c(O)c(O)c(C(=O)[O-])c2ccccc12INVALID,0.0,0.0,NO,NO,,NO,NO,NO,NO,NO
Self-RAG,42,121,Cc1cc2ncn(CCCCn3cnc4cc(C)c(C)cc43)c2cc1C,O=C([O-])c1cc(-c2ccncc2)cc(-c2ccncc2)c1,0.25,0.258,YES,YES,1.8686,NO,NO,NO,NO,NO
Self-RAG,42,122,O=C([O-])c1c(O)c(O)c(C(=O)[O-])c2c(O)c(O)c(O)c(O)c12,O=C([O-])C=CC(C(=O)O)=C(C=C(C=C(C(=O)O)C(=CC(=O)O)C(=O)O)C(=O)O)C(=O)[O-]INVALID,0.0,0.0,NO,NO,,NO,NO,NO,NO,NO
Self-RAG,42,123,O=C([O-])C12C3C4C1C1(S(O)(O)O)C2C3C41C(=O)[O-],CCC1C2C3C(CC)C4(c5ccccc5)C3(C#CC(=O)[O-])C2C14C(=O)[O-],0.4,0.441,YES,YES,1.6166,NO,NO,NO,NO,NO
Self-RAG,42,124,Cc1cnc(C)cn1,c1cc(NNc2ccncc2)ccn1,0.407,0.0,YES,NO,0.6685,NO,NO,NO,NO,NO
Self-RAG,42,125,ON=C(c1ccncc1)c1ccccn1,CCOCC1C2=COC(C=CC=COC)(C=NCCCN=CC=CC=CC1S)C2,0.136,0.055,YES,YES,0.837,NO,NO,NO,NO,NO
Self-RAG,42,126,CC(=O)N(C)C,CCOC(=O)CCC(=O)OCC,0.114,0.223,YES,NO,3.0879,NO,NO,NO,NO,NO
Self-RAG,42,127,c1cc(-c2ccncc2)ccn1,c1cc(-c2ccncc2)ccn1INVALID,0.0,0.0,NO,NO,,NO,NO,NO,NO,NO
Self-RAG,42,128,[CH](C=CC=C1C=NN=C1)c1cn[nH]c1,CC(NNC(C)c1ccncc1)c1ccncc1,0.406,0.142,YES,NO,4.918,NO,NO,NO,NO,NO
Self-RAG,42,129,CC(=O)[CH]C(=O)c1ccc(-n2ccnc2)cc1,CC(=O)[CH]C(=O)c1ccc(-n2ccnc2)cc1,1.0,1.0,YES,YES,2.4774,YES,YES,YES,YES,YES
Self-RAG,42,130,O=C(Nc1cccnc1)c1cccnc1,O=C(Nc1cccnc1)c1cccnc1,1.0,1.0,YES,YES,1.3416,YES,YES,YES,YES,YES
Self-RAG,42,131,c1cc(CCCc2ccncc2)ccn1,c1cc(CCCc2ccncc2)ccn1INVALID,0.0,0.0,NO,NO,,NO,NO,NO,NO,NO
Self-RAG,42,132,Cc1cc2ncn(Cc3ccc(Cn4cnc5cc(C)c(C)cc54)cc3)c2cc1C,c1cc(-c2ccncc2)ccn1,0.324,0.0,YES,YES,1.9018,NO,NO,NO,NO,NO
Self-RAG,42,133,Cc1ccc(SCN(CSc2ccc(C)cc2C)CSc2ccc(C)cc2C)c(C)c1,c1ccc2c(c1)nnn2OCCOn1cnnn1,0.154,0.189,YES,YES,1.2586,NO,NO,NO,NO,NO
Self-RAG,42,134,CC1c2nccc(-c3ccnc4c3C4C)c21,O=C([O-])c1cccc(C(=O)O)c1,0.1,0.096,YES,NO,0.7227,NO,NO,NO,NO,NO
Self-RAG,42,135,O=C([O-])c1ccc(OCC(COc2ccc(C(=O)[O-])cc2)(COc2ccc(C(=O)[O-])cc2)COc2ccc(C(=O)O)cc2)cc1,C=CC(=CC=COCc1cc(C(=O)O)ccc1OC(=C=COCCOC=CC=CC(=O)[O-])Oc1ccc(C(=O)O)cc1)C(=O)[O-],0.641,0.238,YES,YES,2.371,YES,YES,NO,NO,NO
Self-RAG,42,136,N#CC(C#N)C(=S)S,C1CCSSC1,0.045,0.0,YES,NO,0.2414,NO,NO,NO,NO,NO
Self-RAG,42,137,OC1(Cl)Cc2ncc(Cl)nc21,N=CC=C1C(C=CF)=CC=C1C=CC=C(CF)c1ccncc1,0.227,0.0,YES,YES,1.5588,NO,NO,NO,NO,NO
Self-RAG,42,138,CC1(C)OC(CP(c2ccccc2)c2ccccc2)C(CP(c2ccccc2)c2ccccc2)O1,O=C([O-])C(CO)c1ccccc1,0.25,0.164,YES,YES,1.2561,NO,NO,NO,NO,NO
Self-RAG,42,139,Cc1ccc(S(=O)(=O)NC(CCC(=O)[O-])C(=O)[O-])cc1,O=C([O-])C=CC=CS(=O)(=O)c1ccc(C(=O)[O-])cc1,0.583,0.5,YES,YES,0.8037,YES,NO,NO,NO,NO
Self-RAG,42,140,O=C([O-])C1=C[CH]NC=C1C(=O)[O-],O=S(=O)(n1ccnc1)n1ccnc1,0.145,0.046,YES,YES,0.5273,NO,NO,NO,NO,NO
Self-RAG,42,141,O=C([O-])c1ccc(-c2cc3cc(c2)C(=O)[O][Cd][O]C3=O)cc1,O=C([O-])c1cc(OCOc2cc(C(=O)[O-])cc(C(=O)O)c2)cc(C(=O)O)c1,0.432,0.329,YES,NO,1.6073,NO,NO,NO,NO,NO
Self-RAG,42,142,O=P(O)(O)F,O=C([O-])C1=NC(C(F)(F)F)=NC1C(=O)[O-],0.186,0.04,YES,YES,1.4189,NO,NO,NO,NO,NO
Self-RAG,42,143,CC(=O)CC(C#N)(C#N)C(C#N)C#N,N#CC(C#N)C(N)=O,0.286,0.411,YES,NO,0.8582,NO,NO,NO,NO,NO
Self-RAG,42,144,COc1cc(NC#N)c(OC)cc1NC#N,N#CNC(C#N)C(N)=O,0.306,0.162,YES,YES,2.518,NO,NO,NO,NO,NO
Self-RAG,42,145,c1ccc2c(-n3ccnc3)c3ccccc3c(-n3ccnc3)c2c1,c1ccc2c(c1)ncn2-c1ccc(-n2cnc3ccccc32)cc1,1.0,0.657,YES,YES,1.522,YES,YES,YES,YES,YES
Self-RAG,42,146,O=C([O-])c1ccc(NNc2ccc(C(=O)[O-])cc2)cc1,O=C([O-])c1ccc(Oc2ccc(C(=O)[O-])cc2)cc1,0.438,0.441,YES,NO,1.0214,NO,NO,NO,NO,NO
Self-RAG,42,147,O=C(NCc1ccncc1)C(=O)NCc1ccncc1,O=C(NCc1ccncc1)c1ccncc1,0.727,0.49,YES,YES,3.1559,YES,YES,YES,NO,NO
Self-RAG,42,148,Nc1ccc(Cc2ccc(N)cc2)cc1,N#Cc1ccc(C#N)cc1,0.312,0.455,YES,NO,0.8558,NO,NO,NO,NO,NO
Self-RAG,42,149,O=C([O-])c1ccc(-c2cc(-c3ccc(C(=O)O)cc3)c(-c3ccc(C(=O)[O-])cc3)cc2-c2ccc(C(=O)O)cc2)cc1,O=C([O-])c1cc(C(=O)O)c2cc(C(=O)[O-])cc(C(=O)O)c2c1,0.762,0.207,YES,YES,1.5421,YES,YES,YES,NO,NO
Self-RAG,42,150,Fc1cc2cc(C3C=NN=C3)c(F)cc2cc1-c1cn[nH]c1,CC1Cc2nccnc21,0.316,0.0,YES,YES,0.9889,NO,NO,NO,NO,NO
Self-RAG,42,151,O=C1C(=O)C(=O)C(=O)C1=O,O=C1C(=O)C(=O)C1=O,0.867,0.16,YES,NO,3.0076,YES,YES,YES,YES,NO
Self-RAG,42,152,O=C(Nc1cc(C(=O)[O-])cc(C(=O)[O-])c1)Nc1cc(C(=O)[O-])cc(C(=O)[O-])c1,CC=CC=CC=CC1=NCC(C)=C(C)C=C1OC,0.12,0.057,YES,YES,3.5742,NO,NO,NO,NO,NO
Self-RAG,42,153,Cc1nccn1Cc1ccc(-c2ccc(Cn3ccnc3C)cc2)cc1,c1cc(-c2ccncc2)ccn1,0.364,0.0,YES,YES,1.6329,NO,NO,NO,NO,NO
Self-RAG,42,154,CC(=O)NC(C)(NC(C)=O)C(=O)[O-],OS(O)(O)C(F)(F)F,0.128,0.046,YES,NO,1.9554,NO,NO,NO,NO,NO
Self-RAG,42,155,O=C([O-])c1cccc(CN2CCOCCN(Cc3cccc(C(=O)[O-])c3)CCOCC2)c1,[CH]1N=CNN1CCCCN1[CH]N=CN1,0.316,0.049,YES,NO,1.3183,NO,NO,NO,NO,NO
Self-RAG,42,156,O=C([O-])c1c(Cl)cc(-c2cc(-c3cc(Cl)c(C(=O)[O-])c(Cl)c3)cc(-c3cc(Cl)c(C(=O)[O-])c(Cl)c3)c2)cc1Cl,O=C([O-])c1c(Cl)c(Cl)c(-c2cc(-c3c(Cl)c(Cl)c(C(=O)[O-])c(Cl)c3Cl)cc(-c3c(Cl)c(Cl)c(C(=O)[O-])c(Cl)c3Cl)c2)c(Cl)c1Cl,1.0,0.87,YES,YES,1.0321,YES,YES,YES,YES,YES
Self-RAG,42,157,O=[PH](O)O,O=[PH](O)O,1.0,1.0,YES,YES,1.195,YES,YES,YES,YES,YES
Self-RAG,42,158,O=P(O)(O)C1=CC=C2[CH]C=CC=C2N1,O=P(O)(O)C1=CC=C2[CH]C=CC=C2N1,1.0,1.0,YES,YES,1.6924,YES,YES,YES,YES,YES
Self-RAG,42,159,c1ccc2nc(-c3cnc4ccccc4n3)cnc2c1,c1cc(-c2ccncc2)ccn1,0.722,0.077,YES,YES,1.1237,YES,YES,YES,NO,NO
Self-RAG,42,160,O=C([O-])Cn1nn[nH]c1=S,O=C([O-])CSc1nnc(SCC(=O)[O-])s1,0.556,0.24,YES,NO,0.6228,YES,NO,NO,NO,NO
Self-RAG,42,161,CCCCN(CCO)CCO,N#CC(C#N)C(N)=O,0.073,0.338,YES,NO,1.9042,NO,NO,NO,NO,NO
Self-RAG,42,162,CC1=C(CC2=C(C)N=NC2C)C(C)N=N1,c1ccc(-c2cc(-c3ccncc3)cc(-c3ccccn3)n2)nc1,0.206,0.0,YES,YES,2.4226,NO,NO,NO,NO,NO
Self-RAG,42,163,CC(C)c1cc(C(C)C)c(CP(=O)(O)O)c(C(C)C)c1,CC1=C(CP(=O)(O)O)CC=C(CP(=O)(O)O)C1(C)CP(=O)(O)O,0.61,0.243,YES,YES,1.8771,YES,YES,NO,NO,NO
Self-RAG,42,164,O=C([O-])CN=Cc1ccccc1O,O=C([O-])CN1NN=C(c2ccccn2)N1INVALID,0.0,0.0,NO,NO,,NO,NO,NO,NO,NO
Self-RAG,42,165,CNC1CC2(C#CC(=O)[O-])C(NC)CC1(C#CC(=O)[O-])C(F)C2F,CNC1CC2(C#CC(=O)[O-])CCC1(C#CC(=O)[O-])CC2F,0.829,0.877,YES,YES,0.6122,YES,YES,YES,YES,NO
Self-RAG,42,166,O=C([O-])c1cccc(NNc2cccc(C(=O)[O-])c2)c1,O=C([O-])c1cccc(NNc2cccc(C(=O)[O-])c2)c1,1.0,1.0,YES,YES,1.5263,YES,YES,YES,YES,YES
Self-RAG,42,167,O=C([O-])c1ccc(NNc2ccc(C(=O)[O-])c(F)c2)cc1F,O=C([O-])c1ccc(NNc2ccc(C(=O)[O-])c(O)c2)cc1O,0.707,0.911,YES,NO,4.5258,YES,YES,YES,YES,YES
Self-RAG,42,168,N#CNC#N,N#CNC#NINVALID,0.0,0.0,NO,NO,,NO,NO,NO,NO,NO
Self-RAG,42,169,O=C([O-])c1cc(C(=O)[O][Ag])c(C(=O)[O-])cc1C(=O)[O][Ag],O=C([O-])c1cccc(C(=O)O)c1,0.571,0.6,YES,NO,1.7956,YES,YES,NO,NO,NO
Self-RAG,42,170,O=C([O-])c1cccc(=O)[nH]1,O=C([O-])c1cncc(Cl)c1,0.467,0.6,YES,NO,1.0964,YES,YES,NO,NO,NO
Self-RAG,42,171,O=C([O-])c1ccc(C(=O)[O-])cc1,O=C([O-])c1ccc(C(=O)[O-])cc1,1.0,1.0,YES,YES,1.0701,YES,YES,YES,YES,YES
Self-RAG,42,172,O=C([O-])CCCC(=O)[O-],O=C([O-])CC(=O)[O-],0.786,0.533,YES,YES,0.37,YES,YES,YES,NO,NO
Self-RAG,42,173,COC1CCc2nccc(-c3ccncc3)c2C1OC,CC1(C)CCCC(C#CC(=O)[O-])CC1(C=O)C=O,0.216,0.078,YES,YES,0.9535,NO,NO,NO,NO,NO
Self-RAG,42,174,O=C([O-])c1ccc(C(=O)[O-])o1,O=C([O-])c1ccc(C(=O)[O-])s1,0.7,0.327,YES,YES,1.0689,YES,YES,YES,NO,NO
Self-RAG,42,175,[CH]1C=CC=C1,c1cn(CCCCn2ccnc2)cn1,0.074,0.0,YES,YES,1.5303,NO,NO,NO,NO,NO
Self-RAG,42,176,c1ccc(C2=NNC(c3ccccn3)=NN2)nc1,c1ccc2c(c1)nnn2CCCCCn1nnc2ccccc21,0.435,0.0,YES,NO,1.4607,NO,NO,NO,NO,NO
Self-RAG,42,177,O=[N+]([O-])C12CN3CN(CN(C3)C1)C2,O=C(O)c1c(C(=O)[O-])c([N+](=O)[O-])c([N+](=O)[O-])c(C(=O)[O-])c1[N+](=O)[O-],0.463,0.15,YES,YES,2.0129,NO,NO,NO,NO,NO
Self-RAG,42,178,c1cc(-c2nnn[nH]2)ccc1-c1nn[nH]n1,c1cn(-c2cc(-n3ccnc3)cc(-n3ccnc3)c2)cn1,0.515,0.271,YES,YES,2.1281,YES,NO,NO,NO,NO
Self-RAG,42,179,Cc1c(C)c(-c2ccncc2)c(C)c(C)c1B(c1c(C)c(C)c(-c2ccncc2)c(C)c1C)c1c(C)c(C)c(-c2ccncc2)c(C)c1C,Cc1c(C)c(-c2ccncc2)c(C)c(C)c1B(c1c(C)c(C)c(-c2ccncc2)c(C)c1C)c1c(C)c(C)c(-c2ccncc2)c(C)c1C,1.0,1.0,YES,YES,3.9875,YES,YES,YES,YES,YES
Self-RAG,42,180,O=C([O-])C(=O)[O-],O=C([O-])C(=O)[O-],1.0,1.0,YES,YES,0.4633,YES,YES,YES,YES,YES
Self-RAG,42,181,O=C([O-])CN(CC(=O)[O-])c1ccc(C(=O)[O-])cc1,O=C([O-])c1ccc(C(=O)[O-])cc1,0.444,0.5,YES,NO,1.3044,YES,NO,NO,NO,NO
Self-RAG,42,182,ON1[CH]C=CC=C1,c1cc(CCCCc2ccncc2)ccn1,0.182,0.0,YES,NO,1.2888,NO,NO,NO,NO,NO
Self-RAG,42,183,O=C([O-])C1OCOC2C(C(=O)[O-])OCOC12,O=C([O-])CC(F)(F)C(F)(F)C(F)COC=CC=C(C=CF)C(=O)[O-],0.306,0.11,YES,YES,2.8009,NO,NO,NO,NO,NO
Self-RAG,42,184,O=C([O-])c1ccc(-c2ccc(-c3cc(-c4ccc(-c5ccc(C(=O)[O-])cc5)c(Cl)c4)cc(-c4ccc(-c5ccc(C(=O)[O-])cc5)c(Cl)c4)c3)cc2Cl)cc1,O=C([O-])c1c(Cl)c(Cl)c(-c2cc(-c3c(Cl)c(Cl)c(C(=O)[O-])c(Cl)c3Cl)cc(-c3c(Cl)c(Cl)c(C(=O)[O-])c(Cl)c3Cl)c2)c(Cl)c1Cl,1.0,0.0,YES,YES,2.4448,YES,YES,YES,YES,YES
Self-RAG,42,185,C1COCCO1,C1COCCO1,1.0,1.0,YES,YES,0.825,YES,YES,YES,YES,YES
Self-RAG,42,186,O=C1NCCN1,c1nnc[nH]1,0.275,0.0,YES,NO,0.7033,NO,NO,NO,NO,NO
Self-RAG,42,187,CC(=O)C(Sc1ccncc1)C(C)=O,CC1=NNCCCC2CNN=C2C=N1,0.093,0.043,YES,YES,1.3128,NO,NO,NO,NO,NO
Self-RAG,42,188,O=C([O-])c1ccc2c3c(ccc(C(=O)[O-])c13)C(=O)N(c1ccncc1)C2=O,O=C([O-])c1ccc2c3c(ccc(C(=O)[O-])c13)C(=O)N(c1ccncc1)C2=O,1.0,1.0,YES,YES,0.5056,YES,YES,YES,YES,YES
Self-RAG,42,189,O=C([O-])C1=CC2=NN=NC2=C[CH]1,O=C([O-])C1=CC2=NN=NC2=C[CH]1,1.0,1.0,YES,YES,1.2157,YES,YES,YES,YES,YES
Self-RAG,42,190,S=c1[nH]c2ccccc2[nH]1,Cn1ccn(CCCCCCn2ccn(C)c2=S)c1=S,0.438,0.294,YES,NO,1.3404,NO,NO,NO,NO,NO
Self-RAG,42,191,O=C([O-])C1=C[CH]N(Cc2cc(C(=O)[O-])cc(C(=O)[O-])c2)C=C1,O=C([O-])c1ccc(COc2cc(C(=O)[O-])cc(C(=O)[O-])c2)cc1,0.417,0.513,YES,NO,1.3609,YES,NO,NO,NO,NO
Self-RAG,42,192,O=C([O-])C1=C[CH]N(CCCN2[CH]C=C(C(=O)[O-])C=C2)C=C1,O=C([O-])c1ccccc1NNc1ccccc1C(=O)[O-],0.3,0.169,YES,NO,1.5612,NO,NO,NO,NO,NO
Self-RAG,42,193,Oc1ccc(S)cc1,Nc1ccc(C(=O)NO)cc1,0.167,0.545,YES,NO,1.0086,YES,NO,NO,NO,NO
Self-RAG,42,194,C1CCOC1,C1COCCO1,0.619,0.0,YES,YES,1.5817,YES,YES,NO,NO,NO
Self-RAG,42,195,O=C([O-])c1ccc(N(c2ccc(C(=O)[O-])cc2)c2ccc(-c3ccncc3)cc2)cc1,O=C([O-])c1ccc(N(c2ccccc2)c2ccc(C(=O)[O-])cc2)cc1,0.786,0.802,YES,NO,0.5692,YES,YES,YES,NO,NO
Self-RAG,42,196,NCc1cccnc1,Nc1cccc(N)c1,0.409,0.075,YES,NO,0.7463,NO,NO,NO,NO,NO
Self-RAG,42,197,C#N,C#N,1.0,1.0,YES,YES,0.872,YES,YES,YES,YES,YES
Self-RAG,42,198,O=C1c2ccccc2C(=O)c2c(O)ccc(O)c21,c1cn(Cn2ccnc2)cn1,0.071,0.0,YES,NO,1.1161,NO,NO,NO,NO,NO
Self-RAG,42,199,O=C([O-])c1ccc(C#Cc2ccc(C(=O)[O-])cc2F)c(F)c1,O=C([O-])c1ccc(C#Cc2ccc(C(=O)[O-])c(Cl)c2)cc1Cl,0.909,0.911,YES,NO,4.2845,YES,YES,YES,YES,YES
Self-RAG,42,200,O=C([O-])CCN(CCC(=O)[O-])CCC(=O)[O-],N#CNC#N,0.065,0.166,YES,YES,2.5748,NO,NO,NO,NO,NO
Self-RAG,42,201,On1nnnc1-c1nnnn1O,O=c1[nH]nnn1-c1nnn[nH]1,0.686,0.404,YES,YES,1.5746,YES,YES,NO,NO,NO
Self-RAG,42,202,O=C([O-])c1ccc(C2=C3C=CC4=[N]3->[Fe]35<-[N]6=C(C=CC6=C(c6ccc(C(=O)[O-])cc6)c6ccc2[n]63)C(c2ccc(C(=O)[O-])cc2)=c2ccc([n]25)=C4c2ccc(C(=O)[O-])cc2)cc1,O=C([O-])c1ccc(-c2c3nc(c(-c4ccc(C(=O)[O-])cc4)c4ccc([nH]4)c(-c4ccc(C(=O)[O-])cc4)c4nc(c(-c5ccc(C(=O)[O-])cc5)c5ccc2[nH]5)C=C4)C=C3)cc1,0.549,0.154,YES,YES,1.7426,YES,NO,NO,NO,NO
Self-RAG,42,203,O=C([O-])c1ccc(C(=O)[O-])s1,O=C([O-])c1ccc(C(=O)[O-])s1INVALID,0.0,0.0,NO,NO,,NO,NO,NO,NO,NO
Self-RAG,42,204,FC12C3C4N1C1C2N3C41F,OC12C3N4C5(O)C(N1C35Br)C42Br,0.59,0.7,YES,YES,2.1821,YES,YES,YES,NO,NO
Self-RAG,42,205,CNc1nc(NC)c(NC)c(C#Cc2c(NC)c(NC)nc(NC)c2NC)c1NC,CCCOC=C1NNC=CC(C(=O)[O-])=C(C)OC(CC)C(OCCC(=O)[O-])=C(OCCC)CCC2=C(OCCC)C(C(=O)[O-])=CCC2O1,0.195,0.033,YES,YES,3.3206,NO,NO,NO,NO,NO
Self-RAG,42,206,O=C([O-])c1cc(O)c(C#Cc2c(O)cc(C(=O)[O-])cc2O)c(O)c1,O=C([O-])c1ccc(NNc2ccc(C(=O)[O-])c(C(=O)O)c2)cc1C(=O)[O-]INVALID,0.0,0.0,NO,NO,,NO,NO,NO,NO,NO
Self-RAG,42,207,O=S(=O)(O)O,O=S(=O)(O)O,1.0,1.0,YES,YES,0.4674,YES,YES,YES,YES,YES
Self-RAG,42,208,O=C([O-])c1ccc(C(=O)[O-])c2cc(Cl)c(Cl)cc12,O=C([O-])c1c(Cl)c(Cl)c(C(=O)[O-])c2ccccc12,1.0,0.891,YES,NO,1.4937,YES,YES,YES,YES,YES
Self-RAG,42,209,O=C([O-])c1ccc(P(=O)(O)O)cc1,O=C([O-])c1cccc(-n2ccc(=O)cc2)c1C(=O)[O-],0.283,0.464,YES,YES,1.4382,NO,NO,NO,NO,NO
Self-RAG,42,210,O=C([O-])C=CC(=O)[O-],O=C([O-])C=CC(=O)[O-],1.0,1.0,YES,YES,1.4362,YES,YES,YES,YES,YES
Self-RAG,42,211,O=C([O-])CC(=O)[O-],O=C([O-])CC(=O)[O-]INVALID,0.0,0.0,NO,NO,,NO,NO,NO,NO,NO
Self-RAG,42,212,O=C([O-])COc1ccc(OCC(=O)[O-])cc1,O=C([O-])COc1ccc(OCC(=O)[O-])cc1,1.0,1.0,YES,YES,1.1962,YES,YES,YES,YES,YES
Self-RAG,42,213,N#CC1CC2(C#CC(=O)[O-])CCC1(C#CC(=O)[O-])CC2,CC1CC2(C#CC(=O)[O-])CCC1(C#CC(=O)[O-])CC2,0.778,0.951,YES,YES,3.5513,YES,YES,YES,YES,YES
Self-RAG,42,214,O=C([O-])c1nnn[nH]1,O=C([O-])c1nnn[nH]1,1.0,1.0,YES,YES,2.6943,YES,YES,YES,YES,YES
Self-RAG,42,215,O=C([O-])c1cc(Cl)c(C(=O)[O-])c2c1CC2,O=C([O-])c1cc(Cl)c2c(Cl)c(C(=O)[O-])cc(Cl)c2c1Cl,0.8,0.49,YES,YES,3.5136,YES,YES,YES,NO,NO
Self-RAG,42,216,O=C([O-])c1c(Br)c(Br)c(C(=O)[O-])c(Br)c1Br,O=C([O-])c1c(Cl)c(Cl)c(C(=O)[O-])c(Cl)c1Cl,0.895,0.75,YES,YES,2.3407,YES,YES,YES,YES,NO
Self-RAG,42,217,O=C([O-])c1ccc(C(=O)[O-])c(C(=O)[O-])c1,O=C([O-])c1ccc(C(=O)[O-])c(C(=O)[O-])c1,1.0,1.0,YES,YES,1.4077,YES,YES,YES,YES,YES
Self-RAG,42,218,CC1Cc2c(C(=O)[O-])ccc(C(=O)[O-])c21,O=C([O-])c1ccc(C(=O)[O-])c2cc(Br)c(Br)cc12,0.6,0.653,YES,YES,1.8407,YES,YES,NO,NO,NO
Self-RAG,42,219,O=C([O-])c1ccc(-c2ccc(C(=O)[O-])cc2F)c(F)c1,O=C([O-])c1c(F)c(F)c(C(=O)[O-])c2c(F)c(F)c(F)c(F)c12,0.87,0.447,YES,YES,3.6752,YES,YES,YES,YES,NO
Self-RAG,42,220,O=C([O-])c1cncc(C(=O)[O-])c1,O=C([O-])c1cccnc1C(=O)[O-],0.818,0.75,YES,YES,0.5428,YES,YES,YES,NO,NO
Self-RAG,42,221,O=C([O-])c1ccc(-c2cc(-c3ccc(C(=O)[O-])cc3)c(C(=O)[O-])cc2C(=O)[O-])cc1,O=C([O-])c1ccc(C(=O)[O-])cc1,0.706,0.292,YES,YES,1.4138,YES,YES,YES,NO,NO
Self-RAG,42,222,Nc1nnc[nH]1,c1nnc[nH]1,0.654,0.833,YES,NO,3.6357,YES,YES,YES,NO,NO
Self-RAG,42,223,O=C([O-])C#CC#CC(=O)[O-],O=C([O-])C=CC(=O)[O-],0.818,0.373,YES,YES,0.4415,YES,YES,YES,NO,NO
Self-RAG,42,224,Nc1ccccc1C(=O)[O-],O=C([O-])c1ccccn1,0.458,0.36,YES,YES,0.6555,NO,NO,NO,NO,NO
Self-RAG,42,225,O=C([O-])c1cc(C(=O)[O-])cc(-n2cnnc2)c1,O=C([O-])c1cc(C(=O)[O-])cc(-n2cnnc2)c1,1.0,1.0,YES,YES,0.6245,YES,YES,YES,YES,YES
Self-RAG,42,226,O=CC1c2c(C(=O)[O-])ccc(C(=O)[O-])c2C1O,COc1cc(C(=O)[O-])c2c(c1C(=O)[O-])CC2INVALID,0.0,0.0,NO,NO,,NO,NO,NO,NO,NO
Self-RAG,42,227,O=C([O-])c1ccc2cc(C(=O)[O-])ccc2c1,O=C([O-])c1ccc(-c2ccc(C(=O)[O-])cc2)cc1INVALID,0.0,0.0,NO,NO,,NO,NO,NO,NO,NO
Self-RAG,42,228,O=C([O-])c1ccc(OCC(COc2ccc(C(=O)[O-])cc2)(COc2ccc(C(=O)[O-])cc2)COc2ccc(C(=O)[O-])cc2)cc1,O=C([O-])c1ccc(OCC(COc2ccc(C(=O)[O-])cc2)(COc2ccc(C(=O)[O-])cc2)COc2ccc(C(=O)[O-])cc2)cc1,1.0,1.0,YES,YES,1.6713,YES,YES,YES,YES,YES
Self-RAG,42,229,O=C([O-])c1cc(C(=O)[O-])cc(-c2ccc3cc(C(=O)[O-])ccc3c2)c1,O=C([O-])c1cccccc(-c2ccccc2)c(C(=O)[O-])ccccc(-c2ccccc2)c1,0.842,0.214,YES,YES,0.7663,YES,YES,YES,NO,NO
Self-RAG,42,230,CCCOc1cc(C(=O)[O-])c(Br)c(Br)c1C(=O)[O-],O=C([O-])c1ccc(-c2cc(-c3ccncc3)cc(-c3ccc(C(=O)[O-])cc3)n2)cc1,0.273,0.289,YES,YES,0.6398,NO,NO,NO,NO,NO
Self-RAG,42,231,O=C([O-])c1ccc(C(=O)O)c(-c2nc(C(=O)[O-])ccc2C(=O)O)n1,O=C([O-])c1cccnc1C(=O)[O-],0.733,0.369,YES,NO,2.9627,YES,YES,YES,NO,NO
Self-RAG,42,232,O=C([O-])c1cc2nc[nH]c2cc1C(=O)[O-],O=C([O-])c1cccnc1-c1ncccc1C(=O)O,0.676,0.196,YES,YES,1.7506,YES,YES,NO,NO,NO
Self-RAG,42,233,O=C([O-])C1=NC=NC1C(=O)[O-],O=C([O-])C1=NC=NC1C(=O)[O-],1.0,1.0,YES,YES,2.4725,YES,YES,YES,YES,YES
Self-RAG,42,234,[CH]1C=NN=N1,CCc1nnc(CC)[nH]1,0.452,0.0,YES,YES,6.5864,NO,NO,NO,NO,NO
Self-RAG,42,235,c1cnccn1,c1c[nH]cn1,0.6,0.0,YES,YES,1.0663,YES,YES,NO,NO,NO
Self-RAG,42,236,C(C#Cc1cc(C#CC#CC2C=NN=C2)cc(C#CC#CC2C=NN=C2)c1)#CC1=CN=N[CH]1,C(C=CN(C=CC=Cc1cn[nH]c1)C=CC=Cc1cn[nH]c1)=Cc1cn[nH]c1,0.548,0.047,YES,YES,1.2011,YES,NO,NO,NO,NO
Self-RAG,42,237,Nc1nnc(C(=O)[O-])[nH]1,Oc1cc(Cl)c(Cl)c(Cl)c1-c1c(Cl)c(Cl)nc(Cl)c1Cl,0.176,0.03,YES,YES,2.5692,NO,NO,NO,NO,NO
Self-RAG,42,238,COc1ccc(-c2coc3cc(O)c(OC)c(O)c3c2=O)cc1S(O)(O)O,OS(O)(O)C=CC=Cc1nc(-c2ccncc2)ccc1N=CC1=CC(=CS(O)(O)O)C=C1,0.485,0.11,YES,YES,1.1722,NO,NO,NO,NO,NO
Self-RAG,42,239,O=C([O-])c1cc(C(=O)[O-])cc(-c2cccnc2)c1,O=C([O-])c1ccc2ccccc2c1,0.5,0.489,YES,YES,1.622,YES,NO,NO,NO,NO
Self-RAG,42,240,O=C([O-])c1cccc(Cl)c1C(=O)[O-],O=C([O-])c1ccc2c(c1)C(=O)c1cc(C(=O)[O-])ccc1-2,0.5,0.434,YES,NO,2.4653,YES,NO,NO,NO,NO
Self-RAG,42,241,O=C([O-])CCn1c(=O)n(CCC(=O)[O-])c(=O)n(CCC(=O)[O-])c1=O,O=C([O-])c1cccc(C(=O)[O-])[n+]1[O-],0.5,0.108,YES,NO,1.1208,YES,NO,NO,NO,NO
Self-RAG,42,242,O=C([O-])c1cccc(S(O)(O)O)c1,O=P(O)(O)c1ccc(P(=O)(O)O)cc1,0.514,0.429,YES,YES,1.501,YES,NO,NO,NO,NO
Self-RAG,42,243,CC=CC(=O)[O-],CC=CC(=O)[O-],1.0,1.0,YES,YES,1.4391,YES,YES,YES,YES,YES
Self-RAG,42,244,O=C([O-])c1ccc(C(c2ccc(C(=O)[O-])cc2)(C(F)(F)F)C(F)(F)F)cc1,O=C([O-])c1ccc(N(c2ccc(C(=O)[O-])c(Cl)c2)c2ccc(C(=O)O)c(Cl)c2)cc1Cl,0.485,0.283,YES,YES,1.0351,NO,NO,NO,NO,NO
Self-RAG,42,245,Nc1c(O)c(C2=NNC(c3c(N)c(O)c(C(=O)[O-])c(N)c3O)=NN2)c(N)c(O)c1C(=O)[O-],O=C([O-])c1ccc(NNc2cc(Cl)c(C(=O)[O-])c(Cl)c2)c(Cl)c1Cl,0.5,0.275,YES,NO,2.5328,YES,NO,NO,NO,NO
Self-RAG,42,246,O=C([O-])c1cc(NCc2ccncc2)cc(C(=O)[O-])c1,O=C([O-])c1cc(NCc2ccncc2)cc(C(=O)[O-])c1,1.0,1.0,YES,YES,0.885,YES,YES,YES,YES,YES
Self-RAG,42,247,O=CC(C(=O)[O-])=C(Br)C=CC(=O)[O-],O=C([O-])C=CC(Br)=CC(=O)[O-],0.875,0.841,YES,YES,1.6606,YES,YES,YES,YES,NO
Self-RAG,42,248,O=C([O-])c1ccc(Oc2ccc(C(=O)[O-])cc2)cc1,O=C([O-])c1ccc(Oc2ccc(C(=O)[O-])cc2)cc1INVALID,0.0,0.0,NO,NO,,NO,NO,NO,NO,NO
Self-RAG,42,249,Cc1c(CSc2ccncc2)c(C)c(CSc2ccncc2)c(C)c1CSc1ccncc1,c1ccc(-c2nnc(-c3ccncc3)n2-c2ccncc2)nc1,0.318,0.176,YES,YES,1.4185,NO,NO,NO,NO,NO
Self-RAG,42,250,O=S(=O)(Nc1cccnc1)c1cccnc1,O=C([O-])CNS(=O)(=O)c1cccnc1,0.684,0.61,YES,YES,0.762,YES,YES,NO,NO,NO
Self-RAG,42,251,Clc1cnccn1,Cc1nnc(C)[nH]1,0.37,0.0,YES,YES,1.5117,NO,NO,NO,NO,NO
Self-RAG,42,252,Nc1cnccn1,c1cnc(SCSc2ncccn2)nc1,0.387,0.0,YES,NO,0.8548,NO,NO,NO,NO,NO
Self-RAG,42,253,Cc1nnc(C)[nH]1,c1ncn(CCn2cncn2)n1,0.5,0.404,YES,NO,2.5116,YES,NO,NO,NO,NO
Self-RAG,42,254,CC(O)C(=O)[O-],O=C([O-])CNC(=O)C(=O)NCC(=O)[O-],0.25,0.264,YES,NO,2.3859,NO,NO,NO,NO,NO
Self-RAG,42,255,C(=Nn1cnnc1)c1ccccn1,c1cnc(Sc2cnccn2)cn1,0.412,0.0,YES,NO,1.2326,NO,NO,NO,NO,NO
Self-RAG,42,256,O=C([O-])C=CC(Br)=CC(=O)[O-],O=C([O-])C12C3C4C1C1C2C3C41C(=O)[O-],0.409,0.173,YES,NO,1.0662,NO,NO,NO,NO,NO
Self-RAG,42,257,O=C([O-])CCP(=O)(O)c1ccccc1,CCCOC([O-])=CC=C(CC=O)OCCC,0.317,0.23,YES,YES,1.0941,NO,NO,NO,NO,NO
Self-RAG,42,258,O=Cc1cncc2c(C=O)cncc12,CNc1c2ccc(C3=CN=N[CH]3)c1-c1cc(-c3cn[nH]c3)ccc1NN2,0.277,0.023,YES,YES,1.7142,NO,NO,NO,NO,NO
Self-RAG,42,259,COc1ccc(-c2nc(C(=O)[O-])c(C(=O)[O-])[nH]2)cc1,COc1ccc(-c2nc(C(=O)O)c(C(=O)[O-])[nH]2)cc1,0.927,1.0,YES,YES,1.1381,YES,YES,YES,YES,YES
Self-RAG,42,260,O=C[O-],O=C[O-]INVALID,0.0,0.0,NO,NO,,NO,NO,NO,NO,NO
Self-RAG,42,261,N#Cc1ccccc1CSCc1ccccc1C#N,c1cc(CCCCc2ccncc2)ccn1,0.348,0.032,YES,NO,0.4828,NO,NO,NO,NO,NO
Self-RAG,42,262,Ic1nc2ccccc2[nH]1,C=c1ccccc1=C(c1ccccc1)c1ccncc1,0.258,0.289,YES,YES,4.1761,NO,NO,NO,NO,NO
Self-RAG,42,263,c1ccc2c(c1)CSCc1ccc(cc1)CSCc1ccccc1OCCCO2,c1ccc2c(c1)CSCCOCCSCc1ccccc1OCCO2,0.862,0.199,YES,NO,1.4695,YES,YES,YES,YES,NO
Self-RAG,42,264,O=C([O-])c1cc(OCc2ccccc2C(=O)O)cc(C(=O)[O-])c1,O=C([O-])c1cc(OCc2ccccc2C(=O)[O-])cc(C(=O)O)c1INVALID,0.0,0.0,NO,NO,,NO,NO,NO,NO,NO
Self-RAG,42,265,NCc1ccncc1,NCc1ccncc1,1.0,1.0,YES,YES,1.3404,YES,YES,YES,YES,YES
Self-RAG,42,266,c1ccc(-c2nnn[nH]2)nc1,c1cnc(-c2nnn[nH]2)cn1,1.0,0.527,YES,YES,1.8304,YES,YES,YES,YES,YES
Self-RAG,42,267,O=C([O-])C(Cl)=C(Cl)C(=O)[O-],O=C([O-])C(Cl)=C(Cl)C(=O)[O-],1.0,1.0,YES,YES,0.5695,YES,YES,YES,YES,YES
Self-RAG,42,268,NC(CC(=O)[O-])C(=O)[O-],CC(C(=O)[O-])C(=O)[O-],0.409,0.533,YES,YES,0.6976,YES,NO,NO,NO,NO
Self-RAG,42,269,O=C([O-])c1c(F)c(F)c(C(=O)[O-])c(F)c1F,O=C([O-])c1c(F)c(F)c(C(=O)[O-])c(F)c1FINVALID,0.0,0.0,NO,NO,,NO,NO,NO,NO,NO
Self-RAG,42,270,O=C([O-])c1c([N+](=O)[O-])c([N+](=O)[O-])c(C(=O)[O-])c2ccccc12,O=C([O-])c1ccc([N+](=O)[O-])cc1,0.763,0.402,YES,YES,5.0955,YES,YES,YES,NO,NO
Self-RAG,42,271,O=C([O-])Cc1ccc(CC(=O)[O-])cc1,O=C([O-])c1ccccc1C(=O)[O-]INVALID,0.0,0.0,NO,NO,,NO,NO,NO,NO,NO
Self-RAG,42,272,COc1cc(C(=O)[O-])cc(C(=O)[O-])c1,COc1cc(C(=O)[O-])cc(C(=O)[O-])c1INVALID,0.0,0.0,NO,NO,,NO,NO,NO,NO,NO
Self-RAG,42,273,O=C([O-])Cc1nnn[nH]1,O=C([O-])Cn1cnnn1,0.725,0.556,YES,NO,1.7385,YES,YES,YES,NO,NO
Self-RAG,42,274,O=C([O-])c1ccnc(C(=O)[O-])c1,O=C([O-])c1cccnc1C(=O)[O-],0.864,0.75,YES,YES,0.5116,YES,YES,YES,YES,NO
Self-RAG,42,275,O=C([O-])c1ccc(-c2ccc(C(=O)[O-])cc2)cc1,CC1=CC2=C(C(=O)[O-])C=C(c3cccnc3)C=CC1=CC=C2C(=O)[O-],0.464,0.14,YES,YES,0.5086,NO,NO,NO,NO,NO
Self-RAG,42,276,c1cn(CCCCn2ccnc2)cn1,c1cn(CCOCCn2ccnc2)cn1,0.765,0.455,YES,NO,1.2209,YES,YES,YES,NO,NO
Self-RAG,42,277,O=C([O-])C#CC(Cl)=C(Cl)C#CC(=O)[O-],O=C([O-])C#CC(=O)[O-],0.667,0.411,YES,NO,3.8875,YES,YES,NO,NO,NO
Self-RAG,42,278,O=C([O-])C=CCC(=O)[O-],O=C([O-])C#CC#CC(=O)[O-],0.692,0.373,YES,YES,2.5669,YES,YES,NO,NO,NO
Self-RAG,42,279,O=C([O-])c1cc(C(=O)[O-])cc(-c2cc(-c3cc(C(=O)[O-])cc(C(=O)[O-])c3)c3ccc4c(-c5cc(C(=O)[O-])cc(C(=O)[O-])c5)cc(-c5cc(C(=O)[O-])cc(C(=O)[O-])c5)c5ccc2c3c54)c1,O=C([O-])C12CCC(C(=O)[O-])(CC1)CC2,0.565,0.135,YES,NO,0.8707,YES,NO,NO,NO,NO
Self-RAG,42,280,O=C([O-])c1cc(C(=O)[O-])cc([N+](=O)[O-])c1,O=C([O-])c1cccc([N+](=O)[O-])c1,1.0,0.8,YES,YES,1.2269,YES,YES,YES,YES,YES
Self-RAG,42,281,NC(=O)c1ccccc1OCC(=O)[O-],O=C([O-])CNC(=O)c1cccc(C(=O)NCC(=O)[O-])c1,0.55,0.45,YES,NO,1.1072,YES,NO,NO,NO,NO
Self-RAG,42,282,C[Si](C)(c1ccncc1)c1ccncc1,CC=CC(C=CC1=CC=CC1)N(c1ccc(-c2ccncc2)cc1)c1ccc(-c2ccncc2)cc1,0.438,0.16,YES,YES,1.7359,NO,NO,NO,NO,NO
Self-RAG,42,283,O=C([O-])c1nn[nH]c1C(=O)[O-],O=C([O-])C1=NN=NC1C(=O)[O-],0.784,0.327,YES,YES,4.0255,YES,YES,YES,NO,NO
Self-RAG,42,284,O=C([O-])c1cc2ccccc2c(Cc2c(O)c(C(=O)[O-])cc3ccccc23)c1O,O=C([O-])C=c1c2cccc1=C(C(=O)[O-])C=CC(c1ccccc1)=C2,0.531,0.199,YES,YES,0.915,YES,NO,NO,NO,NO
Self-RAG,42,285,O=C([O-])c1c(Cl)c(Cl)c(C(=O)[O-])c(Cl)c1Cl,O=C([O-])c1cc(Cl)c(Cl)cc1Cl,0.833,0.688,YES,YES,1.676,YES,YES,YES,NO,NO
Self-RAG,42,286,O=C([O-])c1cccnc1C(=O)[O-],O=C([O-])c1cccnc1C(=O)[O-]INVALID,0.0,0.0,NO,NO,,NO,NO,NO,NO,NO
Self-RAG,42,287,N#CS,N#CS,1.0,1.0,YES,YES,0.6677,YES,YES,YES,YES,YES
Self-RAG,42,288,O=C([O-])c1cc(O)cc(C(=O)[O-])c1,O=C([O-])c1ccc(C(=O)[O-])cc1,0.706,0.692,YES,YES,1.1015,YES,YES,YES,NO,NO
Self-RAG,42,289,O.OI,O.O.OI,0.667,0.667,YES,YES,0.7562,YES,YES,NO,NO,NO
Self-RAG,42,290,O=C([O-])c1cc(C(=O)[O-])cc(C(=O)O)c1,O=C([O-])c1ccc(C(=O)[O-])cc1,0.923,0.6,YES,NO,1.1305,YES,YES,YES,YES,YES
Self-RAG,42,291,O=C([O-])C=Cc1ccc(C(=O)[O-])cc1,O=C([O-])c1ccc(C(=O)[O-])cc1,0.923,0.714,YES,YES,1.5395,YES,YES,YES,YES,YES
Self-RAG,42,292,O=C([O-])c1ccc(-c2ccc(C(=O)[O-])c([N+](=O)[O-])c2)cc1[N+](=O)[O-],O=C([O-])c1ccc(-c2ccc(C(=O)[O-])c([N+](=O)[O-])c2)cc1[N+](=O)[O-],1.0,1.0,YES,YES,5.3257,YES,YES,YES,YES,YES
Self-RAG,42,293,OS(O)(O)c1ccc2cc(S(O)(O)O)ccc2c1,OS(O)(O)c1cccc2c(S(O)(O)O)cccc12,1.0,0.979,YES,NO,1.2075,YES,YES,YES,YES,YES
Self-RAG,42,294,O=C([O-])CCCCCCCC(=O)[O-],O=C([O-])CCC(=O)[O-],0.867,0.444,YES,YES,1.4097,YES,YES,YES,YES,NO
Self-RAG,42,295,[CH2]C(=O)c1ccccc1,O=C([O-])c1ccccc1,0.5,0.889,YES,YES,3.334,YES,YES,YES,YES,NO
Self-RAG,42,296,O=C([O-])c1ccccc1,O=C([O-])c1ccc(C(=O)[O-])cc1,0.75,0.75,YES,YES,1.2268,YES,YES,YES,NO,NO
Self-RAG,42,297,O=C(O)c1cc(S(O)(O)O)c2cc(C(=O)O)cc(S(O)(O)O)c2c1,O=C(O)c1ccc(S(=O)(=O)c2ccc(C(=O)O)cc2)cc1,0.744,0.369,YES,YES,0.891,YES,YES,YES,NO,NO
Self-RAG,42,298,O=C([O-])c1ccncc1,O=C([O-])c1cccnc1,0.933,0.667,YES,NO,0.6234,YES,YES,YES,YES,YES
Self-RAG,42,299,O=C([O-])c1cccnc1-c1ncccc1C(=O)[O-],O=C([O-])c1cccc(-n2ccc(=O)cc2)c1C(=O)[O-]INVALID,0.0,0.0,NO,NO,,NO,NO,NO,NO,NO
Self-RAG,42,300,O=C([O-])c1ccccn1,O=C([O-])c1ccncc1,0.875,0.667,YES,YES,0.3147,YES,YES,YES,YES,NO
Self-RAG,42,301,O=C([O-])c1ccc(C#Cc2ccc(C(=O)[O-])c(Cl)c2)cc1Cl,O=C([O-])c1ccc(C#Cc2ccc(C(=O)[O-])cc2Cl)c(Cl)c1,1.0,0.911,YES,YES,2.6663,YES,YES,YES,YES,YES
Self-RAG,42,302,Fc1cnc(F)cn1,Fc1cncc(F)n1,1.0,0.875,YES,YES,0.5246,YES,YES,YES,YES,YES
Self-RAG,42,303,O=C([O-])c1cc(C(=O)[O-])cc(C(=O)[O-])c1,O=C([O-])c1cc(C(=O)[O-])cc(C(=O)[O-])c1,1.0,1.0,YES,YES,1.2667,YES,YES,YES,YES,YES
Self-RAG,42,304,O=C([O-])Cc1ccccc1CC(=O)[O-],O=C([O-])Cc1ccccc1CC(=O)[O-],1.0,1.0,YES,YES,1.4237,YES,YES,YES,YES,YES
Self-RAG,42,305,O=C([O-])c1cc2ccc3cc(C(=O)[O-])cc4ccc(c1)c2c34,O=C([O-])C=CC=c1cc(-c2ccc(C(=O)[O-])cc2Br)c(=CC=CC(=O)[O-])c2cc(C(=O)[O-])ccc12,0.615,0.374,YES,YES,3.078,YES,YES,NO,NO,NO
Self-RAG,42,306,NC1=N[CH]c2ncn(CC(=O)[O-])c2N1,O=C([O-])Cn1nnc2ccccc21,0.582,0.321,YES,NO,1.0431,YES,NO,NO,NO,NO
Self-RAG,42,307,O=C(O)c1ccc(-c2cc(C(=O)[O-])c(-c3ccc(C(=O)O)cc3)cc2C(=O)[O-])cc1,C=C(C=C(C=CC=C(C=CC(=CC=O)C=C(C=CC(=O)[O-])C(=O)O)C(=O)[O-])C(=O)[O-])C(=O)O,0.478,0.08,YES,YES,1.2509,NO,NO,NO,NO,NO
Self-RAG,42,308,O=C([O-])C(=O)O,O=C([O-])C(=O)O,1.0,1.0,YES,YES,0.5984,YES,YES,YES,YES,YES
Self-RAG,42,309,Nc1c(I)c(C(=O)[O-])c(I)c(C(=O)[O-])c1I,O=C([O-])c1c(Br)c(Br)c(C(=O)[O-])c(Br)c1Br,0.654,0.562,YES,YES,3.9512,YES,YES,NO,NO,NO
Self-RAG,42,310,OS(O)(O)c1cccc2c(S(O)(O)O)cccc12,OS(O)(O)c1cccc2c(S(O)(O)O)cccc12,1.0,1.0,YES,YES,1.2488,YES,YES,YES,YES,YES
Self-RAG,42,311,O=C([O-])c1cnccn1,O=C([O-])c1cccnc1C(=O)[O-],0.68,0.3,YES,NO,1.4712,YES,YES,NO,NO,NO
Self-RAG,42,312,O=C([O-])c1c(F)c(F)c(C#Cc2c(F)c(F)c(C(=O)[O-])c(F)c2F)c(F)c1F,O=C([O-])c1c(F)c(F)c(C#Cc2c(F)c(F)c(C(=O)[O-])c(F)c2F)c(F)c1F,1.0,1.0,YES,YES,5.7752,YES,YES,YES,YES,YES
Self-RAG,42,313,O=C([O-])c1ccc(Oc2cc(C(=O)[O-])cc(C(=O)[O-])c2)cc1,O=C([O-])c1ccc(Oc2ccc(C(=O)[O-])c(C(=O)[O-])c2)cc1C(=O)[O-],0.905,0.764,YES,YES,1.4584,YES,YES,YES,YES,YES
Self-RAG,42,314,N#CC(C#N)=c1c(=O)c(=C(C#N)C#N)c1=O,N#CC(C#N)=c1c(=O)c(=C(C#N)C#N)c1=O,1.0,1.0,YES,YES,1.5525,YES,YES,YES,YES,YES
Self-RAG,42,315,CC(=O)[O-],CC(=O)[O-],1.0,1.0,YES,YES,1.2521,YES,YES,YES,YES,YES
Self-RAG,42,316,O=C([O-])c1cc[n+]([O-])cc1,O=C([O-])c1cccc(C(=O)[O-])[n+]1[O-],0.794,0.538,YES,NO,0.5083,YES,YES,YES,NO,NO
Self-RAG,42,317,O=C([O-])c1cc(C(=O)[O-])cc(S(O)(O)O)c1,O=C([O-])c1cc(C(=O)[O-])cc(S(O)(O)O)c1,1.0,1.0,YES,YES,1.3412,YES,YES,YES,YES,YES
Self-RAG,42,318,O=C([O-])C1C(C(=O)[O-])C(C(=O)[O-])C(C(=O)[O-])C(C(=O)[O-])C1C(=O)[O-],O=C([O-])C1C(C(=O)[O-])C(C(=O)[O-])C1C(=O)[O-],0.846,0.15,YES,NO,2.721,YES,YES,YES,NO,NO
Self-RAG,42,319,O=C(O)CC(O)(CC(=O)O)C(=O)[O-],O=C([O-])CC(O)(CC(=O)[O-])C(=O)[O-],0.857,1.0,YES,NO,1.7925,YES,YES,YES,YES,YES
Self-RAG,42,320,O=C([O-])c1cc(S(=O)(=O)c2ccc(C(=O)[O-])c(C(=O)O)c2)ccc1C(=O)O,O=C([O-])c1cc(C(=O)[O-])cc(C(=O)O)c1,0.382,0.329,YES,YES,1.0498,NO,NO,NO,NO,NO
Self-RAG,42,321,c1nc[nH]n1,c1nnc[nH]1,0.944,1.0,YES,NO,2.3609,YES,YES,YES,YES,YES
Self-RAG,42,322,C1CCSC1,c1nnc[nH]1,0.16,0.0,YES,NO,0.8749,NO,NO,NO,NO,NO
Self-RAG,42,323,O=C([O-])c1cc([N+](=O)[O-])c2c([N+](=O)[O-])c(C(=O)[O-])cc([N+](=O)[O-])c2c1[N+](=O)[O-],O=C([O-])c1c([N+](=O)[O-])c([N+](=O)[O-])c(C(=O)[O-])c2cc([N+](=O)[O-])c([N+](=O)[O-])cc12,0.949,0.669,YES,YES,0.9864,YES,YES,YES,YES,YES
Self-RAG,42,324,O=C1C(=O)C(Cl)C(=O)C(=O)C1Cl,O=C1C(=O)C(Cl)C(=O)C(=O)C1Cl,1.0,1.0,YES,YES,1.5704,YES,YES,YES,YES,YES
Self-RAG,42,325,O=C([O-])c1cc(N2[CH]N=CN2)cc(N2[CH]N=CN2)c1,O=C([O-])c1cc(N2[CH]N=CN2)cc(N2[CH]N=CN2)c1,1.0,1.0,YES,YES,1.6729,YES,YES,YES,YES,YES
Self-RAG,42,326,C1CNCCN1,c1cnccn1,0.333,1.0,YES,YES,0.7753,YES,YES,YES,YES,YES
Self-RAG,42,327,O=C([O-])c1c(F)c(F)c(C(=O)[O-])c2cc(F)c(F)cc12,O=C([O-])c1c(F)c(F)c(C(=O)[O-])c2cc(F)c(F)cc12,1.0,1.0,YES,YES,0.7136,YES,YES,YES,YES,YES
Self-RAG,42,328,O=C1C([N+](=O)[O-])=CC([N+](=O)[O-])C(O)=C1[N+](=O)[O-],O=C([O-])C1=CC([N+](=O)[O-])=CC([N+](=O)[O-])C1=O,0.925,0.212,YES,YES,1.4323,YES,YES,YES,YES,YES
Self-RAG,42,329,O=C([O-])c1ccc(C(=O)[O-])c2ccccc12,O=C([O-])c1ccc(C(=O)[O-])cc1INVALID,0.0,0.0,NO,NO,,NO,NO,NO,NO,NO
Self-RAG,42,330,c1nnnn1CCn1cnnn1,O=C(O)c1cncnc1,0.25,0.05,YES,YES,1.3959,NO,NO,NO,NO,NO
Self-RAG,42,331,O=C([O-])c1cc([N+](=O)[O-])c(C(=O)[O-])cc1[N+](=O)[O-],O=C([O-])c1ccc([N+](=O)[O-])cc1,0.879,0.5,YES,YES,0.9457,YES,YES,YES,YES,NO
Self-RAG,42,332,O=C([O-])c1ccccc1C(=O)[O-],O=C([O-])c1ccc(C(=O)[O-])cc1,0.857,0.75,YES,YES,0.9117,YES,YES,YES,YES,NO
Self-RAG,42,333,CCCn1cnc2c1NC=NC2Cl,c1cc(-c2nnn[nH]2)ccn1,0.346,0.0,YES,YES,2.8419,NO,NO,NO,NO,NO
Self-RAG,42,334,O=C([O-])CCN1[CH]C=C(C2=C[CH]N(CCC(=O)[O-])C=C2)C=C1,O=C([O-])c1cccnc1C(=O)[O-],0.372,0.117,YES,NO,1.2311,NO,NO,NO,NO,NO
Self-RAG,42,335,O=C([O-])c1cc(C(=O)[O-])cc(-c2cc(C(=O)[O-])cc(C(=O)[O-])c2)c1,O=C([O-])c1ccc(C(=O)[O-])cc1,0.8,0.369,YES,YES,1.731,YES,YES,YES,NO,NO
Self-RAG,42,336,O=C([O-])C=Cc1ccncc1,O=C([O-])c1ccc(-c2ccncc2)cc1,0.778,0.39,YES,YES,2.4887,YES,YES,YES,NO,NO
Self-RAG,42,337,O=C([O-])c1ccc(C#Cc2ccc(C(=O)[O-])cc2)cc1,O=C([O-])c1ccc(-c2ccc(C(=O)[O-])cc2)cc1INVALID,0.0,0.0,NO,NO,,NO,NO,NO,NO,NO
Self-RAG,42,338,C(c1nnn[nH]1)c1nnn[nH]1,O=C(O)CC(O)C(=O)O.O=C([O-])COC(O)C(O)C(O)C(=O)O,0.047,0.027,YES,YES,0.4728,NO,NO,NO,NO,NO
Self-RAG,42,339,O=C([O-])c1cc(O)c(C(=O)[O-])cc1O,O=C([O-])c1ccc(C(=O)[O-])cc1,0.571,0.857,YES,YES,0.5871,YES,YES,YES,YES,NO
Self-RAG,42,340,CCc1c(C#N)c(CC)c(CC)c(C#N)c1CC,CCCc1c(C#N)c(CCC)c(CCC)c(C#N)c1CC,0.842,0.857,YES,YES,2.4316,YES,YES,YES,YES,NO
Self-RAG,42,341,O=C([O-])c1cncc(O)c1,O=C([O-])c1cncc(F)c1,0.577,0.9,YES,NO,0.6608,YES,YES,YES,YES,YES
Self-RAG,42,342,O=C([O-])c1cccc(C(=O)[O-])n1,O=C([O-])c1cccnc1C(=O)[O-],0.864,0.75,YES,NO,0.9074,YES,YES,YES,YES,NO
Self-RAG,42,343,O=C([O-])c1cncc(-c2ccccc2C(=O)[O-])c1,O=C([O-])c1cc(C(=O)[O-])cc(-c2ccccc2)c1,0.652,0.489,YES,YES,1.6623,YES,YES,NO,NO,NO
Self-RAG,42,344,Cc1cc(C#Cc2cc(C)c(C(=O)[O-])c(C)c2)cc(C)c1C(=O)[O-],O=C([O-])c1ccc(C#Cc2ccc(C(=O)[O-])cc2Cl)c(Cl)c1,0.708,0.836,YES,YES,6.59,YES,YES,YES,NO,NO
Self-RAG,42,345,c1cn(Cc2cc(Cn3ccnc3)c(Cn3ccnc3)cc2Cn2ccnc2)cn1,c1cc(Cn2ccnc2)cc(Cn2ccnc2)c1,0.889,0.595,YES,NO,1.6111,YES,YES,YES,YES,NO
Self-RAG,42,346,Nc1cc(C(=O)[O-])ccc1-c1ccc(C(=O)[O-])cc1N,O=C([O-])c1ccccc1O,0.375,0.441,YES,NO,6.1352,NO,NO,NO,NO,NO
Self-RAG,42,347,O=C([O-])c1ccc(-c2ccc(C(=O)[O-])cc2O)c(O)c1,O=C([O-])c1ccc(-c2ccc(C(=O)[O-])cc2F)c(F)c1,0.63,0.902,YES,YES,3.5091,YES,YES,YES,YES,YES
Self-RAG,42,348,O=C([O-])c1nccnc1C(=O)[O-],O=C([O-])c1cnccn1,0.8,0.75,YES,YES,0.8728,YES,YES,YES,NO,NO
Self-RAG,42,349,COc1cc(C(=O)[O-])ccc1C#Cc1cc(OC)c(C(=O)[O-])cc1-c1ccccc1,CNc1cc(C(=O)[O-])ccc1C(=O)[O-],0.471,0.325,YES,YES,1.3598,NO,NO,NO,NO,NO
Self-RAG,42,350,O=C([O-])c1c(F)c(F)c(C(=O)[O-])c2c(F)c(F)c(F)c(F)c12,O=C([O-])c1c(F)c(F)c(C(=O)[O-])c2c(F)c(F)c(F)c(F)c12,1.0,1.0,YES,YES,0.7778,YES,YES,YES,YES,YES
Self-RAG,42,351,O=C([O-])c1cnc(C(=O)[O-])cn1,O=C([O-])c1ccc(C(=O)[O-])nc1,0.87,0.3,YES,NO,1.3659,YES,YES,YES,YES,NO
Self-RAG,42,352,O=C([O-])c1ccc(Oc2cc(Oc3ccc(C(=O)[O-])cc3)cc(C(=O)[O-])c2)cc1,O=C([O-])c1ccc(Oc2cc(Oc3ccc(C(=O)[O-])cc3)cc(C(=O)[O-])c2)cc1INVALID,0.0,0.0,NO,NO,,NO,NO,NO,NO,NO
Self-RAG,42,353,O=C([O-])c1ccc(-c2cc(C(=O)[O-])cc(C(=O)[O-])c2)cc1,O=C([O-])c1ccc(C(=O)[O-])cc1,0.8,0.421,YES,NO,0.7667,YES,YES,YES,NO,NO
Self-RAG,42,354,O=C([O-])c1cc(F)c(C(=O)[O-])cc1F,O=C([O-])c1c(F)c(F)c(C(=O)[O-])c2cc(F)c(F)cc12,0.818,0.638,YES,YES,1.3377,YES,YES,YES,NO,NO
Self-RAG,42,355,[CH](NN[CH]c1ccncc1)c1ccncc1,[CH](NN[CH]c1ccncc1)c1ccncc1,1.0,1.0,YES,YES,1.3766,YES,YES,YES,YES,YES
Self-RAG,42,356,O=C([O-])c1ccccc1C(=O)O,O=C([O-])c1cccc(C(=O)O)c1,0.867,0.75,YES,NO,3.0629,YES,YES,YES,YES,NO
Self-RAG,42,357,CC(CCC(=O)[O-])C(=O)[O-],O=C([O-])C=CC=CC(=O)[O-],0.529,0.373,YES,YES,2.0909,YES,NO,NO,NO,NO
Self-RAG,42,358,O=C([O-])c1cc(S(O)(O)O)c(C(=O)[O-])c2c1CC2,O=C([O-])c1ccc(C(c2ccc(C(=O)[O-])c(C(=O)[O-])c2)(C(F)(F)F)C(F)(F)F)cc1C(=O)[O-],0.34,0.299,YES,NO,3.68,NO,NO,NO,NO,NO
Self-RAG,42,359,CNC1(F)CC2(C#CC(=O)[O-])CCC1(C#CC(=O)[O-])CC2,CCC1CC2(C#CC(=O)[O-])CCC1(C#CC(=O)[O-])CC2OINVALID,0.0,0.0,NO,NO,,NO,NO,NO,NO,NO
Self-RAG,42,360,Cc1nccn1Cc1ccncc1,c1cc(-c2nnc(-c3ccncc3)o2)ccn1,0.341,0.338,YES,YES,1.6293,NO,NO,NO,NO,NO
Self-RAG,42,361,c1cn(Cc2ccc(Cn3ccnc3)cc2)cn1,O=C(c1ccncc1)c1cccnc1,0.345,0.087,YES,NO,1.1553,NO,NO,NO,NO,NO
Self-RAG,42,362,c1cncnc1,c1c[nH]cn1,0.562,0.0,YES,YES,0.8948,YES,NO,NO,NO,NO
Self-RAG,42,363,CCC12C3C4(C(=O)[O-])C5(CC)C(C1(C(=O)[O-])C35[N+](=O)[O-])C24[N+](=O)[O-],O=C([O-])C1C(I)CC2(C(=O)[O-])CC1CC2I,0.312,0.471,YES,YES,1.4292,NO,NO,NO,NO,NO
Self-RAG,42,364,O=C([O-])CN(CC(=O)[O-])CC(=O)[O-],O=C([O-])CCC(=O)[O-],0.478,0.285,YES,YES,1.2689,NO,NO,NO,NO,NO
Self-RAG,42,365,c1cn(-c2ccc(NNc3ccc(-n4ccnc4)cc3)cc2)cn1,c1cn(-c2ccc(-n3ccnc3)cc2)cn1,0.742,0.453,YES,YES,1.7728,YES,YES,YES,NO,NO
Self-RAG,42,366,Nc1cc(C#Cc2cc(N)c(C(=O)[O-])c(N)c2)cc(N)c1C(=O)[O-],O=C([O-])C1=CC=C2C=C(Br)C(=CC=C(CBr)C(=O)[O-])C2C=C1,0.256,0.148,YES,YES,6.7536,NO,NO,NO,NO,NO
Self-RAG,42,367,CCc1cc2c(cc(CC)c3ccc(C(=O)[O-])c(F)c32)c2cc(C(=O)[O-])ccc12,CC1C=C(C(=O)[O-])C(C(=O)O)=C(C(=O)[O-])C(C(=O)[O-])=C1CC(=O)O,0.371,0.12,YES,YES,1.6326,NO,NO,NO,NO,NO
Self-RAG,42,368,O=C(O)c1cccc(Oc2cccc(C(=O)O)c2C(=O)[O-])c1.O=C(O)c1cccc(Oc2cccc(C(=O)O)c2C(=O)[O-])c1,O=C(O)c1cccc(Oc2cccc(C(=O)[O-])c2C(=O)[O-])c1,0.479,0.5,YES,YES,1.8796,YES,NO,NO,NO,NO
Self-RAG,42,369,O=C([O-])CN(CCN(CC(=O)[O-])CC(=O)[O-])CCN(CC(=O)O)CC(=O)O,NCC(=O)NCC(=O)[O-],0.575,0.285,YES,NO,0.648,YES,NO,NO,NO,NO
Self-RAG,42,370,c1ccc(SSc2ccccn2)nc1,c1cnc(SCSc2ncccn2)nc1INVALID,0.0,0.0,NO,NO,,NO,NO,NO,NO,NO
Self-RAG,42,371,Nc1ccc(C=Cc2ccc(N)cc2S(O)(O)O)c(S(O)(O)O)c1,OS(O)(O)c1cccc2c(S(O)(O)O)cccc12INVALID,0.0,0.0,NO,NO,,NO,NO,NO,NO,NO
Self-RAG,42,372,O=C([O-])c1cc(C(=O)[O-])c(C(=O)O)cc1C(=O)O,O=C([O-])c1ccc(C(=O)[O-])cc1,0.75,0.667,YES,NO,0.527,YES,YES,YES,NO,NO
Self-RAG,42,373,O=C(Nc1cccnc1)c1ccc(C(=O)Nc2cccnc2)s1,c1cc(-c2ccncc2)ccn1,0.375,0.253,YES,YES,1.5117,NO,NO,NO,NO,NO
Self-RAG,42,374,NC1=N[CH]NN1,Cn1nn[nH]c1=S,0.413,0.0,YES,YES,3.3063,NO,NO,NO,NO,NO
Self-RAG,42,375,O=C([O-])c1cc(C(=O)O)c(C(=O)[O-])cc1C(=O)O,O=C([O-])c1ccc(C(=O)[O-])cc1INVALID,0.0,0.0,NO,NO,,NO,NO,NO,NO,NO
Self-RAG,42,376,O=[N+]([O-])c1cncc([N+](=O)[O-])c1C#Cc1c([N+](=O)[O-])cncc1[N+](=O)[O-],N#Cc1cc([N+](=O)[O-])c(C#N)cc1[N+](=O)[O-],0.732,0.137,YES,YES,1.8343,YES,YES,YES,NO,NO
Self-RAG,42,377,O=C([O-])C(O)=C(O)C(=O)[O-],O=C([O-])C(=O)[O-],0.588,0.478,YES,YES,1.6999,YES,NO,NO,NO,NO
Self-RAG,42,378,C(#C[Si](C#Cc1cn[nH]c1)(C#CC1C=NN=C1)C#CC1C=NN=C1)C1=CN=N[CH]1,C(#CC#Cc1cn[nH]c1)C#CC1=CN=N[CH]1,0.828,0.232,YES,YES,5.2791,YES,YES,YES,NO,NO
Self-RAG,42,379,O=C([O-])CN1[CH]C=C(c2nnn[nH]2)C=C1,O=C([O-])C=Cc1ccc(-c2nnn[nH]2)cc1,0.674,0.366,YES,YES,2.0896,YES,YES,NO,NO,NO
Self-RAG,42,380,Nc1ccccc1S,c1ccc(SCSc2ccccn2)nc1,0.3,0.04,YES,NO,0.4578,NO,NO,NO,NO,NO
Self-RAG,42,381,O=C([O-])c1nc(-c2ccc3ccccc3c2)[nH]c1C(=O)[O-],O=C([O-])c1cc(N2[CH]N=CN2)cc(N2[CH]N=CN2)c1,0.429,0.276,YES,YES,1.2577,NO,NO,NO,NO,NO
Self-RAG,42,382,O=C(O)c1ccc(-c2ccc(-c3ccc(C(=O)O)cc3C(=O)[O-])cc2)c(C(=O)[O-])c1,O=C([O-])c1ccc(C(=O)[O-])cc1,0.632,0.292,YES,NO,1.6024,YES,YES,NO,NO,NO
Self-RAG,42,383,c1ccc(-c2cc(-c3ccncc3)nc(-c3ccncc3)c2)nc1,c1ccc(-c2nnc(-c3ccncc3)[nH]2)nc1,0.583,0.279,YES,YES,3.7666,YES,NO,NO,NO,NO
Self-RAG,42,384,CSc1nccs1,O=P(O)(O)c1ccccn1,0.222,0.0,YES,YES,1.6177,NO,NO,NO,NO,NO
Self-RAG,42,385,O=C([O-])C1CCC(C(=O)[O-])CC1,O=C([O-])C1CC(C(=O)O)C(C(=O)[O-])CC1C(=O)O,0.6,0.667,YES,YES,1.6611,YES,YES,NO,NO,NO
Self-RAG,42,386,c1c[nH]cn1,c1nnn[nH]1,0.65,0.0,YES,YES,3.0895,YES,YES,NO,NO,NO
Self-RAG,42,387,c1ccc(-c2nnc(-c3ccncc3)[nH]2)nc1,C1=NN=CC1c1ccc(-c2cn[nH]c2)cc1,0.643,0.092,YES,YES,2.2686,YES,YES,NO,NO,NO
Self-RAG,42,388,O=C([O-])c1cccc(-c2c3nc(c(-c4cccc(C(=O)[O-])c4)c4ccc([nH]4)c(-c4cccc(C(=O)[O-])c4)c4nc(c(-c5cccc(C(=O)[O-])c5)c5ccc2[nH]5)C=C4)C=C3)c1,O=C([O-])c1ccc(-c2nc3c4cccnc4c4ncccc4c3[nH]2)cc1,0.686,0.143,YES,YES,1.5625,YES,YES,NO,NO,NO
Self-RAG,42,389,O=C([O-])c1cc2c(cc1C(=O)[O-])C(=O)c1ccccc1C2=O,O=C([O-])c1ccc2cc(C(=O)[O-])ccc2c1,0.762,0.588,YES,YES,1.7037,YES,YES,YES,NO,NO
Self-RAG,42,390,Cc1cc2ccc3nc(C)ccc3c2cn1,CC=CC1=CC=Cc2cc(-c3cn[nH]c3)ccc2C12C=NN=C2,0.361,0.249,YES,YES,2.2766,NO,NO,NO,NO,NO
Self-RAG,42,391,Nc1nc2ccccc2[nH]1,c1ccc2c(c1)ncn2Cn1cnc2ccccc21,0.5,0.466,YES,NO,4.0295,YES,NO,NO,NO,NO
Self-RAG,42,392,O=C([O-])CCC(=O)[O-],O=C([O-])CCC(=O)[O-]INVALID,0.0,0.0,NO,NO,,NO,NO,NO,NO,NO
Self-RAG,42,393,CNC12C3C4C5C3(C#CC(=O)[O-])C1C5(NC)C42C#CC(=O)[O-],CNC12C3C4C5C3(C#CC(=O)[O-])C1C5(NC)C42C#CC(=O)[O-]INVALID,0.0,0.0,NO,NO,,NO,NO,NO,NO,NO
Self-RAG,42,394,O=C([O-])c1ccc(-c2ccccc2)cc1,C=CC(=CC=CNCC1=CC=CC1)C(=O)[O-],0.269,0.162,YES,YES,0.994,NO,NO,NO,NO,NO
Self-RAG,42,395,CCCOc1c(C(=O)[O-])ccc2c(OCCC)c(C(=O)[O-])ccc12,CCCOc1c(C(=O)[O-])ccc2c(OCCC)c(C(=O)[O-])ccc12INVALID,0.0,0.0,NO,NO,,NO,NO,NO,NO,NO
Self-RAG,42,396,CN1c2cncc(n2)N(C)c2cncc(n2)N(C)c2cncc(n2)N(C)c2cncc1n2,C1=CC2C=CC1CSCc1cccc(c1)CS2,0.189,0.0,YES,YES,3.6061,NO,NO,NO,NO,NO
Self-RAG,42,397,CC(C(=O)[O-])C(=O)[O-],CC(C(=O)[O-])C(=O)[O-]INVALID,0.0,0.0,NO,NO,,NO,NO,NO,NO,NO
Self-RAG,42,398,O=C([O-])C(F)=C(F)C(=O)[O-],O=C([O-])C(F)=C(F)C(=O)[O-]INVALID,0.0,0.0,NO,NO,,NO,NO,NO,NO,NO
Self-RAG,42,399,O=C([O-])c1ccc(Oc2ccc(C(=O)[O-])c(C(=O)[O-])c2)cc1C(=O)[O-],O=C([O-])c1ccc(Oc2ccc(C(=O)[O-])c(C(=O)[O-])c2)cc1C(=O)[O-]INVALID,0.0,0.0,NO,NO,,NO,NO,NO,NO,NO
Self-RAG,123,0,O=C([O-])c1cc[n+]([O-])cc1,O=C([O-])c1cccc(C(=O)[O-])[n+]1[O-],0.794,0.538,YES,NO,0.5083,YES,YES,YES,NO,NO
Self-RAG,123,1,O=C([O-])c1cc(C(=O)[O-])cc(S(O)(O)O)c1,O=C([O-])c1cc(C(=O)[O-])cc(S(O)(O)O)c1,1.0,1.0,YES,YES,1.3412,YES,YES,YES,YES,YES
Self-RAG,123,2,O=C([O-])C1C(C(=O)[O-])C(C(=O)[O-])C(C(=O)[O-])C(C(=O)[O-])C1C(=O)[O-],O=C([O-])C1C(C(=O)[O-])C(C(=O)[O-])C1C(=O)[O-],0.846,0.15,YES,NO,2.5036,YES,YES,YES,NO,NO
Self-RAG,123,3,O=C(O)CC(O)(CC(=O)O)C(=O)[O-],O=C([O-])CC(O)(CC(=O)[O-])C(=O)[O-],0.857,1.0,YES,NO,1.7925,YES,YES,YES,YES,YES
Self-RAG,123,4,O=C([O-])c1cc(S(=O)(=O)c2ccc(C(=O)[O-])c(C(=O)O)c2)ccc1C(=O)O,O=C([O-])c1cc(C(=O)[O-])cc(S(O)(O)O)c1,0.7,0.365,YES,YES,1.0673,YES,YES,YES,NO,NO
Self-RAG,123,5,c1nc[nH]n1,c1nnc[nH]1,0.944,1.0,YES,NO,2.3609,YES,YES,YES,YES,YES
Self-RAG,123,6,C1CCSC1,C1CCSC1,1.0,1.0,YES,YES,0.9264,YES,YES,YES,YES,YES
Self-RAG,123,7,O=C([O-])c1cc([N+](=O)[O-])c2c([N+](=O)[O-])c(C(=O)[O-])cc([N+](=O)[O-])c2c1[N+](=O)[O-],O=C([O-])c1c([N+](=O)[O-])c([N+](=O)[O-])c(C(=O)[O-])c2cc([N+](=O)[O-])c([N+](=O)[O-])cc12,0.949,0.669,YES,YES,0.9087,YES,YES,YES,YES,YES
Self-RAG,123,8,O=C1C(=O)C(Cl)C(=O)C(=O)C1Cl,O=C1C(=O)C(Cl)C(=O)C(=O)C1Cl,1.0,1.0,YES,YES,1.5704,YES,YES,YES,YES,YES
Self-RAG,123,9,O=C([O-])c1cc(N2[CH]N=CN2)cc(N2[CH]N=CN2)c1,Cc1c(CN2[CH]N=CN2)c(C)c(Cn2cncn2)c(C)c1CN1[CH]N=CN1,0.529,0.249,YES,YES,1.8965,YES,NO,NO,NO,NO
Self-RAG,123,10,C1CNCCN1,c1cnccn1,0.333,1.0,YES,YES,0.7753,YES,YES,YES,YES,YES
Self-RAG,123,11,O=C([O-])c1c(F)c(F)c(C(=O)[O-])c2cc(F)c(F)cc12,O=C([O-])c1c(F)c(F)c(C(=O)[O-])c2cc(F)c(F)cc12,1.0,1.0,YES,YES,0.7136,YES,YES,YES,YES,YES
Self-RAG,123,12,O=C1C([N+](=O)[O-])=CC([N+](=O)[O-])C(O)=C1[N+](=O)[O-],O=C(O)C1=CC([N+](=O)[O-])=CC([N+](=O)[O-])C1=O,0.95,0.212,YES,YES,1.4595,YES,YES,YES,YES,YES
Self-RAG,123,13,O=C([O-])c1ccc(C(=O)[O-])c2ccccc12,O=C([O-])c1ccc(C(=O)[O-])cc1INVALID,0.0,0.0,NO,NO,,NO,NO,NO,NO,NO
Self-RAG,123,14,c1nnnn1CCn1cnnn1,c1nnnn1CCCCn1cnnn1,0.969,0.487,YES,NO,1.4133,YES,YES,YES,YES,YES
Self-RAG,123,15,O=C([O-])c1cc([N+](=O)[O-])c(C(=O)[O-])cc1[N+](=O)[O-],O=C([O-])c1cc([N+](=O)[O-])c(C(=O)[O-])cc1[N+](=O)[O-],1.0,1.0,YES,YES,0.7121,YES,YES,YES,YES,YES
Self-RAG,123,16,O=C([O-])c1ccccc1C(=O)[O-],O=C([O-])c1cc(C(=O)[O-])c(C(=O)[O-])cc1C(=O)[O-],1.0,0.667,YES,NO,1.2267,YES,YES,YES,YES,YES
Self-RAG,123,17,CCCn1cnc2c1NC=NC2Cl,CCN1C(=O)[CH]C(=O)N(CC)C1=S,0.323,0.196,YES,NO,2.9455,NO,NO,NO,NO,NO
Self-RAG,123,18,O=C([O-])CCN1[CH]C=C(C2=C[CH]N(CCC(=O)[O-])C=C2)C=C1,O=C([O-])c1ccccc1F,0.182,0.117,YES,NO,1.1993,NO,NO,NO,NO,NO
Self-RAG,123,19,O=C([O-])c1cc(C(=O)[O-])cc(-c2cc(C(=O)[O-])cc(C(=O)[O-])c2)c1,O=C([O-])c1ccc(C(=O)[O-])cc1,0.8,0.369,YES,NO,1.7811,YES,YES,YES,NO,NO
Self-RAG,123,20,O=C([O-])C=Cc1ccncc1,O=C([O-])[CH][CH]c1ccccn1,0.875,0.545,YES,NO,2.4872,YES,YES,YES,YES,NO
Self-RAG,123,21,O=C([O-])c1ccc(C#Cc2ccc(C(=O)[O-])cc2)cc1,O=C([O-])c1ccc(-c2ccc(C(=O)[O-])cc2)cc1INVALID,0.0,0.0,NO,NO,,NO,NO,NO,NO,NO
Self-RAG,123,22,C(c1nnn[nH]1)c1nnn[nH]1,O=C(O)CC(O)C(=O)O.O=C([O-])COC(O)C(O)C(O)C(=O)O,0.047,0.027,YES,YES,0.4728,NO,NO,NO,NO,NO
Self-RAG,123,23,O=C([O-])c1cc(O)c(C(=O)[O-])cc1O,O=C([O-])c1cc(O)c(C(=O)[O-])cc1OINVALID,0.0,0.0,NO,NO,,NO,NO,NO,NO,NO
Self-RAG,123,24,CCc1c(C#N)c(CC)c(CC)c(C#N)c1CC,CCCc1c(C#N)c(CCC)c(CCC)c(C#N)c1CC,0.842,0.857,YES,YES,2.4316,YES,YES,YES,YES,NO
Self-RAG,123,25,O=C([O-])c1cncc(O)c1,O=C([O-])c1cncc(F)c1,0.577,0.9,YES,NO,0.6846,YES,YES,YES,YES,YES
Self-RAG,123,26,O=C([O-])c1cccc(C(=O)[O-])n1,O=C([O-])c1cccnc1C(=O)[O-],0.864,0.75,YES,YES,0.6173,YES,YES,YES,YES,NO
Self-RAG,123,27,O=C([O-])c1cncc(-c2ccccc2C(=O)[O-])c1,O=C([O-])c1cccnc1C(=O)[O-],0.8,0.489,YES,NO,1.1482,YES,YES,YES,NO,NO
Self-RAG,123,28,Cc1cc(C#Cc2cc(C)c(C(=O)[O-])c(C)c2)cc(C)c1C(=O)[O-],Cc1cc(-c2ccc(C(=O)[O-])c(C)c2)ccc1C(=O)[O-],0.857,0.41,YES,YES,6.7084,YES,YES,YES,YES,NO
Self-RAG,123,29,c1cn(Cc2cc(Cn3ccnc3)c(Cn3ccnc3)cc2Cn2ccnc2)cn1,c1cc(Cn2ccnc2)cc(Cn2ccnc2)c1,0.889,0.595,YES,NO,1.6111,YES,YES,YES,YES,NO
Self-RAG,123,30,Nc1cc(C(=O)[O-])ccc1-c1ccc(C(=O)[O-])cc1N,O=C([O-])c1ccccc1O,0.375,0.441,YES,NO,6.1628,NO,NO,NO,NO,NO
Self-RAG,123,31,O=C([O-])c1ccc(-c2ccc(C(=O)[O-])cc2O)c(O)c1,Nc1cc(C(=O)[O-])ccc1-c1ccc(C(=O)[O-])cc1N,0.581,0.902,YES,YES,3.4555,YES,YES,YES,YES,YES
Self-RAG,123,32,O=C([O-])c1nccnc1C(=O)[O-],O=C([O-])c1cnccn1,0.8,0.75,YES,YES,0.8899,YES,YES,YES,NO,NO
Self-RAG,123,33,COc1cc(C(=O)[O-])ccc1C#Cc1cc(OC)c(C(=O)[O-])cc1-c1ccccc1,COc1cc(C#CC(=O)[O-])c(OC)c(OC)c1C#CC(=O)[O-],0.828,0.357,YES,YES,1.3599,YES,YES,YES,NO,NO
Self-RAG,123,34,O=C([O-])c1c(F)c(F)c(C(=O)[O-])c2c(F)c(F)c(F)c(F)c12,O=C([O-])c1c(F)c(F)c(C(=O)[O-])c(F)c1F,0.818,0.625,YES,YES,0.73,YES,YES,YES,NO,NO
Self-RAG,123,35,O=C([O-])c1cnc(C(=O)[O-])cn1,O=C([O-])c1ccc(C(=O)[O-])o1,0.429,0.3,YES,YES,1.2514,NO,NO,NO,NO,NO
Self-RAG,123,36,O=C([O-])c1ccc(Oc2cc(Oc3ccc(C(=O)[O-])cc3)cc(C(=O)[O-])c2)cc1,O=C([O-])c1ccc(Oc2cc(Oc3ccc(C(=O)[O-])cc3)cc(C(=O)[O-])c2)cc1,1.0,1.0,YES,YES,0.5473,YES,YES,YES,YES,YES
Self-RAG,123,37,O=C([O-])c1ccc(-c2cc(C(=O)[O-])cc(C(=O)[O-])c2)cc1,O=C([O-])c1ccc(C(=O)[O-])cc1,0.8,0.421,YES,YES,0.772,YES,YES,YES,NO,NO
Self-RAG,123,38,O=C([O-])c1cc(F)c(C(=O)[O-])cc1F,O=C([O-])c1c(F)c(F)c(C(=O)[O-])c2cc(F)c(F)cc12,0.818,0.638,YES,YES,1.3461,YES,YES,YES,NO,NO
Self-RAG,123,39,[CH](NN[CH]c1ccncc1)c1ccncc1,c1cn(CCCCn2ccnc2)cn1,0.278,0.037,YES,YES,1.4588,NO,NO,NO,NO,NO
Self-RAG,123,40,O=C([O-])c1ccccc1C(=O)O,O=C([O-])c1cccc(C(=O)O)c1,0.867,0.75,YES,NO,3.0629,YES,YES,YES,YES,NO
Self-RAG,123,41,CC(CCC(=O)[O-])C(=O)[O-],O=C([O-])CCCCC(=O)[O-],0.765,0.687,YES,NO,2.1182,YES,YES,YES,NO,NO
Self-RAG,123,42,O=C([O-])c1cc(S(O)(O)O)c(C(=O)[O-])c2c1CC2,O=C([O-])c1ccc(C(=O)[O-])c(S(O)(O)O)c1,0.878,0.87,YES,YES,3.7763,YES,YES,YES,YES,NO
Self-RAG,123,43,CNC1(F)CC2(C#CC(=O)[O-])CCC1(C#CC(=O)[O-])CC2,CCC1CC2(C#CC(=O)[O-])CCC1(C#CC(=O)[O-])CC2O,0.6,0.86,YES,NO,0.6936,YES,YES,YES,YES,NO
Self-RAG,123,44,Cc1nccn1Cc1ccncc1,c1cn(Cc2ccc(-n3ccnc3)cc2)cn1,0.719,0.394,YES,YES,1.5635,YES,YES,YES,NO,NO
Self-RAG,123,45,c1cn(Cc2ccc(Cn3ccnc3)cc2)cn1,c1ncn(Cc2ccc(Cn3cncn3)cc2)n1,0.733,0.533,YES,NO,1.196,YES,YES,YES,NO,NO
Self-RAG,123,46,c1cncnc1,c1cnccn1,0.769,0.0,YES,YES,0.8877,YES,YES,YES,NO,NO
Self-RAG,123,47,CCC12C3C4(C(=O)[O-])C5(CC)C(C1(C(=O)[O-])C35[N+](=O)[O-])C24[N+](=O)[O-],O=C([O-])C1C(I)CC2(C(=O)[O-])CC1CC2I,0.312,0.471,YES,YES,1.4357,NO,NO,NO,NO,NO
Self-RAG,123,48,O=C([O-])CN(CC(=O)[O-])CC(=O)[O-],O=C([O-])CCC(=O)[O-],0.478,0.285,YES,YES,1.3653,NO,NO,NO,NO,NO
Self-RAG,123,49,c1cn(-c2ccc(NNc3ccc(-n4ccnc4)cc3)cc2)cn1,c1cn(-c2ccc(-n3ccnc3)cc2)cn1,0.742,0.453,YES,YES,1.7728,YES,YES,YES,NO,NO
Self-RAG,123,50,Nc1cc(C#Cc2cc(N)c(C(=O)[O-])c(N)c2)cc(N)c1C(=O)[O-],O=C([O-])C1=CC=C2C=C(Br)C(=CC=C(CBr)C(=O)[O-])C2C=C1,0.256,0.148,YES,YES,6.7536,NO,NO,NO,NO,NO
Self-RAG,123,51,CCc1cc2c(cc(CC)c3ccc(C(=O)[O-])c(F)c32)c2cc(C(=O)[O-])ccc12,CCCOC=Cc1ccc(C(=O)[O-])cc1C=CC=CC=C1OCC2C=C=C(C=CCCOC(OCCC)=CC=CC=CC(F)=C1C(=O)[O-])OC2,0.5,0.177,YES,YES,1.9394,YES,NO,NO,NO,NO
Self-RAG,123,52,O=C(O)c1cccc(Oc2cccc(C(=O)O)c2C(=O)[O-])c1.O=C(O)c1cccc(Oc2cccc(C(=O)O)c2C(=O)[O-])c1,O=C([O-])c1ccc(Oc2ccc(C(=O)[O-])cc2)cc1,0.396,0.299,YES,NO,1.5506,NO,NO,NO,NO,NO
Self-RAG,123,53,O=C([O-])CN(CCN(CC(=O)[O-])CC(=O)[O-])CCN(CC(=O)O)CC(=O)O,NCC(=O)NCC(=O)[O-],0.575,0.285,YES,NO,0.6616,YES,NO,NO,NO,NO
Self-RAG,123,54,c1ccc(SSc2ccccn2)nc1,c1cnc(SCSc2ncccn2)nc1,0.667,0.105,YES,NO,0.5445,YES,YES,NO,NO,NO
Self-RAG,123,55,Nc1ccc(C=Cc2ccc(N)cc2S(O)(O)O)c(S(O)(O)O)c1,O=P(O)(O)c1ccc(-c2ccc(P(=O)(O)O)cc2)cc1,0.444,0.246,YES,YES,0.4906,NO,NO,NO,NO,NO
Self-RAG,123,56,O=C([O-])c1cc(C(=O)[O-])c(C(=O)O)cc1C(=O)O,O=C([O-])c1cc(C(=O)[O-])c(C(=O)O)cc1C(=O)O,1.0,1.0,YES,YES,1.0756,YES,YES,YES,YES,YES
Self-RAG,123,57,O=C(Nc1cccnc1)c1ccc(C(=O)Nc2cccnc2)s1,O=C(Nc1ccncc1)c1ccc(C(=O)Nc2ccncc2)cc1,0.781,0.242,YES,NO,1.6297,YES,YES,YES,NO,NO
Self-RAG,123,58,NC1=N[CH]NN1,Nc1nnc(N)[nH]1,0.75,0.229,YES,YES,3.2552,YES,YES,YES,NO,NO
Self-RAG,123,59,O=C([O-])c1cc(C(=O)O)c(C(=O)[O-])cc1C(=O)O,O=C([O-])c1cc(C(=O)O)c(C(=O)[O-])cc1C(=O)O,1.0,1.0,YES,YES,1.4845,YES,YES,YES,YES,YES
Self-RAG,123,60,O=[N+]([O-])c1cncc([N+](=O)[O-])c1C#Cc1c([N+](=O)[O-])cncc1[N+](=O)[O-],N#Cc1cc([N+](=O)[O-])c(C#N)cc1[N+](=O)[O-],0.732,0.137,YES,YES,1.8343,YES,YES,YES,NO,NO
Self-RAG,123,61,O=C([O-])C(O)=C(O)C(=O)[O-],O=C([O-])C(O)=C(O)C(=O)[O-],1.0,1.0,YES,YES,1.6891,YES,YES,YES,YES,YES
Self-RAG,123,62,C(#C[Si](C#Cc1cn[nH]c1)(C#CC1C=NN=C1)C#CC1C=NN=C1)C1=CN=N[CH]1,C(#CC(C#Cc1cn[nH]c1)(C#CC1C=NN=C1)C#CC1C=NN=C1)c1cn[nH]c1,0.656,0.232,YES,YES,4.4646,YES,YES,NO,NO,NO
Self-RAG,123,63,O=C([O-])CN1[CH]C=C(c2nnn[nH]2)C=C1,O=C([O-])C=Cc1ccc(-c2nnn[nH]2)cc1,0.674,0.366,YES,YES,2.0896,YES,YES,NO,NO,NO
Self-RAG,123,64,Nc1ccccc1S,c1ccc(SCSc2ccccn2)nc1,0.3,0.04,YES,NO,0.4346,NO,NO,NO,NO,NO
Self-RAG,123,65,O=C([O-])c1nc(-c2ccc3ccccc3c2)[nH]c1C(=O)[O-],O=C([O-])c1cc(Cn2cnc3ccccc32)cc(C(=O)[O-])c1,0.643,0.264,YES,NO,1.6175,YES,YES,NO,NO,NO
Self-RAG,123,66,O=C(O)c1ccc(-c2ccc(-c3ccc(C(=O)O)cc3C(=O)[O-])cc2)c(C(=O)[O-])c1,O=C([O-])c1cc(C(=O)[O-])nc(-c2nc(C(=O)[O-])ccc2C(=O)O)c1,0.6,0.118,YES,YES,1.7689,YES,YES,NO,NO,NO
Self-RAG,123,67,c1ccc(-c2cc(-c3ccncc3)nc(-c3ccncc3)c2)nc1,C=CC=CC=C1C=CC=C(c2ccncc2)C=NC=C2NC=C(N=C1)C(=CC)c1cnccc12,0.467,0.199,YES,YES,3.7653,NO,NO,NO,NO,NO
Self-RAG,123,68,CSc1nccs1,O=P(O)(O)Cc1ccncc1,0.179,0.055,YES,YES,1.5843,NO,NO,NO,NO,NO
Self-RAG,123,69,O=C([O-])C1CCC(C(=O)[O-])CC1,O=C([O-])C1CC(C(=O)O)C(C(=O)[O-])CC1C(=O)O,0.6,0.667,YES,YES,1.6611,YES,YES,NO,NO,NO
Self-RAG,123,70,c1c[nH]cn1,c1nnn[nH]1,0.65,0.0,YES,YES,3.0895,YES,YES,NO,NO,NO
Self-RAG,123,71,c1ccc(-c2nnc(-c3ccncc3)[nH]2)nc1,c1ccc(-c2nnc(-c3ccncc3)[nH]2)nc1,1.0,1.0,YES,YES,2.3678,YES,YES,YES,YES,YES
Self-RAG,123,72,O=C([O-])c1cccc(-c2c3nc(c(-c4cccc(C(=O)[O-])c4)c4ccc([nH]4)c(-c4cccc(C(=O)[O-])c4)c4nc(c(-c5cccc(C(=O)[O-])c5)c5ccc2[nH]5)C=C4)C=C3)c1,O=C([O-])c1ccc(-c2nc3c4cccnc4c4ncccc4c3[nH]2)cc1,0.686,0.143,YES,YES,1.5625,YES,YES,NO,NO,NO
Self-RAG,123,73,O=C([O-])c1cc2c(cc1C(=O)[O-])C(=O)c1ccccc1C2=O,O=C([O-])c1ccccc1I,0.44,0.395,YES,NO,1.8559,NO,NO,NO,NO,NO
Self-RAG,123,74,Cc1cc2ccc3nc(C)ccc3c2cn1,Cc1cc(-c2ccnc(C)c2)ccn1,0.833,0.418,YES,YES,1.5733,YES,YES,YES,NO,NO
Self-RAG,123,75,Nc1nc2ccccc2[nH]1,Nc1nnn[nH]1,0.667,0.156,YES,NO,3.0799,YES,YES,NO,NO,NO
Self-RAG,123,76,O=C([O-])CCC(=O)[O-],O=C([O-])CC(=O)[O-],0.786,0.604,YES,YES,0.4617,YES,YES,YES,NO,NO
Self-RAG,123,77,CNC12C3C4C5C3(C#CC(=O)[O-])C1C5(NC)C42C#CC(=O)[O-],CNC12C3C4C5C(C41C#CC(=O)[O-])C2(NC)C53C#CC(=O)[O-],0.879,0.915,YES,YES,1.2898,YES,YES,YES,YES,YES
Self-RAG,123,78,O=C([O-])c1ccc(-c2ccccc2)cc1,O=C([O-])c1cccc(-c2cccnc2)c1,0.706,0.585,YES,YES,1.3365,YES,YES,YES,NO,NO
Self-RAG,123,79,CCCOc1c(C(=O)[O-])ccc2c(OCCC)c(C(=O)[O-])ccc12,CCCOC=Cc1cc(C(=O)[O-])ccc1C(C=COCCC)c1cc(C(=O)[O-])ccc1OCCC,0.865,0.311,YES,YES,1.788,YES,YES,YES,YES,NO
Self-RAG,123,80,CN1c2cncc(n2)N(C)c2cncc(n2)N(C)c2cncc(n2)N(C)c2cncc1n2,CC=CC(C=CC1=CC=CC1)N(c1ccc(-c2ccncc2)cc1)c1ccc(-c2ccncc2)cc1,0.559,0.017,YES,YES,3.6451,YES,NO,NO,NO,NO
Self-RAG,123,81,CC(C(=O)[O-])C(=O)[O-],O=C([O-])CC(O)C(=O)[O-],0.588,0.65,YES,NO,2.9616,YES,YES,NO,NO,NO
Self-RAG,123,82,O=C([O-])C(F)=C(F)C(=O)[O-],O=C([O-])C(O)=C(O)C(=O)[O-],0.55,0.791,YES,YES,1.5919,YES,YES,YES,NO,NO
Self-RAG,123,83,O=C([O-])c1ccc(Oc2ccc(C(=O)[O-])c(C(=O)[O-])c2)cc1C(=O)[O-],O=C([O-])c1ccc(Oc2ccc(C(=O)[O-])c(C(=O)[O-])c2)cc1C(=O)[O-],1.0,1.0,YES,YES,1.9915,YES,YES,YES,YES,YES
Self-RAG,123,84,Cc1cc(OCC(=O)[O-])cc(C(=O)[O-])c1,O=C([O-])c1cc[n+]([O-])cc1,0.351,0.24,YES,YES,4.3014,NO,NO,NO,NO,NO
Self-RAG,123,85,O=C([O-])c1sc2c(C(=O)O)c(C(=O)[O-])sc2c1C(=O)O,O=C([O-])c1cc(C(=O)O)c(C(=O)[O-])cc1F,0.467,0.177,YES,YES,4.7274,NO,NO,NO,NO,NO
Self-RAG,123,86,Cc1nc(C)c(C(=O)[O-])c(C=Cc2ccccc2)c1C(=O)[O-],O=C([O-])c1cccc(F)c1C(=O)[O-],0.467,0.313,YES,NO,1.4803,NO,NO,NO,NO,NO
Self-RAG,123,87,Cc1c(C)c(C(=O)[O-])c(C)c(C)c1C(=O)[O-],Nc1cc(C(=O)[O-])cc(C(=O)[O-])c1,0.5,0.625,YES,NO,0.7593,YES,YES,NO,NO,NO
Self-RAG,123,88,O=C([O-])CO,O=C([O-])CCC(=O)[O-],0.5,0.471,YES,YES,0.3625,YES,NO,NO,NO,NO
Self-RAG,123,89,O=C([O-])c1ccc(-c2ccc(C(=O)[O-])c(C(=O)O)c2)cc1C(=O)O,O=C([O-])c1cc(C(=O)O)c(C#Cc2c(C(=O)O)cc(C(=O)[O-])cc2C(=O)O)c(C(=O)O)c1,0.9,0.309,YES,NO,2.4152,YES,YES,YES,YES,YES
Self-RAG,123,90,Cc1cc(-n2ccnc2)c(C)cc1-n1ccnc1,c1ccc(-c2nc(-c3ccccn3)c(-c3ccccn3)nc2-c2ccccn2)nc1,0.5,0.0,YES,YES,2.3177,YES,NO,NO,NO,NO
Self-RAG,123,91,O=P(O)(O)CCSc1ccncc1,CCC(C(=O)[O-])N(C)CC(=O)[O-],0.14,0.123,YES,YES,1.4957,NO,NO,NO,NO,NO
Self-RAG,123,92,O=C([O-])C1=NC(c2cncc(Br)c2)=NC1C(=O)O,O=CC1=CC(Cc2ccc(C(=O)O)cc2)=C(C(=O)[O-])C1=CC1=CC(=CC(=O)[O-])C=CO1,0.378,0.114,YES,YES,1.9518,NO,NO,NO,NO,NO
Self-RAG,123,93,[CH]1N=NC=C1c1ccc([Si](c2ccc(-c3cn[nH]c3)cc2)(c2ccc(C3C=NN=C3)cc2)c2ccc(C3C=NN=C3)cc2)cc1,C1=NN=CC1C12C3C4C1C1C2C3C41Cc1cn[nH]c1INVALID,0.0,0.0,NO,NO,,NO,NO,NO,NO,NO
Self-RAG,123,94,CCOC1(Br)c2c(C(=O)[O-])c(Br)cc(C(=O)[O-])c2C1Br,O=C([O-])C=C(F)C(F)=C(C=CC(F)=C(CF)c1c(F)c(F)c(C(=O)[O-])c(F)c1F)CF,0.528,0.323,YES,YES,1.9046,YES,NO,NO,NO,NO
Self-RAG,123,95,CCCOC1CC2(C#CC(=O)[O-])CCC1(C#CC(=O)[O-])CC2,CCCC1(C)C(C)=C(C#N)C=C(C(=O)[O-])C=CC(C#N)=Cc2cc(C(=O)[O-])ccc21,0.467,0.296,YES,YES,1.0845,NO,NO,NO,NO,NO
Self-RAG,123,96,N#CC(C(=O)[O-])=C(C=CC(=O)[O-])c1ccccc1,CCCc1cc(C(=O)[O-])ccc1NNc1ccc(C(=O)[O-])cc1,0.31,0.342,YES,YES,1.5504,NO,NO,NO,NO,NO
Self-RAG,123,97,O=C([O-])C=CC=CC(=O)[O-],O=C([O-])C=CC=CC(=O)[O-],1.0,1.0,YES,YES,1.3489,YES,YES,YES,YES,YES
Self-RAG,123,98,CCOP(=O)(Cc1c(C)c(C)c(CP(=O)(OCC)OCC)c(C)c1C)OCC,CCCCS(=O)CC1CCCCC1,0.349,0.25,YES,YES,1.6918,NO,NO,NO,NO,NO
Self-RAG,123,99,[CH]1N=CNN1CCCCCCn1cncn1,c1ncn(CCCCn2cncn2)n1,0.769,0.549,YES,NO,2.3422,YES,YES,YES,NO,NO
Self-RAG,123,100,O=P(O)(O)O,O=[PH](O)O,0.824,0.78,YES,YES,1.0962,YES,YES,YES,NO,NO
Self-RAG,123,101,O=C([O-])c1cc(C(=O)O)c(C(=O)[O-])c2c1CC2,O=C([O-])c1cc(C(=O)[O-])cc(S(O)(O)O)c1,0.317,0.69,YES,YES,2.2351,YES,YES,NO,NO,NO
Self-RAG,123,102,O=C([O-])c1cc(Cn2nnc3ccccc32)cc(C(=O)[O-])c1,O=C([O-])c1ccccc1-c1ccccc1C(=O)[O-],0.318,0.395,YES,YES,1.5712,NO,NO,NO,NO,NO
Self-RAG,123,103,O=C([O-])c1c(F)cc(C=Cc2cc(F)c(C(=O)[O-])c(F)c2)cc1F,O=C([O-])C=C(O)C(O)=C(C=CC(O)=C1C(=C(O)C(O)=C(CO)C(=O)[O-])C1OCO)COC(O)=CO,0.279,0.074,YES,YES,6.9295,NO,NO,NO,NO,NO
Self-RAG,123,104,Nc1c(N)c(C(=O)[O-])c(N)c(N)c1C#Cc1c(N)c(N)c(C(=O)[O-])c(N)c1N,O=C([O-])c1c(Cl)c(Cl)c(C#Cc2c(Cl)c(Cl)c(C(=O)[O-])c(Cl)c2Cl)c(Cl)c1ClINVALID,0.0,0.0,NO,NO,,NO,NO,NO,NO,NO
Self-RAG,123,105,NCC(=O)[O-],NCC(=O)[O-],1.0,1.0,YES,YES,0.302,YES,YES,YES,YES,YES
Self-RAG,123,106,O=C([O-])c1nc[nH]c1C(=O)[O-],O=C([O-])c1nc[nH]c1C(=O)[O-]INVALID,0.0,0.0,NO,NO,,NO,NO,NO,NO,NO
Self-RAG,123,107,O=C([O-])c1ccc(C#Cc2ccc(C(=O)[O-])cc2Cl)c(Cl)c1,O=C([O-])c1ccc(C#Cc2ccc(C(=O)[O-])cc2Cl)c(Cl)c1,1.0,1.0,YES,YES,3.9256,YES,YES,YES,YES,YES
Self-RAG,123,108,O=C([O-])c1cncc(OCOc2cncc(C(=O)[O-])c2)c1,O=C([O-])c1cccc(-n2ccc(=O)cc2)c1C(=O)[O-]INVALID,0.0,0.0,NO,NO,,NO,NO,NO,NO,NO
Self-RAG,123,109,O=C([O-])c1ccc(-n2ccc(=O)cc2)cc1C(=O)[O-],O=C([O-])c1cccc(-n2ccc(=O)cc2)c1C(=O)[O-],1.0,0.845,YES,YES,2.1485,YES,YES,YES,YES,YES
Self-RAG,123,110,CCc1cc(-c2ccc(C(=O)[O-])cc2)ccc1C(=O)[O-],CCCC=CC(=C(C=CC=CC(=O)[O-])C(=O)[O-])c1ccc(-c2cc(CCC)c(C(=O)[O-])cc2CCC)cc1,0.714,0.479,YES,YES,1.5512,YES,YES,YES,NO,NO
Self-RAG,123,111,CCCC1=NN=CC1C#Cc1ccc(C#CC2=C(CCC)N=N[CH]2)cc1OC,CCCOC12C=CC3(C)C(C#Cc4cn[nH]c4)C1(OCCC)C3(F)C2INVALID,0.0,0.0,NO,NO,,NO,NO,NO,NO,NO
Self-RAG,123,112,CCC(C)COc1cc(C=Cc2ccncc2)c(OCC(C)CC)cc1C=Cc1ccncc1,CCCOC=C1C=C(c2ccncc2)C=C1Cc1ccncc1,0.575,0.201,YES,YES,0.6143,YES,NO,NO,NO,NO
Self-RAG,123,113,Cn1cnc(C(=O)[O-])c1C(=O)[O-],O=C([O-])c1cc([N+](=O)[O-])cc([N+](=O)[O-])c1,0.362,0.24,YES,YES,3.3691,NO,NO,NO,NO,NO
Self-RAG,123,114,O=S1(=O)CCCC1,O=C([O-])COCCC(O)C(CO)C(=O)[O-]INVALID,0.0,0.0,NO,NO,,NO,NO,NO,NO,NO
Self-RAG,123,115,Cc1nccn1CCCCn1ccnc1C,c1cn(CCCCn2ccnc2)cn1,0.765,0.878,YES,YES,1.393,YES,YES,YES,YES,NO
Self-RAG,123,116,O=C([O-])c1ccnc(-c2cc(C(=O)[O-])ccn2)c1,O=C([O-])c1cccnc1C(=O)[O-],0.643,0.326,YES,YES,1.1557,YES,YES,NO,NO,NO
Self-RAG,123,117,O=C([O-])c1cccc(-c2nccs2)c1,OS(O)(O)c1cccnc1,0.239,0.043,YES,NO,0.6996,NO,NO,NO,NO,NO
Self-RAG,123,118,NC(=S)c1cccc(C(N)=S)c1,O=C(O)c1ccc(Br)cc1O,0.121,0.583,YES,YES,2.2004,YES,NO,NO,NO,NO
Self-RAG,123,119,O=C([O-])c1ccc(N=Cc2ccccc2O)cc1,O=C([O-])c1cccc(-c2cccnc2)c1INVALID,0.0,0.0,NO,NO,,NO,NO,NO,NO,NO
Self-RAG,123,120,Nc1c(N)c(C(=O)[O-])c2ccccc2c1C(=O)[O-],O=C([O-])c1c(O)c(O)c(C(=O)[O-])c2ccccc12,0.541,0.891,YES,NO,0.6974,YES,YES,YES,YES,NO
Self-RAG,123,121,Cc1cc2ncn(CCCCn3cnc4cc(C)c(C)cc43)c2cc1C,O=C([O-])c1cc(-c2ccncc2)cc(-c2ccncc2)c1,0.25,0.258,YES,YES,1.9118,NO,NO,NO,NO,NO
Self-RAG,123,122,O=C([O-])c1c(O)c(O)c(C(=O)[O-])c2c(O)c(O)c(O)c(O)c12,O=C([O-])c1c(O)c(O)c(C(=O)[O-])c2c(O)c(O)c(O)c(O)c12,1.0,1.0,YES,YES,1.1019,YES,YES,YES,YES,YES
Self-RAG,123,123,O=C([O-])C12C3C4C1C1(S(O)(O)O)C2C3C41C(=O)[O-],CCC1C2C3C(CC)C4(c5ccccc5)C3(C#CC(=O)[O-])C2C14C(=O)[O-],0.4,0.441,YES,YES,1.6738,NO,NO,NO,NO,NO
Self-RAG,123,124,Cc1cnc(C)cn1,C=C1N=CC(CCCCCn2cncn2)=N1,0.244,0.099,YES,YES,0.6537,NO,NO,NO,NO,NO
Self-RAG,123,125,ON=C(c1ccncc1)c1ccccn1,COc1cccc2nnnn2c2ccc(N)cc2nc1,0.294,0.03,YES,YES,1.1362,NO,NO,NO,NO,NO
Self-RAG,123,126,CC(=O)N(C)C,c1c[nH]cn1,0.034,0.0,YES,YES,3.0891,NO,NO,NO,NO,NO
Self-RAG,123,127,c1cc(-c2ccncc2)ccn1,c1cc(-c2ccncc2)ccn1INVALID,0.0,0.0,NO,NO,,NO,NO,NO,NO,NO
Self-RAG,123,128,[CH](C=CC=C1C=NN=C1)c1cn[nH]c1,c1cc(CCCc2ccncc2)ccn1,0.276,0.17,YES,YES,4.9128,NO,NO,NO,NO,NO
Self-RAG,123,129,CC(=O)[CH]C(=O)c1ccc(-n2ccnc2)cc1,CC(=O)[CH]C(=O)c1ccc(-n2ccnc2)cc1,1.0,1.0,YES,YES,2.4951,YES,YES,YES,YES,YES
Self-RAG,123,130,O=C(Nc1cccnc1)c1cccnc1,c1cc(Sc2ccncc2)ccn1,0.414,0.39,YES,NO,1.3432,NO,NO,NO,NO,NO
Self-RAG,123,131,c1cc(CCCc2ccncc2)ccn1,c1cc(CCCc2ccncc2)ccn1,1.0,1.0,YES,YES,0.3258,YES,YES,YES,YES,YES
Self-RAG,123,132,Cc1cc2ncn(Cc3ccc(Cn4cnc5cc(C)c(C)cc54)cc3)c2cc1C,c1ccc2nc3ccccc3nc2c1,0.455,0.191,YES,NO,2.3551,NO,NO,NO,NO,NO
Self-RAG,123,133,Cc1ccc(SCN(CSc2ccc(C)cc2C)CSc2ccc(C)cc2C)c(C)c1,c1ccc2c(c1)nnn2OCCOn1cnnn1INVALID,0.0,0.0,NO,NO,,NO,NO,NO,NO,NO
Self-RAG,123,134,CC1c2nccc(-c3ccnc4c3C4C)c21,O=C([O-])C=CC(=CC=C1C2=CC(=CC(C(=O)[O-])=C1C(=O)O)C=CC=C2)C(=O)O,0.081,0.057,YES,YES,1.3412,NO,NO,NO,NO,NO
Self-RAG,123,135,O=C([O-])c1ccc(OCC(COc2ccc(C(=O)[O-])cc2)(COc2ccc(C(=O)[O-])cc2)COc2ccc(C(=O)O)cc2)cc1,O=C([O-])C=C1C=Cc2cc([nH][nH]c3ccc(C(=O)O)cc3c2=CC=CC(=O)O)=C1,0.28,0.195,YES,YES,1.6772,NO,NO,NO,NO,NO
Self-RAG,123,136,N#CC(C#N)C(=S)S,CC(=O)C(C#N)C(C)=O,0.125,0.533,YES,NO,0.2662,YES,NO,NO,NO,NO
Self-RAG,123,137,OC1(Cl)Cc2ncc(Cl)nc21,OS(O)(O)c1cnccc1C#Cc1ccncc1S(O)(O)O,0.25,0.027,YES,NO,2.5062,NO,NO,NO,NO,NO
Self-RAG,123,138,CC1(C)OC(CP(c2ccccc2)c2ccccc2)C(CP(c2ccccc2)c2ccccc2)O1,O=C([O-])C(CO)c1ccccc1,0.25,0.164,YES,YES,1.2561,NO,NO,NO,NO,NO
Self-RAG,123,139,Cc1ccc(S(=O)(=O)NC(CCC(=O)[O-])C(=O)[O-])cc1,O=C([O-])C=CC=CS(=O)(=O)c1ccc(C(=O)[O-])cc1,0.583,0.5,YES,YES,0.8037,YES,NO,NO,NO,NO
Self-RAG,123,140,O=C([O-])C1=C[CH]NC=C1C(=O)[O-],O=S(=O)(Cc1ccccn1)c1ccccn1,0.192,0.099,YES,NO,0.6611,NO,NO,NO,NO,NO
Self-RAG,123,141,O=C([O-])c1ccc(-c2cc3cc(c2)C(=O)[O][Cd][O]C3=O)cc1,O=C([O-])c1cc(OCOc2cc(C(=O)[O-])cc(C(=O)O)c2)cc(C(=O)O)c1,0.432,0.329,YES,NO,1.6073,NO,NO,NO,NO,NO
Self-RAG,123,142,O=P(O)(O)F,[NH]n1nnnc1C1=NN=CC1,0.082,0.0,YES,YES,1.1822,NO,NO,NO,NO,NO
Self-RAG,123,143,CC(=O)CC(C#N)(C#N)C(C#N)C#N,N#CC(C#N)C(N)=O,0.286,0.411,YES,NO,0.9195,NO,NO,NO,NO,NO
Self-RAG,123,144,COc1cc(NC#N)c(OC)cc1NC#N,N#CC(C#N)=C(C#N)C(C#N)=C(C#N)C#N,0.094,0.1,YES,NO,2.0396,NO,NO,NO,NO,NO
Self-RAG,123,145,c1ccc2c(-n3ccnc3)c3ccccc3c(-n3ccnc3)c2c1,c1ccc2c(c1)ncn2-c1ccc(-n2cnc3ccccc32)cc1,1.0,0.657,YES,YES,1.522,YES,YES,YES,YES,YES
Self-RAG,123,146,O=C([O-])c1ccc(NNc2ccc(C(=O)[O-])cc2)cc1,O=C([O-])c1ccc(Oc2ccc(C(=O)[O-])cc2)cc1,0.438,0.441,YES,NO,1.0214,NO,NO,NO,NO,NO
Self-RAG,123,147,O=C(NCc1ccncc1)C(=O)NCc1ccncc1,O=C(NCc1ccncc1)c1ccncc1,0.727,0.49,YES,YES,3.1559,YES,YES,YES,NO,NO
Self-RAG,123,148,Nc1ccc(Cc2ccc(N)cc2)cc1,C(#Cc1ccccc1C#Cc1ccccc1C#Cc1ccncc1)c1ccncc1,0.304,0.225,YES,NO,1.4757,NO,NO,NO,NO,NO
Self-RAG,123,149,O=C([O-])c1ccc(-c2cc(-c3ccc(C(=O)O)cc3)c(-c3ccc(C(=O)[O-])cc3)cc2-c2ccc(C(=O)O)cc2)cc1,O=C([O-])c1cc(C(=O)O)c2cc(C(=O)[O-])cc(C(=O)O)c2c1,0.762,0.207,YES,YES,1.6563,YES,YES,YES,NO,NO
Self-RAG,123,150,Fc1cc2cc(C3C=NN=C3)c(F)cc2cc1-c1cn[nH]c1,Cc1cnccc1C(F)(CCF)C(=CF)Cc1ccncc1,0.356,0.027,YES,YES,1.0863,NO,NO,NO,NO,NO
Self-RAG,123,151,O=C1C(=O)C(=O)C(=O)C1=O,O=C1C(=O)C(=O)C1=O,0.867,0.16,YES,NO,3.0628,YES,YES,YES,YES,NO
Self-RAG,123,152,O=C(Nc1cc(C(=O)[O-])cc(C(=O)[O-])c1)Nc1cc(C(=O)[O-])cc(C(=O)[O-])c1,O=C([O-])c1ccc(N=Nc2ccc(C(=O)[O-])cc2)cc1,0.625,0.317,YES,NO,3.5734,YES,YES,NO,NO,NO
Self-RAG,123,153,Cc1nccn1Cc1ccc(-c2ccc(Cn3ccnc3C)cc2)cc1,Cc1nc2ccccc2n1CCCCn1c(C)nc2ccccc21,0.795,0.258,YES,NO,1.6488,YES,YES,YES,NO,NO
Self-RAG,123,154,CC(=O)NC(C)(NC(C)=O)C(=O)[O-],OS(O)(O)C(F)(F)F,0.128,0.046,YES,NO,2.0156,NO,NO,NO,NO,NO
Self-RAG,123,155,O=C([O-])c1cccc(CN2CCOCCN(Cc3cccc(C(=O)[O-])c3)CCOCC2)c1,O=C([O-])c1cccc(Oc2cccnc2)c1C(=O)[O-],0.367,0.275,YES,NO,1.5782,NO,NO,NO,NO,NO
Self-RAG,123,156,O=C([O-])c1c(Cl)cc(-c2cc(-c3cc(Cl)c(C(=O)[O-])c(Cl)c3)cc(-c3cc(Cl)c(C(=O)[O-])c(Cl)c3)c2)cc1Cl,O=C([O-])c1c(Cl)cc(-c2cc(-c3cc(Cl)c(C(=O)[O-])c(Cl)c3)cc(-c3cc(Cl)c(C(=O)[O-])c(Cl)c3)c2)cc1Cl,1.0,1.0,YES,YES,0.9333,YES,YES,YES,YES,YES
Self-RAG,123,157,O=[PH](O)O,O=[PH](O)O,1.0,1.0,YES,YES,1.195,YES,YES,YES,YES,YES
Self-RAG,123,158,O=P(O)(O)C1=CC=C2[CH]C=CC=C2N1,O=P(O)(O)C1=CC=C2[CH]C=CC=C2N1,1.0,1.0,YES,YES,1.5668,YES,YES,YES,YES,YES
Self-RAG,123,159,c1ccc2nc(-c3cnc4ccccc4n3)cnc2c1,c1ccc2nccnc2c1,0.889,0.491,YES,NO,1.146,YES,YES,YES,YES,NO
Self-RAG,123,160,O=C([O-])Cn1nn[nH]c1=S,O=C([O-])Cn1nn[nH]c1=S,1.0,1.0,YES,YES,0.4828,YES,YES,YES,YES,YES
Self-RAG,123,161,CCCCN(CCO)CCO,O=C(O)c1cc[n+]([O-])cc1,0.137,0.149,YES,YES,2.5956,NO,NO,NO,NO,NO
Self-RAG,123,162,CC1=C(CC2=C(C)N=NC2C)C(C)N=N1,c1ccc(-c2cc(-c3ccncc3)cc(-c3ccccn3)n2)nc1,0.206,0.0,YES,YES,2.4226,NO,NO,NO,NO,NO
Self-RAG,123,163,CC(C)c1cc(C(C)C)c(CP(=O)(O)O)c(C(C)C)c1,CC1=C(CP(=O)(O)O)CC=C(CP(=O)(O)O)C1(C)CP(=O)(O)O,0.61,0.243,YES,YES,1.8771,YES,YES,NO,NO,NO
Self-RAG,123,164,O=C([O-])CN=Cc1ccccc1O,O=C([O-])CN1NN=C(c2ccccn2)N1,0.339,0.235,YES,YES,1.4313,NO,NO,NO,NO,NO
Self-RAG,123,165,CNC1CC2(C#CC(=O)[O-])C(NC)CC1(C#CC(=O)[O-])C(F)C2F,CNC1CC2(C#CC(=O)[O-])CCC1(C#CC(=O)[O-])CC2F,0.829,0.877,YES,YES,0.6122,YES,YES,YES,YES,NO
Self-RAG,123,166,O=C([O-])c1cccc(NNc2cccc(C(=O)[O-])c2)c1,O=C([O-])c1ccc(Cl)cc1,0.29,0.441,YES,NO,1.5012,NO,NO,NO,NO,NO
Self-RAG,123,167,O=C([O-])c1ccc(NNc2ccc(C(=O)[O-])c(F)c2)cc1F,O=C([O-])c1c(O)cc(C#Cc2cc(O)c(C(=O)[O-])c(O)c2)cc1O,0.415,0.369,YES,NO,4.2906,NO,NO,NO,NO,NO
Self-RAG,123,168,N#CNC#N,N#CNC#N,1.0,1.0,YES,YES,1.0268,YES,YES,YES,YES,YES
Self-RAG,123,169,O=C([O-])c1cc(C(=O)[O][Ag])c(C(=O)[O-])cc1C(=O)[O][Ag],O=C([O-])c1cccc(C(=O)O)c1,0.571,0.6,YES,NO,1.7624,YES,YES,NO,NO,NO
Self-RAG,123,170,O=C([O-])c1cccc(=O)[nH]1,O=C([O-])c1cncc(Cl)c1,0.467,0.6,YES,NO,1.0964,YES,YES,NO,NO,NO
Self-RAG,123,171,O=C([O-])c1ccc(C(=O)[O-])cc1,O=C([O-])c1ccc(C(=O)[O-])cc1INVALID,0.0,0.0,NO,NO,,NO,NO,NO,NO,NO
Self-RAG,123,172,O=C([O-])CCCC(=O)[O-],O=C([O-])CCC(=O)[O-],1.0,0.65,YES,YES,0.2535,YES,YES,YES,YES,YES
Self-RAG,123,173,COC1CCc2nccc(-c3ccncc3)c2C1OC,COC1=NN=CC1c1ccc(C2=CN=N[CH]2)c2c1C(OC)C2,0.491,0.26,YES,YES,1.0744,NO,NO,NO,NO,NO
Self-RAG,123,174,O=C([O-])c1ccc(C(=O)[O-])o1,O=C([O-])c1cccnc1C(=O)[O-],0.444,0.3,YES,NO,1.0527,NO,NO,NO,NO,NO
Self-RAG,123,175,[CH]1C=CC=C1,CCC(C)COc1ccccc1,0.05,0.0,YES,YES,1.5636,NO,NO,NO,NO,NO
Self-RAG,123,176,c1ccc(C2=NNC(c3ccccn3)=NN2)nc1,c1cc(CN2CCN(Cc3ccncc3)CC2)ccn1,0.326,0.289,YES,NO,1.351,NO,NO,NO,NO,NO
Self-RAG,123,177,O=[N+]([O-])C12CN3CN(CN(C3)C1)C2,O=C(O)c1c(C(=O)[O-])c([N+](=O)[O-])c([N+](=O)[O-])c(C(=O)[O-])c1[N+](=O)[O-],0.463,0.15,YES,YES,2.0129,NO,NO,NO,NO,NO
Self-RAG,123,178,c1cc(-c2nnn[nH]2)ccc1-c1nn[nH]n1,C=CC=C(SCSc1ccncc1)C(S)=CC=N,0.244,0.0,YES,YES,1.0266,NO,NO,NO,NO,NO
Self-RAG,123,179,Cc1c(C)c(-c2ccncc2)c(C)c(C)c1B(c1c(C)c(C)c(-c2ccncc2)c(C)c1C)c1c(C)c(C)c(-c2ccncc2)c(C)c1C,Cc1cc2cc(n1)C(O)=C(c1ccncc1)c1ccccc1-2,0.457,0.138,YES,YES,3.9121,NO,NO,NO,NO,NO
Self-RAG,123,180,O=C([O-])C(=O)[O-],O=C([O-])C(=O)[O-],1.0,1.0,YES,YES,0.4633,YES,YES,YES,YES,YES
Self-RAG,123,181,O=C([O-])CN(CC(=O)[O-])c1ccc(C(=O)[O-])cc1,O=C([O-])c1ccc(C(=O)[O-])cc1,0.444,0.5,YES,NO,1.3044,YES,NO,NO,NO,NO
Self-RAG,123,182,ON1[CH]C=CC=C1,c1cc(CCCCc2ccncc2)ccn1,0.182,0.0,YES,NO,1.4089,NO,NO,NO,NO,NO
Self-RAG,123,183,O=C([O-])C1OCOC2C(C(=O)[O-])OCOC12,CCCCCP(=O)(O)O.N#CCCCCCPO,0.04,0.019,YES,YES,3.1563,NO,NO,NO,NO,NO
Self-RAG,123,184,O=C([O-])c1ccc(-c2ccc(-c3cc(-c4ccc(-c5ccc(C(=O)[O-])cc5)c(Cl)c4)cc(-c4ccc(-c5ccc(C(=O)[O-])cc5)c(Cl)c4)c3)cc2Cl)cc1,O=C([O-])c1c(Cl)c(Cl)c(-c2cc(-c3c(Cl)c(Cl)c(C(=O)[O-])c(Cl)c3Cl)cc(-c3c(Cl)c(Cl)c(C(=O)[O-])c(Cl)c3Cl)c2)c(Cl)c1Cl,1.0,0.0,YES,YES,2.4448,YES,YES,YES,YES,YES
Self-RAG,123,185,C1COCCO1,C1COCCO1,1.0,1.0,YES,YES,0.825,YES,YES,YES,YES,YES
Self-RAG,123,186,O=C1NCCN1,O=C1NCCN1,1.0,1.0,YES,YES,0.5149,YES,YES,YES,YES,YES
Self-RAG,123,187,CC(=O)C(Sc1ccncc1)C(C)=O,c1cc(SSc2ccncc2)ccn1,0.444,0.487,YES,NO,1.4386,NO,NO,NO,NO,NO
Self-RAG,123,188,O=C([O-])c1ccc2c3c(ccc(C(=O)[O-])c13)C(=O)N(c1ccncc1)C2=O,O=C([O-])c1ccc2c3c(ccc(C(=O)[O-])c13)C(=O)N(c1ccncc1)C2=O,1.0,1.0,YES,YES,0.453,YES,YES,YES,YES,YES
Self-RAG,123,189,O=C([O-])C1=CC2=NN=NC2=C[CH]1,c1ccc(C2=NNC(c3ccccn3)=NN2)nc1,0.4,0.0,YES,YES,0.9257,NO,NO,NO,NO,NO
Self-RAG,123,190,S=c1[nH]c2ccccc2[nH]1,S=C1NCCS1,0.375,0.156,YES,NO,1.1038,NO,NO,NO,NO,NO
Self-RAG,123,191,O=C([O-])C1=C[CH]N(Cc2cc(C(=O)[O-])cc(C(=O)[O-])c2)C=C1,O=C([O-])c1ccc(Oc2cccc(C(=O)[O-])c2C(=O)[O-])cc1INVALID,0.0,0.0,NO,NO,,NO,NO,NO,NO,NO
Self-RAG,123,192,O=C([O-])C1=C[CH]N(CCCN2[CH]C=C(C(=O)[O-])C=C2)C=C1,O=C([O-])c1cccc(NNc2cccc(C(=O)[O-])c2)c1,0.319,0.169,YES,YES,1.5781,NO,NO,NO,NO,NO
Self-RAG,123,193,Oc1ccc(S)cc1,Nc1ccc(C(=O)NO)cc1,0.167,0.545,YES,NO,0.8459,YES,NO,NO,NO,NO
Self-RAG,123,194,C1CCOC1,C1COCCO1,0.619,0.0,YES,YES,1.5382,YES,YES,NO,NO,NO
Self-RAG,123,195,O=C([O-])c1ccc(N(c2ccc(C(=O)[O-])cc2)c2ccc(-c3ccncc3)cc2)cc1,O=C([O-])c1ccc(NNc2ccc(C(=O)[O-])c(C(=O)O)c2)cc1INVALID,0.0,0.0,NO,NO,,NO,NO,NO,NO,NO
Self-RAG,123,196,NCc1cccnc1,NCc1ccccn1,0.8,0.75,YES,NO,0.5763,YES,YES,YES,NO,NO
Self-RAG,123,197,C#N,C#NINVALID,0.0,0.0,NO,NO,,NO,NO,NO,NO,NO
Self-RAG,123,198,O=C1c2ccccc2C(=O)c2c(O)ccc(O)c21,O=C1c2ccc3c4c(ccc(c24)C(=O)N1Cc1ccncc1)C(=O)N(Cc1ccncc1)C3=O,0.372,0.289,YES,NO,1.9583,NO,NO,NO,NO,NO
Self-RAG,123,199,O=C([O-])c1ccc(C#Cc2ccc(C(=O)[O-])cc2F)c(F)c1,O=C([O-])c1ccc(C#Cc2ccc(C(=O)[O-])c(Cl)c2)cc1Cl,0.909,0.911,YES,YES,4.334,YES,YES,YES,YES,YES
Self-RAG,123,200,O=C([O-])CCN(CCC(=O)[O-])CCC(=O)[O-],N#CNC#N,0.065,0.166,YES,YES,2.6039,NO,NO,NO,NO,NO
Self-RAG,123,201,On1nnnc1-c1nnnn1O,On1nnnc1-c1nnnn1O,1.0,1.0,YES,YES,1.5684,YES,YES,YES,YES,YES
Self-RAG,123,202,O=C([O-])c1ccc(C2=C3C=CC4=[N]3->[Fe]35<-[N]6=C(C=CC6=C(c6ccc(C(=O)[O-])cc6)c6ccc2[n]63)C(c2ccc(C(=O)[O-])cc2)=c2ccc([n]25)=C4c2ccc(C(=O)[O-])cc2)cc1,O=C([O-])c1ccc(-c2c3nc(c(-c4ccc(C(=O)[O-])cc4)c4ccc([nH]4)c(-c4ccc(C(=O)[O-])cc4)c4nc(c(-c5ccc(C(=O)[O-])cc5)c5ccc2[nH]5)C=C4)C=C3)cc1,0.549,0.154,YES,YES,1.7426,YES,NO,NO,NO,NO
Self-RAG,123,203,O=C([O-])c1ccc(C(=O)[O-])s1,O=C([O-])c1ccc(C(=O)[O-])s1INVALID,0.0,0.0,NO,NO,,NO,NO,NO,NO,NO
Self-RAG,123,204,FC12C3C4N1C1C2N3C41F,OC12C3N4C5(O)C(N1C35Br)C42Br,0.59,0.7,YES,YES,2.1821,YES,YES,YES,NO,NO
Self-RAG,123,205,CNc1nc(NC)c(NC)c(C#Cc2c(NC)c(NC)nc(NC)c2NC)c1NC,Cc1cncc(C)c1C#CC1=CC=C(C#Cc2ccnc(C)c2C)C=CC1,0.543,0.296,YES,YES,3.0182,YES,NO,NO,NO,NO
Self-RAG,123,206,O=C([O-])c1cc(O)c(C#Cc2c(O)cc(C(=O)[O-])cc2O)c(O)c1,O=C([O-])c1ccc(NNc2ccc(C(=O)[O-])c(C(=O)O)c2)cc1C(=O)[O-],0.486,0.341,YES,YES,6.8411,NO,NO,NO,NO,NO
Self-RAG,123,207,O=S(=O)(O)O,O=S(=O)(O)O,1.0,1.0,YES,YES,0.4674,YES,YES,YES,YES,YES
Self-RAG,123,208,O=C([O-])c1ccc(C(=O)[O-])c2cc(Cl)c(Cl)cc12,O=C([O-])c1ccccc1O,0.429,0.489,YES,NO,0.7046,NO,NO,NO,NO,NO
Self-RAG,123,209,O=C([O-])c1ccc(P(=O)(O)O)cc1,O=C([O-])c1ccc(P(=O)(O)O)cc1,1.0,1.0,YES,YES,1.2585,YES,YES,YES,YES,YES
Self-RAG,123,210,O=C([O-])C=CC(=O)[O-],O=C([O-])CCC(=O)[O-],0.643,0.471,YES,YES,1.4362,YES,YES,NO,NO,NO
Self-RAG,123,211,O=C([O-])CC(=O)[O-],O=C([O-])C=CC(=O)[O-],0.692,0.471,YES,YES,0.4649,YES,YES,NO,NO,NO
Self-RAG,123,212,O=C([O-])COc1ccc(OCC(=O)[O-])cc1,O=C([O-])COc1ccc(OCC(=O)[O-])cc1,1.0,1.0,YES,YES,1.1962,YES,YES,YES,YES,YES
Self-RAG,123,213,N#CC1CC2(C#CC(=O)[O-])CCC1(C#CC(=O)[O-])CC2,CCC1CC2(C#CC(=O)[O-])CCC1(C#CC(=O)[O-])CC2,0.75,0.951,YES,YES,3.5799,YES,YES,YES,YES,YES
Self-RAG,123,214,O=C([O-])c1nnn[nH]1,O=C([O-])c1nnn[nH]1,1.0,1.0,YES,YES,2.6943,YES,YES,YES,YES,YES
Self-RAG,123,215,O=C([O-])c1cc(Cl)c(C(=O)[O-])c2c1CC2,O=C([O-])c1c(Cl)c(Cl)c(C(=O)[O-])c2c1CC2,1.0,0.939,YES,NO,3.5297,YES,YES,YES,YES,YES
Self-RAG,123,216,O=C([O-])c1c(Br)c(Br)c(C(=O)[O-])c(Br)c1Br,O=C([O-])c1c(Br)c(Br)c(C(=O)[O-])c(Br)c1Br,1.0,1.0,YES,YES,2.6216,YES,YES,YES,YES,YES
Self-RAG,123,217,O=C([O-])c1ccc(C(=O)[O-])c(C(=O)[O-])c1,O=C([O-])c1cc(C(=O)[O-])cc(C(=O)[O-])c1,0.857,0.8,YES,YES,1.4919,YES,YES,YES,YES,NO
Self-RAG,123,218,CC1Cc2c(C(=O)[O-])ccc(C(=O)[O-])c21,Cc1cc(C(=O)[O-])c2c(c1C(=O)[O-])CC2,0.773,0.935,YES,NO,1.8719,YES,YES,YES,YES,YES
Self-RAG,123,219,O=C([O-])c1ccc(-c2ccc(C(=O)[O-])cc2F)c(F)c1,O=C([O-])c1c(F)cc(-c2cc(-c3cc(F)c(C(=O)[O-])c(F)c3)cc(-c3cc(F)c(C(=O)[O-])c(F)c3)c2)cc1F,1.0,0.383,YES,YES,3.4099,YES,YES,YES,YES,YES
Self-RAG,123,220,O=C([O-])c1cncc(C(=O)[O-])c1,O=C([O-])c1cccnc1C(=O)[O-],0.818,0.75,YES,YES,0.5428,YES,YES,YES,NO,NO
Self-RAG,123,221,O=C([O-])c1ccc(-c2cc(-c3ccc(C(=O)[O-])cc3)c(C(=O)[O-])cc2C(=O)[O-])cc1,O=C([O-])c1ccc(-c2ccc(C(=O)[O-])c(Br)c2)cc1,0.81,0.598,YES,YES,2.2319,YES,YES,YES,NO,NO
Self-RAG,123,222,Nc1nnc[nH]1,Nc1nnc[nH]1INVALID,0.0,0.0,NO,NO,,NO,NO,NO,NO,NO
Self-RAG,123,223,O=C([O-])C#CC#CC(=O)[O-],O=C([O-])C=CC(=O)[O-],0.818,0.373,YES,YES,0.4415,YES,YES,YES,NO,NO
Self-RAG,123,224,Nc1ccccc1C(=O)[O-],O=C([O-])c1ccccn1,0.458,0.36,YES,YES,0.6326,NO,NO,NO,NO,NO
Self-RAG,123,225,O=C([O-])c1cc(C(=O)[O-])cc(-n2cnnc2)c1,O=C([O-])c1cc(C(=O)[O-])cc(-c2nnn[nH]2)c1,0.707,0.69,YES,YES,0.6729,YES,YES,YES,NO,NO
Self-RAG,123,226,O=CC1c2c(C(=O)[O-])ccc(C(=O)[O-])c2C1O,CC(C)CC(C(=O)[O-])C1(C(=O)[O-])CC(C#N)C(C(=O)[O-])CC1C,0.333,0.522,YES,YES,3.5575,YES,NO,NO,NO,NO
Self-RAG,123,227,O=C([O-])c1ccc2cc(C(=O)[O-])ccc2c1,O=C([O-])c1ccc(C(=O)[O-])cc1,0.75,0.549,YES,YES,1.0623,YES,YES,YES,NO,NO
Self-RAG,123,228,O=C([O-])c1ccc(OCC(COc2ccc(C(=O)[O-])cc2)(COc2ccc(C(=O)[O-])cc2)COc2ccc(C(=O)[O-])cc2)cc1,Cc1nnc(-c2ccccc2)n1-c1ccc(C(=O)[O-])cc1,0.208,0.195,YES,YES,1.1784,NO,NO,NO,NO,NO
Self-RAG,123,229,O=C([O-])c1cc(C(=O)[O-])cc(-c2ccc3cc(C(=O)[O-])ccc3c2)c1,O=C([O-])c1cccccc(-c2ccccc2)c(C(=O)[O-])ccccc(-c2ccccc2)c1,0.842,0.214,YES,YES,0.728,YES,YES,YES,NO,NO
Self-RAG,123,230,CCCOc1cc(C(=O)[O-])c(Br)c(Br)c1C(=O)[O-],CCCOC=CC=Cc1ccc(C(=O)[O-])cc1C=Cc1ccc(C(=O)[O-])cc1I,0.73,0.34,YES,YES,0.6366,YES,YES,YES,NO,NO
Self-RAG,123,231,O=C([O-])c1ccc(C(=O)O)c(-c2nc(C(=O)[O-])ccc2C(=O)O)n1,O=C([O-])c1cc2nc[nH]c2cc1C(=O)[O-],0.639,0.148,YES,YES,3.456,YES,YES,NO,NO,NO
Self-RAG,123,232,O=C([O-])c1cc2nc[nH]c2cc1C(=O)[O-],O=C([O-])c1cccnc1-c1ncccc1C(=O)O,0.676,0.196,YES,YES,1.7963,YES,YES,NO,NO,NO
Self-RAG,123,233,O=C([O-])C1=NC=NC1C(=O)[O-],O=C([O-])c1nc[nH]c1C(=O)[O-],0.767,0.327,YES,YES,2.4811,YES,YES,YES,NO,NO
Self-RAG,123,234,[CH]1C=NN=N1,CCc1nnc[nH]1,0.483,0.0,YES,YES,6.5857,NO,NO,NO,NO,NO
Self-RAG,123,235,c1cnccn1,c1cnccn1,1.0,1.0,YES,YES,1.0264,YES,YES,YES,YES,YES
Self-RAG,123,236,C(C#Cc1cc(C#CC#CC2C=NN=C2)cc(C#CC#CC2C=NN=C2)c1)#CC1=CN=N[CH]1,C(C=CN(C=CC=Cc1cn[nH]c1)C=CC=CC1C=NN=C1)=Cc1cn[nH]c1,0.613,0.176,YES,YES,1.1428,YES,YES,NO,NO,NO
Self-RAG,123,237,Nc1nnc(C(=O)[O-])[nH]1,O=C([O-])C1N=CC=NC1=O,0.354,0.36,YES,NO,0.9227,NO,NO,NO,NO,NO
Self-RAG,123,238,COc1ccc(-c2coc3cc(O)c(OC)c(O)c3c2=O)cc1S(O)(O)O,OS(O)(O)C=CC1=CC=C2C=CC=CC=C1[SH]2(O)(O)O,0.552,0.13,YES,YES,1.1766,YES,NO,NO,NO,NO
Self-RAG,123,239,O=C([O-])c1cc(C(=O)[O-])cc(-c2cccnc2)c1,O=C([O-])c1cccnc1C(=O)[O-],0.68,0.326,YES,YES,2.1673,YES,YES,NO,NO,NO
Self-RAG,123,240,O=C([O-])c1cccc(Cl)c1C(=O)[O-],O=C([O-])c1ccc(C(=O)[O-])c(C(=O)c2ccccc2C(=O)[O-])c1,0.667,0.47,YES,YES,2.0055,YES,YES,NO,NO,NO
Self-RAG,123,241,O=C([O-])CCn1c(=O)n(CCC(=O)[O-])c(=O)n(CCC(=O)[O-])c1=O,O=C([O-])CCn1c(=O)n(CCC(=O)[O-])c(=O)n(CCC(=O)[O-])c1=O,1.0,1.0,YES,YES,1.084,YES,YES,YES,YES,YES
Self-RAG,123,242,O=C([O-])c1cccc(S(O)(O)O)c1,O=C([O-])N1CCN(CP(=O)(O)O)CC1,0.323,0.186,YES,YES,1.484,NO,NO,NO,NO,NO
Self-RAG,123,243,CC=CC(=O)[O-],CC=CC(=O)[O-],1.0,1.0,YES,YES,1.4391,YES,YES,YES,YES,YES
Self-RAG,123,244,O=C([O-])c1ccc(C(c2ccc(C(=O)[O-])cc2)(C(F)(F)F)C(F)(F)F)cc1,O=C([O-])c1ccc(C(c2ccc(C(=O)[O-])cc2)(C(F)(F)F)C(F)(F)F)cc1,1.0,1.0,YES,YES,0.9354,YES,YES,YES,YES,YES
Self-RAG,123,245,Nc1c(O)c(C2=NNC(c3c(N)c(O)c(C(=O)[O-])c(N)c3O)=NN2)c(N)c(O)c1C(=O)[O-],O=C([O-])c1ccc(NNc2cc(Cl)c(C(=O)[O-])c(Cl)c2)c(Cl)c1Cl,0.5,0.275,YES,NO,2.3995,YES,NO,NO,NO,NO
Self-RAG,123,246,O=C([O-])c1cc(NCc2ccncc2)cc(C(=O)[O-])c1,O=C([O-])c1ccncc1,0.483,0.343,YES,YES,1.2977,NO,NO,NO,NO,NO
Self-RAG,123,247,O=CC(C(=O)[O-])=C(Br)C=CC(=O)[O-],O=C([O-])C=CC(Br)=CC(=O)[O-],0.875,0.841,YES,YES,1.903,YES,YES,YES,YES,NO
Self-RAG,123,248,O=C([O-])c1ccc(Oc2ccc(C(=O)[O-])cc2)cc1,O=C([O-])c1ccc(Oc2ccc(C(=O)[O-])cc2)cc1INVALID,0.0,0.0,NO,NO,,NO,NO,NO,NO,NO
Self-RAG,123,249,Cc1c(CSc2ccncc2)c(C)c(CSc2ccncc2)c(C)c1CSc1ccncc1,c1ccc(-c2nc(-c3ccccn3)c(-c3ccccn3)nc2-c2ccccn2)nc1,0.467,0.176,YES,YES,1.5276,NO,NO,NO,NO,NO
Self-RAG,123,250,O=S(=O)(Nc1cccnc1)c1cccnc1,O=C([O-])CNS(=O)(=O)c1cccnc1,0.684,0.61,YES,YES,0.8294,YES,YES,NO,NO,NO
Self-RAG,123,251,Clc1cnccn1,Fc1cnccn1,0.882,0.857,YES,NO,1.5134,YES,YES,YES,YES,NO
Self-RAG,123,252,Nc1cnccn1,c1cnccn1,0.579,0.857,YES,YES,0.7596,YES,YES,YES,YES,NO
Self-RAG,123,253,Cc1nnc(C)[nH]1,c1ncn(CCn2cncn2)n1,0.5,0.404,YES,NO,2.5116,YES,NO,NO,NO,NO
Self-RAG,123,254,CC(O)C(=O)[O-],O=C([O-])CNC(=O)C(=O)NCC(=O)[O-],0.25,0.264,YES,NO,2.3859,NO,NO,NO,NO,NO
Self-RAG,123,255,C(=Nn1cnnc1)c1ccccn1,c1cnc(Sc2cnccn2)cn1,0.412,0.0,YES,NO,1.2326,NO,NO,NO,NO,NO
Self-RAG,123,256,O=C([O-])C=CC(Br)=CC(=O)[O-],O=C([O-])C=CC(Br)=CC(=O)[O-],1.0,1.0,YES,YES,2.1478,YES,YES,YES,YES,YES
Self-RAG,123,257,O=C([O-])CCP(=O)(O)c1ccccc1,O=C([O-])CNC(=O)c1ccncc1,0.333,0.257,YES,YES,1.0398,NO,NO,NO,NO,NO
Self-RAG,123,258,O=Cc1cncc2c(C=O)cncc12,CNc1c2ccc(C3=CN=N[CH]3)c1-c1cc(-c3cn[nH]c3)ccc1NN2,0.277,0.023,YES,YES,1.6732,NO,NO,NO,NO,NO
Self-RAG,123,259,COc1ccc(-c2nc(C(=O)[O-])c(C(=O)[O-])[nH]2)cc1,COc1ccc(-c2nc(C(=O)O)c(C(=O)[O-])[nH]2)cc1,0.927,1.0,YES,YES,1.1381,YES,YES,YES,YES,YES
Self-RAG,123,260,O=C[O-],O=C[O-]INVALID,0.0,0.0,NO,NO,,NO,NO,NO,NO,NO
Self-RAG,123,261,N#Cc1ccccc1CSCc1ccccc1C#N,CCCc1nccn1CCCCCn1ccnc1CC,0.244,0.079,YES,YES,0.3977,NO,NO,NO,NO,NO
Self-RAG,123,262,Ic1nc2ccccc2[nH]1,N#CS,0.038,0.0,YES,YES,3.1929,NO,NO,NO,NO,NO
Self-RAG,123,263,c1ccc2c(c1)CSCc1ccc(cc1)CSCc1ccccc1OCCCO2,c1ccc2c(c1)CSCCOCCSCc1ccccc1OCCO2,0.862,0.199,YES,NO,1.5969,YES,YES,YES,YES,NO
Self-RAG,123,264,O=C([O-])c1cc(OCc2ccccc2C(=O)O)cc(C(=O)[O-])c1,O=C([O-])c1cc(OCc2ccccc2C(=O)[O-])cc(C(=O)O)c1INVALID,0.0,0.0,NO,NO,,NO,NO,NO,NO,NO
Self-RAG,123,265,NCc1ccncc1,NCc1ccncc1,1.0,1.0,YES,YES,1.3404,YES,YES,YES,YES,YES
Self-RAG,123,266,c1ccc(-c2nnn[nH]2)nc1,c1cncc(-c2nnn[nH]2)c1,1.0,0.527,YES,YES,1.8547,YES,YES,YES,YES,YES
Self-RAG,123,267,O=C([O-])C(Cl)=C(Cl)C(=O)[O-],O=C([O-])C(Cl)=C(Cl)C(=O)[O-],1.0,1.0,YES,YES,0.5316,YES,YES,YES,YES,YES
Self-RAG,123,268,NC(CC(=O)[O-])C(=O)[O-],CC(C(=O)[O-])C(=O)[O-],0.409,0.533,YES,YES,0.7081,YES,NO,NO,NO,NO
Self-RAG,123,269,O=C([O-])c1c(F)c(F)c(C(=O)[O-])c(F)c1F,O=C([O-])c1c(F)c(F)c(C(=O)[O-])c(F)c1FINVALID,0.0,0.0,NO,NO,,NO,NO,NO,NO,NO
Self-RAG,123,270,O=C([O-])c1c([N+](=O)[O-])c([N+](=O)[O-])c(C(=O)[O-])c2ccccc12,O=C([O-])c1c([N+](=O)[O-])c([N+](=O)[O-])c(C(=O)[O-])c2cc([N+](=O)[O-])c([N+](=O)[O-])cc12,1.0,0.789,YES,YES,5.0274,YES,YES,YES,YES,YES
Self-RAG,123,271,O=C([O-])Cc1ccc(CC(=O)[O-])cc1,O=C([O-])Cc1ccc(CC(=O)[O-])cc1,1.0,1.0,YES,YES,0.7052,YES,YES,YES,YES,YES
Self-RAG,123,272,COc1cc(C(=O)[O-])cc(C(=O)[O-])c1,COc1cc(C(=O)[O-])cc(C(=O)[O-])c1,1.0,1.0,YES,YES,1.3552,YES,YES,YES,YES,YES
Self-RAG,123,273,O=C([O-])Cc1nnn[nH]1,O=C([O-])Cn1cnnn1,0.725,0.556,YES,NO,1.7365,YES,YES,YES,NO,NO
Self-RAG,123,274,O=C([O-])c1ccnc(C(=O)[O-])c1,O=C([O-])c1cccnc1C(=O)[O-],0.864,0.75,YES,YES,0.5116,YES,YES,YES,YES,NO
Self-RAG,123,275,O=C([O-])c1ccc(-c2ccc(C(=O)[O-])cc2)cc1,O=C([O-])c1ccc(C(=O)[O-])cc1,0.8,0.489,YES,NO,0.8723,YES,YES,YES,NO,NO
Self-RAG,123,276,c1cn(CCCCn2ccnc2)cn1,c1cn(CCOCCn2ccnc2)cn1,0.765,0.455,YES,NO,1.2264,YES,YES,YES,NO,NO
Self-RAG,123,277,O=C([O-])C#CC(Cl)=C(Cl)C#CC(=O)[O-],O=C([O-])C=CC(=O)[O-],0.667,0.264,YES,YES,3.7188,YES,YES,NO,NO,NO
Self-RAG,123,278,O=C([O-])C=CCC(=O)[O-],O=C([O-])C#CC#CC(=O)[O-],0.692,0.373,YES,YES,2.4406,YES,YES,NO,NO,NO
Self-RAG,123,279,O=C([O-])c1cc(C(=O)[O-])cc(-c2cc(-c3cc(C(=O)[O-])cc(C(=O)[O-])c3)c3ccc4c(-c5cc(C(=O)[O-])cc(C(=O)[O-])c5)cc(-c5cc(C(=O)[O-])cc(C(=O)[O-])c5)c5ccc2c3c54)c1,O=C([O-])c1cccccc(-c2ccccc2)c(C(=O)[O-])cccccc1-c1ccccc1,0.842,0.401,YES,YES,0.8394,YES,YES,YES,NO,NO
Self-RAG,123,280,O=C([O-])c1cc(C(=O)[O-])cc([N+](=O)[O-])c1,O=C([O-])c1ccc([N+](=O)[O-])cc1,1.0,0.6,YES,YES,1.2271,YES,YES,YES,YES,YES
Self-RAG,123,281,NC(=O)c1ccccc1OCC(=O)[O-],O=C([O-])Cc1ccccc1CC(=O)[O-],0.457,0.5,YES,YES,1.1318,YES,NO,NO,NO,NO
Self-RAG,123,282,C[Si](C)(c1ccncc1)c1ccncc1,C[Si](C)(c1ccncc1)c1ccncc1,1.0,1.0,YES,YES,1.7071,YES,YES,YES,YES,YES
Self-RAG,123,283,O=C([O-])c1nn[nH]c1C(=O)[O-],O=C([O-])c1nnn[nH]1INVALID,0.0,0.0,NO,NO,,NO,NO,NO,NO,NO
Self-RAG,123,284,O=C([O-])c1cc2ccccc2c(Cc2c(O)c(C(=O)[O-])cc3ccccc23)c1O,O=C([O-])C=c1c2cccc1=C(C(=O)[O-])C=CC(c1ccccc1)=C2,0.531,0.199,YES,YES,0.9031,YES,NO,NO,NO,NO
Self-RAG,123,285,O=C([O-])c1c(Cl)c(Cl)c(C(=O)[O-])c(Cl)c1Cl,O=C([O-])c1c(Cl)c(Cl)c(C(=O)[O-])c(Cl)c1Cl,1.0,1.0,YES,YES,2.0717,YES,YES,YES,YES,YES
Self-RAG,123,286,O=C([O-])c1cccnc1C(=O)[O-],O=C([O-])c1cccnc1C(=O)[O-],1.0,1.0,YES,YES,0.8922,YES,YES,YES,YES,YES
Self-RAG,123,287,N#CS,N#CS,1.0,1.0,YES,YES,0.7007,YES,YES,YES,YES,YES
Self-RAG,123,288,O=C([O-])c1cc(O)cc(C(=O)[O-])c1,O=C([O-])c1ccc(C(=O)[O-])cc1INVALID,0.0,0.0,NO,NO,,NO,NO,NO,NO,NO
Self-RAG,123,289,O.OI,O.O.OI,0.667,0.667,YES,YES,0.7562,YES,YES,NO,NO,NO
Self-RAG,123,290,O=C([O-])c1cc(C(=O)[O-])cc(C(=O)O)c1,O=C([O-])c1cc(C(=O)[O-])cc(C(=O)O)c1,1.0,1.0,YES,YES,1.1984,YES,YES,YES,YES,YES
Self-RAG,123,291,O=C([O-])C=Cc1ccc(C(=O)[O-])cc1,O=C([O-])c1ccc(C(=O)[O-])cc1,0.923,0.714,YES,YES,1.5395,YES,YES,YES,YES,YES
Self-RAG,123,292,O=C([O-])c1ccc(-c2ccc(C(=O)[O-])c([N+](=O)[O-])c2)cc1[N+](=O)[O-],O=C([O-])c1ccc(-c2ccc(C(=O)[O-])c([N+](=O)[O-])c2)cc1[N+](=O)[O-],1.0,1.0,YES,YES,5.3427,YES,YES,YES,YES,YES
Self-RAG,123,293,OS(O)(O)c1ccc2cc(S(O)(O)O)ccc2c1,OS(O)(O)c1cccc2c(S(O)(O)O)cccc12,1.0,0.979,YES,NO,1.2075,YES,YES,YES,YES,YES
Self-RAG,123,294,O=C([O-])CCCCCCCC(=O)[O-],O=C([O-])CCC(=O)[O-],0.867,0.444,YES,YES,1.4097,YES,YES,YES,YES,NO
Self-RAG,123,295,[CH2]C(=O)c1ccccc1,O=C([O-])c1ccccc1,0.5,0.889,YES,YES,3.3016,YES,YES,YES,YES,NO
Self-RAG,123,296,O=C([O-])c1ccccc1,O=C([O-])c1ccc(C(=O)[O-])cc1,0.75,0.75,YES,NO,1.2612,YES,YES,YES,NO,NO
Self-RAG,123,297,O=C(O)c1cc(S(O)(O)O)c2cc(C(=O)O)cc(S(O)(O)O)c2c1,O=C(O)c1ccc(S(=O)(=O)c2ccc(C(=O)O)cc2)cc1,0.744,0.369,YES,YES,0.7929,YES,YES,YES,NO,NO
Self-RAG,123,298,O=C([O-])c1ccncc1,O=C([O-])c1cccnc1C(=O)[O-],0.636,0.5,YES,YES,0.526,YES,YES,NO,NO,NO
Self-RAG,123,299,O=C([O-])c1cccnc1-c1ncccc1C(=O)[O-],O=C([O-])c1cccc(-n2ccc(=O)cc2)c1C(=O)[O-],0.632,0.309,YES,YES,1.5858,YES,YES,NO,NO,NO
Self-RAG,123,300,O=C([O-])c1ccccn1,O=C([O-])c1ccccn1,1.0,1.0,YES,YES,0.3451,YES,YES,YES,YES,YES
Self-RAG,123,301,O=C([O-])c1ccc(C#Cc2ccc(C(=O)[O-])c(Cl)c2)cc1Cl,O=C([O-])c1ccc(C#Cc2ccc(C(=O)[O-])cc2Cl)c(Cl)c1,1.0,0.911,YES,YES,2.6663,YES,YES,YES,YES,YES
Self-RAG,123,302,Fc1cnc(F)cn1,Fc1cncc(F)n1,1.0,0.875,YES,YES,0.5246,YES,YES,YES,YES,YES
Self-RAG,123,303,O=C([O-])c1cc(C(=O)[O-])cc(C(=O)[O-])c1,O=C([O-])c1ccc(C(=O)[O-])cc1,1.0,0.6,YES,NO,1.1821,YES,YES,YES,YES,YES
Self-RAG,123,304,O=C([O-])Cc1ccccc1CC(=O)[O-],O=C([O-])c1cccnc1C(=O)[O-],0.56,0.186,YES,NO,1.3351,YES,NO,NO,NO,NO
Self-RAG,123,305,O=C([O-])c1cc2ccc3cc(C(=O)[O-])cc4ccc(c1)c2c34,O=C([O-])c1ccc(C(=O)[O-])c2ccccc12,1.0,0.563,YES,YES,3.0983,YES,YES,YES,YES,YES
Self-RAG,123,306,NC1=N[CH]c2ncn(CC(=O)[O-])c2N1,O=C([O-])c1ccc(N2[CH]N=CN2)cc1,0.558,0.182,YES,NO,0.9925,YES,NO,NO,NO,NO
Self-RAG,123,307,O=C(O)c1ccc(-c2cc(C(=O)[O-])c(-c3ccc(C(=O)O)cc3)cc2C(=O)[O-])cc1,C=C(C=C(C=CC=C(C=CC(=CC=O)C=C(C=CC(=O)[O-])C(=O)O)C(=O)[O-])C(=O)[O-])C(=O)O,0.478,0.08,YES,YES,1.277,NO,NO,NO,NO,NO
Self-RAG,123,308,O=C([O-])C(=O)O,O=C([O-])C(=O)O,1.0,1.0,YES,YES,0.5984,YES,YES,YES,YES,YES
Self-RAG,123,309,Nc1c(I)c(C(=O)[O-])c(I)c(C(=O)[O-])c1I,O=C([O-])c1c(Br)c(Br)c(C(=O)[O-])c(Br)c1Br,0.654,0.562,YES,YES,3.9512,YES,YES,NO,NO,NO
Self-RAG,123,310,OS(O)(O)c1cccc2c(S(O)(O)O)cccc12,OS(O)(O)c1cccc2c(S(O)(O)O)cccc12,1.0,1.0,YES,YES,1.2488,YES,YES,YES,YES,YES
Self-RAG,123,311,O=C([O-])c1cnccn1,O=C([O-])c1cccnc1C(=O)[O-],0.68,0.3,YES,YES,1.4866,YES,YES,NO,NO,NO
Self-RAG,123,312,O=C([O-])c1c(F)c(F)c(C#Cc2c(F)c(F)c(C(=O)[O-])c(F)c2F)c(F)c1F,O=C([O-])c1c(F)c(F)c(C#Cc2c(F)c(F)c(C(=O)[O-])c(F)c2F)c(F)c1F,1.0,1.0,YES,YES,5.7752,YES,YES,YES,YES,YES
Self-RAG,123,313,O=C([O-])c1ccc(Oc2cc(C(=O)[O-])cc(C(=O)[O-])c2)cc1,O=C([O-])c1ccc(Oc2cc(C(=O)[O-])cc(C(=O)[O-])c2)cc1,1.0,1.0,YES,YES,1.4098,YES,YES,YES,YES,YES
Self-RAG,123,314,N#CC(C#N)=c1c(=O)c(=C(C#N)C#N)c1=O,N#CC(C#N)=c1c(=O)c(=C(C#N)C#N)c1=O,1.0,1.0,YES,YES,1.5525,YES,YES,YES,YES,YES
Self-RAG,123,315,CC(=O)[O-],CC(=O)[O-],1.0,1.0,YES,YES,1.2521,YES,YES,YES,YES,YES
Self-RAG,123,316,O=C([O-])c1cc[n+]([O-])cc1,O=C([O-])c1cc[n+]([O-])cc1,1.0,1.0,YES,YES,0.4612,YES,YES,YES,YES,YES
Self-RAG,123,317,O=C([O-])c1cc(C(=O)[O-])cc(S(O)(O)O)c1,O=C([O-])c1cc(C(=O)[O-])cc(S(O)(O)O)c1,1.0,1.0,YES,YES,1.3412,YES,YES,YES,YES,YES
Self-RAG,123,318,O=C([O-])C1C(C(=O)[O-])C(C(=O)[O-])C(C(=O)[O-])C(C(=O)[O-])C1C(=O)[O-],O=C([O-])C1C(C(=O)[O-])C(C(=O)[O-])C(C(=O)[O-])C(C(=O)[O-])C1C(=O)[O-],1.0,1.0,YES,YES,1.7866,YES,YES,YES,YES,YES
Self-RAG,123,319,O=C(O)CC(O)(CC(=O)O)C(=O)[O-],O=C(O)CC(O)(CC(=O)O)C(=O)[O-],1.0,1.0,YES,YES,1.9775,YES,YES,YES,YES,YES
Self-RAG,123,320,O=C([O-])c1cc(S(=O)(=O)c2ccc(C(=O)[O-])c(C(=O)O)c2)ccc1C(=O)O,O=C([O-])c1cc(C(=O)[O-])cc(S(O)(O)O)c1,0.7,0.365,YES,YES,1.0673,YES,YES,YES,NO,NO
Self-RAG,123,321,c1nc[nH]n1,c1nnc[nH]1,0.944,1.0,YES,NO,2.4119,YES,YES,YES,YES,YES
Self-RAG,123,322,C1CCSC1,c1nnn[nH]1,0.143,0.0,YES,YES,0.7991,NO,NO,NO,NO,NO
Self-RAG,123,323,O=C([O-])c1cc([N+](=O)[O-])c2c([N+](=O)[O-])c(C(=O)[O-])cc([N+](=O)[O-])c2c1[N+](=O)[O-],O=C([O-])c1c([N+](=O)[O-])c([N+](=O)[O-])c(C(=O)[O-])c2cc([N+](=O)[O-])c([N+](=O)[O-])cc12,0.949,0.669,YES,YES,1.2804,YES,YES,YES,YES,YES
Self-RAG,123,324,O=C1C(=O)C(Cl)C(=O)C(=O)C1Cl,O=C1C(=O)C(Cl)C(=O)C(=O)C1ClINVALID,0.0,0.0,NO,NO,,NO,NO,NO,NO,NO
Self-RAG,123,325,O=C([O-])c1cc(N2[CH]N=CN2)cc(N2[CH]N=CN2)c1,O=C([O-])c1cc(C(=O)O)cc(-n2cnnc2)c1,0.698,0.506,YES,YES,1.651,YES,YES,NO,NO,NO
Self-RAG,123,326,C1CNCCN1,C1CNCCN1,1.0,1.0,YES,YES,0.8306,YES,YES,YES,YES,YES
Self-RAG,123,327,O=C([O-])c1c(F)c(F)c(C(=O)[O-])c2cc(F)c(F)cc12,O=C([O-])c1c(F)c(F)c(C(=O)[O-])c2cc(F)c(F)cc12,1.0,1.0,YES,YES,0.7136,YES,YES,YES,YES,YES
Self-RAG,123,328,O=C1C([N+](=O)[O-])=CC([N+](=O)[O-])C(O)=C1[N+](=O)[O-],O=C(O)C1=CC([N+](=O)[O-])=CC([N+](=O)[O-])C1=O,0.95,0.212,YES,YES,1.5172,YES,YES,YES,YES,YES
Self-RAG,123,329,O=C([O-])c1ccc(C(=O)[O-])c2ccccc12,Cc1c(C)c(C(=O)[O-])c2ccccc2c1C(=O)[O-],0.8,0.891,YES,NO,1.2527,YES,YES,YES,YES,NO
Self-RAG,123,330,c1nnnn1CCn1cnnn1,c1cn(CCOCCn2ccnc2)cn1,0.585,0.17,YES,NO,1.3842,YES,NO,NO,NO,NO
Self-RAG,123,331,O=C([O-])c1cc([N+](=O)[O-])c(C(=O)[O-])cc1[N+](=O)[O-],O=C([O-])c1ccc([N+](=O)[O-])cc1,0.879,0.5,YES,YES,0.9457,YES,YES,YES,YES,NO
Self-RAG,123,332,O=C([O-])c1ccccc1C(=O)[O-],O=C([O-])c1ccc(C(=O)[O-])cc1,0.857,0.75,YES,YES,0.9117,YES,YES,YES,YES,NO
Self-RAG,123,333,CCCn1cnc2c1NC=NC2Cl,CCCn1cnc2c1NC=NC2N,0.833,0.925,YES,NO,3.0487,YES,YES,YES,YES,YES
Self-RAG,123,334,O=C([O-])CCN1[CH]C=C(C2=C[CH]N(CCC(=O)[O-])C=C2)C=C1,O=C([O-])CN1[CH]C=C(C2=C[CH]N(CC(=O)[O-])C=C2)C=C1,0.868,0.732,YES,YES,1.3997,YES,YES,YES,YES,NO
Self-RAG,123,335,O=C([O-])c1cc(C(=O)[O-])cc(-c2cc(C(=O)[O-])cc(C(=O)[O-])c2)c1,O=C([O-])c1ccc(C(=O)[O-])cc1,0.8,0.369,YES,YES,1.731,YES,YES,YES,NO,NO
Self-RAG,123,336,O=C([O-])C=Cc1ccncc1,O=C([O-])[CH][CH]c1ccccn1,0.875,0.545,YES,NO,2.4872,YES,YES,YES,YES,NO
Self-RAG,123,337,O=C([O-])c1ccc(C#Cc2ccc(C(=O)[O-])cc2)cc1,O=C([O-])c1ccc(-c2ccc(C(=O)[O-])cc2)cc1INVALID,0.0,0.0,NO,NO,,NO,NO,NO,NO,NO
Self-RAG,123,338,C(c1nnn[nH]1)c1nnn[nH]1,C(Cc1nnn[nH]1)c1nnn[nH]1,0.871,0.485,YES,YES,0.5518,YES,YES,YES,YES,NO
Self-RAG,123,339,O=C([O-])c1cc(O)c(C(=O)[O-])cc1O,O=C([O-])c1cc(O)c(C(=O)[O-])cc1OINVALID,0.0,0.0,NO,NO,,NO,NO,NO,NO,NO
Self-RAG,123,340,CCc1c(C#N)c(CC)c(CC)c(C#N)c1CC,CCCc1c(C#N)c(CCC)c(CCC)c(C#N)c1CC,0.842,0.857,YES,YES,2.5222,YES,YES,YES,YES,NO
Self-RAG,123,341,O=C([O-])c1cncc(O)c1,O=C([O-])c1cc(O)cc(C(=O)[O-])n1,0.88,0.462,YES,NO,0.7759,YES,YES,YES,YES,NO
Self-RAG,123,342,O=C([O-])c1cccc(C(=O)[O-])n1,O=C([O-])c1cccnc1C(=O)[O-],0.864,0.75,YES,YES,0.6173,YES,YES,YES,YES,NO
Self-RAG,123,343,O=C([O-])c1cncc(-c2ccccc2C(=O)[O-])c1,O=C([O-])c1cccnc1-c1ncccc1C(=O)[O-],0.852,0.489,YES,YES,1.3833,YES,YES,YES,YES,NO
Self-RAG,123,344,Cc1cc(C#Cc2cc(C)c(C(=O)[O-])c(C)c2)cc(C)c1C(=O)[O-],Cc1cc(-c2ccc(C(=O)[O-])c(C)c2)ccc1C(=O)[O-],0.857,0.41,YES,YES,6.7084,YES,YES,YES,YES,NO
Self-RAG,123,345,c1cn(Cc2cc(Cn3ccnc3)c(Cn3ccnc3)cc2Cn2ccnc2)cn1,c1cn(Cc2ccc(Cn3ccnc3)cc2)cn1,0.852,0.595,YES,YES,1.5733,YES,YES,YES,YES,NO
Self-RAG,123,346,Nc1cc(C(=O)[O-])ccc1-c1ccc(C(=O)[O-])cc1N,O=C([O-])c1ccccc1O,0.375,0.441,YES,NO,6.1628,NO,NO,NO,NO,NO
Self-RAG,123,347,O=C([O-])c1ccc(-c2ccc(C(=O)[O-])cc2O)c(O)c1,Nc1cc(C(=O)[O-])ccc1-c1ccc(C(=O)[O-])cc1N,0.581,0.902,YES,YES,3.4423,YES,YES,YES,YES,YES
Self-RAG,123,348,O=C([O-])c1nccnc1C(=O)[O-],O=C([O-])c1cccnc1C(=O)[O-],0.88,0.3,YES,NO,1.2131,YES,YES,YES,YES,NO
Self-RAG,123,349,COc1cc(C(=O)[O-])ccc1C#Cc1cc(OC)c(C(=O)[O-])cc1-c1ccccc1,CCC=C1C=c2c(C(=O)[O-])cccc2=CC=C1C(=O)[O-],0.417,0.292,YES,YES,1.865,NO,NO,NO,NO,NO
Self-RAG,123,350,O=C([O-])c1c(F)c(F)c(C(=O)[O-])c2c(F)c(F)c(F)c(F)c12,O=C([O-])c1c(F)c(F)c(C(=O)[O-])c(F)c1F,0.818,0.625,YES,YES,0.73,YES,YES,YES,NO,NO
Self-RAG,123,351,O=C([O-])c1cnc(C(=O)[O-])cn1,O=C([O-])c1ccc(C(=O)[O-])o1,0.429,0.3,YES,YES,1.2514,NO,NO,NO,NO,NO
Self-RAG,123,352,O=C([O-])c1ccc(Oc2cc(Oc3ccc(C(=O)[O-])cc3)cc(C(=O)[O-])c2)cc1,O=C([O-])c1ccc(Oc2cc(Oc3ccc(C(=O)[O-])cc3)cc(C(=O)[O-])c2)cc1,1.0,1.0,YES,YES,0.5473,YES,YES,YES,YES,YES
Self-RAG,123,353,O=C([O-])c1ccc(-c2cc(C(=O)[O-])cc(C(=O)[O-])c2)cc1,O=C([O-])c1ccc(-c2cc(-c3ccc(C(=O)[O-])cc3)cc(-c3ccc(C(=O)[O-])cc3)c2)cc1,1.0,0.451,YES,YES,1.179,YES,YES,YES,YES,YES
Self-RAG,123,354,O=C([O-])c1cc(F)c(C(=O)[O-])cc1F,O=C([O-])c1cc(F)c(C(=O)[O-])cc1F,1.0,1.0,YES,YES,1.4612,YES,YES,YES,YES,YES
Self-RAG,123,355,[CH](NN[CH]c1ccncc1)c1ccncc1,c1cn(CCCCn2ccnc2)cn1,0.278,0.037,YES,YES,1.4591,NO,NO,NO,NO,NO
Self-RAG,123,356,O=C([O-])c1ccccc1C(=O)O,O=C([O-])c1ccc(C(=O)[O-])cc1,0.8,0.75,YES,NO,3.0335,YES,YES,YES,NO,NO
Self-RAG,123,357,CC(CCC(=O)[O-])C(=O)[O-],O=C([O-])C=CC=CC(=O)[O-],0.529,0.373,YES,YES,2.1182,YES,NO,NO,NO,NO
Self-RAG,123,358,O=C([O-])c1cc(S(O)(O)O)c(C(=O)[O-])c2c1CC2,O=C([O-])c1cc(Cl)c(C(=O)[O-])c2c1CC2,0.422,0.782,YES,YES,3.699,YES,YES,YES,NO,NO
Self-RAG,123,359,CNC1(F)CC2(C#CC(=O)[O-])CCC1(C#CC(=O)[O-])CC2,CCC1CC2(C#CC(=O)[O-])CCC1(C#CC(=O)[O-])CC2OINVALID,0.0,0.0,NO,NO,,NO,NO,NO,NO,NO
Self-RAG,123,360,Cc1nccn1Cc1ccncc1,c1cc(-c2nnc(-c3ccncc3)[nH]2)ccn1,0.472,0.338,YES,YES,1.6175,NO,NO,NO,NO,NO
Self-RAG,123,361,c1cn(Cc2ccc(Cn3ccnc3)cc2)cn1,O=C(c1ccncc1)c1cccnc1,0.345,0.087,YES,NO,1.1553,NO,NO,NO,NO,NO
Self-RAG,123,362,c1cncnc1,c1cncnc1,1.0,1.0,YES,YES,0.9177,YES,YES,YES,YES,YES
Self-RAG,123,363,CCC12C3C4(C(=O)[O-])C5(CC)C(C1(C(=O)[O-])C35[N+](=O)[O-])C24[N+](=O)[O-],N#CC12C3C4([N+](=O)[O-])C5(C#N)C(C14[N+](=O)[O-])C2([N+](=O)[O-])C35[N+](=O)[O-],0.767,0.0,YES,YES,1.5276,YES,YES,YES,NO,NO
Self-RAG,123,364,O=C([O-])CN(CC(=O)[O-])CC(=O)[O-],O=C([O-])CN(CCN(CC(=O)[O-])CC(=O)[O-])CC(=O)[O-],0.778,0.541,YES,NO,1.5116,YES,YES,YES,NO,NO
Self-RAG,123,365,c1cn(-c2ccc(NNc3ccc(-n4ccnc4)cc3)cc2)cn1,c1cc(-c2ccc(-c3ccnnc3)cc2)cnn1,0.455,0.239,YES,YES,1.8752,NO,NO,NO,NO,NO
Self-RAG,123,366,Nc1cc(C#Cc2cc(N)c(C(=O)[O-])c(N)c2)cc(N)c1C(=O)[O-],Nc1cc(-c2cc(-c3cc(N)c(C(=O)[O-])c(N)c3)cc(-c3cc(N)c(C(=O)[O-])c(N)c3)c2)cc(N)c1C(=O)[O-],0.933,0.274,YES,YES,6.7591,YES,YES,YES,YES,YES
Self-RAG,123,367,CCc1cc2c(cc(CC)c3ccc(C(=O)[O-])c(F)c32)c2cc(C(=O)[O-])ccc12,CCc1cc2cc(C(=O)[O-])cc3c(CC)cc4cc(C(=O)[O-])cc1c4c23INVALID,0.0,0.0,NO,NO,,NO,NO,NO,NO,NO
Self-RAG,123,368,O=C(O)c1cccc(Oc2cccc(C(=O)O)c2C(=O)[O-])c1.O=C(O)c1cccc(Oc2cccc(C(=O)O)c2C(=O)[O-])c1,O=C([O-])c1ccc(Oc2ccc(C(=O)[O-])cc2)cc1,0.396,0.299,YES,YES,1.7332,NO,NO,NO,NO,NO
Self-RAG,123,369,O=C([O-])CN(CCN(CC(=O)[O-])CC(=O)[O-])CCN(CC(=O)O)CC(=O)O,O=C([O-])CNCC(=O)N(CC(=O)[O-])CC(=O)[O-],0.684,0.586,YES,YES,0.6692,YES,YES,NO,NO,NO
Self-RAG,123,370,c1ccc(SSc2ccccn2)nc1,c1cnc(SCSc2ncccn2)nc1INVALID,0.0,0.0,NO,NO,,NO,NO,NO,NO,NO
Self-RAG,123,371,Nc1ccc(C=Cc2ccc(N)cc2S(O)(O)O)c(S(O)(O)O)c1,O=P(O)(O)c1ccccc1,0.395,0.246,YES,YES,0.706,NO,NO,NO,NO,NO
Self-RAG,123,372,O=C([O-])c1cc(C(=O)[O-])c(C(=O)O)cc1C(=O)O,O=C([O-])c1cc(C(=O)O)c(C(=O)[O-])cc1C(=O)O,1.0,1.0,YES,YES,1.0748,YES,YES,YES,YES,YES
Self-RAG,123,373,O=C(Nc1cccnc1)c1ccc(C(=O)Nc2cccnc2)s1,O=C([O-])c1cc(S(O)(O)O)cc(S(O)(O)O)c1,0.164,0.11,YES,YES,1.9888,NO,NO,NO,NO,NO
Self-RAG,123,374,NC1=N[CH]NN1,Cn1nn[nH]c1=S,0.413,0.0,YES,YES,3.2333,NO,NO,NO,NO,NO
Self-RAG,123,375,O=C([O-])c1cc(C(=O)O)c(C(=O)[O-])cc1C(=O)O,O=C([O-])c1cc(C(=O)O)c(C(=O)[O-])cc1C(=O)O,1.0,1.0,YES,YES,1.4845,YES,YES,YES,YES,YES
Self-RAG,123,376,O=[N+]([O-])c1cncc([N+](=O)[O-])c1C#Cc1c([N+](=O)[O-])cncc1[N+](=O)[O-],O=[N+]([O-])c1cncc([N+](=O)[O-])c1C#Cc1c([N+](=O)[O-])cncc1[N+](=O)[O-],1.0,1.0,YES,YES,1.812,YES,YES,YES,YES,YES
Self-RAG,123,377,O=C([O-])C(O)=C(O)C(=O)[O-],NC(C(=O)[O-])=C(N)C(=O)[O-],0.481,0.791,YES,NO,1.6845,YES,YES,YES,NO,NO
Self-RAG,123,378,C(#C[Si](C#Cc1cn[nH]c1)(C#CC1C=NN=C1)C#CC1C=NN=C1)C1=CN=N[CH]1,C(#CC(C#Cc1cn[nH]c1)(C#CC1C=NN=C1)C#CC1C=NN=C1)c1cn[nH]c1,0.656,0.232,YES,YES,4.4969,YES,YES,NO,NO,NO
Self-RAG,123,379,O=C([O-])CN1[CH]C=C(c2nnn[nH]2)C=C1,O=C([O-])c1cccc(C(=O)O)n1,0.327,0.17,YES,NO,2.1536,NO,NO,NO,NO,NO
Self-RAG,123,380,Nc1ccccc1S,c1cc(Sc2ccncc2)ccn1,0.308,0.046,YES,NO,0.9233,NO,NO,NO,NO,NO
Self-RAG,123,381,O=C([O-])c1nc(-c2ccc3ccccc3c2)[nH]c1C(=O)[O-],O=C([O-])c1cc(N2[CH]N=CN2)cc(N2[CH]N=CN2)c1,0.429,0.276,YES,YES,1.3488,NO,NO,NO,NO,NO
Self-RAG,123,382,O=C(O)c1ccc(-c2ccc(-c3ccc(C(=O)O)cc3C(=O)[O-])cc2)c(C(=O)[O-])c1,O=C([O-])c1cc(C(=O)[O-])cc(-c2ccc(C(=O)O)cc2)c1,0.842,0.5,YES,YES,1.7818,YES,YES,YES,NO,NO
Self-RAG,123,383,c1ccc(-c2cc(-c3ccncc3)nc(-c3ccncc3)c2)nc1,C=CC=CC=C1C=CC=C(c2ccncc2)C=NC=C2NC=C(N=C1)C(=CC)c1cnccc12,0.467,0.199,YES,YES,3.7653,NO,NO,NO,NO,NO
Self-RAG,123,384,CSc1nccs1,CSc1nnn[nH]1,0.6,0.371,YES,YES,1.699,YES,YES,NO,NO,NO
Self-RAG,123,385,O=C([O-])C1CCC(C(=O)[O-])CC1,O=C([O-])C1CCC(C(=O)[O-])CC1,1.0,1.0,YES,YES,1.222,YES,YES,YES,YES,YES
Self-RAG,123,386,c1c[nH]cn1,c1nnn[nH]1,0.65,0.0,YES,YES,3.009,YES,YES,NO,NO,NO
Self-RAG,123,387,c1ccc(-c2nnc(-c3ccncc3)[nH]2)nc1,C1=NN=CC1c1ccc(-c2cn[nH]c2)cc1,0.643,0.092,YES,YES,2.3123,YES,YES,NO,NO,NO
Self-RAG,123,388,O=C([O-])c1cccc(-c2c3nc(c(-c4cccc(C(=O)[O-])c4)c4ccc([nH]4)c(-c4cccc(C(=O)[O-])c4)c4nc(c(-c5cccc(C(=O)[O-])c5)c5ccc2[nH]5)C=C4)C=C3)c1,C=CN=CC=CNNC(=O)C1CC(C(=O)[O-])=CC1=CC(=O)[O-],0.367,0.058,YES,YES,1.211,NO,NO,NO,NO,NO
Self-RAG,123,389,O=C([O-])c1cc2c(cc1C(=O)[O-])C(=O)c1ccccc1C2=O,O=CC=CC=CC(=O)c1ccc(C(=O)[O-])c(C(=O)[O-])c1,0.682,0.527,YES,YES,1.2187,YES,YES,NO,NO,NO
Self-RAG,123,390,Cc1cc2ccc3nc(C)ccc3c2cn1,CC=CC1=CC=Cc2cc(-c3cn[nH]c3)ccc2C12C=NN=C2,0.361,0.249,YES,YES,2.2692,NO,NO,NO,NO,NO
Self-RAG,123,391,Nc1nc2ccccc2[nH]1,Nc1nnn[nH]1,0.667,0.156,YES,NO,3.1639,YES,YES,NO,NO,NO
Self-RAG,123,392,O=C([O-])CCC(=O)[O-],O=C([O-])C=CC(=O)[O-],0.643,0.471,YES,YES,0.4839,YES,YES,NO,NO,NO
Self-RAG,123,393,CNC12C3C4C5C3(C#CC(=O)[O-])C1C5(NC)C42C#CC(=O)[O-],CNC12C3C4C5C3(C#CC(=O)[O-])C1C5(NC)C42C#CC(=O)[O-]INVALID,0.0,0.0,NO,NO,,NO,NO,NO,NO,NO
Self-RAG,123,394,O=C([O-])c1ccc(-c2ccccc2)cc1,C=CC(=CC=CNCC1=CC=CC1)C(=O)[O-],0.269,0.162,YES,YES,0.994,NO,NO,NO,NO,NO
Self-RAG,123,395,CCCOc1c(C(=O)[O-])ccc2c(OCCC)c(C(=O)[O-])ccc12,CCCOc1c(C(=O)[O-])ccc2c(OCCC)c(C(=O)[O-])ccc12INVALID,0.0,0.0,NO,NO,,NO,NO,NO,NO,NO
Self-RAG,123,396,CN1c2cncc(n2)N(C)c2cncc(n2)N(C)c2cncc(n2)N(C)c2cncc1n2,C1=CC2C=CC1CSCc1cccc(c1)CS2,0.189,0.0,YES,YES,3.6061,NO,NO,NO,NO,NO
Self-RAG,123,397,CC(C(=O)[O-])C(=O)[O-],CC(C(=O)[O-])C(=O)[O-]INVALID,0.0,0.0,NO,NO,,NO,NO,NO,NO,NO
Self-RAG,123,398,O=C([O-])C(F)=C(F)C(=O)[O-],O=C([O-])C(F)=C(F)C(=O)[O-]INVALID,0.0,0.0,NO,NO,,NO,NO,NO,NO,NO
Self-RAG,123,399,O=C([O-])c1ccc(Oc2ccc(C(=O)[O-])c(C(=O)[O-])c2)cc1C(=O)[O-],O=C([O-])c1ccc(Oc2ccc(C(=O)[O-])c(C(=O)[O-])c2)cc1C(=O)[O-]INVALID,0.0,0.0,NO,NO,,NO,NO,NO,NO,NO
Self-RAG,999,0,O=C([O-])c1cc[n+]([O-])cc1,O=C([O-])c1cccc(C(=O)[O-])[n+]1[O-],0.794,0.538,YES,NO,0.5083,YES,YES,YES,NO,NO
Self-RAG,999,1,O=C([O-])c1cc(C(=O)[O-])cc(S(O)(O)O)c1,O=C([O-])c1cc(C(=O)[O-])cc(S(O)(O)O)c1,1.0,1.0,YES,YES,1.3412,YES,YES,YES,YES,YES
Self-RAG,999,2,O=C([O-])C1C(C(=O)[O-])C(C(=O)[O-])C(C(=O)[O-])C(C(=O)[O-])C1C(=O)[O-],O=C([O-])C1C(C(=O)[O-])C(C(=O)[O-])C(C(=O)[O-])C(C(=O)[O-])C1C(=O)[O-],1.0,1.0,YES,YES,1.7866,YES,YES,YES,YES,YES
Self-RAG,999,3,O=C(O)CC(O)(CC(=O)O)C(=O)[O-],O=C([O-])CC(O)(CC(=O)[O-])C(=O)[O-],0.857,1.0,YES,NO,1.7925,YES,YES,YES,YES,YES
Self-RAG,999,4,O=C([O-])c1cc(S(=O)(=O)c2ccc(C(=O)[O-])c(C(=O)O)c2)ccc1C(=O)O,O=C([O-])c1cc(C(=O)[O-])cc(S(O)(O)O)c1,0.7,0.365,YES,YES,1.0673,YES,YES,YES,NO,NO
Self-RAG,999,5,c1nc[nH]n1,c1cn[nH]n1,0.9,0.0,YES,YES,2.321,YES,YES,YES,YES,YES
Self-RAG,999,6,C1CCSC1,C1CCSC1,1.0,1.0,YES,YES,0.9264,YES,YES,YES,YES,YES
Self-RAG,999,7,O=C([O-])c1cc([N+](=O)[O-])c2c([N+](=O)[O-])c(C(=O)[O-])cc([N+](=O)[O-])c2c1[N+](=O)[O-],O=C([O-])c1ccc(C(=O)[O-])c2cc([N+](=O)[O-])c([N+](=O)[O-])cc12,0.949,0.564,YES,YES,1.0211,YES,YES,YES,YES,YES
Self-RAG,999,8,O=C1C(=O)C(Cl)C(=O)C(=O)C1Cl,O=C1C(=O)C(Cl)C(=O)C(=O)C1Cl,1.0,1.0,YES,YES,1.5704,YES,YES,YES,YES,YES
Self-RAG,999,9,O=C([O-])c1cc(N2[CH]N=CN2)cc(N2[CH]N=CN2)c1,O=C([O-])c1cc(N2[CH]N=CN2)cc(N2[CH]N=CN2)c1,1.0,1.0,YES,YES,1.6729,YES,YES,YES,YES,YES
Self-RAG,999,10,C1CNCCN1,C1CNCCN1,1.0,1.0,YES,YES,0.8306,YES,YES,YES,YES,YES
Self-RAG,999,11,O=C([O-])c1c(F)c(F)c(C(=O)[O-])c2cc(F)c(F)cc12,O=C([O-])c1c(F)c(F)c(C(=O)[O-])c2ccccc12,1.0,0.902,YES,NO,0.7132,YES,YES,YES,YES,YES
Self-RAG,999,12,O=C1C([N+](=O)[O-])=CC([N+](=O)[O-])C(O)=C1[N+](=O)[O-],O=C1C([N+](=O)[O-])=C[N+]([O-])C=C1[N+](=O)[O-],0.8,0.212,YES,YES,1.2903,YES,YES,YES,NO,NO
Self-RAG,999,13,O=C([O-])c1ccc(C(=O)[O-])c2ccccc12,O=C([O-])c1ccc(C(=O)[O-])cc1INVALID,0.0,0.0,NO,NO,,NO,NO,NO,NO,NO
Self-RAG,999,14,c1nnnn1CCn1cnnn1,O=C(O)c1cncnc1,0.25,0.05,YES,YES,1.4367,NO,NO,NO,NO,NO
Self-RAG,999,15,O=C([O-])c1cc([N+](=O)[O-])c(C(=O)[O-])cc1[N+](=O)[O-],O=C([O-])c1ccc([N+](=O)[O-])cc1,0.879,0.5,YES,YES,0.8911,YES,YES,YES,YES,NO
Self-RAG,999,16,O=C([O-])c1ccccc1C(=O)[O-],O=C([O-])c1cc(C(=O)[O-])c(C(=O)[O-])cc1C(=O)[O-],1.0,0.667,YES,NO,1.2267,YES,YES,YES,YES,YES
Self-RAG,999,17,CCCn1cnc2c1NC=NC2Cl,CCCn1cnc2c1NC=NC2N,0.833,0.925,YES,NO,3.0395,YES,YES,YES,YES,YES
Self-RAG,999,18,O=C([O-])CCN1[CH]C=C(C2=C[CH]N(CCC(=O)[O-])C=C2)C=C1,O=C([O-])c1ccccc1F,0.182,0.117,YES,NO,1.2412,NO,NO,NO,NO,NO
Self-RAG,999,19,O=C([O-])c1cc(C(=O)[O-])cc(-c2cc(C(=O)[O-])cc(C(=O)[O-])c2)c1,O=C([O-])c1ccc(-c2cc(-c3ccc(C(=O)[O-])cc3)cc(-c3ccc(C(=O)[O-])cc3)c2)cc1,1.0,0.363,YES,YES,1.8497,YES,YES,YES,YES,YES
Self-RAG,999,20,O=C([O-])C=Cc1ccncc1,O=C([O-])[CH][CH]c1ccccn1,0.875,0.545,YES,NO,2.4785,YES,YES,YES,YES,NO
Self-RAG,999,21,O=C([O-])c1ccc(C#Cc2ccc(C(=O)[O-])cc2)cc1,O=C([O-])c1ccc(-c2ccc(C(=O)[O-])cc2)cc1INVALID,0.0,0.0,NO,NO,,NO,NO,NO,NO,NO
Self-RAG,999,22,C(c1nnn[nH]1)c1nnn[nH]1,O=C(O)CC(O)C(=O)O.O=C([O-])COC(O)C(O)C(O)C(=O)O,0.047,0.027,YES,YES,0.4728,NO,NO,NO,NO,NO
Self-RAG,999,23,O=C([O-])c1cc(O)c(C(=O)[O-])cc1O,O=C([O-])c1ccc(C(=O)[O-])cc1,0.571,0.857,YES,NO,0.5542,YES,YES,YES,YES,NO
Self-RAG,999,24,CCc1c(C#N)c(CC)c(CC)c(C#N)c1CC,CCCc1c(C#N)c(CCC)c(CCC)c(C#N)c1CCINVALID,0.0,0.0,NO,NO,,NO,NO,NO,NO,NO
Self-RAG,999,25,O=C([O-])c1cncc(O)c1,O=C([O-])c1cccnc1C(=O)[O-],0.63,0.75,YES,YES,0.6359,YES,YES,YES,NO,NO
Self-RAG,999,26,O=C([O-])c1cccc(C(=O)[O-])n1,O=C([O-])c1cccnc1C(=O)[O-],0.864,0.75,YES,YES,0.6173,YES,YES,YES,YES,NO
Self-RAG,999,27,O=C([O-])c1cncc(-c2ccccc2C(=O)[O-])c1,O=C([O-])c1cccnc1-c1ncccc1C(=O)[O-],0.852,0.489,YES,YES,1.5356,YES,YES,YES,YES,NO
Self-RAG,999,28,Cc1cc(C#Cc2cc(C)c(C(=O)[O-])c(C)c2)cc(C)c1C(=O)[O-],Cc1cc(-c2ccc(C(=O)[O-])c(C)c2)ccc1C(=O)[O-],0.857,0.41,YES,YES,6.7084,YES,YES,YES,YES,NO
Self-RAG,999,29,c1cn(Cc2cc(Cn3ccnc3)c(Cn3ccnc3)cc2Cn2ccnc2)cn1,c1cc(Cn2ccnc2)cc(Cn2ccnc2)c1,0.889,0.595,YES,NO,1.6111,YES,YES,YES,YES,NO
Self-RAG,999,30,Nc1cc(C(=O)[O-])ccc1-c1ccc(C(=O)[O-])cc1N,O=C([O-])c1ccc(C(=O)[O-])c2ccccc12,0.5,0.441,YES,YES,5.4866,YES,NO,NO,NO,NO
Self-RAG,999,31,O=C([O-])c1ccc(-c2ccc(C(=O)[O-])cc2O)c(O)c1,Nc1cc(C(=O)[O-])ccc1-c1ccc(C(=O)[O-])cc1N,0.581,0.902,YES,YES,3.4639,YES,YES,YES,YES,YES
Self-RAG,999,32,O=C([O-])c1nccnc1C(=O)[O-],O=C([O-])c1cnccn1,0.8,0.75,YES,YES,0.8899,YES,YES,YES,NO,NO
Self-RAG,999,33,COc1cc(C(=O)[O-])ccc1C#Cc1cc(OC)c(C(=O)[O-])cc1-c1ccccc1,CCC=C1C=c2c(C(=O)[O-])cccc2=CC=C1C(=O)[O-],0.417,0.292,YES,YES,1.8647,NO,NO,NO,NO,NO
Self-RAG,999,34,O=C([O-])c1c(F)c(F)c(C(=O)[O-])c2c(F)c(F)c(F)c(F)c12,O=C([O-])c1c(F)c(F)c(C(=O)[O-])c2ccccc12INVALID,0.0,0.0,NO,NO,,NO,NO,NO,NO,NO
Self-RAG,999,35,O=C([O-])c1cnc(C(=O)[O-])cn1,O=C([O-])c1ccc(C(=O)[O-])nc1,0.87,0.3,YES,NO,1.3659,YES,YES,YES,YES,NO
Self-RAG,999,36,O=C([O-])c1ccc(Oc2cc(Oc3ccc(C(=O)[O-])cc3)cc(C(=O)[O-])c2)cc1,O=C([O-])C1=CC=COc2cc(Oc3ccc(C(=O)[O-])cc3)cc(C(=O)[O-])c2C=C1,0.714,0.651,YES,YES,0.6643,YES,YES,YES,NO,NO
Self-RAG,999,37,O=C([O-])c1ccc(-c2cc(C(=O)[O-])cc(C(=O)[O-])c2)cc1,O=C([O-])c1ccc(-c2cc(C(=O)[O-])cc(C(=O)[O-])c2)cc1,1.0,1.0,YES,YES,0.9274,YES,YES,YES,YES,YES
Self-RAG,999,38,O=C([O-])c1cc(F)c(C(=O)[O-])cc1F,O=C([O-])c1c(F)c(F)c(C(=O)[O-])c2cc(F)c(F)cc12,0.818,0.638,YES,YES,1.3377,YES,YES,YES,NO,NO
Self-RAG,999,39,[CH](NN[CH]c1ccncc1)c1ccncc1,c1cn(CCCCn2ccnc2)cn1,0.278,0.037,YES,YES,1.4588,NO,NO,NO,NO,NO
Self-RAG,999,40,O=C([O-])c1ccccc1C(=O)O,O=C([O-])c1ccc(C(=O)[O-])cc1,0.8,0.75,YES,NO,3.0335,YES,YES,YES,NO,NO
Self-RAG,999,41,CC(CCC(=O)[O-])C(=O)[O-],CC(CC(=O)[O-])C(=O)[O-],0.812,0.687,YES,YES,2.0419,YES,YES,YES,NO,NO
Self-RAG,999,42,O=C([O-])c1cc(S(O)(O)O)c(C(=O)[O-])c2c1CC2,O=C([O-])c1cc(Cl)c(C(=O)[O-])c2c1CC2,0.422,0.782,YES,YES,3.699,YES,YES,YES,NO,NO
Self-RAG,999,43,CNC1(F)CC2(C#CC(=O)[O-])CCC1(C#CC(=O)[O-])CC2,COC1CC2(C#CC(=O)[O-])CCC1(C#CC(=O)[O-])C(Cl)C2Cl,0.636,0.821,YES,YES,0.6692,YES,YES,YES,NO,NO
Self-RAG,999,44,Cc1nccn1Cc1ccncc1,c1cn(Cc2ccc(-n3ccnc3)cc2)cn1,0.719,0.394,YES,YES,1.586,YES,YES,YES,NO,NO
Self-RAG,999,45,c1cn(Cc2ccc(Cn3ccnc3)cc2)cn1,c1ncn(Cc2ccc(Cn3cncn3)cc2)n1,0.733,0.533,YES,NO,1.1297,YES,YES,YES,NO,NO
Self-RAG,999,46,c1cncnc1,c1cnccn1,0.769,0.0,YES,YES,0.8877,YES,YES,YES,NO,NO
Self-RAG,999,47,CCC12C3C4(C(=O)[O-])C5(CC)C(C1(C(=O)[O-])C35[N+](=O)[O-])C24[N+](=O)[O-],N#CC12C3C4([N+](=O)[O-])C5(C#N)C(C14[N+](=O)[O-])C2([N+](=O)[O-])C35[N+](=O)[O-],0.767,0.0,YES,YES,1.5276,YES,YES,YES,NO,NO
Self-RAG,999,48,O=C([O-])CN(CC(=O)[O-])CC(=O)[O-],O=C([O-])CCC(=O)[O-],0.478,0.285,YES,YES,1.3653,NO,NO,NO,NO,NO
Self-RAG,999,49,c1cn(-c2ccc(NNc3ccc(-n4ccnc4)cc3)cc2)cn1,c1cn(-c2ccc(-n3ccnc3)cc2)cn1,0.742,0.453,YES,YES,1.9075,YES,YES,YES,NO,NO
Self-RAG,999,50,Nc1cc(C#Cc2cc(N)c(C(=O)[O-])c(N)c2)cc(N)c1C(=O)[O-],O=C([O-])c1c(O)cc(C=Cc2cc(O)c(C(=O)[O-])c(O)c2)cc1O,0.5,0.41,YES,NO,7.0019,YES,NO,NO,NO,NO
Self-RAG,999,51,CCc1cc2c(cc(CC)c3ccc(C(=O)[O-])c(F)c32)c2cc(C(=O)[O-])ccc12,CCc1cc2cc(C(=O)[O-])cc3c(CC)cc4cc(C(=O)[O-])cc1c4c23INVALID,0.0,0.0,NO,NO,,NO,NO,NO,NO,NO
Self-RAG,999,52,O=C(O)c1cccc(Oc2cccc(C(=O)O)c2C(=O)[O-])c1.O=C(O)c1cccc(Oc2cccc(C(=O)O)c2C(=O)[O-])c1,O=C(O)c1cccc(Oc2cccc(C(=O)[O-])c2C(=O)[O-])c1,0.479,0.5,YES,YES,1.8796,YES,NO,NO,NO,NO
Self-RAG,999,53,O=C([O-])CN(CCN(CC(=O)[O-])CC(=O)[O-])CCN(CC(=O)O)CC(=O)O,O=C([O-])Cn1cnnn1,0.36,0.135,YES,NO,0.6757,NO,NO,NO,NO,NO
Self-RAG,999,54,c1ccc(SSc2ccccn2)nc1,c1cnc(SCSc2ncccn2)nc1,0.667,0.105,YES,NO,0.5445,YES,YES,NO,NO,NO
Self-RAG,999,55,Nc1ccc(C=Cc2ccc(N)cc2S(O)(O)O)c(S(O)(O)O)c1,O=P(O)(O)c1ccc(-c2ccc(P(=O)(O)O)cc2)cc1,0.444,0.246,YES,YES,0.4906,NO,NO,NO,NO,NO
Self-RAG,999,56,O=C([O-])c1cc(C(=O)[O-])c(C(=O)O)cc1C(=O)O,O=C([O-])c1ccc(C(=O)[O-])cc1,0.75,0.667,YES,NO,0.527,YES,YES,YES,NO,NO
Self-RAG,999,57,O=C(Nc1cccnc1)c1ccc(C(=O)Nc2cccnc2)s1,O=C(Nc1ccncc1)c1ccc(C(=O)Nc2ccncc2)cc1,0.781,0.242,YES,NO,1.6297,YES,YES,YES,NO,NO
Self-RAG,999,58,NC1=N[CH]NN1,Nc1nnc(N)[nH]1,0.75,0.229,YES,YES,3.3186,YES,YES,YES,NO,NO
Self-RAG,999,59,O=C([O-])c1cc(C(=O)O)c(C(=O)[O-])cc1C(=O)O,O=C([O-])c1cc(C(=O)O)c(C(=O)[O-])cc1C(=O)O,1.0,1.0,YES,YES,1.4845,YES,YES,YES,YES,YES
Self-RAG,999,60,O=[N+]([O-])c1cncc([N+](=O)[O-])c1C#Cc1c([N+](=O)[O-])cncc1[N+](=O)[O-],N#Cc1cc([N+](=O)[O-])c(C#N)cc1[N+](=O)[O-],0.732,0.137,YES,YES,1.8271,YES,YES,YES,NO,NO
Self-RAG,999,61,O=C([O-])C(O)=C(O)C(=O)[O-],O=C([O-])C(=O)[O-],0.588,0.478,YES,YES,1.6999,YES,NO,NO,NO,NO
Self-RAG,999,62,C(#C[Si](C#Cc1cn[nH]c1)(C#CC1C=NN=C1)C#CC1C=NN=C1)C1=CN=N[CH]1,C(#CC#Cc1cn[nH]c1)C#CC1=CN=N[CH]1,0.828,0.232,YES,YES,5.132,YES,YES,YES,NO,NO
Self-RAG,999,63,O=C([O-])CN1[CH]C=C(c2nnn[nH]2)C=C1,O=C([O-])c1cccc(C(=O)O)n1,0.327,0.17,YES,NO,2.2095,NO,NO,NO,NO,NO
Self-RAG,999,64,Nc1ccccc1S,c1ccc(SCSc2ccccn2)nc1,0.3,0.04,YES,NO,0.4578,NO,NO,NO,NO,NO
Self-RAG,999,65,O=C([O-])c1nc(-c2ccc3ccccc3c2)[nH]c1C(=O)[O-],O=C([O-])c1cc(N2[CH]N=CN2)cc(N2[CH]N=CN2)c1,0.429,0.276,YES,YES,1.2896,NO,NO,NO,NO,NO
Self-RAG,999,66,O=C(O)c1ccc(-c2ccc(-c3ccc(C(=O)O)cc3C(=O)[O-])cc2)c(C(=O)[O-])c1,O=C([O-])c1cc(C(=O)[O-])cc(-c2ccc(C(=O)O)cc2)c1,0.842,0.5,YES,YES,1.8287,YES,YES,YES,NO,NO
Self-RAG,999,67,c1ccc(-c2cc(-c3ccncc3)nc(-c3ccncc3)c2)nc1,C=CC=CC=C1C=CC=C(c2ccncc2)C=NC=C2NC=C(N=C1)C(=CC)c1cnccc12,0.467,0.199,YES,YES,3.7653,NO,NO,NO,NO,NO
Self-RAG,999,68,CSc1nccs1,CSc1nnn[nH]1,0.6,0.371,YES,YES,1.699,YES,YES,NO,NO,NO
Self-RAG,999,69,O=C([O-])C1CCC(C(=O)[O-])CC1,O=C([O-])C1CCC(C(=O)[O-])CC1,1.0,1.0,YES,YES,1.222,YES,YES,YES,YES,YES
Self-RAG,999,70,c1c[nH]cn1,c1nnn[nH]1,0.65,0.0,YES,YES,3.0895,YES,YES,NO,NO,NO
Self-RAG,999,71,c1ccc(-c2nnc(-c3ccncc3)[nH]2)nc1,c1ccc(-c2nnc(-c3ccncc3)[nH]2)nc1,1.0,1.0,YES,YES,2.3616,YES,YES,YES,YES,YES
Self-RAG,999,72,O=C([O-])c1cccc(-c2c3nc(c(-c4cccc(C(=O)[O-])c4)c4ccc([nH]4)c(-c4cccc(C(=O)[O-])c4)c4nc(c(-c5cccc(C(=O)[O-])c5)c5ccc2[nH]5)C=C4)C=C3)c1,C=CN=CC=CNNC(=O)C1CC(C(=O)[O-])=CC1=CC(=O)[O-],0.367,0.058,YES,YES,1.211,NO,NO,NO,NO,NO
Self-RAG,999,73,O=C([O-])c1cc2c(cc1C(=O)[O-])C(=O)c1ccccc1C2=O,O=C([O-])c1ccccc1I,0.44,0.395,YES,NO,1.856,NO,NO,NO,NO,NO
Self-RAG,999,74,Cc1cc2ccc3nc(C)ccc3c2cn1,CCCC=NC1=CC=C2N=CC=CC=C(C=C1)C2C,0.312,0.083,YES,YES,1.2786,NO,NO,NO,NO,NO
Self-RAG,999,75,Nc1nc2ccccc2[nH]1,C=Nc1nc2ccccc2[nH]1,0.793,0.912,YES,YES,3.831,YES,YES,YES,YES,YES
Self-RAG,999,76,O=C([O-])CCC(=O)[O-],O=C([O-])C=CC(=O)[O-],0.643,0.471,YES,YES,0.4839,YES,YES,NO,NO,NO
Self-RAG,999,77,CNC12C3C4C5C3(C#CC(=O)[O-])C1C5(NC)C42C#CC(=O)[O-],CNC12C3C4C5C(C41C#CC(=O)[O-])C2(NC)C53C#CC(=O)[O-],0.879,0.915,YES,YES,1.3209,YES,YES,YES,YES,YES
Self-RAG,999,78,O=C([O-])c1ccc(-c2ccccc2)cc1,O=C([O-])c1cccc(-c2cccnc2)c1INVALID,0.0,0.0,NO,NO,,NO,NO,NO,NO,NO
Self-RAG,999,79,CCCOc1c(C(=O)[O-])ccc2c(OCCC)c(C(=O)[O-])ccc12,CCCOC=Cc1cc(C(=O)[O-])ccc1C(C=COCCC)c1cc(C(=O)[O-])ccc1OCCC,0.865,0.311,YES,YES,1.788,YES,YES,YES,YES,NO
Self-RAG,999,80,CN1c2cncc(n2)N(C)c2cncc(n2)N(C)c2cncc(n2)N(C)c2cncc1n2,CC=CC(C=CC1=CC=CC1)N(c1ccc(-c2ccncc2)cc1)c1ccc(-c2ccncc2)cc1,0.559,0.017,YES,YES,3.6459,YES,NO,NO,NO,NO
Self-RAG,999,81,CC(C(=O)[O-])C(=O)[O-],CC(C(=O)[O-])=C(C)C(=O)[O-],0.667,0.478,YES,NO,2.8831,YES,YES,NO,NO,NO
Self-RAG,999,82,O=C([O-])C(F)=C(F)C(=O)[O-],O=C([O-])C(O)=C(O)C(=O)[O-],0.55,0.791,YES,YES,1.5206,YES,YES,YES,NO,NO
Self-RAG,999,83,O=C([O-])c1ccc(Oc2ccc(C(=O)[O-])c(C(=O)[O-])c2)cc1C(=O)[O-],O=C([O-])c1ccc(C=Nc2cc(C(=O)[O-])cc(C(=O)[O-])c2)cc1,0.5,0.354,YES,NO,1.9864,YES,NO,NO,NO,NO
Self-RAG,999,84,Cc1cc(OCC(=O)[O-])cc(C(=O)[O-])c1,O=C([O-])CNC=C1C=C(C(=O)[O-])C(=O)N1,0.306,0.24,YES,YES,4.2596,NO,NO,NO,NO,NO
Self-RAG,999,85,O=C([O-])c1sc2c(C(=O)O)c(C(=O)[O-])sc2c1C(=O)O,O=C([O-])c1cc(C(=O)O)c(C(=O)[O-])cc1F,0.467,0.177,YES,YES,4.7274,NO,NO,NO,NO,NO
Self-RAG,999,86,Cc1nc(C)c(C(=O)[O-])c(C=Cc2ccccc2)c1C(=O)[O-],O=C([O-])c1ccccc1-c1ccccc1C(=O)[O-],0.593,0.313,YES,YES,1.656,YES,NO,NO,NO,NO
Self-RAG,999,87,Cc1c(C)c(C(=O)[O-])c(C)c(C)c1C(=O)[O-],Cc1c(C)c(C(=O)[O-])c(C)c(C)c1C(=O)[O-],1.0,1.0,YES,YES,1.0509,YES,YES,YES,YES,YES
Self-RAG,999,88,O=C([O-])CO,NCC(=O)[O-],0.5,0.78,YES,YES,0.4416,YES,YES,YES,NO,NO
Self-RAG,999,89,O=C([O-])c1ccc(-c2ccc(C(=O)[O-])c(C(=O)O)c2)cc1C(=O)O,O=C([O-])c1ccc(NNc2ccc(C(=O)[O-])c(C(=O)O)c2)cc1C(=O)[O-],0.581,0.455,YES,YES,2.5172,YES,NO,NO,NO,NO
Self-RAG,999,90,Cc1cc(-n2ccnc2)c(C)cc1-n1ccnc1,c1ccc(-c2nc(-c3ccccn3)c(-c3ccccn3)nc2-c2ccccn2)nc1,0.5,0.0,YES,YES,2.3177,YES,NO,NO,NO,NO
Self-RAG,999,91,O=P(O)(O)CCSc1ccncc1,O=P(O)(O)CCCCP(=O)(O)O,0.59,0.431,YES,YES,1.3822,YES,NO,NO,NO,NO
Self-RAG,999,92,O=C([O-])C1=NC(c2cncc(Br)c2)=NC1C(=O)O,O=CC1=CC(Cc2ccc(C(=O)O)cc2)=C(C(=O)[O-])C1=CC1=CC(=CC(=O)[O-])C=CO1,0.378,0.114,YES,YES,1.9518,NO,NO,NO,NO,NO
Self-RAG,999,93,[CH]1N=NC=C1c1ccc([Si](c2ccc(-c3cn[nH]c3)cc2)(c2ccc(C3C=NN=C3)cc2)c2ccc(C3C=NN=C3)cc2)cc1,C1=NN=CC1C12C3C4C1C1C2C3C41Cc1cn[nH]c1,0.59,0.239,YES,YES,3.0154,YES,NO,NO,NO,NO
Self-RAG,999,94,CCOC1(Br)c2c(C(=O)[O-])c(Br)cc(C(=O)[O-])c2C1Br,O=C([O-])C=C(F)C(F)=C(C=CC(F)=C(CF)c1c(F)c(F)c(C(=O)[O-])c(F)c1F)CF,0.528,0.323,YES,YES,2.1352,YES,NO,NO,NO,NO
Self-RAG,999,95,CCCOC1CC2(C#CC(=O)[O-])CCC1(C#CC(=O)[O-])CC2,CC1CC2(C#CC(=O)[O-])CCC1(C#CC(=O)[O-])CC2O,0.711,0.866,YES,YES,0.9518,YES,YES,YES,YES,NO
Self-RAG,999,96,N#CC(C(=O)[O-])=C(C=CC(=O)[O-])c1ccccc1,O=C([O-])C=CC(=O)[O-],0.556,0.311,YES,YES,2.5849,YES,NO,NO,NO,NO
Self-RAG,999,97,O=C([O-])C=CC=CC(=O)[O-],O=C([O-])C=CC=CC(=O)[O-],1.0,1.0,YES,YES,1.3489,YES,YES,YES,YES,YES
Self-RAG,999,98,CCOP(=O)(Cc1c(C)c(C)c(CP(=O)(OCC)OCC)c(C)c1C)OCC,CCCCS(=O)CC1CCCCC1,0.349,0.25,YES,YES,1.6918,NO,NO,NO,NO,NO
Self-RAG,999,99,[CH]1N=CNN1CCCCCCn1cncn1,c1ncn(CCCCn2cncn2)n1,0.769,0.549,YES,NO,2.3364,YES,YES,YES,NO,NO
Self-RAG,999,100,O=P(O)(O)O,O=[PH](O)O,0.824,0.78,YES,YES,1.1292,YES,YES,YES,NO,NO
Self-RAG,999,101,O=C([O-])c1cc(C(=O)O)c(C(=O)[O-])c2c1CC2,O=C([O-])c1cc(C(=O)O)c(C(=O)[O-])c2c1CC2,1.0,1.0,YES,YES,1.6246,YES,YES,YES,YES,YES
Self-RAG,999,102,O=C([O-])c1cc(Cn2nnc3ccccc32)cc(C(=O)[O-])c1,O=C([O-])c1cc(NCc2ccncc2)cc(C(=O)[O-])c1,0.522,0.527,YES,YES,1.0823,YES,NO,NO,NO,NO
Self-RAG,999,103,O=C([O-])c1c(F)cc(C=Cc2cc(F)c(C(=O)[O-])c(F)c2)cc1F,O=C([O-])c1c(F)cc(C#Cc2cc(F)c(C(=O)[O-])c(F)c2)cc1F,0.909,0.492,YES,NO,6.5092,YES,YES,YES,YES,YES
Self-RAG,999,104,Nc1c(N)c(C(=O)[O-])c(N)c(N)c1C#Cc1c(N)c(N)c(C(=O)[O-])c(N)c1N,O=C([O-])c1c(Cl)c(Cl)c(C#Cc2c(Cl)c(Cl)c(C(=O)[O-])c(Cl)c2Cl)c(Cl)c1ClINVALID,0.0,0.0,NO,NO,,NO,NO,NO,NO,NO
Self-RAG,999,105,NCC(=O)[O-],O=CC(=O)[O-],0.316,0.78,YES,YES,0.2968,YES,YES,YES,NO,NO
Self-RAG,999,106,O=C([O-])c1nc[nH]c1C(=O)[O-],O=C([O-])c1nc[nH]c1C(=O)[O-]INVALID,0.0,0.0,NO,NO,,NO,NO,NO,NO,NO
Self-RAG,999,107,O=C([O-])c1ccc(C#Cc2ccc(C(=O)[O-])cc2Cl)c(Cl)c1,O=C([O-])c1ccc(C#Cc2ccc(C(=O)[O-])c(Cl)c2)cc1Cl,1.0,0.911,YES,YES,3.9097,YES,YES,YES,YES,YES
Self-RAG,999,108,O=C([O-])c1cncc(OCOc2cncc(C(=O)[O-])c2)c1,O=C([O-])c1cccc(Oc2cccnc2)c1C(=O)[O-],0.714,0.327,YES,NO,0.6778,YES,YES,YES,NO,NO
Self-RAG,999,109,O=C([O-])c1ccc(-n2ccc(=O)cc2)cc1C(=O)[O-],O=C([O-])c1cc(Oc2ccccc2C(=O)[O-])cc(Oc2ccccc2C(=O)[O-])c1,0.541,0.302,YES,NO,2.158,YES,NO,NO,NO,NO
Self-RAG,999,110,CCc1cc(-c2ccc(C(=O)[O-])cc2)ccc1C(=O)[O-],Cc1cc(C(=O)[O-])cc2c(C)cc(C(=O)[O-])cc12,0.652,0.441,YES,NO,1.3457,YES,YES,NO,NO,NO
Self-RAG,999,111,CCCC1=NN=CC1C#Cc1ccc(C#CC2=C(CCC)N=N[CH]2)cc1OC,CCC12C3C4C5C(C1C53C#CC1=CN=N[CH]1)C42C#Cc1cn[nH]c1,0.5,0.57,YES,YES,0.9592,YES,NO,NO,NO,NO
Self-RAG,999,112,CCC(C)COc1cc(C=Cc2ccncc2)c(OCC(C)CC)cc1C=Cc1ccncc1,CC1=CC=C(C(=O)C2=C(C(C)Cc3ccc(C#N)cc3)[CH]C2=CC(C)(C)C)C=CC1,0.31,0.23,YES,YES,0.8899,NO,NO,NO,NO,NO
Self-RAG,999,113,Cn1cnc(C(=O)[O-])c1C(=O)[O-],O=C([O-])c1cccc(-c2cccc(C(=O)[O-])c2)c1,0.297,0.196,YES,YES,3.4704,NO,NO,NO,NO,NO
Self-RAG,999,114,O=S1(=O)CCCC1,O=C([O-])C1C2CCC(O2)C1C(=O)[O-],0.238,0.046,YES,NO,4.7642,NO,NO,NO,NO,NO
Self-RAG,999,115,Cc1nccn1CCCCn1ccnc1C,c1cn(CCCCn2ccnc2)cn1,0.765,0.878,YES,YES,1.3624,YES,YES,YES,YES,NO
Self-RAG,999,116,O=C([O-])c1ccnc(-c2cc(C(=O)[O-])ccn2)c1,O=C([O-])c1cccc(Cl)c1,0.321,0.196,YES,NO,1.0725,NO,NO,NO,NO,NO
Self-RAG,999,117,O=C([O-])c1cccc(-c2nccs2)c1,O=C([O-])c1cc(Cl)c(Cl)cc1C(=O)[O-],0.281,0.626,YES,NO,1.4344,YES,YES,NO,NO,NO
Self-RAG,999,118,NC(=S)c1cccc(C(N)=S)c1,O=C(O)c1ccc(Br)cc1O,0.121,0.583,YES,YES,2.2004,YES,NO,NO,NO,NO
Self-RAG,999,119,O=C([O-])c1ccc(N=Cc2ccccc2O)cc1,CC(=CC=CC(=O)[O-])Cc1ccncc1C,0.308,0.142,YES,YES,1.7974,NO,NO,NO,NO,NO
Self-RAG,999,120,Nc1c(N)c(C(=O)[O-])c2ccccc2c1C(=O)[O-],O=C([O-])c1ccc(C(=O)[O-])c2c(O)c(O)c(O)cc12,0.526,0.845,YES,YES,0.7017,YES,YES,YES,NO,NO
Self-RAG,999,121,Cc1cc2ncn(CCCCn3cnc4cc(C)c(C)cc43)c2cc1C,O=C([O-])c1cc(-c2ccncc2)cc(-c2ccncc2)c1,0.25,0.258,YES,YES,1.8949,NO,NO,NO,NO,NO
Self-RAG,999,122,O=C([O-])c1c(O)c(O)c(C(=O)[O-])c2c(O)c(O)c(O)c(O)c12,O=C([O-])c1c(O)c(O)c(C(=O)[O-])c2c(O)c(O)c(O)c(O)c12,1.0,1.0,YES,YES,1.1019,YES,YES,YES,YES,YES
Self-RAG,999,123,O=C([O-])C12C3C4C1C1(S(O)(O)O)C2C3C41C(=O)[O-],CCC1C2C3C(CC)C4(c5ccccc5)C3(C#CC(=O)[O-])C2C14C(=O)[O-],0.4,0.441,YES,YES,1.6166,NO,NO,NO,NO,NO
Self-RAG,999,124,Cc1cnc(C)cn1,c1cc(NNc2ccncc2)ccn1,0.407,0.0,YES,NO,0.6301,NO,NO,NO,NO,NO
Self-RAG,999,125,ON=C(c1ccncc1)c1ccccn1,COc1cccc2nnnn2c2ccc(N)cc2nc1,0.294,0.03,YES,YES,1.1362,NO,NO,NO,NO,NO
Self-RAG,999,126,CC(=O)N(C)C,c1c[nH]cn1,0.034,0.0,YES,YES,3.0713,NO,NO,NO,NO,NO
Self-RAG,999,127,c1cc(-c2ccncc2)ccn1,c1cc(-c2ccncc2)ccn1INVALID,0.0,0.0,NO,NO,,NO,NO,NO,NO,NO
Self-RAG,999,128,[CH](C=CC=C1C=NN=C1)c1cn[nH]c1,CC(NNC(C)c1ccncc1)c1ccncc1,0.406,0.142,YES,NO,4.9219,NO,NO,NO,NO,NO
Self-RAG,999,129,CC(=O)[CH]C(=O)c1ccc(-n2ccnc2)cc1,CC(=O)[CH]C(=O)c1ccc(-n2ccnc2)cc1,1.0,1.0,YES,YES,2.4951,YES,YES,YES,YES,YES
Self-RAG,999,130,O=C(Nc1cccnc1)c1cccnc1,c1cc(Sc2ccncc2)ccn1,0.414,0.39,YES,NO,1.4617,NO,NO,NO,NO,NO
Self-RAG,999,131,c1cc(CCCc2ccncc2)ccn1,c1cc(CCCc2ccncc2)ccn1,1.0,1.0,YES,YES,0.2993,YES,YES,YES,YES,YES
Self-RAG,999,132,Cc1cc2ncn(Cc3ccc(Cn4cnc5cc(C)c(C)cc54)cc3)c2cc1C,c1cc(-c2ccncc2)ccn1,0.324,0.0,YES,YES,1.9326,NO,NO,NO,NO,NO
Self-RAG,999,133,Cc1ccc(SCN(CSc2ccc(C)cc2C)CSc2ccc(C)cc2C)c(C)c1,CC=CC(=O)[O-],0.029,0.019,YES,NO,1.3645,NO,NO,NO,NO,NO
Self-RAG,999,134,CC1c2nccc(-c3ccnc4c3C4C)c21,O=C(Nc1ccncc1)c1cccc(C(=O)Nc2ccncc2)c1,0.394,0.242,YES,YES,1.0111,NO,NO,NO,NO,NO
Self-RAG,999,135,O=C([O-])c1ccc(OCC(COc2ccc(C(=O)[O-])cc2)(COc2ccc(C(=O)[O-])cc2)COc2ccc(C(=O)O)cc2)cc1,O=C([O-])c1ccc(C=Cc2ccncc2)cc1,0.333,0.195,YES,NO,2.087,NO,NO,NO,NO,NO
Self-RAG,999,136,N#CC(C#N)C(=S)S,CC(=O)C(C#N)C(C)=O,0.125,0.533,YES,NO,0.2582,YES,NO,NO,NO,NO
Self-RAG,999,137,OC1(Cl)Cc2ncc(Cl)nc21,Fc1nc(F)c(F)nc1F,0.457,0.527,YES,YES,2.4128,YES,NO,NO,NO,NO
Self-RAG,999,138,CC1(C)OC(CP(c2ccccc2)c2ccccc2)C(CP(c2ccccc2)c2ccccc2)O1,c1cc(CCCc2ccncc2)ccn1,0.222,0.045,YES,YES,1.3798,NO,NO,NO,NO,NO
Self-RAG,999,139,Cc1ccc(S(=O)(=O)NC(CCC(=O)[O-])C(=O)[O-])cc1,O=C([O-])C=CC=CS(=O)(=O)c1ccc(C(=O)[O-])cc1,0.583,0.5,YES,YES,0.8037,YES,NO,NO,NO,NO
Self-RAG,999,140,O=C([O-])C1=C[CH]NC=C1C(=O)[O-],O=S(=O)(n1ccnc1)n1ccnc1,0.145,0.046,YES,YES,0.5084,NO,NO,NO,NO,NO
Self-RAG,999,141,O=C([O-])c1ccc(-c2cc3cc(c2)C(=O)[O][Cd][O]C3=O)cc1,c1cc(-c2nnn[nH]2)ccc1-c1nnn[nH]1,0.2,0.308,YES,YES,1.5019,NO,NO,NO,NO,NO
Self-RAG,999,142,O=P(O)(O)F,[NH]n1nnnc1C1=NN=CC1,0.082,0.0,YES,YES,1.1801,NO,NO,NO,NO,NO
Self-RAG,999,143,CC(=O)CC(C#N)(C#N)C(C#N)C#N,CC(C)OC(=O)CO,0.231,0.19,YES,YES,0.9535,NO,NO,NO,NO,NO
Self-RAG,999,144,COc1cc(NC#N)c(OC)cc1NC#N,N#CC(C#N)=C(C#N)C(C#N)=C(C#N)C#N,0.094,0.1,YES,NO,2.0396,NO,NO,NO,NO,NO
Self-RAG,999,145,c1ccc2c(-n3ccnc3)c3ccccc3c(-n3ccnc3)c2c1,Cc1c(-c2ccncc2)c(C)c(-c2c(C)c(-c3ccncc3)c(C)c(-c3ccncc3)c2C)c(C)c1-c1ccncc1,0.375,0.137,YES,YES,1.6813,NO,NO,NO,NO,NO
Self-RAG,999,146,O=C([O-])c1ccc(NNc2ccc(C(=O)[O-])cc2)cc1,O=C([O-])c1ccc(Oc2ccc(C(=O)[O-])cc2)cc1,0.438,0.441,YES,YES,0.7827,NO,NO,NO,NO,NO
Self-RAG,999,147,O=C(NCc1ccncc1)C(=O)NCc1ccncc1,O=C(NCc1ccncc1)c1ccncc1,0.727,0.49,YES,YES,3.1559,YES,YES,YES,NO,NO
Self-RAG,999,148,Nc1ccc(Cc2ccc(N)cc2)cc1,c1cc(-c2ccc(-c3ccncc3)cc2)ccn1,0.333,0.32,YES,YES,1.6309,NO,NO,NO,NO,NO
Self-RAG,999,149,O=C([O-])c1ccc(-c2cc(-c3ccc(C(=O)O)cc3)c(-c3ccc(C(=O)[O-])cc3)cc2-c2ccc(C(=O)O)cc2)cc1,O=C([O-])c1cc(C(=O)O)c2cc(C(=O)[O-])cc(C(=O)O)c2c1INVALID,0.0,0.0,NO,NO,,NO,NO,NO,NO,NO
Self-RAG,999,150,Fc1cc2cc(C3C=NN=C3)c(F)cc2cc1-c1cn[nH]c1,Cc1cnccc1C(F)(CCF)C(=CF)Cc1ccncc1,0.356,0.027,YES,YES,1.0863,NO,NO,NO,NO,NO
Self-RAG,999,151,O=C1C(=O)C(=O)C(=O)C1=O,O=C1C(=O)C(=O)C1=O,0.867,0.16,YES,NO,3.0076,YES,YES,YES,YES,NO
Self-RAG,999,152,O=C(Nc1cc(C(=O)[O-])cc(C(=O)[O-])c1)Nc1cc(C(=O)[O-])cc(C(=O)[O-])c1,O=C([O-])c1ccc(N=Nc2ccc(C(=O)[O-])cc2)cc1,0.625,0.317,YES,NO,3.5734,YES,YES,NO,NO,NO
Self-RAG,999,153,Cc1nccn1Cc1ccc(-c2ccc(Cn3ccnc3C)cc2)cc1,c1ccc2c(c1)ncn2CCCCCn1cnc2ccccc21,0.641,0.221,YES,YES,1.5816,YES,YES,NO,NO,NO
Self-RAG,999,154,CC(=O)NC(C)(NC(C)=O)C(=O)[O-],O=C([O-])C1CCCCC1C(=O)O,0.243,0.205,YES,NO,2.1392,NO,NO,NO,NO,NO
Self-RAG,999,155,O=C([O-])c1cccc(CN2CCOCCN(Cc3cccc(C(=O)[O-])c3)CCOCC2)c1,O=C([O-])Cn1cncn1,0.46,0.08,YES,NO,1.2014,NO,NO,NO,NO,NO
Self-RAG,999,156,O=C([O-])c1c(Cl)cc(-c2cc(-c3cc(Cl)c(C(=O)[O-])c(Cl)c3)cc(-c3cc(Cl)c(C(=O)[O-])c(Cl)c3)c2)cc1Cl,O=C([O-])c1c(Cl)cc(-c2cc(-c3cc(Cl)c(C(=O)[O-])c(Cl)c3)cc(-c3cc(Cl)c(C(=O)[O-])c(Cl)c3)c2)cc1Cl,1.0,1.0,YES,YES,1.0074,YES,YES,YES,YES,YES
Self-RAG,999,157,O=[PH](O)O,O=P(O)(O)O,0.824,0.78,YES,YES,1.4075,YES,YES,YES,NO,NO
Self-RAG,999,158,O=P(O)(O)C1=CC=C2[CH]C=CC=C2N1,O=P(O)(O)C1=CC=C2[CH]C=CC=C2N1,1.0,1.0,YES,YES,1.6924,YES,YES,YES,YES,YES
Self-RAG,999,159,c1ccc2nc(-c3cnc4ccccc4n3)cnc2c1,c1cc(-c2ccncc2)ccn1,0.722,0.077,YES,YES,1.1237,YES,YES,YES,NO,NO
Self-RAG,999,160,O=C([O-])Cn1nn[nH]c1=S,O=C([O-])C(F)(F)F,0.132,0.36,YES,NO,0.6499,NO,NO,NO,NO,NO
Self-RAG,999,161,CCCCN(CCO)CCO,O=[N+]([O-])c1ccc(O)cc1,0.154,0.055,YES,YES,2.4071,NO,NO,NO,NO,NO
Self-RAG,999,162,CC1=C(CC2=C(C)N=NC2C)C(C)N=N1,c1ccc(-c2cc(-c3ccncc3)cc(-c3ccccn3)n2)nc1,0.206,0.0,YES,YES,2.4226,NO,NO,NO,NO,NO
Self-RAG,999,163,CC(C)c1cc(C(C)C)c(CP(=O)(O)O)c(C(C)C)c1,OS(O)(O)c1cccc2c(S(O)(O)O)cccc12,0.378,0.3,YES,NO,1.7264,NO,NO,NO,NO,NO
Self-RAG,999,164,O=C([O-])CN=Cc1ccccc1O,O=C([O-])CN1NN=C(c2ccccn2)N1,0.339,0.235,YES,YES,1.46,NO,NO,NO,NO,NO
Self-RAG,999,165,CNC1CC2(C#CC(=O)[O-])C(NC)CC1(C#CC(=O)[O-])C(F)C2F,CNC1CC2(C#CC(=O)[O-])CCC1(C#CC(=O)[O-])CC2F,0.829,0.877,YES,YES,0.5614,YES,YES,YES,YES,NO
Self-RAG,999,166,O=C([O-])c1cccc(NNc2cccc(C(=O)[O-])c2)c1,O=C([O-])c1cccc(NNc2cccc(C(=O)[O-])c2)c1,1.0,1.0,YES,YES,1.5263,YES,YES,YES,YES,YES
Self-RAG,999,167,O=C([O-])c1ccc(NNc2ccc(C(=O)[O-])c(F)c2)cc1F,O=C([O-])c1c(O)c(O)c(C(=O)[O-])c2cc(O)c(O)cc12,0.395,0.402,YES,NO,3.9069,NO,NO,NO,NO,NO
Self-RAG,999,168,N#CNC#N,N#CNC#NINVALID,0.0,0.0,NO,NO,,NO,NO,NO,NO,NO
Self-RAG,999,169,O=C([O-])c1cc(C(=O)[O][Ag])c(C(=O)[O-])cc1C(=O)[O][Ag],O=C([O-])c1cccc(C(=O)O)c1,0.571,0.6,YES,NO,1.7624,YES,YES,NO,NO,NO
Self-RAG,999,170,O=C([O-])c1cccc(=O)[nH]1,O=C([O-])c1cncc(Cl)c1,0.467,0.6,YES,NO,1.0964,YES,YES,NO,NO,NO
Self-RAG,999,171,O=C([O-])c1ccc(C(=O)[O-])cc1,O=C([O-])c1ccc(C(=O)[O-])cc1,1.0,1.0,YES,YES,1.0701,YES,YES,YES,YES,YES
Self-RAG,999,172,O=C([O-])CCCC(=O)[O-],O=C([O-])CC(=O)[O-],0.786,0.533,YES,YES,0.2379,YES,YES,YES,NO,NO
Self-RAG,999,173,COC1CCc2nccc(-c3ccncc3)c2C1OC,COC1=NN=CC1c1ccc(C2=CN=N[CH]2)c2c1C(OC)C2,0.491,0.26,YES,YES,1.0744,NO,NO,NO,NO,NO
Self-RAG,999,174,O=C([O-])c1ccc(C(=O)[O-])o1,O=C([O-])c1ccc(C(=O)[O-])s1,0.7,0.327,YES,YES,1.0689,YES,YES,YES,NO,NO
Self-RAG,999,175,[CH]1C=CC=C1,c1cn(CCCCn2ccnc2)cn1,0.074,0.0,YES,YES,1.5303,NO,NO,NO,NO,NO
Self-RAG,999,176,c1ccc(C2=NNC(c3ccccn3)=NN2)nc1,c1cc(CN2CCN(Cc3ccncc3)CC2)ccn1,0.326,0.289,YES,NO,1.318,NO,NO,NO,NO,NO
Self-RAG,999,177,O=[N+]([O-])C12CN3CN(CN(C3)C1)C2,O=C1C(=O)C(Nc2nnn[nH]2)C1=O,0.288,0.119,YES,YES,1.3928,NO,NO,NO,NO,NO
Self-RAG,999,178,c1cc(-c2nnn[nH]2)ccc1-c1nn[nH]n1,c1cn(-c2cc(-n3ccnc3)cc(-n3ccnc3)c2)cn1,0.515,0.271,YES,YES,2.1461,YES,NO,NO,NO,NO
Self-RAG,999,179,Cc1c(C)c(-c2ccncc2)c(C)c(C)c1B(c1c(C)c(C)c(-c2ccncc2)c(C)c1C)c1c(C)c(C)c(-c2ccncc2)c(C)c1C,C1=Cc2nc1c(-c1ccncc1)c1ccc([nH]1)c(-c1ccncc1)c1nc(c(-c3ccncc3)c3ccc([nH]3)c2-c2ccncc2)C=C1,0.483,0.136,YES,YES,3.9243,NO,NO,NO,NO,NO
Self-RAG,999,180,O=C([O-])C(=O)[O-],O=C([O-])C(=O)[O-],1.0,1.0,YES,YES,0.4633,YES,YES,YES,YES,YES
Self-RAG,999,181,O=C([O-])CN(CC(=O)[O-])c1ccc(C(=O)[O-])cc1,O=C([O-])c1ccc(C(=O)[O-])cc1,0.444,0.5,YES,YES,1.4358,YES,NO,NO,NO,NO
Self-RAG,999,182,ON1[CH]C=CC=C1,Cc1cnc(C)cn1,0.194,0.0,YES,YES,1.4001,NO,NO,NO,NO,NO
Self-RAG,999,183,O=C([O-])C1OCOC2C(C(=O)[O-])OCOC12,CCOCCC#CC1C=NN=C1,0.167,0.099,YES,YES,3.039,NO,NO,NO,NO,NO
Self-RAG,999,184,O=C([O-])c1ccc(-c2ccc(-c3cc(-c4ccc(-c5ccc(C(=O)[O-])cc5)c(Cl)c4)cc(-c4ccc(-c5ccc(C(=O)[O-])cc5)c(Cl)c4)c3)cc2Cl)cc1,C=C(N=CC=CC(=O)[O-])c1ccnc(C(=O)[O-])c1,0.333,0.064,YES,YES,4.173,NO,NO,NO,NO,NO
Self-RAG,999,185,C1COCCO1,CCc1nnc(CC)[nH]1,0.098,0.0,YES,YES,0.7902,NO,NO,NO,NO,NO
Self-RAG,999,186,O=C1NCCN1,O=C1NCCN1,1.0,1.0,YES,YES,0.5149,YES,YES,YES,YES,YES
Self-RAG,999,187,CC(=O)C(Sc1ccncc1)C(C)=O,c1cn(Cn2ccnc2)cn1,0.162,0.043,YES,NO,1.4661,NO,NO,NO,NO,NO
Self-RAG,999,188,O=C([O-])c1ccc2c3c(ccc(C(=O)[O-])c13)C(=O)N(c1ccncc1)C2=O,C=CC=CC(O)=CC(C(=O)[O-])=c1ccccc1=CC(=O)[O-],0.277,0.213,YES,YES,1.5068,NO,NO,NO,NO,NO
Self-RAG,999,189,O=C([O-])C1=CC2=NN=NC2=C[CH]1,O=C([O-])C1=CC2=NN=NC2=C[CH]1,1.0,1.0,YES,YES,1.1958,YES,YES,YES,YES,YES
Self-RAG,999,190,S=c1[nH]c2ccccc2[nH]1,Cn1ccn(CCCCCCn2ccn(C)c2=S)c1=S,0.438,0.294,YES,NO,1.3404,NO,NO,NO,NO,NO
Self-RAG,999,191,O=C([O-])C1=C[CH]N(Cc2cc(C(=O)[O-])cc(C(=O)[O-])c2)C=C1,O=C([O-])c1ccc(Oc2cccc(C(=O)[O-])c2C(=O)[O-])cc1INVALID,0.0,0.0,NO,NO,,NO,NO,NO,NO,NO
Self-RAG,999,192,O=C([O-])C1=C[CH]N(CCCN2[CH]C=C(C(=O)[O-])C=C2)C=C1,O=C([O-])c1ccccc1NNc1ccccc1C(=O)[O-],0.3,0.169,YES,NO,1.561,NO,NO,NO,NO,NO
Self-RAG,999,193,Oc1ccc(S)cc1,Nc1ccc(C(=O)NO)cc1,0.167,0.545,YES,NO,1.0086,YES,NO,NO,NO,NO
Self-RAG,999,194,C1CCOC1,C1COCCO1,0.619,0.0,YES,YES,1.5817,YES,YES,NO,NO,NO
Self-RAG,999,195,O=C([O-])c1ccc(N(c2ccc(C(=O)[O-])cc2)c2ccc(-c3ccncc3)cc2)cc1,O=C([O-])c1ccc(N(c2ccccc2)c2ccc(C(=O)[O-])cc2)cc1,0.786,0.802,YES,NO,0.5692,YES,YES,YES,NO,NO
Self-RAG,999,196,NCc1cccnc1,Nc1cccc(N)c1,0.409,0.075,YES,NO,0.7463,NO,NO,NO,NO,NO
Self-RAG,999,197,C#N,C#N,1.0,1.0,YES,YES,0.872,YES,YES,YES,YES,YES
Self-RAG,999,198,O=C1c2ccccc2C(=O)c2c(O)ccc(O)c21,O=C1c2ccc3c4c(ccc(c24)C(=O)N1Cc1ccncc1)C(=O)N(Cc1ccncc1)C3=O,0.372,0.289,YES,NO,1.9583,NO,NO,NO,NO,NO
Self-RAG,999,199,O=C([O-])c1ccc(C#Cc2ccc(C(=O)[O-])cc2F)c(F)c1,O=C([O-])C1=CC=CNNc2ccc(C(=O)[O-])cc2C=C1INVALID,0.0,0.0,NO,NO,,NO,NO,NO,NO,NO
Self-RAG,999,200,O=C([O-])CCN(CCC(=O)[O-])CCC(=O)[O-],CCOC(=O)C(C=O)C(=O)[O-],0.355,0.294,YES,YES,2.5652,NO,NO,NO,NO,NO
Self-RAG,999,201,On1nnnc1-c1nnnn1O,O=C1[CH]C(=O)NC(=S)N1,0.276,0.05,YES,NO,1.625,NO,NO,NO,NO,NO
Self-RAG,999,202,O=C([O-])c1ccc(C2=C3C=CC4=[N]3->[Fe]35<-[N]6=C(C=CC6=C(c6ccc(C(=O)[O-])cc6)c6ccc2[n]63)C(c2ccc(C(=O)[O-])cc2)=c2ccc([n]25)=C4c2ccc(C(=O)[O-])cc2)cc1,O=C([O-])c1ccc(-c2c3nc(c(-c4ccc(C(=O)[O-])cc4)c4ccc([nH]4)c(-c4ccc(C(=O)[O-])cc4)c4nc(c(-c5ccc(C(=O)[O-])cc5)c5ccc2[nH]5)C=C4)C=C3)cc1,0.549,0.154,YES,YES,1.7527,YES,NO,NO,NO,NO
Self-RAG,999,203,O=C([O-])c1ccc(C(=O)[O-])s1,O=C([O-])c1ccc(C(=O)[O-])s1INVALID,0.0,0.0,NO,NO,,NO,NO,NO,NO,NO
Self-RAG,999,204,FC12C3C4N1C1C2N3C41F,OC12C3N4C5(O)C(N1C35Br)C42Br,0.59,0.7,YES,YES,2.1821,YES,YES,YES,NO,NO
Self-RAG,999,205,CNc1nc(NC)c(NC)c(C#Cc2c(NC)c(NC)nc(NC)c2NC)c1NC,N#CC=CC1=C(C#N)C1=C(C#N)C(C#N)=C(CC#N)C(=O)[O-],0.091,0.053,YES,YES,2.9484,NO,NO,NO,NO,NO
Self-RAG,999,206,O=C([O-])c1cc(O)c(C#Cc2c(O)cc(C(=O)[O-])cc2O)c(O)c1,O=C([O-])c1ccc(NNc2ccc(C(=O)[O-])c(C(=O)O)c2)cc1C(=O)[O-],0.486,0.341,YES,YES,6.7861,NO,NO,NO,NO,NO
Self-RAG,999,207,O=S(=O)(O)O,O=S(=O)(O)O,1.0,1.0,YES,YES,0.4676,YES,YES,YES,YES,YES
Self-RAG,999,208,O=C([O-])c1ccc(C(=O)[O-])c2cc(Cl)c(Cl)cc12,O=C([O-])c1ccccc1O,0.429,0.489,YES,NO,0.7979,NO,NO,NO,NO,NO
Self-RAG,999,209,O=C([O-])c1ccc(P(=O)(O)O)cc1,O=C([O-])c1ccc(P(=O)(O)O)cc1,1.0,1.0,YES,YES,1.3266,YES,YES,YES,YES,YES
Self-RAG,999,210,O=C([O-])C=CC(=O)[O-],O=C([O-])CCC(=O)[O-],0.643,0.471,YES,YES,1.349,YES,YES,NO,NO,NO
Self-RAG,999,211,O=C([O-])CC(=O)[O-],O=C([O-])C=CC(=O)[O-],0.692,0.471,YES,YES,0.3451,YES,YES,NO,NO,NO
Self-RAG,999,212,O=C([O-])COc1ccc(OCC(=O)[O-])cc1,O=C([O-])COc1ccc(OCC(=O)[O-])cc1,1.0,1.0,YES,YES,1.1962,YES,YES,YES,YES,YES
Self-RAG,999,213,N#CC1CC2(C#CC(=O)[O-])CCC1(C#CC(=O)[O-])CC2,CCC1CC2(C#CC(=O)[O-])CCC1(C#CC(=O)[O-])CC2,0.75,0.951,YES,YES,3.5799,YES,YES,YES,YES,YES
Self-RAG,999,214,O=C([O-])c1nnn[nH]1,O=C([O-])c1nnn[nH]1,1.0,1.0,YES,YES,2.7524,YES,YES,YES,YES,YES
Self-RAG,999,215,O=C([O-])c1cc(Cl)c(C(=O)[O-])c2c1CC2,O=C([O-])c1cc(O)c(C(=O)[O-])c2c1CC2,0.633,0.935,YES,NO,3.5606,YES,YES,YES,YES,YES
Self-RAG,999,216,O=C([O-])c1c(Br)c(Br)c(C(=O)[O-])c(Br)c1Br,O=C([O-])c1c(Cl)c(Cl)c(C(=O)[O-])c(Cl)c1Cl,0.895,0.75,YES,YES,2.2864,YES,YES,YES,YES,NO
Self-RAG,999,217,O=C([O-])c1ccc(C(=O)[O-])c(C(=O)[O-])c1,O=C([O-])c1ccc(C(=O)[O-])c(C(=O)[O-])c1,1.0,1.0,YES,YES,1.4865,YES,YES,YES,YES,YES
Self-RAG,999,218,CC1Cc2c(C(=O)[O-])ccc(C(=O)[O-])c21,O=C([O-])c1ccc(C(=O)[O-])c2cc(Br)c(Br)cc12,0.6,0.653,YES,YES,1.8407,YES,YES,NO,NO,NO
Self-RAG,999,219,O=C([O-])c1ccc(-c2ccc(C(=O)[O-])cc2F)c(F)c1,O=C([O-])c1c(F)c(F)c(C(=O)[O-])c2c(F)c(F)c(F)c(F)c12,0.87,0.447,YES,YES,3.6752,YES,YES,YES,YES,NO
Self-RAG,999,220,O=C([O-])c1cncc(C(=O)[O-])c1,O=C([O-])c1cncc(C(=O)[O-])c1,1.0,1.0,YES,YES,0.451,YES,YES,YES,YES,YES
Self-RAG,999,221,O=C([O-])c1ccc(-c2cc(-c3ccc(C(=O)[O-])cc3)c(C(=O)[O-])cc2C(=O)[O-])cc1,O=C([O-])c1ccc(-c2ccc(C(=O)[O-])c(Br)c2)cc1,0.81,0.598,YES,YES,2.282,YES,YES,YES,NO,NO
Self-RAG,999,222,Nc1nnc[nH]1,Nc1nnc[nH]1INVALID,0.0,0.0,NO,NO,,NO,NO,NO,NO,NO
Self-RAG,999,223,O=C([O-])C#CC#CC(=O)[O-],O=C([O-])C#CC#CC#CC(=O)[O-],1.0,0.655,YES,YES,0.4275,YES,YES,YES,YES,YES
Self-RAG,999,224,Nc1ccccc1C(=O)[O-],O=C([O-])c1cccc(-n2cncn2)c1,0.378,0.626,YES,YES,0.9332,YES,YES,NO,NO,NO
Self-RAG,999,225,O=C([O-])c1cc(C(=O)[O-])cc(-n2cnnc2)c1,O=C([O-])c1cc(C(=O)[O-])cc(-n2cnnc2)c1,1.0,1.0,YES,YES,0.6245,YES,YES,YES,YES,YES
Self-RAG,999,226,O=CC1c2c(C(=O)[O-])ccc(C(=O)[O-])c2C1O,COc1cc(C(=O)[O-])c2c(c1C(=O)[O-])CC2INVALID,0.0,0.0,NO,NO,,NO,NO,NO,NO,NO
Self-RAG,999,227,O=C([O-])c1ccc2cc(C(=O)[O-])ccc2c1,O=C([O-])c1ccc(-c2ccc(C(=O)[O-])cc2)cc1INVALID,0.0,0.0,NO,NO,,NO,NO,NO,NO,NO
Self-RAG,999,228,O=C([O-])c1ccc(OCC(COc2ccc(C(=O)[O-])cc2)(COc2ccc(C(=O)[O-])cc2)COc2ccc(C(=O)[O-])cc2)cc1,O=C([O-])c1ccc(OCC(COCC(COc2ccc(C(=O)[O-])cc2)(COc2ccc(C(=O)[O-])cc2)COc2ccc(C(=O)[O-])cc2)(COc2ccc(C(=O)[O-])cc2)COc2ccc(C(=O)[O-])cc2)cc1,0.929,0.504,YES,NO,1.6562,YES,YES,YES,YES,YES
Self-RAG,999,229,O=C([O-])c1cc(C(=O)[O-])cc(-c2ccc3cc(C(=O)[O-])ccc3c2)c1,O=C([O-])c1ccc(C(=O)[O-])cc1,0.706,0.349,YES,YES,0.8431,YES,YES,YES,NO,NO
Self-RAG,999,230,CCCOc1cc(C(=O)[O-])c(Br)c(Br)c1C(=O)[O-],O=C([O-])c1ccc(-c2cc(-c3ccncc3)cc(-c3ccc(C(=O)[O-])cc3)n2)cc1,0.273,0.289,YES,YES,0.7008,NO,NO,NO,NO,NO
Self-RAG,999,231,O=C([O-])c1ccc(C(=O)O)c(-c2nc(C(=O)[O-])ccc2C(=O)O)n1,O=C([O-])c1cccnc1C(=O)[O-],0.733,0.369,YES,NO,2.9627,YES,YES,YES,NO,NO
Self-RAG,999,232,O=C([O-])c1cc2nc[nH]c2cc1C(=O)[O-],O=C([O-])c1cccnc1-c1ncccc1C(=O)O,0.676,0.196,YES,YES,1.612,YES,YES,NO,NO,NO
Self-RAG,999,233,O=C([O-])C1=NC=NC1C(=O)[O-],O=C([O-])C1=NC=NC1C(=O)[O-],1.0,1.0,YES,YES,2.4725,YES,YES,YES,YES,YES
Self-RAG,999,234,[CH]1C=NN=N1,[CH]1C=NN=N1,1.0,1.0,YES,YES,6.5754,YES,YES,YES,YES,YES
Self-RAG,999,235,c1cnccn1,c1cncnc1,0.769,0.0,YES,YES,1.076,YES,YES,YES,NO,NO
Self-RAG,999,236,C(C#Cc1cc(C#CC#CC2C=NN=C2)cc(C#CC#CC2C=NN=C2)c1)#CC1=CN=N[CH]1,C(C=CN(C=CC=Cc1cn[nH]c1)C=CC=Cc1cn[nH]c1)=Cc1cn[nH]c1,0.548,0.047,YES,YES,1.2011,YES,NO,NO,NO,NO
Self-RAG,999,237,Nc1nnc(C(=O)[O-])[nH]1,O=C([O-])C1C=NN=N1,0.615,0.4,YES,YES,0.9288,YES,YES,NO,NO,NO
Self-RAG,999,238,COc1ccc(-c2coc3cc(O)c(OC)c(O)c3c2=O)cc1S(O)(O)O,OS(O)(O)C=CC=Cc1nc(-c2ccncc2)ccc1N=CC1=CC(=CS(O)(O)O)C=C1,0.485,0.11,YES,YES,1.1722,NO,NO,NO,NO,NO
Self-RAG,999,239,O=C([O-])c1cc(C(=O)[O-])cc(-c2cccnc2)c1,O=C([O-])c1cccc(-c2ccncc2)c1,0.85,0.544,YES,YES,1.5737,YES,YES,YES,YES,NO
Self-RAG,999,240,O=C([O-])c1cccc(Cl)c1C(=O)[O-],O=C([O-])c1ccccc1SSc1ccccc1C(=O)[O-],0.519,0.441,YES,NO,1.4688,YES,NO,NO,NO,NO
Self-RAG,999,241,O=C([O-])CCn1c(=O)n(CCC(=O)[O-])c(=O)n(CCC(=O)[O-])c1=O,O=C([O-])c1cccc(C(=O)[O-])[n+]1[O-],0.5,0.108,YES,NO,1.2032,YES,NO,NO,NO,NO
Self-RAG,999,242,O=C([O-])c1cccc(S(O)(O)O)c1,O=P(O)(O)c1ccc(P(=O)(O)O)cc1,0.514,0.429,YES,YES,1.5247,YES,NO,NO,NO,NO
Self-RAG,999,243,CC=CC(=O)[O-],O=C([O-])CCCC(=O)[O-],0.4,0.417,YES,YES,1.482,NO,NO,NO,NO,NO
Self-RAG,999,244,O=C([O-])c1ccc(C(c2ccc(C(=O)[O-])cc2)(C(F)(F)F)C(F)(F)F)cc1,O=C([O-])c1ccc(C(c2ccc(C(=O)[O-])cc2)(C(F)(F)F)C(F)(F)F)cc1INVALID,0.0,0.0,NO,NO,,NO,NO,NO,NO,NO
Self-RAG,999,245,Nc1c(O)c(C2=NNC(c3c(N)c(O)c(C(=O)[O-])c(N)c3O)=NN2)c(N)c(O)c1C(=O)[O-],O=C([O-])c1c(Cl)c(Cl)c(N=Nc2c(Cl)c(Cl)c(C(=O)[O-])c(Cl)c2Cl)c(Cl)c1Cl,0.473,0.275,YES,NO,2.2179,NO,NO,NO,NO,NO
Self-RAG,999,246,O=C([O-])c1cc(NCc2ccncc2)cc(C(=O)[O-])c1,O=C([O-])c1ccncc1,0.483,0.343,YES,YES,1.2804,NO,NO,NO,NO,NO
Self-RAG,999,247,O=CC(C(=O)[O-])=C(Br)C=CC(=O)[O-],O=C([O-])c1c(Br)c(Br)c(C(=O)[O-])c(Br)c1BrINVALID,0.0,0.0,NO,NO,,NO,NO,NO,NO,NO
Self-RAG,999,248,O=C([O-])c1ccc(Oc2ccc(C(=O)[O-])cc2)cc1,O=C([O-])c1ccc(Oc2ccc(C(=O)[O-])cc2)cc1INVALID,0.0,0.0,NO,NO,,NO,NO,NO,NO,NO
Self-RAG,999,249,Cc1c(CSc2ccncc2)c(C)c(CSc2ccncc2)c(C)c1CSc1ccncc1,c1ccc(-c2nc(-c3ccccn3)c(-c3ccccn3)nc2-c2ccccn2)nc1,0.467,0.176,YES,YES,1.5339,NO,NO,NO,NO,NO
Self-RAG,999,250,O=S(=O)(Nc1cccnc1)c1cccnc1,O=C(Nc1cccnc1)c1cccnc1,0.458,0.427,YES,YES,0.8374,NO,NO,NO,NO,NO
Self-RAG,999,251,Clc1cnccn1,Fc1cnc(F)cn1,0.882,0.75,YES,YES,1.5604,YES,YES,YES,YES,NO
Self-RAG,999,252,Nc1cnccn1,c1cnc(SCSc2ncccn2)nc1,0.387,0.0,YES,NO,0.8548,NO,NO,NO,NO,NO
Self-RAG,999,253,Cc1nnc(C)[nH]1,c1ncn(CCn2cncn2)n1,0.5,0.404,YES,NO,2.5116,YES,NO,NO,NO,NO
Self-RAG,999,254,CC(O)C(=O)[O-],CC(O)C(=O)[O-],1.0,1.0,YES,YES,2.3337,YES,YES,YES,YES,YES
Self-RAG,999,255,C(=Nn1cnnc1)c1ccccn1,c1cc(-c2ccncc2)ccn1,0.367,0.448,YES,YES,1.6019,NO,NO,NO,NO,NO
Self-RAG,999,256,O=C([O-])C=CC(Br)=CC(=O)[O-],O=C([O-])C=CC=CC(=O)[O-],0.714,0.905,YES,YES,2.868,YES,YES,YES,YES,YES
Self-RAG,999,257,O=C([O-])CCP(=O)(O)c1ccccc1,Cc1ccc(S(=O)(=O)NC(CCC(=O)[O-])C(=O)[O-])cc1,0.48,0.3,YES,YES,1.05,NO,NO,NO,NO,NO
Self-RAG,999,258,O=Cc1cncc2c(C=O)cncc12,CNc1c2ccc(C3=CN=N[CH]3)c1-c1cc(-c3cn[nH]c3)ccc1NN2,0.277,0.023,YES,YES,1.6732,NO,NO,NO,NO,NO
Self-RAG,999,259,COc1ccc(-c2nc(C(=O)[O-])c(C(=O)[O-])[nH]2)cc1,COc1ccc(-c2nc(C(=O)O)c(C(=O)[O-])[nH]2)cc1,0.927,1.0,YES,YES,1.1381,YES,YES,YES,YES,YES
Self-RAG,999,260,O=C[O-],O=C[O-]INVALID,0.0,0.0,NO,NO,,NO,NO,NO,NO,NO
Self-RAG,999,261,N#Cc1ccccc1CSCc1ccccc1C#N,c1cc(CCCCc2ccncc2)ccn1,0.348,0.032,YES,NO,0.4935,NO,NO,NO,NO,NO
Self-RAG,999,262,Ic1nc2ccccc2[nH]1,C=c1ccccc1=C(c1ccccc1)c1ccncc1,0.258,0.289,YES,YES,4.1761,NO,NO,NO,NO,NO
Self-RAG,999,263,c1ccc2c(c1)CSCc1ccc(cc1)CSCc1ccccc1OCCCO2,c1ccc2c(c1)CSCCOCCSCc1ccccc1OCCO2,0.862,0.199,YES,NO,1.4695,YES,YES,YES,YES,NO
Self-RAG,999,264,O=C([O-])c1cc(OCc2ccccc2C(=O)O)cc(C(=O)[O-])c1,O=C([O-])c1cc(CNc2ccc(C(=O)O)cc2)cc(C(=O)[O-])c1,0.486,0.513,YES,YES,0.5755,YES,NO,NO,NO,NO
Self-RAG,999,265,NCc1ccncc1,Cc1nccn1CCCCn1ccnc1C,0.282,0.099,YES,YES,1.4361,NO,NO,NO,NO,NO
Self-RAG,999,266,c1ccc(-c2nnn[nH]2)nc1,c1cncc(-c2nnn[nH]2)c1,1.0,0.527,YES,YES,1.8547,YES,YES,YES,YES,YES
Self-RAG,999,267,O=C([O-])C(Cl)=C(Cl)C(=O)[O-],O=C([O-])C(Cl)=C(Cl)C(=O)[O-],1.0,1.0,YES,YES,0.5695,YES,YES,YES,YES,YES
Self-RAG,999,268,NC(CC(=O)[O-])C(=O)[O-],CC(C(=O)[O-])C(=O)[O-],0.409,0.533,YES,YES,0.7081,YES,NO,NO,NO,NO
Self-RAG,999,269,O=C([O-])c1c(F)c(F)c(C(=O)[O-])c(F)c1F,O=C([O-])c1c(F)c(F)c(C(=O)[O-])c(F)c1F,1.0,1.0,YES,YES,1.2294,YES,YES,YES,YES,YES
Self-RAG,999,270,O=C([O-])c1c([N+](=O)[O-])c([N+](=O)[O-])c(C(=O)[O-])c2ccccc12,O=C([O-])c1ccc([N+](=O)[O-])cc1,0.763,0.402,YES,YES,5.0955,YES,YES,YES,NO,NO
Self-RAG,999,271,O=C([O-])Cc1ccc(CC(=O)[O-])cc1,O=C([O-])c1ccccc1C(=O)[O-]INVALID,0.0,0.0,NO,NO,,NO,NO,NO,NO,NO
Self-RAG,999,272,COc1cc(C(=O)[O-])cc(C(=O)[O-])c1,COc1cc(C(=O)[O-])cc(C(=O)[O-])c1INVALID,0.0,0.0,NO,NO,,NO,NO,NO,NO,NO
Self-RAG,999,273,O=C([O-])Cc1nnn[nH]1,O=C([O-])Cc1nnn[nH]1,1.0,1.0,YES,YES,1.7797,YES,YES,YES,YES,YES
Self-RAG,999,274,O=C([O-])c1ccnc(C(=O)[O-])c1,O=C([O-])c1cccnc1C(=O)[O-],0.864,0.75,YES,YES,0.5116,YES,YES,YES,YES,NO
Self-RAG,999,275,O=C([O-])c1ccc(-c2ccc(C(=O)[O-])cc2)cc1,O=C([O-])c1ccc(C(=O)[O-])cc1,0.8,0.489,YES,YES,0.6597,YES,YES,YES,NO,NO
Self-RAG,999,276,c1cn(CCCCn2ccnc2)cn1,c1cn(CCOCCn2ccnc2)cn1,0.765,0.455,YES,NO,1.2209,YES,YES,YES,NO,NO
Self-RAG,999,277,O=C([O-])C#CC(Cl)=C(Cl)C#CC(=O)[O-],O=C([O-])C#CC(=O)[O-],0.667,0.411,YES,NO,3.8875,YES,YES,NO,NO,NO
Self-RAG,999,278,O=C([O-])C=CCC(=O)[O-],O=C([O-])CCCCC(=O)[O-],0.733,0.478,YES,NO,2.4406,YES,YES,YES,NO,NO
Self-RAG,999,279,O=C([O-])c1cc(C(=O)[O-])cc(-c2cc(-c3cc(C(=O)[O-])cc(C(=O)[O-])c3)c3ccc4c(-c5cc(C(=O)[O-])cc(C(=O)[O-])c5)cc(-c5cc(C(=O)[O-])cc(C(=O)[O-])c5)c5ccc2c3c54)c1,O=C([O-])c1cccccc(-c2ccccc2)c(C(=O)[O-])cccccc1-c1ccccc1,0.842,0.401,YES,YES,0.8394,YES,YES,YES,NO,NO
Self-RAG,999,280,O=C([O-])c1cc(C(=O)[O-])cc([N+](=O)[O-])c1,O=C([O-])c1cc(C(=O)[O-])cc([N+](=O)[O-])c1INVALID,0.0,0.0,NO,NO,,NO,NO,NO,NO,NO
Self-RAG,999,281,NC(=O)c1ccccc1OCC(=O)[O-],O=C([O-])c1cc(C(=O)[O-])cc(C(=O)[O-])c1,0.353,0.533,YES,YES,1.2835,YES,NO,NO,NO,NO
Self-RAG,999,282,C[Si](C)(c1ccncc1)c1ccncc1,C[Si](C)(c1ccncc1)c1ccncc1,1.0,1.0,YES,YES,1.7071,YES,YES,YES,YES,YES
Self-RAG,999,283,O=C([O-])c1nn[nH]c1C(=O)[O-],O=C([O-])c1nnn[nH]1,0.829,0.327,YES,YES,3.9239,YES,YES,YES,NO,NO
Self-RAG,999,284,O=C([O-])c1cc2ccccc2c(Cc2c(O)c(C(=O)[O-])cc3ccccc23)c1O,O=C([O-])C=c1c2cccc1=C(C(=O)[O-])C=CC(c1ccccc1)=C2,0.531,0.199,YES,YES,0.915,YES,NO,NO,NO,NO
Self-RAG,999,285,O=C([O-])c1c(Cl)c(Cl)c(C(=O)[O-])c(Cl)c1Cl,O=C([O-])c1cc(Cl)c(Cl)cc1Cl,0.833,0.688,YES,YES,1.676,YES,YES,YES,NO,NO
Self-RAG,999,286,O=C([O-])c1cccnc1C(=O)[O-],O=C([O-])c1cccnc1C(=O)[O-]INVALID,0.0,0.0,NO,NO,,NO,NO,NO,NO,NO
Self-RAG,999,287,N#CS,N#CS,1.0,1.0,YES,YES,0.6677,YES,YES,YES,YES,YES
Self-RAG,999,288,O=C([O-])c1cc(O)cc(C(=O)[O-])c1,O=C([O-])c1ccc(C(=O)[O-])cc1,0.706,0.692,YES,YES,1.1015,YES,YES,YES,NO,NO
Self-RAG,999,289,O.OI,O.O.OIINVALID,0.0,0.0,NO,NO,,NO,NO,NO,NO,NO
Self-RAG,999,290,O=C([O-])c1cc(C(=O)[O-])cc(C(=O)O)c1,O=C([O-])c1cc(C(=O)[O-])cc(C(=O)O)c1,1.0,1.0,YES,YES,1.1984,YES,YES,YES,YES,YES
Self-RAG,999,291,O=C([O-])C=Cc1ccc(C(=O)[O-])cc1,O=C([O-])C=Cc1ccccc1,0.769,0.786,YES,NO,1.9853,YES,YES,YES,NO,NO
Self-RAG,999,292,O=C([O-])c1ccc(-c2ccc(C(=O)[O-])c([N+](=O)[O-])c2)cc1[N+](=O)[O-],O=C([O-])c1ccc(-c2ccc(C(=O)[O-])c([N+](=O)[O-])c2)cc1[N+](=O)[O-],1.0,1.0,YES,YES,5.3427,YES,YES,YES,YES,YES
Self-RAG,999,293,OS(O)(O)c1ccc2cc(S(O)(O)O)ccc2c1,OS(O)(O)c1cccc2c(S(O)(O)O)cccc12,1.0,0.979,YES,NO,1.2075,YES,YES,YES,YES,YES
Self-RAG,999,294,O=C([O-])CCCCCCCC(=O)[O-],O=C([O-])CCC(=O)[O-],0.867,0.444,YES,YES,1.4097,YES,YES,YES,YES,NO
Self-RAG,999,295,[CH2]C(=O)c1ccccc1,O=C([O-])c1ccccc1,0.5,0.889,YES,YES,3.3016,YES,YES,YES,YES,NO
Self-RAG,999,296,O=C([O-])c1ccccc1,O=C([O-])c1ccc(C(=O)[O-])cc1,0.75,0.75,YES,YES,1.2268,YES,YES,YES,NO,NO
Self-RAG,999,297,O=C(O)c1cc(S(O)(O)O)c2cc(C(=O)O)cc(S(O)(O)O)c2c1,O=C(O)c1cc(S(O)(O)O)c2cc(C(=O)O)cc(S(O)(O)O)c2c1,1.0,1.0,YES,YES,0.5473,YES,YES,YES,YES,YES
Self-RAG,999,298,O=C([O-])c1ccncc1,O=C([O-])c1cccnc1C(=O)[O-],0.636,0.5,YES,YES,0.6077,YES,YES,NO,NO,NO
Self-RAG,999,299,O=C([O-])c1cccnc1-c1ncccc1C(=O)[O-],O=C([O-])c1cccc(-n2ccc(=O)cc2)c1C(=O)[O-]INVALID,0.0,0.0,NO,NO,,NO,NO,NO,NO,NO
Self-RAG,999,300,O=C([O-])c1ccccn1,O=C([O-])c1ccncc1,0.875,0.667,YES,YES,0.3147,YES,YES,YES,YES,NO
Self-RAG,999,301,O=C([O-])c1ccc(C#Cc2ccc(C(=O)[O-])c(Cl)c2)cc1Cl,O=C([O-])c1ccc(C#Cc2ccc(C(=O)[O-])cc2Cl)c(Cl)c1,1.0,0.911,YES,YES,2.9342,YES,YES,YES,YES,YES
Self-RAG,999,302,Fc1cnc(F)cn1,Fc1cncc(F)n1,1.0,0.875,YES,YES,0.5246,YES,YES,YES,YES,YES
Self-RAG,999,303,O=C([O-])c1cc(C(=O)[O-])cc(C(=O)[O-])c1,O=C([O-])c1cc(C(=O)[O-])cc(C(=O)[O-])c1,1.0,1.0,YES,YES,1.2669,YES,YES,YES,YES,YES
Self-RAG,999,304,O=C([O-])Cc1ccccc1CC(=O)[O-],O=C([O-])Cc1ccccc1CC(=O)[O-],1.0,1.0,YES,YES,1.4237,YES,YES,YES,YES,YES
Self-RAG,999,305,O=C([O-])c1cc2ccc3cc(C(=O)[O-])cc4ccc(c1)c2c34,O=C([O-])C=CC=c1cc(-c2ccc(C(=O)[O-])cc2Br)c(=CC=CC(=O)[O-])c2cc(C(=O)[O-])ccc12,0.615,0.374,YES,YES,3.078,YES,YES,NO,NO,NO
Self-RAG,999,306,NC1=N[CH]c2ncn(CC(=O)[O-])c2N1,O=C([O-])Cn1nnc2ccccc21,0.582,0.321,YES,NO,1.0431,YES,NO,NO,NO,NO
Self-RAG,999,307,O=C(O)c1ccc(-c2cc(C(=O)[O-])c(-c3ccc(C(=O)O)cc3)cc2C(=O)[O-])cc1,O=C([O-])c1ccc(C(=O)[O-])cc1,0.632,0.39,YES,YES,1.3232,YES,YES,NO,NO,NO
Self-RAG,999,308,O=C([O-])C(=O)O,O=C([O-])C(=O)O,1.0,1.0,YES,YES,0.6317,YES,YES,YES,YES,YES
Self-RAG,999,309,Nc1c(I)c(C(=O)[O-])c(I)c(C(=O)[O-])c1I,O=C([O-])c1c(I)c(I)c(C(=O)[O-])c(I)c1I,0.72,0.688,YES,NO,3.9671,YES,YES,YES,NO,NO
Self-RAG,999,310,OS(O)(O)c1cccc2c(S(O)(O)O)cccc12,OS(O)(O)c1cccc2c(S(O)(O)O)cccc12,1.0,1.0,YES,YES,1.2488,YES,YES,YES,YES,YES
Self-RAG,999,311,O=C([O-])c1cnccn1,O=C([O-])c1cccnc1C(=O)[O-],0.68,0.3,YES,YES,1.4866,YES,YES,NO,NO,NO
Self-RAG,999,312,O=C([O-])c1c(F)c(F)c(C#Cc2c(F)c(F)c(C(=O)[O-])c(F)c2F)c(F)c1F,O=C([O-])c1c(F)c(F)c(C#Cc2c(F)c(F)c(C(=O)[O-])c(F)c2F)c(F)c1F,1.0,1.0,YES,YES,5.9188,YES,YES,YES,YES,YES
Self-RAG,999,313,O=C([O-])c1ccc(Oc2cc(C(=O)[O-])cc(C(=O)[O-])c2)cc1,O=C([O-])c1ccc(Oc2cc(C(=O)[O-])cc(C(=O)[O-])c2)cc1,1.0,1.0,YES,YES,1.4098,YES,YES,YES,YES,YES
Self-RAG,999,314,N#CC(C#N)=c1c(=O)c(=C(C#N)C#N)c1=O,N#CC(C#N)=c1c(=O)c(=C(C#N)C#N)c1=O,1.0,1.0,YES,YES,1.5525,YES,YES,YES,YES,YES
Self-RAG,999,315,CC(=O)[O-],CC(=O)[O-],1.0,1.0,YES,YES,1.2521,YES,YES,YES,YES,YES
Self-RAG,999,316,O=C([O-])c1cc[n+]([O-])cc1,O=C([O-])c1cc[n+]([O-])cc1,1.0,1.0,YES,YES,0.3899,YES,YES,YES,YES,YES
Self-RAG,999,317,O=C([O-])c1cc(C(=O)[O-])cc(S(O)(O)O)c1,O=C([O-])c1cc(C(=O)[O-])cc(S(O)(O)O)c1,1.0,1.0,YES,YES,1.3412,YES,YES,YES,YES,YES
Self-RAG,999,318,O=C([O-])C1C(C(=O)[O-])C(C(=O)[O-])C(C(=O)[O-])C(C(=O)[O-])C1C(=O)[O-],O=C([O-])C1C(C(=O)[O-])C(C(=O)[O-])C1C(=O)[O-],0.846,0.15,YES,NO,2.721,YES,YES,YES,NO,NO
Self-RAG,999,319,O=C(O)CC(O)(CC(=O)O)C(=O)[O-],O=C([O-])CC(O)(CC(=O)[O-])C(=O)[O-],0.857,1.0,YES,NO,1.7925,YES,YES,YES,YES,YES
Self-RAG,999,320,O=C([O-])c1cc(S(=O)(=O)c2ccc(C(=O)[O-])c(C(=O)O)c2)ccc1C(=O)O,O=C([O-])c1cc(C(=O)[O-])cc(C(=O)O)c1,0.382,0.329,YES,YES,1.0498,NO,NO,NO,NO,NO
Self-RAG,999,321,c1nc[nH]n1,c1cn[nH]n1,0.9,0.0,YES,YES,2.4084,YES,YES,YES,YES,YES
Self-RAG,999,322,C1CCSC1,c1nnc[nH]1,0.16,0.0,YES,NO,0.9355,NO,NO,NO,NO,NO
Self-RAG,999,323,O=C([O-])c1cc([N+](=O)[O-])c2c([N+](=O)[O-])c(C(=O)[O-])cc([N+](=O)[O-])c2c1[N+](=O)[O-],O=C([O-])c1c([N+](=O)[O-])c([N+](=O)[O-])c(C(=O)[O-])c2cc([N+](=O)[O-])c([N+](=O)[O-])cc12,0.949,0.669,YES,YES,0.9864,YES,YES,YES,YES,YES
Self-RAG,999,324,O=C1C(=O)C(Cl)C(=O)C(=O)C1Cl,O=C1C(=O)C(Cl)C(=O)C(=O)C1Cl,1.0,1.0,YES,YES,1.5704,YES,YES,YES,YES,YES
Self-RAG,999,325,O=C([O-])c1cc(N2[CH]N=CN2)cc(N2[CH]N=CN2)c1,Cc1c(CN2[CH]N=CN2)c(C)c(Cn2cncn2)c(C)c1CN1[CH]N=CN1,0.529,0.249,YES,YES,1.9282,YES,NO,NO,NO,NO
Self-RAG,999,326,C1CNCCN1,c1cnccn1,0.333,1.0,YES,YES,0.7753,YES,YES,YES,YES,YES
Self-RAG,999,327,O=C([O-])c1c(F)c(F)c(C(=O)[O-])c2cc(F)c(F)cc12,O=C([O-])c1c(F)c(F)c(C(=O)[O-])c2ccccc12,1.0,0.902,YES,NO,0.7862,YES,YES,YES,YES,YES
Self-RAG,999,328,O=C1C([N+](=O)[O-])=CC([N+](=O)[O-])C(O)=C1[N+](=O)[O-],O=C1C([N+](=O)[O-])=C[N+]([O-])C=C1[N+](=O)[O-],0.8,0.212,YES,YES,0.8841,YES,YES,YES,NO,NO
Self-RAG,999,329,O=C([O-])c1ccc(C(=O)[O-])c2ccccc12,O=C([O-])c1ccc(-c2cc(C(=O)[O-])c(-c3ccc(C(=O)[O-])cc3)cc2C(=O)[O-])cc1,0.737,0.39,YES,YES,1.1333,YES,YES,YES,NO,NO
Self-RAG,999,330,c1nnnn1CCn1cnnn1,c1nnc[nH]1,0.5,0.0,YES,NO,1.5602,YES,NO,NO,NO,NO
Self-RAG,999,331,O=C([O-])c1cc([N+](=O)[O-])c(C(=O)[O-])cc1[N+](=O)[O-],O=C([O-])c1ccc([N+](=O)[O-])cc1,0.879,0.5,YES,YES,0.9457,YES,YES,YES,YES,NO
Self-RAG,999,332,O=C([O-])c1ccccc1C(=O)[O-],O=C([O-])c1ccc(C(=O)[O-])cc1,0.857,0.75,YES,YES,0.7234,YES,YES,YES,YES,NO
Self-RAG,999,333,CCCn1cnc2c1NC=NC2Cl,CCCn1cnc2c1NC=NC2N,0.833,0.925,YES,NO,3.0487,YES,YES,YES,YES,YES
Self-RAG,999,334,O=C([O-])CCN1[CH]C=C(C2=C[CH]N(CCC(=O)[O-])C=C2)C=C1,O=C([O-])c1ccccc1F,0.182,0.117,YES,NO,1.2412,NO,NO,NO,NO,NO
Self-RAG,999,335,O=C([O-])c1cc(C(=O)[O-])cc(-c2cc(C(=O)[O-])cc(C(=O)[O-])c2)c1,O=C([O-])c1ccc(-c2ccc(C(=O)[O-])c(C(=O)[O-])c2)cc1C(=O)[O-],0.882,0.754,YES,YES,1.7349,YES,YES,YES,YES,NO
Self-RAG,999,336,O=C([O-])C=Cc1ccncc1,O=C([O-])c1ccc(-c2ccncc2)cc1,0.778,0.39,YES,YES,2.4887,YES,YES,YES,NO,NO
Self-RAG,999,337,O=C([O-])c1ccc(C#Cc2ccc(C(=O)[O-])cc2)cc1,O=C([O-])c1ccc(-c2ccc(C(=O)[O-])cc2)cc1INVALID,0.0,0.0,NO,NO,,NO,NO,NO,NO,NO
Self-RAG,999,338,C(c1nnn[nH]1)c1nnn[nH]1,O=C(O)CC(O)C(=O)O.O=C([O-])COC(O)C(O)C(O)C(=O)O,0.047,0.027,YES,YES,0.4728,NO,NO,NO,NO,NO
Self-RAG,999,339,O=C([O-])c1cc(O)c(C(=O)[O-])cc1O,O=C([O-])c1ccc(C(=O)[O-])cc1,0.571,0.857,YES,YES,0.5871,YES,YES,YES,YES,NO
Self-RAG,999,340,CCc1c(C#N)c(CC)c(CC)c(C#N)c1CC,CCCc1c(C#N)c(CCC)c(CCC)c(C#N)c1CC,0.842,0.857,YES,YES,2.4316,YES,YES,YES,YES,NO
Self-RAG,999,341,O=C([O-])c1cncc(O)c1,O=C([O-])c1cncc(F)c1,0.577,0.9,YES,NO,0.6608,YES,YES,YES,YES,YES
Self-RAG,999,342,O=C([O-])c1cccc(C(=O)[O-])n1,O=C([O-])c1cccnc1C(=O)[O-],0.864,0.75,YES,YES,0.6173,YES,YES,YES,YES,NO
Self-RAG,999,343,O=C([O-])c1cncc(-c2ccccc2C(=O)[O-])c1,O=C([O-])c1cccnc1C(=O)[O-],0.8,0.489,YES,YES,1.1797,YES,YES,YES,NO,NO
Self-RAG,999,344,Cc1cc(C#Cc2cc(C)c(C(=O)[O-])c(C)c2)cc(C)c1C(=O)[O-],Cc1cc(-c2ccc(C(=O)[O-])c(C)c2)ccc1C(=O)[O-],0.857,0.41,YES,YES,6.7421,YES,YES,YES,YES,NO
Self-RAG,999,345,c1cn(Cc2cc(Cn3ccnc3)c(Cn3ccnc3)cc2Cn2ccnc2)cn1,c1cc(Cn2ccnc2)cc(Cn2ccnc2)c1INVALID,0.0,0.0,NO,NO,,NO,NO,NO,NO,NO
Self-RAG,999,346,Nc1cc(C(=O)[O-])ccc1-c1ccc(C(=O)[O-])cc1N,O=C([O-])c1ccccc1O,0.375,0.441,YES,NO,6.1628,NO,NO,NO,NO,NO
Self-RAG,999,347,O=C([O-])c1ccc(-c2ccc(C(=O)[O-])cc2O)c(O)c1,O=C([O-])c1ccc(-c2ccc(C(=O)[O-])cc2F)c(F)c1,0.63,0.902,YES,YES,3.5091,YES,YES,YES,YES,YES
Self-RAG,999,348,O=C([O-])c1nccnc1C(=O)[O-],O=C([O-])c1cccnc1C(=O)[O-],0.88,0.3,YES,NO,1.2131,YES,YES,YES,YES,NO
Self-RAG,999,349,COc1cc(C(=O)[O-])ccc1C#Cc1cc(OC)c(C(=O)[O-])cc1-c1ccccc1,CNc1cc(C(=O)[O-])ccc1C(=O)[O-],0.471,0.325,YES,YES,1.271,NO,NO,NO,NO,NO
Self-RAG,999,350,O=C([O-])c1c(F)c(F)c(C(=O)[O-])c2c(F)c(F)c(F)c(F)c12,O=C([O-])c1c(F)c(F)c(C(=O)[O-])c(F)c1F,0.818,0.625,YES,YES,1.2245,YES,YES,YES,NO,NO
Self-RAG,999,351,O=C([O-])c1cnc(C(=O)[O-])cn1,O=C([O-])c1ccc(C(=O)[O-])nc1,0.87,0.3,YES,NO,1.2565,YES,YES,YES,YES,NO
Self-RAG,999,352,O=C([O-])c1ccc(Oc2cc(Oc3ccc(C(=O)[O-])cc3)cc(C(=O)[O-])c2)cc1,O=C([O-])C1=CC=COc2cc(Oc3ccc(C(=O)[O-])cc3)cc(C(=O)[O-])c2C=C1,0.714,0.651,YES,YES,0.6643,YES,YES,YES,NO,NO
Self-RAG,999,353,O=C([O-])c1ccc(-c2cc(C(=O)[O-])cc(C(=O)[O-])c2)cc1,O=C([O-])c1ccc(-c2cc(-c3ccc(C(=O)[O-])cc3)cc(-c3ccc(C(=O)[O-])cc3)c2)cc1,1.0,0.451,YES,YES,1.179,YES,YES,YES,YES,YES
Self-RAG,999,354,O=C([O-])c1cc(F)c(C(=O)[O-])cc1F,O=C([O-])c1c(F)c(F)c(C(=O)[O-])c2cc(F)c(F)cc12,0.818,0.638,YES,YES,1.3377,YES,YES,YES,NO,NO
Self-RAG,999,355,[CH](NN[CH]c1ccncc1)c1ccncc1,c1cn(CCCCn2ccnc2)cn1,0.278,0.037,YES,YES,1.4591,NO,NO,NO,NO,NO
Self-RAG,999,356,O=C([O-])c1ccccc1C(=O)O,O=C([O-])c1ccc(C(=O)[O-])cc1,0.8,0.75,YES,YES,3.0765,YES,YES,YES,NO,NO
Self-RAG,999,357,CC(CCC(=O)[O-])C(=O)[O-],O=C([O-])CCCCC(=O)[O-],0.765,0.687,YES,NO,2.1182,YES,YES,YES,NO,NO
Self-RAG,999,358,O=C([O-])c1cc(S(O)(O)O)c(C(=O)[O-])c2c1CC2,O=C([O-])c1ccc(C(c2ccc(C(=O)[O-])c(C(=O)[O-])c2)(C(F)(F)F)C(F)(F)F)cc1C(=O)[O-],0.34,0.299,YES,NO,3.6475,NO,NO,NO,NO,NO
Self-RAG,999,359,CNC1(F)CC2(C#CC(=O)[O-])CCC1(C#CC(=O)[O-])CC2,CCC1CC2(C#CC(=O)[O-])CCC1(C#CC(=O)[O-])CC2O,0.6,0.86,YES,NO,0.7123,YES,YES,YES,YES,NO
Self-RAG,999,360,Cc1nccn1Cc1ccncc1,c1cc(-c2nnc(-c3ccncc3)[nH]2)ccn1,0.472,0.338,YES,YES,1.5789,NO,NO,NO,NO,NO
Self-RAG,999,361,c1cn(Cc2ccc(Cn3ccnc3)cc2)cn1,O=C(c1ccncc1)c1cccnc1,0.345,0.087,YES,NO,1.1357,NO,NO,NO,NO,NO
Self-RAG,999,362,c1cncnc1,c1cnccn1,0.769,0.0,YES,YES,0.8877,YES,YES,YES,NO,NO
Self-RAG,999,363,CCC12C3C4(C(=O)[O-])C5(CC)C(C1(C(=O)[O-])C35[N+](=O)[O-])C24[N+](=O)[O-],O=C([O-])C1C(I)CC2(C(=O)[O-])CC1CC2I,0.312,0.471,YES,YES,1.4292,NO,NO,NO,NO,NO
Self-RAG,999,364,O=C([O-])CN(CC(=O)[O-])CC(=O)[O-],O=C([O-])CCC(=O)[O-],0.478,0.285,YES,YES,1.3653,NO,NO,NO,NO,NO
Self-RAG,999,365,c1cn(-c2ccc(NNc3ccc(-n4ccnc4)cc3)cc2)cn1,c1cn(-c2ccc(-n3ccnc3)cc2)cn1,0.742,0.453,YES,YES,1.7728,YES,YES,YES,NO,NO
Self-RAG,999,366,Nc1cc(C#Cc2cc(N)c(C(=O)[O-])c(N)c2)cc(N)c1C(=O)[O-],O=C([O-])C1=CC=C2C=C(Br)C(=CC=C(CBr)C(=O)[O-])C2C=C1,0.256,0.148,YES,YES,6.7536,NO,NO,NO,NO,NO
Self-RAG,999,367,CCc1cc2c(cc(CC)c3ccc(C(=O)[O-])c(F)c32)c2cc(C(=O)[O-])ccc12,CCCOC=Cc1ccc(C(=O)[O-])cc1C=CC=CC=C1OCC2C=C=C(C=CCCOC(OCCC)=CC=CC=CC(F)=C1C(=O)[O-])OC2,0.5,0.177,YES,YES,1.9349,YES,NO,NO,NO,NO
Self-RAG,999,368,O=C(O)c1cccc(Oc2cccc(C(=O)O)c2C(=O)[O-])c1.O=C(O)c1cccc(Oc2cccc(C(=O)O)c2C(=O)[O-])c1,Cc1cccc(C)[n+]1C(=O)[O-],0.134,0.058,YES,YES,1.5888,NO,NO,NO,NO,NO
Self-RAG,999,369,O=C([O-])CN(CCN(CC(=O)[O-])CC(=O)[O-])CCN(CC(=O)O)CC(=O)O,O=C([O-])CN1CCN(CC(=O)[O-])CC1,0.718,0.135,YES,NO,0.7842,YES,YES,YES,NO,NO
Self-RAG,999,370,c1ccc(SSc2ccccn2)nc1,c1cnc(SCSc2ncccn2)nc1INVALID,0.0,0.0,NO,NO,,NO,NO,NO,NO,NO
Self-RAG,999,371,Nc1ccc(C=Cc2ccc(N)cc2S(O)(O)O)c(S(O)(O)O)c1,OS(O)(O)c1cccc2c(S(O)(O)O)cccc12,0.705,0.41,YES,YES,0.5418,YES,YES,YES,NO,NO
Self-RAG,999,372,O=C([O-])c1cc(C(=O)[O-])c(C(=O)O)cc1C(=O)O,O=C([O-])c1ccc(C(=O)[O-])cc1,0.75,0.667,YES,NO,0.527,YES,YES,YES,NO,NO
Self-RAG,999,373,O=C(Nc1cccnc1)c1ccc(C(=O)Nc2cccnc2)s1,c1cc(-c2ccncc2)ccn1,0.375,0.253,YES,YES,1.5117,NO,NO,NO,NO,NO
Self-RAG,999,374,NC1=N[CH]NN1,Cn1nn[nH]c1=S,0.413,0.0,YES,YES,3.3063,NO,NO,NO,NO,NO
Self-RAG,999,375,O=C([O-])c1cc(C(=O)O)c(C(=O)[O-])cc1C(=O)O,O=C([O-])c1ccc(C(=O)[O-])cc1,0.75,0.667,YES,NO,1.4394,YES,YES,YES,NO,NO
Self-RAG,999,376,O=[N+]([O-])c1cncc([N+](=O)[O-])c1C#Cc1c([N+](=O)[O-])cncc1[N+](=O)[O-],N#Cc1cc([N+](=O)[O-])c(C#N)cc1[N+](=O)[O-],0.732,0.137,YES,YES,1.8373,YES,YES,YES,NO,NO
Self-RAG,999,377,O=C([O-])C(O)=C(O)C(=O)[O-],O=C([O-])C(=O)[O-],0.588,0.478,YES,YES,1.8798,YES,NO,NO,NO,NO
Self-RAG,999,378,C(#C[Si](C#Cc1cn[nH]c1)(C#CC1C=NN=C1)C#CC1C=NN=C1)C1=CN=N[CH]1,C(#CC#Cc1cn[nH]c1)C#CC1=CN=N[CH]1,0.828,0.232,YES,YES,5.2962,YES,YES,YES,NO,NO
Self-RAG,999,379,O=C([O-])CN1[CH]C=C(c2nnn[nH]2)C=C1,O=C([O-])c1cncc(Cl)c1,0.28,0.17,YES,NO,2.1662,NO,NO,NO,NO,NO
Self-RAG,999,380,Nc1ccccc1S,O=C([O-])c1ccccc1S,0.375,0.7,YES,NO,1.1104,YES,YES,YES,NO,NO
Self-RAG,999,381,O=C([O-])c1nc(-c2ccc3ccccc3c2)[nH]c1C(=O)[O-],O=C([O-])c1nc(-c2ccccn2)[nH]c1C(=O)[O-],0.886,0.552,YES,YES,1.185,YES,YES,YES,YES,NO
Self-RAG,999,382,O=C(O)c1ccc(-c2ccc(-c3ccc(C(=O)O)cc3C(=O)[O-])cc2)c(C(=O)[O-])c1,O=C([O-])c1ccc(C(=O)[O-])cc1,0.632,0.292,YES,YES,1.6563,YES,YES,NO,NO,NO
Self-RAG,999,383,c1ccc(-c2cc(-c3ccncc3)nc(-c3ccncc3)c2)nc1,C=CC=CC=C1C=CC=C(c2ccncc2)C=NC=C2NC=C(N=C1)C(=CC)c1cnccc12,0.467,0.199,YES,YES,3.7653,NO,NO,NO,NO,NO
Self-RAG,999,384,CSc1nccs1,O=P(O)(O)c1ccccn1,0.222,0.0,YES,YES,1.6177,NO,NO,NO,NO,NO
Self-RAG,999,385,O=C([O-])C1CCC(C(=O)[O-])CC1,O=C([O-])C1CC(C(=O)O)C(C(=O)[O-])CC1C(=O)O,0.6,0.667,YES,YES,1.6256,YES,YES,NO,NO,NO
Self-RAG,999,386,c1c[nH]cn1,c1c[nH]cn1INVALID,0.0,0.0,NO,NO,,NO,NO,NO,NO,NO
Self-RAG,999,387,c1ccc(-c2nnc(-c3ccncc3)[nH]2)nc1,c1ccc(-c2nnc(-c3ccncc3)[nH]2)nc1,1.0,1.0,YES,YES,2.3616,YES,YES,YES,YES,YES
Self-RAG,999,388,O=C([O-])c1cccc(-c2c3nc(c(-c4cccc(C(=O)[O-])c4)c4ccc([nH]4)c(-c4cccc(C(=O)[O-])c4)c4nc(c(-c5cccc(C(=O)[O-])c5)c5ccc2[nH]5)C=C4)C=C3)c1,O=C([O-])c1cccc(-c2c3nc(c(-c4cccc(C(=O)[O-])c4)c4ccc([nH]4)c(-c4cccc(C(=O)O)c4)c4nc(c(-c5cccc(C(=O)[O-])c5)c5ccc2[nH]5)C=C4)C=C3)c1,0.968,1.0,YES,YES,1.5375,YES,YES,YES,YES,YES
Self-RAG,999,389,O=C([O-])c1cc2c(cc1C(=O)[O-])C(=O)c1ccccc1C2=O,O=C([O-])c1ccc(C(=O)[O-])cc1,0.571,0.395,YES,YES,1.2307,YES,NO,NO,NO,NO
Self-RAG,999,390,Cc1cc2ccc3nc(C)ccc3c2cn1,CC=CC1=CC=Cc2cc(-c3cn[nH]c3)ccc2C12C=NN=C2,0.361,0.249,YES,YES,2.2692,NO,NO,NO,NO,NO
Self-RAG,999,391,Nc1nc2ccccc2[nH]1,Nc1nnn[nH]1,0.667,0.156,YES,NO,3.1639,YES,YES,NO,NO,NO
Self-RAG,999,392,O=C([O-])CCC(=O)[O-],O=C([O-])CC(=O)[O-],0.786,0.604,YES,YES,0.4617,YES,YES,YES,NO,NO
Self-RAG,999,393,CNC12C3C4C5C3(C#CC(=O)[O-])C1C5(NC)C42C#CC(=O)[O-],CCCC12C3C4C5C(C1C53C#CC(=O)[O-])C42C#CC(=O)[O-],0.556,0.829,YES,YES,1.2292,YES,YES,YES,NO,NO
Self-RAG,999,394,O=C([O-])c1ccc(-c2ccccc2)cc1,O=C([O-])c1cccc(-c2cccnc2)c1INVALID,0.0,0.0,NO,NO,,NO,NO,NO,NO,NO
Self-RAG,999,395,CCCOc1c(C(=O)[O-])ccc2c(OCCC)c(C(=O)[O-])ccc12,CCCOC=Cc1cc(C(=O)[O-])ccc1C(C=COCCC)c1cc(C(=O)[O-])ccc1OCCC,0.865,0.311,YES,YES,1.788,YES,YES,YES,YES,NO
Self-RAG,999,396,CN1c2cncc(n2)N(C)c2cncc(n2)N(C)c2cncc(n2)N(C)c2cncc1n2,C=Nc1cnccc1C1C2=CN=C21,0.333,0.019,YES,YES,3.7357,NO,NO,NO,NO,NO
Self-RAG,999,397,CC(C(=O)[O-])C(=O)[O-],O=C([O-])CC(O)C(=O)[O-],0.588,0.65,YES,NO,2.9616,YES,YES,NO,NO,NO
Self-RAG,999,398,O=C([O-])C(F)=C(F)C(=O)[O-],O=C([O-])C(F)=C(F)C(=O)[O-]INVALID,0.0,0.0,NO,NO,,NO,NO,NO,NO,NO
Self-RAG,999,399,O=C([O-])c1ccc(Oc2ccc(C(=O)[O-])c(C(=O)[O-])c2)cc1C(=O)[O-],O=C([O-])c1ccc(Oc2ccc(C(=O)[O-])c(C(=O)[O-])c2)cc1C(=O)[O-]INVALID,0.0,0.0,NO,NO,,NO,NO,NO,NO,NO
GraphRAG,42,0,O=C([O-])c1cc[n+]([O-])cc1,O=C([O-])c1cccc(C(=O)[O-])[n+]1[O-],0.794,0.538,YES,NO,0.5083,YES,YES,YES,NO,NO
GraphRAG,42,1,O=C([O-])c1cc(C(=O)[O-])cc(S(O)(O)O)c1,O=C([O-])c1cc(C(=O)[O-])cc(S(O)(O)O)c1,1.0,1.0,YES,YES,1.3412,YES,YES,YES,YES,YES
GraphRAG,42,2,O=C([O-])C1C(C(=O)[O-])C(C(=O)[O-])C(C(=O)[O-])C(C(=O)[O-])C1C(=O)[O-],O=C([O-])C1C(C(=O)[O-])C(C(=O)[O-])C1C(=O)[O-],0.846,0.15,YES,NO,1.7866,YES,YES,YES,NO,NO
GraphRAG,42,3,O=C(O)CC(O)(CC(=O)O)C(=O)[O-],O=C([O-])CC(O)(CC(=O)O)C(=O)[O-],1.0,1.0,YES,NO,1.8766,YES,YES,YES,YES,YES
GraphRAG,42,4,O=C([O-])c1cc(S(=O)(=O)c2ccc(C(=O)[O-])c(C(=O)O)c2)ccc1C(=O)O,O=C([O-])c1cc(C(=O)[O-])cc(C(=O)O)c1,0.382,0.329,YES,YES,1.0498,NO,NO,NO,NO,NO
GraphRAG,42,5,c1nc[nH]n1,c1cn[nH]n1,0.9,0.0,YES,YES,2.321,YES,YES,YES,YES,YES
GraphRAG,42,6,C1CCSC1,c1nnn[nH]1,0.143,0.0,YES,YES,0.7991,NO,NO,NO,NO,NO
GraphRAG,42,7,O=C([O-])c1cc([N+](=O)[O-])c2c([N+](=O)[O-])c(C(=O)[O-])cc([N+](=O)[O-])c2c1[N+](=O)[O-],O=C([O-])c1ccc([N+](=O)[O-])cc1,0.763,0.317,YES,YES,1.8311,YES,YES,YES,NO,NO
GraphRAG,42,8,O=C1C(=O)C(Cl)C(=O)C(=O)C1Cl,O=C1C(=O)C(Cl)C(=O)C(=O)C1Cl,1.0,1.0,YES,YES,1.5704,YES,YES,YES,YES,YES
GraphRAG,42,9,O=C([O-])c1cc(N2[CH]N=CN2)cc(N2[CH]N=CN2)c1,Cc1c(CN2[CH]N=CN2)c(C)c(Cn2cncn2)c(C)c1CN1[CH]N=CN1,0.529,0.249,YES,YES,1.9282,YES,NO,NO,NO,NO
GraphRAG,42,10,C1CNCCN1,c1cnccn1,0.333,1.0,YES,YES,0.7753,YES,YES,YES,YES,YES
GraphRAG,42,11,O=C([O-])c1c(F)c(F)c(C(=O)[O-])c2cc(F)c(F)cc12,O=C([O-])c1c(F)c(F)c(C(=O)[O-])c2ccccc12,1.0,0.902,YES,NO,0.7862,YES,YES,YES,YES,YES
GraphRAG,42,12,O=C1C([N+](=O)[O-])=CC([N+](=O)[O-])C(O)=C1[N+](=O)[O-],O=C1C([N+](=O)[O-])=C[N+]([O-])C=C1[N+](=O)[O-],0.8,0.212,YES,YES,1.1947,YES,YES,YES,NO,NO
GraphRAG,42,13,O=C([O-])c1ccc(C(=O)[O-])c2ccccc12,O=C([O-])c1ccc(C(=O)[O-])cc1INVALID,0.0,0.0,NO,NO,,NO,NO,NO,NO,NO
GraphRAG,42,14,c1nnnn1CCn1cnnn1,O=C(O)c1cncnc1,0.25,0.05,YES,YES,1.4367,NO,NO,NO,NO,NO
GraphRAG,42,15,O=C([O-])c1cc([N+](=O)[O-])c(C(=O)[O-])cc1[N+](=O)[O-],O=C([O-])c1ccc([N+](=O)[O-])cc1,0.879,0.5,YES,YES,0.9851,YES,YES,YES,YES,NO
GraphRAG,42,16,O=C([O-])c1ccccc1C(=O)[O-],O=C([O-])c1ccc(C(=O)[O-])cc1,0.857,0.75,YES,YES,0.7234,YES,YES,YES,YES,NO
GraphRAG,42,17,CCCn1cnc2c1NC=NC2Cl,CCCn1cnc2c1NC=NC2N,0.833,0.925,YES,NO,3.0487,YES,YES,YES,YES,YES
GraphRAG,42,18,O=C([O-])CCN1[CH]C=C(C2=C[CH]N(CCC(=O)[O-])C=C2)C=C1,O=C([O-])CN1[CH]C=C(C2=C[CH]N(CC(=O)[O-])C=C2)C=C1,0.868,0.732,YES,YES,1.2871,YES,YES,YES,YES,NO
GraphRAG,42,19,O=C([O-])c1cc(C(=O)[O-])cc(-c2cc(C(=O)[O-])cc(C(=O)[O-])c2)c1,O=C([O-])c1cc(C(=O)[O-])cc(-c2cc(C(=O)[O-])cc(C(=O)[O-])c2)c1,1.0,1.0,YES,YES,1.7485,YES,YES,YES,YES,YES
GraphRAG,42,20,O=C([O-])C=Cc1ccncc1,O=C([O-])[CH][CH]c1ccccn1,0.875,0.545,YES,NO,2.54,YES,YES,YES,YES,NO
GraphRAG,42,21,O=C([O-])c1ccc(C#Cc2ccc(C(=O)[O-])cc2)cc1,O=C([O-])c1ccc(-c2ccc(C(=O)[O-])cc2)cc1,0.875,0.441,YES,YES,4.2305,YES,YES,YES,YES,NO
GraphRAG,42,22,C(c1nnn[nH]1)c1nnn[nH]1,C(Cc1nnn[nH]1)c1nnn[nH]1,0.871,0.485,YES,YES,0.5743,YES,YES,YES,YES,NO
GraphRAG,42,23,O=C([O-])c1cc(O)c(C(=O)[O-])cc1O,O=C([O-])c1cc(O)c(C(=O)[O-])cc1OINVALID,0.0,0.0,NO,NO,,NO,NO,NO,NO,NO
GraphRAG,42,24,CCc1c(C#N)c(CC)c(CC)c(C#N)c1CC,CCCc1c(C#N)c(CCC)c(CCC)c(C#N)c1CC,0.842,0.857,YES,YES,2.4316,YES,YES,YES,YES,NO
GraphRAG,42,25,O=C([O-])c1cncc(O)c1,O=C([O-])c1cc(O)cc(C(=O)[O-])n1,0.88,0.462,YES,NO,0.7759,YES,YES,YES,YES,NO
GraphRAG,42,26,O=C([O-])c1cccc(C(=O)[O-])n1,O=C([O-])c1cccnc1C(=O)[O-],0.864,0.75,YES,NO,0.9074,YES,YES,YES,YES,NO
GraphRAG,42,27,O=C([O-])c1cncc(-c2ccccc2C(=O)[O-])c1,O=C([O-])c1cccnc1C(=O)[O-],0.8,0.489,YES,NO,1.1482,YES,YES,YES,NO,NO
GraphRAG,42,28,Cc1cc(C#Cc2cc(C)c(C(=O)[O-])c(C)c2)cc(C)c1C(=O)[O-],Cc1cc(-c2ccc(C(=O)[O-])c(C)c2)ccc1C(=O)[O-],0.857,0.41,YES,YES,6.7084,YES,YES,YES,YES,NO
GraphRAG,42,29,c1cn(Cc2cc(Cn3ccnc3)c(Cn3ccnc3)cc2Cn2ccnc2)cn1,c1cn(Cc2ccc(Cn3ccnc3)cc2)cn1,0.852,0.595,YES,YES,1.5856,YES,YES,YES,YES,NO
GraphRAG,42,30,Nc1cc(C(=O)[O-])ccc1-c1ccc(C(=O)[O-])cc1N,O=C([O-])c1ccc(-c2ccc(C(=O)[O-])cc2F)c(F)c1,0.567,0.902,YES,YES,5.5632,YES,YES,YES,YES,YES
GraphRAG,42,31,O=C([O-])c1ccc(-c2ccc(C(=O)[O-])cc2O)c(O)c1,O=C([O-])c1ccc(-c2ccc(C(=O)[O-])cc2F)c(F)c1,0.63,0.902,YES,YES,3.4939,YES,YES,YES,YES,YES
GraphRAG,42,32,O=C([O-])c1nccnc1C(=O)[O-],O=C([O-])c1cccnc1C(=O)[O-],0.88,0.3,YES,NO,1.2131,YES,YES,YES,YES,NO
GraphRAG,42,33,COc1cc(C(=O)[O-])ccc1C#Cc1cc(OC)c(C(=O)[O-])cc1-c1ccccc1,CCC=C1C=c2c(C(=O)[O-])cccc2=CC=C1C(=O)[O-],0.417,0.292,YES,YES,1.8647,NO,NO,NO,NO,NO
GraphRAG,42,34,O=C([O-])c1c(F)c(F)c(C(=O)[O-])c2c(F)c(F)c(F)c(F)c12,O=C([O-])c1c(F)c(F)c(C(=O)[O-])c(F)c1F,0.818,0.625,YES,YES,1.2245,YES,YES,YES,NO,NO
GraphRAG,42,35,O=C([O-])c1cnc(C(=O)[O-])cn1,O=C([O-])c1ccc(C(=O)[O-])nc1,0.87,0.3,YES,NO,1.2565,YES,YES,YES,YES,NO
GraphRAG,42,36,O=C([O-])c1ccc(Oc2cc(Oc3ccc(C(=O)[O-])cc3)cc(C(=O)[O-])c2)cc1,O=C([O-])c1ccc(Oc2cc(Oc3ccc(C(=O)[O-])cc3)cc(C(=O)[O-])c2)cc1INVALID,0.0,0.0,NO,NO,,NO,NO,NO,NO,NO
GraphRAG,42,37,O=C([O-])c1ccc(-c2cc(C(=O)[O-])cc(C(=O)[O-])c2)cc1,O=C([O-])c1ccc(-c2cc(-c3ccc(C(=O)[O-])cc3)cc(-c3ccc(C(=O)[O-])cc3)c2)cc1,1.0,0.451,YES,YES,1.1642,YES,YES,YES,YES,YES
GraphRAG,42,38,O=C([O-])c1cc(F)c(C(=O)[O-])cc1F,O=C([O-])c1cc(F)c(C(=O)[O-])cc1F,1.0,1.0,YES,YES,1.4612,YES,YES,YES,YES,YES
GraphRAG,42,39,[CH](NN[CH]c1ccncc1)c1ccncc1,c1cn(CCCCn2ccnc2)cn1,0.278,0.037,YES,YES,1.4588,NO,NO,NO,NO,NO
GraphRAG,42,40,O=C([O-])c1ccccc1C(=O)O,O=C([O-])c1cccc(C(=O)O)c1,0.867,0.75,YES,NO,3.0629,YES,YES,YES,YES,NO
GraphRAG,42,41,CC(CCC(=O)[O-])C(=O)[O-],O=C([O-])CCCCC(=O)[O-],0.765,0.687,YES,NO,2.1182,YES,YES,YES,NO,NO
GraphRAG,42,42,O=C([O-])c1cc(S(O)(O)O)c(C(=O)[O-])c2c1CC2,O=C([O-])c1ccc(C(c2ccc(C(=O)[O-])c(C(=O)[O-])c2)(C(F)(F)F)C(F)(F)F)cc1C(=O)[O-],0.34,0.299,YES,NO,3.6475,NO,NO,NO,NO,NO
GraphRAG,42,43,CNC1(F)CC2(C#CC(=O)[O-])CCC1(C#CC(=O)[O-])CC2,CCC1CC2(C#CC(=O)[O-])CCC1(C#CC(=O)[O-])CC2OINVALID,0.0,0.0,NO,NO,,NO,NO,NO,NO,NO
GraphRAG,42,44,Cc1nccn1Cc1ccncc1,c1cn(Cc2ccc(-n3ccnc3)cc2)cn1,0.719,0.394,YES,YES,1.586,YES,YES,YES,NO,NO
GraphRAG,42,45,c1cn(Cc2ccc(Cn3ccnc3)cc2)cn1,c1ncn(Cc2ccc(Cn3cncn3)cc2)n1,0.733,0.533,YES,NO,1.1297,YES,YES,YES,NO,NO
GraphRAG,42,46,c1cncnc1,c1cnccn1,0.769,0.0,YES,YES,0.9181,YES,YES,YES,NO,NO
GraphRAG,42,47,CCC12C3C4(C(=O)[O-])C5(CC)C(C1(C(=O)[O-])C35[N+](=O)[O-])C24[N+](=O)[O-],CCCC1(CC)C(NC)C(CC)([N+](=O)[O-])C1C(=O)[O-],0.667,0.471,YES,YES,2.6007,YES,YES,NO,NO,NO
GraphRAG,42,48,O=C([O-])CN(CC(=O)[O-])CC(=O)[O-],O=C([O-])CCC(=O)[O-],0.478,0.285,YES,YES,1.3653,NO,NO,NO,NO,NO
GraphRAG,42,49,c1cn(-c2ccc(NNc3ccc(-n4ccnc4)cc3)cc2)cn1,O=C1[CH]C(=O)NC(=S)N1,0.231,0.0,YES,NO,1.8468,NO,NO,NO,NO,NO
GraphRAG,42,50,Nc1cc(C#Cc2cc(N)c(C(=O)[O-])c(N)c2)cc(N)c1C(=O)[O-],O=C([O-])c1c(O)cc(C=Cc2cc(O)c(C(=O)[O-])c(O)c2)cc1O,0.5,0.41,YES,NO,7.0019,YES,NO,NO,NO,NO
GraphRAG,42,51,CCc1cc2c(cc(CC)c3ccc(C(=O)[O-])c(F)c32)c2cc(C(=O)[O-])ccc12,CC1C=C(C(=O)[O-])C(C(=O)O)=C(C(=O)[O-])C(C(=O)[O-])=C1CC(=O)O,0.371,0.12,YES,YES,1.0776,NO,NO,NO,NO,NO
GraphRAG,42,52,O=C(O)c1cccc(Oc2cccc(C(=O)O)c2C(=O)[O-])c1.O=C(O)c1cccc(Oc2cccc(C(=O)O)c2C(=O)[O-])c1,O=C(O)c1cccc(Oc2cccc(C(=O)[O-])c2C(=O)[O-])c1,0.479,0.5,YES,YES,1.8796,YES,NO,NO,NO,NO
GraphRAG,42,53,O=C([O-])CN(CCN(CC(=O)[O-])CC(=O)[O-])CCN(CC(=O)O)CC(=O)O,O=C([O-])Cn1cnnn1,0.36,0.135,YES,NO,0.6757,NO,NO,NO,NO,NO
GraphRAG,42,54,c1ccc(SSc2ccccn2)nc1,c1ccc(SCSc2ccccn2)nc1,0.75,0.455,YES,NO,0.5434,YES,YES,YES,NO,NO
GraphRAG,42,55,Nc1ccc(C=Cc2ccc(N)cc2S(O)(O)O)c(S(O)(O)O)c1,O=P(O)(O)c1ccc(-c2ccc(P(=O)(O)O)cc2)cc1,0.444,0.246,YES,YES,0.501,NO,NO,NO,NO,NO
GraphRAG,42,56,O=C([O-])c1cc(C(=O)[O-])c(C(=O)O)cc1C(=O)O,O=C([O-])c1cc(C(=O)O)c(C(=O)[O-])cc1C(=O)O,1.0,1.0,YES,YES,1.0748,YES,YES,YES,YES,YES
GraphRAG,42,57,O=C(Nc1cccnc1)c1ccc(C(=O)Nc2cccnc2)s1,O=C([O-])c1cc(S(O)(O)O)cc(S(O)(O)O)c1,0.164,0.11,YES,YES,1.9557,NO,NO,NO,NO,NO
GraphRAG,42,58,NC1=N[CH]NN1,Nc1nnc(N)[nH]1,0.75,0.229,YES,YES,3.3229,YES,YES,YES,NO,NO
GraphRAG,42,59,O=C([O-])c1cc(C(=O)O)c(C(=O)[O-])cc1C(=O)O,O=C([O-])c1ccc(C(=O)[O-])cc1INVALID,0.0,0.0,NO,NO,,NO,NO,NO,NO,NO
GraphRAG,42,60,O=[N+]([O-])c1cncc([N+](=O)[O-])c1C#Cc1c([N+](=O)[O-])cncc1[N+](=O)[O-],N#Cc1cc([N+](=O)[O-])c(C#N)cc1[N+](=O)[O-],0.732,0.137,YES,YES,1.8271,YES,YES,YES,NO,NO
GraphRAG,42,61,O=C([O-])C(O)=C(O)C(=O)[O-],O=C([O-])C(=O)[O-],0.588,0.478,YES,YES,1.8798,YES,NO,NO,NO,NO
GraphRAG,42,62,C(#C[Si](C#Cc1cn[nH]c1)(C#CC1C=NN=C1)C#CC1C=NN=C1)C1=CN=N[CH]1,C(#CC(C#Cc1cn[nH]c1)(C#CC1C=NN=C1)C#CC1C=NN=C1)c1cn[nH]c1,0.656,0.232,YES,YES,4.4646,YES,YES,NO,NO,NO
GraphRAG,42,63,O=C([O-])CN1[CH]C=C(c2nnn[nH]2)C=C1,O=C([O-])C=Cc1ccc(-c2nnn[nH]2)cc1,0.674,0.366,YES,YES,2.0896,YES,YES,NO,NO,NO
GraphRAG,42,64,Nc1ccccc1S,O=C([O-])c1ccccc1S,0.375,0.7,YES,NO,1.1104,YES,YES,YES,NO,NO
GraphRAG,42,65,O=C([O-])c1nc(-c2ccc3ccccc3c2)[nH]c1C(=O)[O-],O=C([O-])c1nc(-c2ccccn2)[nH]c1C(=O)[O-],0.886,0.552,YES,YES,1.185,YES,YES,YES,YES,NO
GraphRAG,42,66,O=C(O)c1ccc(-c2ccc(-c3ccc(C(=O)O)cc3C(=O)[O-])cc2)c(C(=O)[O-])c1,O=C([O-])c1ccc(C(=O)[O-])cc1,0.632,0.292,YES,NO,1.6024,YES,YES,NO,NO,NO
GraphRAG,42,67,c1ccc(-c2cc(-c3ccncc3)nc(-c3ccncc3)c2)nc1,C=CC=CC=C1C=CC=C(c2ccncc2)C=NC=C2NC=C(N=C1)C(=CC)c1cnccc12,0.467,0.199,YES,YES,3.7653,NO,NO,NO,NO,NO
GraphRAG,42,68,CSc1nccs1,CSc1nnn[nH]1,0.6,0.371,YES,YES,1.6496,YES,YES,NO,NO,NO
GraphRAG,42,69,O=C([O-])C1CCC(C(=O)[O-])CC1,O=C([O-])C1CC(C(=O)O)C(C(=O)[O-])CC1C(=O)O,0.6,0.667,YES,YES,1.6256,YES,YES,NO,NO,NO
GraphRAG,42,70,c1c[nH]cn1,c1nnn[nH]1,0.65,0.0,YES,YES,3.0895,YES,YES,NO,NO,NO
GraphRAG,42,71,c1ccc(-c2nnc(-c3ccncc3)[nH]2)nc1,C1=NN=CC1c1ccc(-c2cn[nH]c2)cc1,0.643,0.092,YES,YES,2.3221,YES,YES,NO,NO,NO
GraphRAG,42,72,O=C([O-])c1cccc(-c2c3nc(c(-c4cccc(C(=O)[O-])c4)c4ccc([nH]4)c(-c4cccc(C(=O)[O-])c4)c4nc(c(-c5cccc(C(=O)[O-])c5)c5ccc2[nH]5)C=C4)C=C3)c1,C=CN=CC=CNNC(=O)C1CC(C(=O)[O-])=CC1=CC(=O)[O-],0.367,0.058,YES,YES,1.211,NO,NO,NO,NO,NO
GraphRAG,42,73,O=C([O-])c1cc2c(cc1C(=O)[O-])C(=O)c1ccccc1C2=O,O=C([O-])c1ccccc1I,0.44,0.395,YES,NO,1.856,NO,NO,NO,NO,NO
GraphRAG,42,74,Cc1cc2ccc3nc(C)ccc3c2cn1,CC=CC1=CC=Cc2cc(-c3cn[nH]c3)ccc2C12C=NN=C2,0.361,0.249,YES,YES,2.2692,NO,NO,NO,NO,NO
GraphRAG,42,75,Nc1nc2ccccc2[nH]1,C=Nc1nc2ccccc2[nH]1,0.793,0.912,YES,YES,3.835,YES,YES,YES,YES,YES
GraphRAG,42,76,O=C([O-])CCC(=O)[O-],O=C([O-])C=CC(=O)[O-],0.643,0.471,YES,YES,0.4839,YES,YES,NO,NO,NO
GraphRAG,42,77,CNC12C3C4C5C3(C#CC(=O)[O-])C1C5(NC)C42C#CC(=O)[O-],CNC12C3C4C5C(C41C#CC(=O)[O-])C2(NC)C53C#CC(=O)[O-],0.879,0.915,YES,YES,1.3209,YES,YES,YES,YES,YES
GraphRAG,42,78,O=C([O-])c1ccc(-c2ccccc2)cc1,O=C([O-])c1cccc(-c2cccnc2)c1INVALID,0.0,0.0,NO,NO,,NO,NO,NO,NO,NO
GraphRAG,42,79,CCCOc1c(C(=O)[O-])ccc2c(OCCC)c(C(=O)[O-])ccc12,CCCOC=Cc1cc(C(=O)[O-])ccc1C(C=COCCC)c1cc(C(=O)[O-])ccc1OCCC,0.865,0.311,YES,YES,1.788,YES,YES,YES,YES,NO
GraphRAG,42,80,CN1c2cncc(n2)N(C)c2cncc(n2)N(C)c2cncc(n2)N(C)c2cncc1n2,CC=CC(C=CC1=CC=CC1)N(c1ccc(-c2ccncc2)cc1)c1ccc(-c2ccncc2)cc1,0.559,0.017,YES,YES,3.6459,YES,NO,NO,NO,NO
GraphRAG,42,81,CC(C(=O)[O-])C(=O)[O-],CC(C(=O)[O-])=C(C)C(=O)[O-],0.667,0.478,YES,NO,2.8831,YES,YES,NO,NO,NO
GraphRAG,42,82,O=C([O-])C(F)=C(F)C(=O)[O-],O=C([O-])C(F)=C(F)C(=O)[O-]INVALID,0.0,0.0,NO,NO,,NO,NO,NO,NO,NO
GraphRAG,42,83,O=C([O-])c1ccc(Oc2ccc(C(=O)[O-])c(C(=O)[O-])c2)cc1C(=O)[O-],O=C([O-])c1ccc(C=Nc2cc(C(=O)[O-])cc(C(=O)[O-])c2)cc1,0.5,0.354,YES,NO,2.0372,YES,NO,NO,NO,NO
GraphRAG,42,84,Cc1cc(OCC(=O)[O-])cc(C(=O)[O-])c1,O=C([O-])CNC=C1C=C(C(=O)[O-])C(=O)N1,0.306,0.24,YES,YES,4.2596,NO,NO,NO,NO,NO
GraphRAG,42,85,O=C([O-])c1sc2c(C(=O)O)c(C(=O)[O-])sc2c1C(=O)O,O=C([O-])c1cc(C(=O)O)c(C(=O)[O-])cc1F,0.467,0.177,YES,YES,4.7274,NO,NO,NO,NO,NO
GraphRAG,42,86,Cc1nc(C)c(C(=O)[O-])c(C=Cc2ccccc2)c1C(=O)[O-],c1cc(Cn2cncn2)ccn1,0.227,0.313,YES,NO,1.4986,NO,NO,NO,NO,NO
GraphRAG,42,87,Cc1c(C)c(C(=O)[O-])c(C)c(C)c1C(=O)[O-],Nc1cc(C(=O)[O-])cc(C(=O)[O-])c1,0.5,0.625,YES,NO,0.7735,YES,YES,NO,NO,NO
GraphRAG,42,88,O=C([O-])CO,NCC(=O)[O-],0.5,0.78,YES,YES,0.4416,YES,YES,YES,NO,NO
GraphRAG,42,89,O=C([O-])c1ccc(-c2ccc(C(=O)[O-])c(C(=O)O)c2)cc1C(=O)O,O=C([O-])c1cc(C(=O)O)c(C#Cc2c(C(=O)O)cc(C(=O)[O-])cc2C(=O)O)c(C(=O)O)c1,0.9,0.309,YES,NO,2.4152,YES,YES,YES,YES,YES
GraphRAG,42,90,Cc1cc(-n2ccnc2)c(C)cc1-n1ccnc1,c1ccc(-c2nc(-c3ccccn3)c(-c3ccccn3)nc2-c2ccccn2)nc1,0.5,0.0,YES,YES,2.3177,YES,NO,NO,NO,NO
GraphRAG,42,91,O=P(O)(O)CCSc1ccncc1,O=P(O)(O)CCCCP(=O)(O)O,0.59,0.431,YES,YES,1.3822,YES,NO,NO,NO,NO
GraphRAG,42,92,O=C([O-])C1=NC(c2cncc(Br)c2)=NC1C(=O)O,O=C([O-])c1cc(C(=O)O)cc(-n2cnnc2)c1,0.562,0.196,YES,YES,1.5695,YES,NO,NO,NO,NO
GraphRAG,42,93,[CH]1N=NC=C1c1ccc([Si](c2ccc(-c3cn[nH]c3)cc2)(c2ccc(C3C=NN=C3)cc2)c2ccc(C3C=NN=C3)cc2)cc1,[CH]1N=NC=C1c1ccc(C2C=NN=C2)cc1,0.719,0.239,YES,YES,4.0169,YES,YES,YES,NO,NO
GraphRAG,42,94,CCOC1(Br)c2c(C(=O)[O-])c(Br)cc(C(=O)[O-])c2C1Br,CCCCC1C(C)C2(C(=O)[O-])C(CC)C(C(=O)[O-])C3(CC)C1(C(=O)[O-])C(CC)C(CC)C23CC,0.419,0.345,YES,YES,1.0519,NO,NO,NO,NO,NO
GraphRAG,42,95,CCCOC1CC2(C#CC(=O)[O-])CCC1(C#CC(=O)[O-])CC2,CC1CC2(C#CC(=O)[O-])CCC1(C#CC(=O)[O-])CC2O,0.711,0.866,YES,YES,0.9324,YES,YES,YES,YES,NO
GraphRAG,42,96,N#CC(C(=O)[O-])=C(C=CC(=O)[O-])c1ccccc1,CCCc1cc(C(=O)[O-])ccc1NNc1ccc(C(=O)[O-])cc1,0.31,0.342,YES,YES,1.5449,NO,NO,NO,NO,NO
GraphRAG,42,97,O=C([O-])C=CC=CC(=O)[O-],O=C([O-])CCCCC(=O)[O-],0.6,0.373,YES,NO,1.3489,YES,YES,NO,NO,NO
GraphRAG,42,98,CCOP(=O)(Cc1c(C)c(C)c(CP(=O)(OCC)OCC)c(C)c1C)OCC,CC(=O)C(=NNc1ccccc1S(O)(O)O)C(C)=O,0.292,0.214,YES,NO,1.5781,NO,NO,NO,NO,NO
GraphRAG,42,99,[CH]1N=CNN1CCCCCCn1cncn1,c1cn(CCOCCn2ccnc2)cn1,0.532,0.16,YES,NO,2.3793,YES,NO,NO,NO,NO
GraphRAG,42,100,O=P(O)(O)O,O=[PH](O)O,0.824,0.78,YES,YES,1.1292,YES,YES,YES,NO,NO
GraphRAG,42,101,O=C([O-])c1cc(C(=O)O)c(C(=O)[O-])c2c1CC2,O=C([O-])c1cc(C(=O)[O-])cc(S(O)(O)O)c1,0.317,0.69,YES,YES,2.2525,YES,YES,NO,NO,NO
GraphRAG,42,102,O=C([O-])c1cc(Cn2nnc3ccccc32)cc(C(=O)[O-])c1,O=C([O-])c1ccccc1-c1ccccc1C(=O)[O-],0.318,0.395,YES,YES,1.4228,NO,NO,NO,NO,NO
GraphRAG,42,103,O=C([O-])c1c(F)cc(C=Cc2cc(F)c(C(=O)[O-])c(F)c2)cc1F,O=C([O-])c1c(F)cc(C#Cc2cc(F)c(C(=O)[O-])c(F)c2)cc1F,0.909,0.492,YES,NO,6.5092,YES,YES,YES,YES,YES
GraphRAG,42,104,Nc1c(N)c(C(=O)[O-])c(N)c(N)c1C#Cc1c(N)c(N)c(C(=O)[O-])c(N)c1N,O=C([O-])c1c(Cl)c(Cl)c(C#Cc2c(Cl)c(Cl)c(C(=O)[O-])c(Cl)c2Cl)c(Cl)c1ClINVALID,0.0,0.0,NO,NO,,NO,NO,NO,NO,NO
GraphRAG,42,105,NCC(=O)[O-],O=CC(=O)[O-],0.316,0.78,YES,YES,0.3189,YES,YES,YES,NO,NO
GraphRAG,42,106,O=C([O-])c1nc[nH]c1C(=O)[O-],O=C([O-])c1nc[nH]c1C(=O)[O-],1.0,1.0,YES,YES,0.8466,YES,YES,YES,YES,YES
GraphRAG,42,107,O=C([O-])c1ccc(C#Cc2ccc(C(=O)[O-])cc2Cl)c(Cl)c1,O=C([O-])c1ccc(C#Cc2ccc(C(=O)[O-])c(Cl)c2)cc1Cl,1.0,0.911,YES,NO,3.8705,YES,YES,YES,YES,YES
GraphRAG,42,108,O=C([O-])c1cncc(OCOc2cncc(C(=O)[O-])c2)c1,O=C([O-])c1cccc(-n2ccc(=O)cc2)c1C(=O)[O-],0.558,0.281,YES,YES,0.7348,YES,NO,NO,NO,NO
GraphRAG,42,109,O=C([O-])c1ccc(-n2ccc(=O)cc2)cc1C(=O)[O-],O=C([O-])c1ccc(C(=O)[O-])cc1,0.343,0.464,YES,YES,1.7444,NO,NO,NO,NO,NO
GraphRAG,42,110,CCc1cc(-c2ccc(C(=O)[O-])cc2)ccc1C(=O)[O-],CCCOC=Cc1cc2c3ccc(C(=O)[O-])c2c(c1C1=CC=CC=C(CCCC=CC=C(C=CC(=O)[O-])C(=O)[O-])CCCO1)C=CC=C3INVALID,0.0,0.0,NO,NO,,NO,NO,NO,NO,NO
GraphRAG,42,111,CCCC1=NN=CC1C#Cc1ccc(C#CC2=C(CCC)N=N[CH]2)cc1OC,CCCC12C3C4C5C3(C#CC3=CN=N[CH]3)C1(c1ccccc1)C5(c1ccccc1)C42C#CC1C=NN=C1,0.588,0.52,YES,YES,0.9762,YES,NO,NO,NO,NO
GraphRAG,42,112,CCC(C)COc1cc(C=Cc2ccncc2)c(OCC(C)CC)cc1C=Cc1ccncc1,CCCOC=C1C=C(c2ccncc2)C=C1Cc1ccncc1,0.575,0.201,YES,YES,0.6143,YES,NO,NO,NO,NO
GraphRAG,42,113,Cn1cnc(C(=O)[O-])c1C(=O)[O-],O=C([O-])c1ccco1,0.333,0.3,YES,NO,3.0906,NO,NO,NO,NO,NO
GraphRAG,42,114,O=S1(=O)CCCC1,O=C([O-])COCCC(O)C(CO)C(=O)[O-],0.2,0.04,YES,YES,4.0586,NO,NO,NO,NO,NO
GraphRAG,42,115,Cc1nccn1CCCCn1ccnc1C,c1cn(CCCCn2ccnc2)cn1,0.765,0.878,YES,YES,1.393,YES,YES,YES,YES,NO
GraphRAG,42,116,O=C([O-])c1ccnc(-c2cc(C(=O)[O-])ccn2)c1,O=C([O-])c1ccnc(-c2cc(C(=O)[O-])ccn2)c1,1.0,1.0,YES,YES,1.0695,YES,YES,YES,YES,YES
GraphRAG,42,117,O=C([O-])c1cccc(-c2nccs2)c1,O=C([O-])c1cc(Cl)c(Cl)cc1C(=O)[O-],0.281,0.626,YES,NO,1.4344,YES,YES,NO,NO,NO
GraphRAG,42,118,NC(=S)c1cccc(C(N)=S)c1,c1cc(C2=NCCO2)ccc1C1=NCCO1,0.184,0.358,YES,NO,1.7505,NO,NO,NO,NO,NO
GraphRAG,42,119,O=C([O-])c1ccc(N=Cc2ccccc2O)cc1,CC(=CC=CC(=O)[O-])Cc1ccncc1C,0.308,0.142,YES,YES,1.7974,NO,NO,NO,NO,NO
GraphRAG,42,120,Nc1c(N)c(C(=O)[O-])c2ccccc2c1C(=O)[O-],O=C([O-])c1ccccc1SSc1ccccc1C(=O)[O-],0.432,0.441,YES,NO,1.0854,NO,NO,NO,NO,NO
GraphRAG,42,121,Cc1cc2ncn(CCCCn3cnc4cc(C)c(C)cc43)c2cc1C,Cc1nc2ccccc2n1CCCCn1c(C)nc2ccccc21,0.897,0.853,YES,NO,2.0477,YES,YES,YES,YES,NO
GraphRAG,42,122,O=C([O-])c1c(O)c(O)c(C(=O)[O-])c2c(O)c(O)c(O)c(O)c12,O=C([O-])C=CC(C(=O)O)=C(C=C(C=C(C(=O)O)C(=CC(=O)O)C(=O)O)C(=O)O)C(=O)[O-]INVALID,0.0,0.0,NO,NO,,NO,NO,NO,NO,NO
GraphRAG,42,123,O=C([O-])C12C3C4C1C1(S(O)(O)O)C2C3C41C(=O)[O-],O=C([O-])c1c(Cl)c(Cl)c(C(=O)[O-])c2c1CC2,0.326,0.721,YES,NO,1.6037,YES,YES,YES,NO,NO
GraphRAG,42,124,Cc1cnc(C)cn1,C=C1N=CC(CCCCCn2cncn2)=N1,0.244,0.099,YES,YES,0.6537,NO,NO,NO,NO,NO
GraphRAG,42,125,ON=C(c1ccncc1)c1ccccn1,NNC(=O)c1ccc(O)cc1,0.262,0.105,YES,YES,0.6988,NO,NO,NO,NO,NO
GraphRAG,42,126,CC(=O)N(C)C,c1c[nH]cn1,0.034,0.0,YES,YES,3.0713,NO,NO,NO,NO,NO
GraphRAG,42,127,c1cc(-c2ccncc2)ccn1,c1cc(-c2ccncc2)ccn1INVALID,0.0,0.0,NO,NO,,NO,NO,NO,NO,NO
GraphRAG,42,128,[CH](C=CC=C1C=NN=C1)c1cn[nH]c1,c1cc(NNc2ccncc2)ccn1,0.438,0.0,YES,NO,4.9128,NO,NO,NO,NO,NO
GraphRAG,42,129,CC(=O)[CH]C(=O)c1ccc(-n2ccnc2)cc1,CC1C=Nc2ccccc2NO1,0.312,0.345,YES,YES,2.4699,NO,NO,NO,NO,NO
GraphRAG,42,130,O=C(Nc1cccnc1)c1cccnc1,O=P(O)(O)c1ccccn1INVALID,0.0,0.0,NO,NO,,NO,NO,NO,NO,NO
GraphRAG,42,131,c1cc(CCCc2ccncc2)ccn1,c1cc(CCCc2ccncc2)ccn1INVALID,0.0,0.0,NO,NO,,NO,NO,NO,NO,NO
GraphRAG,42,132,Cc1cc2ncn(Cc3ccc(Cn4cnc5cc(C)c(C)cc54)cc3)c2cc1C,c1ccc2nc3ccccc3nc2c1,0.455,0.191,YES,NO,2.3551,NO,NO,NO,NO,NO
GraphRAG,42,133,Cc1ccc(SCN(CSc2ccc(C)cc2C)CSc2ccc(C)cc2C)c(C)c1,c1ccc2c(c1)nnn2OCCOn1cnnn1,0.154,0.189,YES,YES,1.2515,NO,NO,NO,NO,NO
GraphRAG,42,134,CC1c2nccc(-c3ccnc4c3C4C)c21,O=C(Nc1ccncc1)c1cccc(C(=O)Nc2ccncc2)c1,0.394,0.242,YES,YES,1.0111,NO,NO,NO,NO,NO
GraphRAG,42,135,O=C([O-])c1ccc(OCC(COc2ccc(C(=O)[O-])cc2)(COc2ccc(C(=O)[O-])cc2)COc2ccc(C(=O)O)cc2)cc1,O=C([O-])C=C1C=Cc2cc([nH][nH]c3ccc(C(=O)O)cc3c2=CC=CC(=O)O)=C1,0.28,0.195,YES,YES,1.6992,NO,NO,NO,NO,NO
GraphRAG,42,136,N#CC(C#N)C(=S)S,CC(=O)C(C#N)C(C)=O,0.125,0.533,YES,NO,0.2582,YES,NO,NO,NO,NO
GraphRAG,42,137,OC1(Cl)Cc2ncc(Cl)nc21,OS(O)(O)c1cnccc1C#Cc1ccncc1S(O)(O)O,0.25,0.027,YES,NO,2.5062,NO,NO,NO,NO,NO
GraphRAG,42,138,CC1(C)OC(CP(c2ccccc2)c2ccccc2)C(CP(c2ccccc2)c2ccccc2)O1,c1cc(CCCc2ccncc2)ccn1,0.222,0.045,YES,YES,1.4384,NO,NO,NO,NO,NO
GraphRAG,42,139,Cc1ccc(S(=O)(=O)NC(CCC(=O)[O-])C(=O)[O-])cc1,O=C([O-])CNC(=O)c1cccc(C(=O)NCC(=O)[O-])c1,0.364,0.35,YES,NO,0.8174,NO,NO,NO,NO,NO
GraphRAG,42,140,O=C([O-])C1=C[CH]NC=C1C(=O)[O-],O=C([O-])c1ccc(C=Nc2cc(C(=O)[O-])cc(C(=O)[O-])c2)cc1,0.419,0.154,YES,NO,1.6726,NO,NO,NO,NO,NO
GraphRAG,42,141,O=C([O-])c1ccc(-c2cc3cc(c2)C(=O)[O][Cd][O]C3=O)cc1,O=C([O-])c1cc(OCOc2cc(C(=O)[O-])cc(C(=O)O)c2)cc(C(=O)O)c1,0.432,0.329,YES,NO,1.6073,NO,NO,NO,NO,NO
GraphRAG,42,142,O=P(O)(O)F,O=C([O-])c1cccc(C(=O)O)c1,0.143,0.05,YES,NO,1.2162,NO,NO,NO,NO,NO
GraphRAG,42,143,CC(=O)CC(C#N)(C#N)C(C#N)C#N,N#CC(C#N)C(N)=O,0.286,0.411,YES,NO,0.9025,NO,NO,NO,NO,NO
GraphRAG,42,144,COc1cc(NC#N)c(OC)cc1NC#N,N#CC=C(O)C(=CC=O)C(=O)[O-],0.179,0.1,YES,YES,2.454,NO,NO,NO,NO,NO
GraphRAG,42,145,c1ccc2c(-n3ccnc3)c3ccccc3c(-n3ccnc3)c2c1,c1ccc2c(c1)ncn2-c1ccc(-n2cnc3ccccc32)cc1,1.0,0.657,YES,YES,1.522,YES,YES,YES,YES,YES
GraphRAG,42,146,O=C([O-])c1ccc(NNc2ccc(C(=O)[O-])cc2)cc1,O=C([O-])c1ccc(Cl)cc1,0.29,0.441,YES,NO,1.2807,NO,NO,NO,NO,NO
GraphRAG,42,147,O=C(NCc1ccncc1)C(=O)NCc1ccncc1,O=C(NCc1ccncc1)c1ccncc1,0.727,0.49,YES,YES,3.1872,YES,YES,YES,NO,NO
GraphRAG,42,148,Nc1ccc(Cc2ccc(N)cc2)cc1,N#Cc1ccc(C#N)cc1,0.312,0.455,YES,NO,0.8558,NO,NO,NO,NO,NO
GraphRAG,42,149,O=C([O-])c1ccc(-c2cc(-c3ccc(C(=O)O)cc3)c(-c3ccc(C(=O)[O-])cc3)cc2-c2ccc(C(=O)O)cc2)cc1,O=C([O-])c1cc(C(=O)O)c2cc(C(=O)[O-])cc(C(=O)O)c2c1INVALID,0.0,0.0,NO,NO,,NO,NO,NO,NO,NO
GraphRAG,42,150,Fc1cc2cc(C3C=NN=C3)c(F)cc2cc1-c1cn[nH]c1,CC1Cc2nccnc21,0.316,0.0,YES,YES,0.94,NO,NO,NO,NO,NO
GraphRAG,42,151,O=C1C(=O)C(=O)C(=O)C1=O,O=C1C(=O)C(=O)C1=OINVALID,0.0,0.0,NO,NO,,NO,NO,NO,NO,NO
GraphRAG,42,152,O=C(Nc1cc(C(=O)[O-])cc(C(=O)[O-])c1)Nc1cc(C(=O)[O-])cc(C(=O)[O-])c1,O=C([O-])c1ccc(N=Nc2ccc(C(=O)[O-])cc2)cc1,0.625,0.317,YES,NO,3.5443,YES,YES,NO,NO,NO
GraphRAG,42,153,Cc1nccn1Cc1ccc(-c2ccc(Cn3ccnc3C)cc2)cc1,c1cc(-c2ccncc2)ccn1,0.364,0.0,YES,YES,1.6322,NO,NO,NO,NO,NO
GraphRAG,42,154,CC(=O)NC(C)(NC(C)=O)C(=O)[O-],CCCCS(=O)CCCS(=O)CCC1CCCCC1,0.078,0.137,YES,YES,2.0366,NO,NO,NO,NO,NO
GraphRAG,42,155,O=C([O-])c1cccc(CN2CCOCCN(Cc3cccc(C(=O)[O-])c3)CCOCC2)c1,CC1=NNCCCCC2CNN=C2N1,0.25,0.049,YES,YES,1.4637,NO,NO,NO,NO,NO
GraphRAG,42,156,O=C([O-])c1c(Cl)cc(-c2cc(-c3cc(Cl)c(C(=O)[O-])c(Cl)c3)cc(-c3cc(Cl)c(C(=O)[O-])c(Cl)c3)c2)cc1Cl,O=C([O-])c1c(Cl)c(Cl)c(-c2cc(-c3c(Cl)c(Cl)c(C(=O)[O-])c(Cl)c3Cl)cc(-c3c(Cl)c(Cl)c(C(=O)[O-])c(Cl)c3Cl)c2)c(Cl)c1Cl,1.0,0.87,YES,YES,1.0321,YES,YES,YES,YES,YES
GraphRAG,42,157,O=[PH](O)O,O=P(O)(O)O,0.824,0.78,YES,YES,1.1253,YES,YES,YES,NO,NO
GraphRAG,42,158,O=P(O)(O)C1=CC=C2[CH]C=CC=C2N1,OC1=Cc2c(ccc(O)c2S(O)(O)O)C=CC=C1S(O)(O)O,0.351,0.027,YES,YES,1.6142,NO,NO,NO,NO,NO
GraphRAG,42,159,c1ccc2nc(-c3cnc4ccccc4n3)cnc2c1,c1ccc2nccnc2c1,0.889,0.491,YES,NO,0.9776,YES,YES,YES,YES,NO
GraphRAG,42,160,O=C([O-])Cn1nn[nH]c1=S,O=C([O-])CSc1nnc(SCC(=O)[O-])s1,0.556,0.24,YES,NO,0.6228,YES,NO,NO,NO,NO
GraphRAG,42,161,CCCCN(CCO)CCO,CC(C)(C)S(=O)C#N,0.109,0.244,YES,YES,1.7767,NO,NO,NO,NO,NO
GraphRAG,42,162,CC1=C(CC2=C(C)N=NC2C)C(C)N=N1,c1ccc(-c2cc(-c3ccncc3)cc(-c3ccccn3)n2)nc1,0.206,0.0,YES,YES,2.3891,NO,NO,NO,NO,NO
GraphRAG,42,163,CC(C)c1cc(C(C)C)c(CP(=O)(O)O)c(C(C)C)c1,CC1=C(CP(=O)(O)O)CC=C(CP(=O)(O)O)C1(C)CP(=O)(O)O,0.61,0.243,YES,YES,1.8771,YES,YES,NO,NO,NO
GraphRAG,42,164,O=C([O-])CN=Cc1ccccc1O,O=C([O-])CCC(NC(=O)c1cccnc1)C(=O)[O-],0.356,0.256,YES,YES,1.5418,NO,NO,NO,NO,NO
GraphRAG,42,165,CNC1CC2(C#CC(=O)[O-])C(NC)CC1(C#CC(=O)[O-])C(F)C2F,CCCOC1C2C(F)C(C(=O)[O-])C(F)C(F)C1(C(=O)[O-])C(F)C2CF,0.352,0.103,YES,YES,0.7461,NO,NO,NO,NO,NO
GraphRAG,42,166,O=C([O-])c1cccc(NNc2cccc(C(=O)[O-])c2)c1,O=C([O-])c1cccc(Oc2cccnc2)c1C(=O)[O-],0.375,0.441,YES,NO,1.5334,NO,NO,NO,NO,NO
GraphRAG,42,167,O=C([O-])c1ccc(NNc2ccc(C(=O)[O-])c(F)c2)cc1F,O=C([O-])C1=CC=C(O)NNc2ccc(C(=O)[O-])c(O)c2C=C1,0.456,0.402,YES,YES,4.3807,NO,NO,NO,NO,NO
GraphRAG,42,168,N#CNC#N,N#CNC#N,1.0,1.0,YES,YES,1.0067,YES,YES,YES,YES,YES
GraphRAG,42,169,O=C([O-])c1cc(C(=O)[O][Ag])c(C(=O)[O-])cc1C(=O)[O][Ag],O=C1C(=O)C(Cl)C(=O)C(=O)C1Cl,0.31,0.3,YES,YES,2.3824,NO,NO,NO,NO,NO
GraphRAG,42,170,O=C([O-])c1cccc(=O)[nH]1,O=C([O-])c1nc[nH]c1C(=O)[O-],0.486,0.327,YES,YES,1.0029,NO,NO,NO,NO,NO
GraphRAG,42,171,O=C([O-])c1ccc(C(=O)[O-])cc1,O=C([O-])c1ccc(C(=O)[O-])cc1INVALID,0.0,0.0,NO,NO,,NO,NO,NO,NO,NO
GraphRAG,42,172,O=C([O-])CCCC(=O)[O-],O=C([O-])CCCCC(=O)[O-],0.929,0.687,YES,NO,0.2978,YES,YES,YES,YES,YES
GraphRAG,42,173,COC1CCc2nccc(-c3ccncc3)c2C1OC,O=C([O-])c1cc(F)c(C(=O)[O-])cc1F,0.174,0.289,YES,YES,1.0905,NO,NO,NO,NO,NO
GraphRAG,42,174,O=C([O-])c1ccc(C(=O)[O-])o1,O=C([O-])c1ccc(C(=O)[O-])o1,1.0,1.0,YES,YES,1.08,YES,YES,YES,YES,YES
GraphRAG,42,175,[CH]1C=CC=C1,c1cn(CCCCn2ccnc2)cn1,0.074,0.0,YES,YES,1.564,NO,NO,NO,NO,NO
GraphRAG,42,176,c1ccc(C2=NNC(c3ccccn3)=NN2)nc1,c1ccc2c(c1)nnn2CCCCCn1nnc2ccccc21,0.435,0.0,YES,NO,1.4533,NO,NO,NO,NO,NO
GraphRAG,42,177,O=[N+]([O-])C12CN3CN(CN(C3)C1)C2,O=C1C(=O)C(Nc2nnn[nH]2)C1=O,0.288,0.119,YES,YES,1.2876,NO,NO,NO,NO,NO
GraphRAG,42,178,c1cc(-c2nnn[nH]2)ccc1-c1nn[nH]n1,c1ccc2c(c1)nnn2Cn1ccnc1,0.553,0.358,YES,NO,1.7284,YES,NO,NO,NO,NO
GraphRAG,42,179,Cc1c(C)c(-c2ccncc2)c(C)c(C)c1B(c1c(C)c(C)c(-c2ccncc2)c(C)c1C)c1c(C)c(C)c(-c2ccncc2)c(C)c1C,C1=Cc2nc1c(-c1ccncc1)c1ccc([nH]1)c(-c1ccncc1)c1nc(c(-c3ccncc3)c3ccc([nH]3)c2-c2ccncc2)C=C1,0.483,0.136,YES,YES,3.9405,NO,NO,NO,NO,NO
GraphRAG,42,180,O=C([O-])C(=O)[O-],O=C([O-])C(=O)[O-],1.0,1.0,YES,YES,0.4633,YES,YES,YES,YES,YES
GraphRAG,42,181,O=C([O-])CN(CC(=O)[O-])c1ccc(C(=O)[O-])cc1,O=C([O-])c1ccc(C(=O)[O-])cc1,0.444,0.5,YES,YES,1.4358,YES,NO,NO,NO,NO
GraphRAG,42,182,ON1[CH]C=CC=C1,c1cc(CCCCc2ccncc2)ccn1,0.182,0.0,YES,NO,1.4089,NO,NO,NO,NO,NO
GraphRAG,42,183,O=C([O-])C1OCOC2C(C(=O)[O-])OCOC12,CCOCCC#CC1C=NN=C1,0.167,0.099,YES,YES,3.039,NO,NO,NO,NO,NO
GraphRAG,42,184,O=C([O-])c1ccc(-c2ccc(-c3cc(-c4ccc(-c5ccc(C(=O)[O-])cc5)c(Cl)c4)cc(-c4ccc(-c5ccc(C(=O)[O-])cc5)c(Cl)c4)c3)cc2Cl)cc1,O=C([O-])c1c(Cl)c(Cl)c(-c2cc(-c3c(Cl)c(Cl)c(C(=O)[O-])c(Cl)c3Cl)cc(-c3c(Cl)c(Cl)c(C(=O)[O-])c(Cl)c3Cl)c2)c(Cl)c1Cl,1.0,0.0,YES,YES,2.4655,YES,YES,YES,YES,YES
GraphRAG,42,185,C1COCCO1,C1COCCO1,1.0,1.0,YES,YES,0.8387,YES,YES,YES,YES,YES
GraphRAG,42,186,O=C1NCCN1,O=C(O)c1c[nH]c(=O)[nH]c1=O,0.358,0.145,YES,YES,0.4387,NO,NO,NO,NO,NO
GraphRAG,42,187,CC(=O)C(Sc1ccncc1)C(C)=O,CC1=NNCCCC2CNN=C2C=N1INVALID,0.0,0.0,NO,NO,,NO,NO,NO,NO,NO
GraphRAG,42,188,O=C([O-])c1ccc2c3c(ccc(C(=O)[O-])c13)C(=O)N(c1ccncc1)C2=O,O=C([O-])c1nccnc1C(=O)[O-],0.477,0.129,YES,YES,1.9701,NO,NO,NO,NO,NO
GraphRAG,42,189,O=C([O-])C1=CC2=NN=NC2=C[CH]1,O=C([O-])C=NC=C1C2=CC=C(C(=O)[O-])C=CC1=C2,0.462,0.196,YES,YES,1.4335,NO,NO,NO,NO,NO
GraphRAG,42,190,S=c1[nH]c2ccccc2[nH]1,N=CC=CC(=NCC1=CC=C1)c1ccc(-c2nnn[nH]2)s1,0.375,0.0,YES,YES,1.8099,NO,NO,NO,NO,NO
GraphRAG,42,191,O=C([O-])C1=C[CH]N(Cc2cc(C(=O)[O-])cc(C(=O)[O-])c2)C=C1,O=C([O-])c1ccc(Oc2cccc(C(=O)[O-])c2C(=O)[O-])cc1INVALID,0.0,0.0,NO,NO,,NO,NO,NO,NO,NO
GraphRAG,42,192,O=C([O-])C1=C[CH]N(CCCN2[CH]C=C(C(=O)[O-])C=C2)C=C1,O=C([O-])c1ccccc1F,0.19,0.169,YES,NO,1.4137,NO,NO,NO,NO,NO
GraphRAG,42,193,Oc1ccc(S)cc1,Nc1ccc(C(=O)NO)cc1,0.167,0.545,YES,NO,1.0086,YES,NO,NO,NO,NO
GraphRAG,42,194,C1CCOC1,C1COCCO1,0.619,0.0,YES,YES,1.5382,YES,YES,NO,NO,NO
GraphRAG,42,195,O=C([O-])c1ccc(N(c2ccc(C(=O)[O-])cc2)c2ccc(-c3ccncc3)cc2)cc1,O=C([O-])c1ccc(NNc2ccc(C(=O)[O-])c(C(=O)O)c2)cc1INVALID,0.0,0.0,NO,NO,,NO,NO,NO,NO,NO
GraphRAG,42,196,NCc1cccnc1,N#Cc1cnccn1,0.476,0.2,YES,NO,0.4784,NO,NO,NO,NO,NO
GraphRAG,42,197,C#N,C#NINVALID,0.0,0.0,NO,NO,,NO,NO,NO,NO,NO
GraphRAG,42,198,O=C1c2ccccc2C(=O)c2c(O)ccc(O)c21,O=C1c2ccc3c4c(ccc(c24)C(=O)N1Cc1ccncc1)C(=O)N(Cc1ccncc1)C3=O,0.372,0.289,YES,NO,1.9583,NO,NO,NO,NO,NO
GraphRAG,42,199,O=C([O-])c1ccc(C#Cc2ccc(C(=O)[O-])cc2F)c(F)c1,O=C([O-])c1ccc(C#Cc2ccc(C(=O)[O-])c(Cl)c2)cc1Cl,0.909,0.911,YES,YES,4.334,YES,YES,YES,YES,YES
GraphRAG,42,200,O=C([O-])CCN(CCC(=O)[O-])CCC(=O)[O-],O=C([O-])CC(O)C(=O)[O-],0.355,0.294,YES,NO,2.6768,NO,NO,NO,NO,NO
GraphRAG,42,201,On1nnnc1-c1nnnn1O,O=c1[nH]nnn1-c1nnn[nH]1,0.686,0.404,YES,YES,1.575,YES,YES,NO,NO,NO
GraphRAG,42,202,O=C([O-])c1ccc(C2=C3C=CC4=[N]3->[Fe]35<-[N]6=C(C=CC6=C(c6ccc(C(=O)[O-])cc6)c6ccc2[n]63)C(c2ccc(C(=O)[O-])cc2)=c2ccc([n]25)=C4c2ccc(C(=O)[O-])cc2)cc1,O=C([O-])c1ccc(-c2c3nc(c(-c4ccc(C(=O)[O-])cc4)c4ccc([nH]4)c(-c4ccc(C(=O)[O-])cc4)c4nc(c(-c5ccc(C(=O)[O-])cc5)c5ccc2[nH]5)C=C4)C=C3)cc1,0.549,0.154,YES,YES,1.7426,YES,NO,NO,NO,NO
GraphRAG,42,203,O=C([O-])c1ccc(C(=O)[O-])s1,O=C([O-])c1ccc(C(=O)[O-])s1INVALID,0.0,0.0,NO,NO,,NO,NO,NO,NO,NO
GraphRAG,42,204,FC12C3C4N1C1C2N3C41F,OC12C3N4C5(O)C(N1C35Br)C42Br,0.59,0.7,YES,YES,2.1821,YES,YES,YES,NO,NO
GraphRAG,42,205,CNc1nc(NC)c(NC)c(C#Cc2c(NC)c(NC)nc(NC)c2NC)c1NC,Cc1cncc(C)c1C#CC1=CC=C(C#Cc2ccnc(C)c2C)C=CC1,0.543,0.296,YES,YES,3.0182,YES,NO,NO,NO,NO
GraphRAG,42,206,O=C([O-])c1cc(O)c(C#Cc2c(O)cc(C(=O)[O-])cc2O)c(O)c1,O=C([O-])c1cc(F)c(C#Cc2c(F)cc(C(=O)[O-])cc2F)c(F)c1,0.586,0.836,YES,NO,6.6205,YES,YES,YES,NO,NO
GraphRAG,42,207,O=S(=O)(O)O,O=[PH](O)O,0.481,0.12,YES,YES,0.4715,NO,NO,NO,NO,NO
GraphRAG,42,208,O=C([O-])c1ccc(C(=O)[O-])c2cc(Cl)c(Cl)cc12,O=C([O-])c1c(Cl)c(Cl)c(C(=O)[O-])c2ccccc12,1.0,0.891,YES,NO,1.4355,YES,YES,YES,YES,YES
GraphRAG,42,209,O=C([O-])c1ccc(P(=O)(O)O)cc1,O=C([O-])c1ccc(P(=O)(O)O)cc1,1.0,1.0,YES,YES,1.3266,YES,YES,YES,YES,YES
GraphRAG,42,210,O=C([O-])C=CC(=O)[O-],O=C([O-])CCCC(=O)[O-],0.643,0.417,YES,YES,1.2563,YES,YES,NO,NO,NO
GraphRAG,42,211,O=C([O-])CC(=O)[O-],O=C([O-])CCC(=O)[O-],0.786,0.604,YES,YES,0.4013,YES,YES,YES,NO,NO
GraphRAG,42,212,O=C([O-])COc1ccc(OCC(=O)[O-])cc1,O=C([O-])COc1ccc(OCC(=O)[O-])cc1,1.0,1.0,YES,YES,1.1962,YES,YES,YES,YES,YES
GraphRAG,42,213,N#CC1CC2(C#CC(=O)[O-])CCC1(C#CC(=O)[O-])CC2,CNC1CC2(C#CC(=O)[O-])CCC1(C#CC(=O)[O-])CC2,0.629,0.902,YES,YES,3.4845,YES,YES,YES,YES,YES
GraphRAG,42,214,O=C([O-])c1nnn[nH]1,O=C([O-])c1nnn[nH]1,1.0,1.0,YES,YES,2.7524,YES,YES,YES,YES,YES
GraphRAG,42,215,O=C([O-])c1cc(Cl)c(C(=O)[O-])c2c1CC2,O=C([O-])c1cc(O)c(C(=O)[O-])c2c1CC2,0.633,0.935,YES,NO,3.544,YES,YES,YES,YES,YES
GraphRAG,42,216,O=C([O-])c1c(Br)c(Br)c(C(=O)[O-])c(Br)c1Br,O=C([O-])c1c(Cl)c(Cl)c(C(=O)[O-])c(Cl)c1Cl,0.895,0.75,YES,YES,2.2864,YES,YES,YES,YES,NO
GraphRAG,42,217,O=C([O-])c1ccc(C(=O)[O-])c(C(=O)[O-])c1,O=C([O-])c1cc(C(=O)[O-])cc(C(=O)[O-])c1,0.857,0.8,YES,NO,1.4525,YES,YES,YES,YES,NO
GraphRAG,42,218,CC1Cc2c(C(=O)[O-])ccc(C(=O)[O-])c21,CC1Cc2c(C(=O)[O-])ccc(C(=O)[O-])c21INVALID,0.0,0.0,NO,NO,,NO,NO,NO,NO,NO
GraphRAG,42,219,O=C([O-])c1ccc(-c2ccc(C(=O)[O-])cc2F)c(F)c1,O=C([O-])c1c(F)c(F)c(C(=O)[O-])c2c(F)c(F)c(F)c(F)c12,0.87,0.447,YES,YES,3.5261,YES,YES,YES,YES,NO
GraphRAG,42,220,O=C([O-])c1cncc(C(=O)[O-])c1,O=C([O-])c1cccc(C(=O)[O-])c1,0.667,0.3,YES,NO,0.5164,YES,YES,NO,NO,NO
GraphRAG,42,221,O=C([O-])c1ccc(-c2cc(-c3ccc(C(=O)[O-])cc3)c(C(=O)[O-])cc2C(=O)[O-])cc1,O=C([O-])c1ccc(-c2ccc(C(=O)[O-])c(Br)c2)cc1,0.81,0.598,YES,YES,2.2319,YES,YES,YES,NO,NO
GraphRAG,42,222,Nc1nnc[nH]1,c1nncn1NNn1cnnc1,0.618,0.404,YES,NO,3.6013,YES,YES,NO,NO,NO
GraphRAG,42,223,O=C([O-])C#CC#CC(=O)[O-],O=C([O-])C#CC(=O)[O-],1.0,0.582,YES,NO,0.582,YES,YES,YES,YES,YES
GraphRAG,42,224,Nc1ccccc1C(=O)[O-],O=C([O-])c1ccccn1,0.458,0.36,YES,YES,0.6555,NO,NO,NO,NO,NO
GraphRAG,42,225,O=C([O-])c1cc(C(=O)[O-])cc(-n2cnnc2)c1,O=C([O-])c1cccnc1C(=O)[O-],0.415,0.208,YES,YES,0.2645,NO,NO,NO,NO,NO
GraphRAG,42,226,O=CC1c2c(C(=O)[O-])ccc(C(=O)[O-])c2C1O,COc1cc(C(=O)[O-])c2c(c1C(=O)[O-])CC2INVALID,0.0,0.0,NO,NO,,NO,NO,NO,NO,NO
GraphRAG,42,227,O=C([O-])c1ccc2cc(C(=O)[O-])ccc2c1,O=C([O-])c1ccc(-c2ccc(C(=O)[O-])cc2)cc1INVALID,0.0,0.0,NO,NO,,NO,NO,NO,NO,NO
GraphRAG,42,228,O=C([O-])c1ccc(OCC(COc2ccc(C(=O)[O-])cc2)(COc2ccc(C(=O)[O-])cc2)COc2ccc(C(=O)[O-])cc2)cc1,O=C([O-])c1ccc(OCC(COCC(COc2ccc(C(=O)[O-])cc2)(COc2ccc(C(=O)[O-])cc2)COc2ccc(C(=O)[O-])cc2)(COc2ccc(C(=O)[O-])cc2)COc2ccc(C(=O)[O-])cc2)cc1,0.929,0.504,YES,NO,1.4495,YES,YES,YES,YES,YES
GraphRAG,42,229,O=C([O-])c1cc(C(=O)[O-])cc(-c2ccc3cc(C(=O)[O-])ccc3c2)c1,O=C([O-])c1cccccc(-c2ccccc2)c(C(=O)[O-])ccccc(-c2ccccc2)c1,0.842,0.214,YES,YES,0.7663,YES,YES,YES,NO,NO
GraphRAG,42,230,CCCOc1cc(C(=O)[O-])c(Br)c(Br)c1C(=O)[O-],O=C([O-])c1ccc(-c2cc(-c3ccncc3)cc(-c3ccc(C(=O)[O-])cc3)n2)cc1,0.273,0.289,YES,YES,0.7008,NO,NO,NO,NO,NO
GraphRAG,42,231,O=C([O-])c1ccc(C(=O)O)c(-c2nc(C(=O)[O-])ccc2C(=O)O)n1,O=C([O-])c1cc(Cc2cc(C(=O)[O-])cc(C(=O)O)c2)cc(C(=O)[O-])c1,0.484,0.142,YES,NO,3.4786,NO,NO,NO,NO,NO
GraphRAG,42,232,O=C([O-])c1cc2nc[nH]c2cc1C(=O)[O-],O=C([O-])c1cccnc1-c1ncccc1C(=O)O,0.676,0.196,YES,YES,1.7506,YES,YES,NO,NO,NO
GraphRAG,42,233,O=C([O-])C1=NC=NC1C(=O)[O-],O=C([O-])c1nn[nH]c1C(=O)[O-],0.622,0.327,YES,YES,2.5059,YES,YES,NO,NO,NO
GraphRAG,42,234,[CH]1C=NN=N1,[CH]1C=NN=N1,1.0,1.0,YES,YES,6.5835,YES,YES,YES,YES,YES
GraphRAG,42,235,c1cnccn1,c1cnccn1,1.0,1.0,YES,YES,1.0264,YES,YES,YES,YES,YES
GraphRAG,42,236,C(C#Cc1cc(C#CC#CC2C=NN=C2)cc(C#CC#CC2C=NN=C2)c1)#CC1=CN=N[CH]1,C(C=CN(C=CC=Cc1cn[nH]c1)C=CC=CC1C=NN=C1)=Cc1cn[nH]c1,0.613,0.176,YES,YES,1.2011,YES,YES,NO,NO,NO
GraphRAG,42,237,Nc1nnc(C(=O)[O-])[nH]1,Oc1cc(Cl)c(Cl)c(Cl)c1-c1c(Cl)c(Cl)nc(Cl)c1Cl,0.176,0.03,YES,YES,2.5276,NO,NO,NO,NO,NO
GraphRAG,42,238,COc1ccc(-c2coc3cc(O)c(OC)c(O)c3c2=O)cc1S(O)(O)O,OS(O)(O)C=CC=Cc1nc(-c2ccncc2)ccc1N=CC1=CC(=CS(O)(O)O)C=C1,0.485,0.11,YES,YES,1.1722,NO,NO,NO,NO,NO
GraphRAG,42,239,O=C([O-])c1cc(C(=O)[O-])cc(-c2cccnc2)c1,O=C([O-])c1cccc(-c2ccncc2)c1,0.85,0.544,YES,YES,1.5737,YES,YES,YES,YES,NO
GraphRAG,42,240,O=C([O-])c1cccc(Cl)c1C(=O)[O-],O=C([O-])c1ccc(C(=O)[O-])c(C(=O)c2ccccc2C(=O)[O-])c1,0.667,0.47,YES,YES,2.0055,YES,YES,NO,NO,NO
GraphRAG,42,241,O=C([O-])CCn1c(=O)n(CCC(=O)[O-])c(=O)n(CCC(=O)[O-])c1=O,O=C([O-])C1=CC2SC(C(=O)[O-])SC2=N1,0.262,0.108,YES,YES,1.2943,NO,NO,NO,NO,NO
GraphRAG,42,242,O=C([O-])c1cccc(S(O)(O)O)c1,O=P(O)(O)c1ccc(P(=O)(O)O)cc1,0.514,0.429,YES,YES,1.501,YES,NO,NO,NO,NO
GraphRAG,42,243,CC=CC(=O)[O-],O=C([O-])CCCC(=O)[O-],0.4,0.417,YES,YES,1.482,NO,NO,NO,NO,NO
GraphRAG,42,244,O=C([O-])c1ccc(C(c2ccc(C(=O)[O-])cc2)(C(F)(F)F)C(F)(F)F)cc1,O=C([O-])c1ccc(N(c2ccc(C(=O)[O-])c(Cl)c2)c2ccc(C(=O)O)c(Cl)c2)cc1Cl,0.485,0.283,YES,YES,1.0491,NO,NO,NO,NO,NO
GraphRAG,42,245,Nc1c(O)c(C2=NNC(c3c(N)c(O)c(C(=O)[O-])c(N)c3O)=NN2)c(N)c(O)c1C(=O)[O-],O=C([O-])c1ccc(NNc2cc(Cl)c(C(=O)[O-])c(Cl)c2)c(Cl)c1Cl,0.5,0.275,YES,NO,2.5328,YES,NO,NO,NO,NO
GraphRAG,42,246,O=C([O-])c1cc(NCc2ccncc2)cc(C(=O)[O-])c1,O=C([O-])c1cc(NCc2ccncc2)cc(C(=O)[O-])c1,1.0,1.0,YES,YES,0.885,YES,YES,YES,YES,YES
GraphRAG,42,247,O=CC(C(=O)[O-])=C(Br)C=CC(=O)[O-],O=C([O-])c1c(Br)c(Br)c(C(=O)[O-])c(Br)c1Br,0.545,0.162,YES,YES,0.4861,YES,NO,NO,NO,NO
GraphRAG,42,248,O=C([O-])c1ccc(Oc2ccc(C(=O)[O-])cc2)cc1,O=C([O-])c1ccc(Oc2ccc(C(=O)[O-])cc2)cc1INVALID,0.0,0.0,NO,NO,,NO,NO,NO,NO,NO
GraphRAG,42,249,Cc1c(CSc2ccncc2)c(C)c(CSc2ccncc2)c(C)c1CSc1ccncc1,c1cc(-c2nnc(-c3ccncc3)o2)ccn1,0.3,0.176,YES,YES,1.2587,NO,NO,NO,NO,NO
GraphRAG,42,250,O=S(=O)(Nc1cccnc1)c1cccnc1,O=C(Nc1cccnc1)c1cccnc1,0.458,0.427,YES,YES,0.8374,NO,NO,NO,NO,NO
GraphRAG,42,251,Clc1cnccn1,Fc1cnccn1,0.882,0.857,YES,NO,1.5134,YES,YES,YES,YES,NO
GraphRAG,42,252,Nc1cnccn1,c1cnccn1,0.579,0.857,YES,YES,0.7596,YES,YES,YES,YES,NO
GraphRAG,42,253,Cc1nnc(C)[nH]1,c1cn(CCOCCn2ccnc2)cn1,0.279,0.04,YES,NO,2.5243,NO,NO,NO,NO,NO
GraphRAG,42,254,CC(O)C(=O)[O-],CC(O)C(=O)[O-],1.0,1.0,YES,YES,2.3295,YES,YES,YES,YES,YES
GraphRAG,42,255,C(=Nn1cnnc1)c1ccccn1,c1cc(-c2ccncc2)ccn1,0.367,0.448,YES,YES,1.6019,NO,NO,NO,NO,NO
GraphRAG,42,256,O=C([O-])C=CC(Br)=CC(=O)[O-],O=C([O-])C=CC(Br)=CC(=O)[O-],1.0,1.0,YES,YES,1.9163,YES,YES,YES,YES,YES
GraphRAG,42,257,O=C([O-])CCP(=O)(O)c1ccccc1,CCCOC([O-])=CC=C(CC=O)OCCC,0.317,0.23,YES,YES,1.0941,NO,NO,NO,NO,NO
GraphRAG,42,258,O=Cc1cncc2c(C=O)cncc12,CNc1c2ccc(C3=CN=N[CH]3)c1-c1cc(-c3cn[nH]c3)ccc1NN2,0.277,0.023,YES,YES,1.6732,NO,NO,NO,NO,NO
GraphRAG,42,259,COc1ccc(-c2nc(C(=O)[O-])c(C(=O)[O-])[nH]2)cc1,O=C([O-])c1cc(C(=O)[O-])cc(-c2cncc(F)c2)c1,0.409,0.361,YES,YES,1.2707,NO,NO,NO,NO,NO
GraphRAG,42,260,O=C[O-],O=C[O-]INVALID,0.0,0.0,NO,NO,,NO,NO,NO,NO,NO
GraphRAG,42,261,N#Cc1ccccc1CSCc1ccccc1C#N,NCc1ccccn1,0.259,0.083,YES,NO,0.3428,NO,NO,NO,NO,NO
GraphRAG,42,262,Ic1nc2ccccc2[nH]1,C1Cc2nnc3c4c(nnc(c24)C1)CCC3,0.382,0.351,YES,NO,4.4268,NO,NO,NO,NO,NO
GraphRAG,42,263,c1ccc2c(c1)CSCc1ccc(cc1)CSCc1ccccc1OCCCO2,c1ccc2c(c1)CSCCOCCSCc1ccccc1OCCO2,0.862,0.199,YES,NO,1.4695,YES,YES,YES,YES,NO
GraphRAG,42,264,O=C([O-])c1cc(OCc2ccccc2C(=O)O)cc(C(=O)[O-])c1,O=C([O-])c1cc(OCc2ccccc2C(=O)[O-])cc(C(=O)O)c1INVALID,0.0,0.0,NO,NO,,NO,NO,NO,NO,NO
GraphRAG,42,265,NCc1ccncc1,Cc1nccn1CCCCn1ccnc1C,0.282,0.099,YES,YES,1.4274,NO,NO,NO,NO,NO
GraphRAG,42,266,c1ccc(-c2nnn[nH]2)nc1,c1cncc(-c2nnn[nH]2)c1,1.0,0.527,YES,YES,1.9308,YES,YES,YES,YES,YES
GraphRAG,42,267,O=C([O-])C(Cl)=C(Cl)C(=O)[O-],O=C([O-])C(Cl)=C(Cl)C(=O)[O-],1.0,1.0,YES,YES,0.5695,YES,YES,YES,YES,YES
GraphRAG,42,268,NC(CC(=O)[O-])C(=O)[O-],CC(C(=O)[O-])C(=O)[O-]INVALID,0.0,0.0,NO,NO,,NO,NO,NO,NO,NO
GraphRAG,42,269,O=C([O-])c1c(F)c(F)c(C(=O)[O-])c(F)c1F,O=C([O-])c1c(F)c(F)c(C(=O)[O-])c(F)c1F,1.0,1.0,YES,YES,1.2294,YES,YES,YES,YES,YES
GraphRAG,42,270,O=C([O-])c1c([N+](=O)[O-])c([N+](=O)[O-])c(C(=O)[O-])c2ccccc12,O=C([O-])c1c2c(c(C(=O)[O-])c([N+](=O)[O-])c1[N+](=O)[O-])CC2,0.878,0.804,YES,YES,5.0226,YES,YES,YES,YES,NO
GraphRAG,42,271,O=C([O-])Cc1ccc(CC(=O)[O-])cc1,O=C([O-])c1ccccc1C(=O)[O-]INVALID,0.0,0.0,NO,NO,,NO,NO,NO,NO,NO
GraphRAG,42,272,COc1cc(C(=O)[O-])cc(C(=O)[O-])c1,CCCc1cc(C(=O)[O-])cc(C(=O)[O-])c1,0.542,0.8,YES,YES,1.5272,YES,YES,YES,NO,NO
GraphRAG,42,273,O=C([O-])Cc1nnn[nH]1,O=C([O-])Cc1nnn[nH]1,1.0,1.0,YES,YES,1.7797,YES,YES,YES,YES,YES
GraphRAG,42,274,O=C([O-])c1ccnc(C(=O)[O-])c1,O=C([O-])c1cccnc1C(=O)[O-],0.864,0.75,YES,NO,0.6942,YES,YES,YES,YES,NO
GraphRAG,42,275,O=C([O-])c1ccc(-c2ccc(C(=O)[O-])cc2)cc1,O=C([O-])c1ccc(C(=O)[O-])cc1,0.8,0.489,YES,YES,0.6597,YES,YES,YES,NO,NO
GraphRAG,42,276,c1cn(CCCCn2ccnc2)cn1,c1cn(CCOCCn2ccnc2)cn1,0.765,0.455,YES,NO,1.2264,YES,YES,YES,NO,NO
GraphRAG,42,277,O=C([O-])C#CC(Cl)=C(Cl)C#CC(=O)[O-],O=C([O-])C#CC(=O)[O-],0.667,0.411,YES,NO,3.8162,YES,YES,NO,NO,NO
GraphRAG,42,278,O=C([O-])C=CCC(=O)[O-],O=C([O-])C=C(CC(=O)[O-])C(=O)O,0.75,0.741,YES,NO,2.4723,YES,YES,YES,NO,NO
GraphRAG,42,279,O=C([O-])c1cc(C(=O)[O-])cc(-c2cc(-c3cc(C(=O)[O-])cc(C(=O)[O-])c3)c3ccc4c(-c5cc(C(=O)[O-])cc(C(=O)[O-])c5)cc(-c5cc(C(=O)[O-])cc(C(=O)[O-])c5)c5ccc2c3c54)c1,O=C([O-])C12CCC(C(=O)[O-])(CC1)CC2,0.565,0.135,YES,NO,0.7595,YES,NO,NO,NO,NO
GraphRAG,42,280,O=C([O-])c1cc(C(=O)[O-])cc([N+](=O)[O-])c1,O=C([O-])c1cc(C(=O)[O-])cc([N+](=O)[O-])c1INVALID,0.0,0.0,NO,NO,,NO,NO,NO,NO,NO
GraphRAG,42,281,NC(=O)c1ccccc1OCC(=O)[O-],O=C([O-])Cc1ccccc1CC(=O)[O-],0.457,0.5,YES,YES,1.1339,YES,NO,NO,NO,NO
GraphRAG,42,282,C[Si](C)(c1ccncc1)c1ccncc1,CC=CC(C=CC1=CC=CC1)N(c1ccc(-c2ccncc2)cc1)c1ccc(-c2ccncc2)cc1,0.438,0.16,YES,YES,1.7359,NO,NO,NO,NO,NO
GraphRAG,42,283,O=C([O-])c1nn[nH]c1C(=O)[O-],O=C([O-])c1nn[nH]c1C(=O)[O-],1.0,1.0,YES,YES,3.8787,YES,YES,YES,YES,YES
GraphRAG,42,284,O=C([O-])c1cc2ccccc2c(Cc2c(O)c(C(=O)[O-])cc3ccccc23)c1O,O=C([O-])c1ccncc1C(=O)[O-],0.424,0.12,YES,NO,1.0862,NO,NO,NO,NO,NO
GraphRAG,42,285,O=C([O-])c1c(Cl)c(Cl)c(C(=O)[O-])c(Cl)c1Cl,O=C([O-])c1cc(Cl)c(Cl)cc1ClINVALID,0.0,0.0,NO,NO,,NO,NO,NO,NO,NO
GraphRAG,42,286,O=C([O-])c1cccnc1C(=O)[O-],O=C([O-])c1cccnc1C(=O)[O-]INVALID,0.0,0.0,NO,NO,,NO,NO,NO,NO,NO
GraphRAG,42,287,N#CS,N#CS,1.0,1.0,YES,YES,0.6677,YES,YES,YES,YES,YES
GraphRAG,42,288,O=C([O-])c1cc(O)cc(C(=O)[O-])c1,O=C([O-])c1ccc(C(=O)[O-])cc1INVALID,0.0,0.0,NO,NO,,NO,NO,NO,NO,NO
GraphRAG,42,289,O.OI,O.O.OIINVALID,0.0,0.0,NO,NO,,NO,NO,NO,NO,NO
GraphRAG,42,290,O=C([O-])c1cc(C(=O)[O-])cc(C(=O)O)c1,O=C([O-])c1cc(C(=O)[O-])cc(C(=O)O)c1,1.0,1.0,YES,YES,1.1984,YES,YES,YES,YES,YES
GraphRAG,42,291,O=C([O-])C=Cc1ccc(C(=O)[O-])cc1,O=C([O-])C=Cc1ccccc1,0.769,0.786,YES,NO,1.8851,YES,YES,YES,NO,NO
GraphRAG,42,292,O=C([O-])c1ccc(-c2ccc(C(=O)[O-])c([N+](=O)[O-])c2)cc1[N+](=O)[O-],O=C([O-])c1ccc(-c2ccc(C(=O)[O-])c([N+](=O)[O-])c2)cc1[N+](=O)[O-],1.0,1.0,YES,YES,5.3257,YES,YES,YES,YES,YES
GraphRAG,42,293,OS(O)(O)c1ccc2cc(S(O)(O)O)ccc2c1,OS(O)(O)c1cccc2c(S(O)(O)O)cccc12,1.0,0.979,YES,NO,1.2075,YES,YES,YES,YES,YES
GraphRAG,42,294,O=C([O-])CCCCCCCC(=O)[O-],O=C([O-])CCCCCCCC(=O)[O-],1.0,1.0,YES,YES,1.3356,YES,YES,YES,YES,YES
GraphRAG,42,295,[CH2]C(=O)c1ccccc1,O=C([O-])c1ccccc1,0.5,0.889,YES,YES,3.334,YES,YES,YES,YES,NO
GraphRAG,42,296,O=C([O-])c1ccccc1,O=C([O-])c1ccc(C(=O)[O-])cc1,0.75,0.75,YES,NO,1.2612,YES,YES,YES,NO,NO
GraphRAG,42,297,O=C(O)c1cc(S(O)(O)O)c2cc(C(=O)O)cc(S(O)(O)O)c2c1,O=C(O)c1ccc(S(=O)(=O)c2ccc(C(=O)O)cc2)cc1,0.744,0.369,YES,YES,0.9,YES,YES,YES,NO,NO
GraphRAG,42,298,O=C([O-])c1ccncc1,O=C([O-])c1cccnc1C(=O)[O-],0.636,0.5,YES,YES,0.6077,YES,YES,NO,NO,NO
GraphRAG,42,299,O=C([O-])c1cccnc1-c1ncccc1C(=O)[O-],O=C([O-])c1cccc(-n2ccc(=O)cc2)c1C(=O)[O-],0.632,0.309,YES,YES,1.6769,YES,YES,NO,NO,NO
GraphRAG,42,300,O=C([O-])c1ccccn1,O=C([O-])c1ccncc1,0.875,0.667,YES,YES,0.3147,YES,YES,YES,YES,NO
GraphRAG,42,301,O=C([O-])c1ccc(C#Cc2ccc(C(=O)[O-])c(Cl)c2)cc1Cl,O=C([O-])c1ccc(C#Cc2ccc(C(=O)[O-])cc2Cl)c(Cl)c1,1.0,0.911,YES,YES,2.9342,YES,YES,YES,YES,YES
GraphRAG,42,302,Fc1cnc(F)cn1,Fc1cncc(F)n1,1.0,0.875,YES,YES,0.5246,YES,YES,YES,YES,YES
GraphRAG,42,303,O=C([O-])c1cc(C(=O)[O-])cc(C(=O)[O-])c1,O=C([O-])c1cc(C(=O)[O-])cc(C(=O)[O-])c1,1.0,1.0,YES,YES,1.2667,YES,YES,YES,YES,YES
GraphRAG,42,304,O=C([O-])Cc1ccccc1CC(=O)[O-],O=C([O-])c1cccnc1C(=O)[O-],0.56,0.186,YES,YES,1.3838,YES,NO,NO,NO,NO
GraphRAG,42,305,O=C([O-])c1cc2ccc3cc(C(=O)[O-])cc4ccc(c1)c2c34,O=C([O-])c1ccc(C(=O)[O-])cc1,0.75,0.389,YES,YES,3.3683,YES,YES,YES,NO,NO
GraphRAG,42,306,NC1=N[CH]c2ncn(CC(=O)[O-])c2N1,O=C([O-])Cn1nnc2ccccc21,0.582,0.321,YES,NO,1.0431,YES,NO,NO,NO,NO
GraphRAG,42,307,O=C(O)c1ccc(-c2cc(C(=O)[O-])c(-c3ccc(C(=O)O)cc3)cc2C(=O)[O-])cc1,O=C([O-])c1ccc(C(=O)[O-])cc1,0.632,0.39,YES,YES,1.3232,YES,YES,NO,NO,NO
GraphRAG,42,308,O=C([O-])C(=O)O,O=C([O-])C(=O)O,1.0,1.0,YES,YES,0.5984,YES,YES,YES,YES,YES
GraphRAG,42,309,Nc1c(I)c(C(=O)[O-])c(I)c(C(=O)[O-])c1I,O=C([O-])c1c(I)c(I)c(C(=O)[O-])c(I)c1I,0.72,0.688,YES,NO,3.9544,YES,YES,YES,NO,NO
GraphRAG,42,310,OS(O)(O)c1cccc2c(S(O)(O)O)cccc12,OS(O)(O)c1cccc2c(S(O)(O)O)cccc12,1.0,1.0,YES,YES,1.2488,YES,YES,YES,YES,YES
GraphRAG,42,311,O=C([O-])c1cnccn1,O=C([O-])c1cccnc1C(=O)[O-],0.68,0.3,YES,YES,1.4866,YES,YES,NO,NO,NO
GraphRAG,42,312,O=C([O-])c1c(F)c(F)c(C#Cc2c(F)c(F)c(C(=O)[O-])c(F)c2F)c(F)c1F,O=C([O-])c1c(F)c(F)c(C#Cc2c(F)c(F)c(C(=O)[O-])c(F)c2F)c(F)c1F,1.0,1.0,YES,YES,5.9188,YES,YES,YES,YES,YES
GraphRAG,42,313,O=C([O-])c1ccc(Oc2cc(C(=O)[O-])cc(C(=O)[O-])c2)cc1,O=C([O-])c1ccc(Oc2cc(C(=O)[O-])cc(C(=O)[O-])c2)cc1,1.0,1.0,YES,YES,1.4098,YES,YES,YES,YES,YES
GraphRAG,42,314,N#CC(C#N)=c1c(=O)c(=C(C#N)C#N)c1=O,N#CC(C#N)=c1c(=O)c(=C(C#N)C#N)c1=O,1.0,1.0,YES,YES,1.5525,YES,YES,YES,YES,YES
GraphRAG,42,315,CC(=O)[O-],CC(=O)[O-],1.0,1.0,YES,YES,1.2521,YES,YES,YES,YES,YES
GraphRAG,42,316,O=C([O-])c1cc[n+]([O-])cc1,O=C([O-])c1cc[n+]([O-])cc1,1.0,1.0,YES,YES,0.4612,YES,YES,YES,YES,YES
GraphRAG,42,317,O=C([O-])c1cc(C(=O)[O-])cc(S(O)(O)O)c1,O=C([O-])c1cc(C(=O)[O-])cc(S(O)(O)O)c1,1.0,1.0,YES,YES,1.3412,YES,YES,YES,YES,YES
GraphRAG,42,318,O=C([O-])C1C(C(=O)[O-])C(C(=O)[O-])C(C(=O)[O-])C(C(=O)[O-])C1C(=O)[O-],O=C([O-])C1C(C(=O)[O-])C(C(=O)[O-])C1C(=O)[O-],0.846,0.15,YES,NO,2.721,YES,YES,YES,NO,NO
GraphRAG,42,319,O=C(O)CC(O)(CC(=O)O)C(=O)[O-],O=C([O-])CC(O)(CC(=O)[O-])C(=O)[O-],0.857,1.0,YES,NO,1.7925,YES,YES,YES,YES,YES
GraphRAG,42,320,O=C([O-])c1cc(S(=O)(=O)c2ccc(C(=O)[O-])c(C(=O)O)c2)ccc1C(=O)O,O=C([O-])c1cc(C(=O)[O-])cc(C(=O)O)c1,0.382,0.329,YES,YES,1.0498,NO,NO,NO,NO,NO
GraphRAG,42,321,c1nc[nH]n1,c1cn[nH]n1,0.9,0.0,YES,YES,2.4084,YES,YES,YES,YES,YES
GraphRAG,42,322,C1CCSC1,c1nnn[nH]1,0.143,0.0,YES,YES,0.7991,NO,NO,NO,NO,NO
GraphRAG,42,323,O=C([O-])c1cc([N+](=O)[O-])c2c([N+](=O)[O-])c(C(=O)[O-])cc([N+](=O)[O-])c2c1[N+](=O)[O-],O=C([O-])c1c([N+](=O)[O-])c([N+](=O)[O-])c(C(=O)[O-])c2cc([N+](=O)[O-])c([N+](=O)[O-])cc12,0.949,0.669,YES,YES,0.9864,YES,YES,YES,YES,YES
GraphRAG,42,324,O=C1C(=O)C(Cl)C(=O)C(=O)C1Cl,O=C1C(=O)C(Cl)C(=O)C(=O)C1ClINVALID,0.0,0.0,NO,NO,,NO,NO,NO,NO,NO
GraphRAG,42,325,O=C([O-])c1cc(N2[CH]N=CN2)cc(N2[CH]N=CN2)c1,O=C([O-])c1cc(N2[CH]N=CN2)cc(N2[CH]N=CN2)c1,1.0,1.0,YES,YES,1.6729,YES,YES,YES,YES,YES
GraphRAG,42,326,C1CNCCN1,C1CNCCN1,1.0,1.0,YES,YES,0.8306,YES,YES,YES,YES,YES
GraphRAG,42,327,O=C([O-])c1c(F)c(F)c(C(=O)[O-])c2cc(F)c(F)cc12,O=C([O-])c1c(F)c(F)c(C(=O)[O-])c2ccccc12,1.0,0.902,YES,NO,0.7132,YES,YES,YES,YES,YES
GraphRAG,42,328,O=C1C([N+](=O)[O-])=CC([N+](=O)[O-])C(O)=C1[N+](=O)[O-],O=C1C([N+](=O)[O-])=C[N+]([O-])C=C1[N+](=O)[O-],0.8,0.212,YES,YES,1.2903,YES,YES,YES,NO,NO
GraphRAG,42,329,O=C([O-])c1ccc(C(=O)[O-])c2ccccc12,O=C([O-])c1ccc(C(=O)[O-])cc1INVALID,0.0,0.0,NO,NO,,NO,NO,NO,NO,NO
GraphRAG,42,330,c1nnnn1CCn1cnnn1,O=C(O)c1cncnc1,0.25,0.05,YES,YES,1.3959,NO,NO,NO,NO,NO
GraphRAG,42,331,O=C([O-])c1cc([N+](=O)[O-])c(C(=O)[O-])cc1[N+](=O)[O-],O=C([O-])c1ccc([N+](=O)[O-])cc1,0.879,0.5,YES,YES,0.8911,YES,YES,YES,YES,NO
GraphRAG,42,332,O=C([O-])c1ccccc1C(=O)[O-],O=C([O-])c1ccc(C(=O)[O-])cc1,0.857,0.75,YES,YES,0.7234,YES,YES,YES,YES,NO
GraphRAG,42,333,CCCn1cnc2c1NC=NC2Cl,CCN1C(=O)[CH]C(=O)N(CC)C1=S,0.323,0.196,YES,NO,2.9455,NO,NO,NO,NO,NO
GraphRAG,42,334,O=C([O-])CCN1[CH]C=C(C2=C[CH]N(CCC(=O)[O-])C=C2)C=C1,O=C([O-])c1ccc(Cl)cc1,0.19,0.117,YES,NO,1.2343,NO,NO,NO,NO,NO
GraphRAG,42,335,O=C([O-])c1cc(C(=O)[O-])cc(-c2cc(C(=O)[O-])cc(C(=O)[O-])c2)c1,O=C([O-])c1ccc(C(=O)[O-])cc1,0.8,0.369,YES,NO,1.7811,YES,YES,YES,NO,NO
GraphRAG,42,336,O=C([O-])C=Cc1ccncc1,O=C([O-])C=Cc1ccncc1,1.0,1.0,YES,YES,2.5308,YES,YES,YES,YES,YES
GraphRAG,42,337,O=C([O-])c1ccc(C#Cc2ccc(C(=O)[O-])cc2)cc1,O=C([O-])c1ccc(-c2ccc(C(=O)[O-])cc2)cc1INVALID,0.0,0.0,NO,NO,,NO,NO,NO,NO,NO
GraphRAG,42,338,C(c1nnn[nH]1)c1nnn[nH]1,O=C(O)CC(O)C(=O)O.O=C([O-])COC(O)C(O)C(O)C(=O)O,0.047,0.027,YES,YES,0.4549,NO,NO,NO,NO,NO
GraphRAG,42,339,O=C([O-])c1cc(O)c(C(=O)[O-])cc1O,O=C([O-])c1cc(O)c(C(=O)[O-])cc1OINVALID,0.0,0.0,NO,NO,,NO,NO,NO,NO,NO
GraphRAG,42,340,CCc1c(C#N)c(CC)c(CC)c(C#N)c1CC,CCCOC=C1OCC(C)C(OCCC)=CC(C(=O)[O-])=C(OCCC)C(OCCC)=CC1OCCC,0.209,0.044,YES,YES,1.9245,NO,NO,NO,NO,NO
GraphRAG,42,341,O=C([O-])c1cncc(O)c1,O=C([O-])c1cc(O)cc(C(=O)[O-])n1,0.88,0.462,YES,NO,0.8391,YES,YES,YES,YES,NO
GraphRAG,42,342,O=C([O-])c1cccc(C(=O)[O-])n1,O=C([O-])c1cccnc1C(=O)[O-],0.864,0.75,YES,YES,0.6173,YES,YES,YES,YES,NO
GraphRAG,42,343,O=C([O-])c1cncc(-c2ccccc2C(=O)[O-])c1,O=C([O-])c1cncc(-c2ccccc2C(=O)[O-])c1INVALID,0.0,0.0,NO,NO,,NO,NO,NO,NO,NO
GraphRAG,42,344,Cc1cc(C#Cc2cc(C)c(C(=O)[O-])c(C)c2)cc(C)c1C(=O)[O-],Nc1cc(C=Cc2cc(N)c(C(=O)[O-])c(N)c2)cc(N)c1C(=O)[O-],0.485,0.41,YES,NO,6.7134,NO,NO,NO,NO,NO
GraphRAG,42,345,c1cn(Cc2cc(Cn3ccnc3)c(Cn3ccnc3)cc2Cn2ccnc2)cn1,c1cc(Cn2ccnc2)cc(Cn2ccnc2)c1INVALID,0.0,0.0,NO,NO,,NO,NO,NO,NO,NO
GraphRAG,42,346,Nc1cc(C(=O)[O-])ccc1-c1ccc(C(=O)[O-])cc1N,O=C([O-])c1ccccc1O,0.375,0.441,YES,NO,6.1628,NO,NO,NO,NO,NO
GraphRAG,42,347,O=C([O-])c1ccc(-c2ccc(C(=O)[O-])cc2O)c(O)c1,O=C([O-])c1ccc(-c2ccc(C(=O)[O-])cc2O)c(O)c1INVALID,0.0,0.0,NO,NO,,NO,NO,NO,NO,NO
GraphRAG,42,348,O=C([O-])c1nccnc1C(=O)[O-],O=C([O-])c1nccnc1C(=O)[O-]INVALID,0.0,0.0,NO,NO,,NO,NO,NO,NO,NO
GraphRAG,42,349,COc1cc(C(=O)[O-])ccc1C#Cc1cc(OC)c(C(=O)[O-])cc1-c1ccccc1,CNc1cc(C(=O)[O-])ccc1C(=O)[O-],0.471,0.325,YES,YES,1.3598,NO,NO,NO,NO,NO
GraphRAG,42,350,O=C([O-])c1c(F)c(F)c(C(=O)[O-])c2c(F)c(F)c(F)c(F)c12,O=C([O-])c1c(F)c(F)c(C(=O)[O-])c2ccccc12INVALID,0.0,0.0,NO,NO,,NO,NO,NO,NO,NO
GraphRAG,42,351,O=C([O-])c1cnc(C(=O)[O-])cn1,O=C([O-])c1ccc(C(=O)[O-])o1,0.429,0.3,YES,YES,1.2862,NO,NO,NO,NO,NO
GraphRAG,42,352,O=C([O-])c1ccc(Oc2cc(Oc3ccc(C(=O)[O-])cc3)cc(C(=O)[O-])c2)cc1,O=C([O-])c1ccc(Oc2cc(Oc3ccc(C(=O)[O-])cc3)cc(C(=O)[O-])c2)cc1INVALID,0.0,0.0,NO,NO,,NO,NO,NO,NO,NO
GraphRAG,42,353,O=C([O-])c1ccc(-c2cc(C(=O)[O-])cc(C(=O)[O-])c2)cc1,O=C([O-])c1ccc(-c2cc(C(=O)[O-])cc(C(=O)[O-])c2)cc1INVALID,0.0,0.0,NO,NO,,NO,NO,NO,NO,NO
GraphRAG,42,354,O=C([O-])c1cc(F)c(C(=O)[O-])cc1F,O=C([O-])c1cc(F)c(C(=O)[O-])cc1FINVALID,0.0,0.0,NO,NO,,NO,NO,NO,NO,NO
GraphRAG,42,355,[CH](NN[CH]c1ccncc1)c1ccncc1,c1cn(CCCCn2ccnc2)cn1,0.278,0.037,YES,YES,1.4521,NO,NO,NO,NO,NO
GraphRAG,42,356,O=C([O-])c1ccccc1C(=O)O,O=C([O-])c1ccccc1C(=O)OINVALID,0.0,0.0,NO,NO,,NO,NO,NO,NO,NO
GraphRAG,42,357,CC(CCC(=O)[O-])C(=O)[O-],CC(CCC(=O)[O-])C(=O)[O-]INVALID,0.0,0.0,NO,NO,,NO,NO,NO,NO,NO
GraphRAG,42,358,O=C([O-])c1cc(S(O)(O)O)c(C(=O)[O-])c2c1CC2,O=C([O-])c1ccc(C(c2ccc(C(=O)[O-])c(C(=O)[O-])c2)(C(F)(F)F)C(F)(F)F)cc1C(=O)[O-],0.34,0.299,YES,NO,3.6475,NO,NO,NO,NO,NO
GraphRAG,42,359,CNC1(F)CC2(C#CC(=O)[O-])CCC1(C#CC(=O)[O-])CC2,CCC1CC2(C#CC(=O)[O-])CCC1(C#CC(=O)[O-])CC2OINVALID,0.0,0.0,NO,NO,,NO,NO,NO,NO,NO
GraphRAG,42,360,Cc1nccn1Cc1ccncc1,c1cc(-c2nnc(-c3ccncc3)[nH]2)ccn1,0.472,0.338,YES,YES,1.5789,NO,NO,NO,NO,NO
GraphRAG,42,361,c1cn(Cc2ccc(Cn3ccnc3)cc2)cn1,O=C(c1ccncc1)c1cccnc1,0.345,0.087,YES,NO,1.1741,NO,NO,NO,NO,NO
GraphRAG,42,362,c1cncnc1,c1cncnc1INVALID,0.0,0.0,NO,NO,,NO,NO,NO,NO,NO
GraphRAG,42,363,CCC12C3C4(C(=O)[O-])C5(CC)C(C1(C(=O)[O-])C35[N+](=O)[O-])C24[N+](=O)[O-],O=C([O-])C1C(I)CC2(C(=O)[O-])CC1CC2I,0.312,0.471,YES,YES,1.4292,NO,NO,NO,NO,NO
GraphRAG,42,364,O=C([O-])CN(CC(=O)[O-])CC(=O)[O-],O=C([O-])CCC(=O)[O-],0.478,0.285,YES,YES,1.2689,NO,NO,NO,NO,NO
GraphRAG,42,365,c1cn(-c2ccc(NNc3ccc(-n4ccnc4)cc3)cc2)cn1,c1cc(-c2ccc(-c3ccnnc3)cc2)cnn1,0.455,0.239,YES,YES,1.8752,NO,NO,NO,NO,NO
GraphRAG,42,366,Nc1cc(C#Cc2cc(N)c(C(=O)[O-])c(N)c2)cc(N)c1C(=O)[O-],O=C([O-])C1=CC=C2C=C(Br)C(=CC=C(CBr)C(=O)[O-])C2C=C1,0.256,0.148,YES,YES,6.7091,NO,NO,NO,NO,NO
GraphRAG,42,367,CCc1cc2c(cc(CC)c3ccc(C(=O)[O-])c(F)c32)c2cc(C(=O)[O-])ccc12,CC1C=C(C(=O)[O-])C(C(=O)O)=C(C(=O)[O-])C(C(=O)[O-])=C1CC(=O)O,0.371,0.12,YES,YES,1.1895,NO,NO,NO,NO,NO
GraphRAG,42,368,O=C(O)c1cccc(Oc2cccc(C(=O)O)c2C(=O)[O-])c1.O=C(O)c1cccc(Oc2cccc(C(=O)O)c2C(=O)[O-])c1,O=C([O-])c1ccc(Oc2ccc(C(=O)[O-])cc2)cc1,0.396,0.299,YES,NO,1.5506,NO,NO,NO,NO,NO
GraphRAG,42,369,O=C([O-])CN(CCN(CC(=O)[O-])CC(=O)[O-])CCN(CC(=O)O)CC(=O)O,O=C([O-])Cn1cnnn1,0.36,0.135,YES,NO,0.7104,NO,NO,NO,NO,NO
GraphRAG,42,370,c1ccc(SSc2ccccn2)nc1,c1cnc(SCSc2ncccn2)nc1INVALID,0.0,0.0,NO,NO,,NO,NO,NO,NO,NO
GraphRAG,42,371,Nc1ccc(C=Cc2ccc(N)cc2S(O)(O)O)c(S(O)(O)O)c1,O=P(O)(O)c1ccc(-c2ccc(P(=O)(O)O)cc2)cc1,0.444,0.246,YES,YES,0.5329,NO,NO,NO,NO,NO
GraphRAG,42,372,O=C([O-])c1cc(C(=O)[O-])c(C(=O)O)cc1C(=O)O,O=C([O-])c1cc(C(=O)[O-])c(C(=O)O)cc1C(=O)OINVALID,0.0,0.0,NO,NO,,NO,NO,NO,NO,NO
GraphRAG,42,373,O=C(Nc1cccnc1)c1ccc(C(=O)Nc2cccnc2)s1,O=C([O-])c1cc(S(O)(O)O)cc(S(O)(O)O)c1,0.164,0.11,YES,YES,1.9557,NO,NO,NO,NO,NO
GraphRAG,42,374,NC1=N[CH]NN1,Cn1nn[nH]c1=S,0.413,0.0,YES,YES,3.3063,NO,NO,NO,NO,NO
GraphRAG,42,375,O=C([O-])c1cc(C(=O)O)c(C(=O)[O-])cc1C(=O)O,O=C([O-])c1ccc(C(=O)[O-])cc1INVALID,0.0,0.0,NO,NO,,NO,NO,NO,NO,NO
GraphRAG,42,376,O=[N+]([O-])c1cncc([N+](=O)[O-])c1C#Cc1c([N+](=O)[O-])cncc1[N+](=O)[O-],O=[N+]([O-])c1cncc([N+](=O)[O-])c1C#Cc1c([N+](=O)[O-])cncc1[N+](=O)[O-]INVALID,0.0,0.0,NO,NO,,NO,NO,NO,NO,NO
GraphRAG,42,377,O=C([O-])C(O)=C(O)C(=O)[O-],O=C([O-])C(O)=C(O)C(=O)[O-]INVALID,0.0,0.0,NO,NO,,NO,NO,NO,NO,NO
GraphRAG,42,378,C(#C[Si](C#Cc1cn[nH]c1)(C#CC1C=NN=C1)C#CC1C=NN=C1)C1=CN=N[CH]1,C(#C[Si](C#Cc1cn[nH]c1)(C#CC1C=NN=C1)C#CC1C=NN=C1)C1=CN=N[CH]1INVALID,0.0,0.0,NO,NO,,NO,NO,NO,NO,NO
GraphRAG,42,379,O=C([O-])CN1[CH]C=C(c2nnn[nH]2)C=C1,O=C([O-])c1cccc(C(=O)O)n1,0.327,0.17,YES,NO,2.1536,NO,NO,NO,NO,NO
GraphRAG,42,380,Nc1ccccc1S,c1ccc(SCSc2ccccn2)nc1,0.3,0.04,YES,NO,0.4346,NO,NO,NO,NO,NO
GraphRAG,42,381,O=C([O-])c1nc(-c2ccc3ccccc3c2)[nH]c1C(=O)[O-],O=C([O-])c1cc(N2[CH]N=CN2)cc(N2[CH]N=CN2)c1,0.429,0.276,YES,YES,1.3488,NO,NO,NO,NO,NO
GraphRAG,42,382,O=C(O)c1ccc(-c2ccc(-c3ccc(C(=O)O)cc3C(=O)[O-])cc2)c(C(=O)[O-])c1,O=C(O)c1ccc(-c2ccc(-c3ccc(C(=O)O)cc3C(=O)[O-])cc2)c(C(=O)[O-])c1INVALID,0.0,0.0,NO,NO,,NO,NO,NO,NO,NO
GraphRAG,42,383,c1ccc(-c2cc(-c3ccncc3)nc(-c3ccncc3)c2)nc1,C=CC=CC=C1C=CC=C(c2ccncc2)C=NC=C2NC=C(N=C1)C(=CC)c1cnccc12,0.467,0.199,YES,YES,3.7653,NO,NO,NO,NO,NO
GraphRAG,42,384,CSc1nccs1,O=P(O)(O)Cc1ccncc1,0.179,0.055,YES,YES,1.5843,NO,NO,NO,NO,NO
GraphRAG,42,385,O=C([O-])C1CCC(C(=O)[O-])CC1,O=C([O-])C1CCC(C(=O)[O-])CC1INVALID,0.0,0.0,NO,NO,,NO,NO,NO,NO,NO
GraphRAG,42,386,c1c[nH]cn1,c1c[nH]cn1INVALID,0.0,0.0,NO,NO,,NO,NO,NO,NO,NO
GraphRAG,42,387,c1ccc(-c2nnc(-c3ccncc3)[nH]2)nc1,c1ccc(-c2nnc(-c3ccncc3)[nH]2)nc1INVALID,0.0,0.0,NO,NO,,NO,NO,NO,NO,NO
GraphRAG,42,388,O=C([O-])c1cccc(-c2c3nc(c(-c4cccc(C(=O)[O-])c4)c4ccc([nH]4)c(-c4cccc(C(=O)[O-])c4)c4nc(c(-c5cccc(C(=O)[O-])c5)c5ccc2[nH]5)C=C4)C=C3)c1,C=CN=CC=CNNC(=O)C1CC(C(=O)[O-])=CC1=CC(=O)[O-],0.367,0.058,YES,YES,1.211,NO,NO,NO,NO,NO
GraphRAG,42,389,O=C([O-])c1cc2c(cc1C(=O)[O-])C(=O)c1ccccc1C2=O,O=C([O-])c1ccccc1I,0.44,0.395,YES,NO,1.8559,NO,NO,NO,NO,NO
GraphRAG,42,390,Cc1cc2ccc3nc(C)ccc3c2cn1,CC=CC1=CC=Cc2cc(-c3cn[nH]c3)ccc2C12C=NN=C2,0.361,0.249,YES,YES,2.2692,NO,NO,NO,NO,NO
GraphRAG,42,391,Nc1nc2ccccc2[nH]1,Nc1nc2ccccc2[nH]1INVALID,0.0,0.0,NO,NO,,NO,NO,NO,NO,NO
GraphRAG,42,392,O=C([O-])CCC(=O)[O-],O=C([O-])CCC(=O)[O-]INVALID,0.0,0.0,NO,NO,,NO,NO,NO,NO,NO
GraphRAG,42,393,CNC12C3C4C5C3(C#CC(=O)[O-])C1C5(NC)C42C#CC(=O)[O-],CNC12C3C4C5C3(C#CC(=O)[O-])C1C5(NC)C42C#CC(=O)[O-]INVALID,0.0,0.0,NO,NO,,NO,NO,NO,NO,NO
GraphRAG,42,394,O=C([O-])c1ccc(-c2ccccc2)cc1,O=C([O-])c1cccc(-c2cccnc2)c1INVALID,0.0,0.0,NO,NO,,NO,NO,NO,NO,NO
GraphRAG,42,395,CCCOc1c(C(=O)[O-])ccc2c(OCCC)c(C(=O)[O-])ccc12,CCCOc1c(C(=O)[O-])ccc2c(OCCC)c(C(=O)[O-])ccc12INVALID,0.0,0.0,NO,NO,,NO,NO,NO,NO,NO
GraphRAG,42,396,CN1c2cncc(n2)N(C)c2cncc(n2)N(C)c2cncc(n2)N(C)c2cncc1n2,C=Nc1cnccc1C1C2=CN=C21,0.333,0.019,YES,YES,3.7357,NO,NO,NO,NO,NO
GraphRAG,42,397,CC(C(=O)[O-])C(=O)[O-],CC(C(=O)[O-])C(=O)[O-]INVALID,0.0,0.0,NO,NO,,NO,NO,NO,NO,NO
GraphRAG,42,398,O=C([O-])C(F)=C(F)C(=O)[O-],O=C([O-])C(F)=C(F)C(=O)[O-]INVALID,0.0,0.0,NO,NO,,NO,NO,NO,NO,NO
GraphRAG,42,399,O=C([O-])c1ccc(Oc2ccc(C(=O)[O-])c(C(=O)[O-])c2)cc1C(=O)[O-],O=C([O-])c1ccc(Oc2ccc(C(=O)[O-])c(C(=O)[O-])c2)cc1C(=O)[O-]INVALID,0.0,0.0,NO,NO,,NO,NO,NO,NO,NO
GraphRAG,123,0,O=C([O-])c1cc[n+]([O-])cc1,O=C([O-])c1cccc(C(=O)[O-])[n+]1[O-],0.794,0.538,YES,NO,0.5083,YES,YES,YES,NO,NO
GraphRAG,123,1,O=C([O-])c1cc(C(=O)[O-])cc(S(O)(O)O)c1,O=C([O-])c1cc(C(=O)[O-])cc(S(O)(O)O)c1,1.0,1.0,YES,YES,1.3412,YES,YES,YES,YES,YES
GraphRAG,123,2,O=C([O-])C1C(C(=O)[O-])C(C(=O)[O-])C(C(=O)[O-])C(C(=O)[O-])C1C(=O)[O-],O=C([O-])C1C(C(=O)[O-])C(C(=O)[O-])C(C(=O)[O-])C(C(=O)[O-])C1C(=O)[O-],1.0,1.0,YES,YES,1.7866,YES,YES,YES,YES,YES
GraphRAG,123,3,O=C(O)CC(O)(CC(=O)O)C(=O)[O-],O=C([O-])CC(O)(CC(=O)O)C(=O)[O-],1.0,1.0,YES,NO,1.8646,YES,YES,YES,YES,YES
GraphRAG,123,4,O=C([O-])c1cc(S(=O)(=O)c2ccc(C(=O)[O-])c(C(=O)O)c2)ccc1C(=O)O,O=C([O-])c1cc(C(=O)[O-])cc(S(O)(O)O)c1,0.7,0.365,YES,YES,1.0673,YES,YES,YES,NO,NO
GraphRAG,123,5,c1nc[nH]n1,c1nnc[nH]1,0.944,1.0,YES,NO,2.3609,YES,YES,YES,YES,YES
GraphRAG,123,6,C1CCSC1,C1CCSC1,1.0,1.0,YES,YES,0.9264,YES,YES,YES,YES,YES
GraphRAG,123,7,O=C([O-])c1cc([N+](=O)[O-])c2c([N+](=O)[O-])c(C(=O)[O-])cc([N+](=O)[O-])c2c1[N+](=O)[O-],O=C([O-])c1ccc(C(=O)[O-])c2cc([N+](=O)[O-])c([N+](=O)[O-])cc12,0.949,0.564,YES,YES,1.007,YES,YES,YES,YES,YES
GraphRAG,123,8,O=C1C(=O)C(Cl)C(=O)C(=O)C1Cl,O=C1C(=O)C(Cl)C(=O)C(=O)C1Cl,1.0,1.0,YES,YES,1.5704,YES,YES,YES,YES,YES
GraphRAG,123,9,O=C([O-])c1cc(N2[CH]N=CN2)cc(N2[CH]N=CN2)c1,Cc1c(CN2[CH]N=CN2)c(C)c(Cn2cncn2)c(C)c1CN1[CH]N=CN1,0.529,0.249,YES,YES,1.9595,YES,NO,NO,NO,NO
GraphRAG,123,10,C1CNCCN1,C1CNCCN1,1.0,1.0,YES,YES,0.8306,YES,YES,YES,YES,YES
GraphRAG,123,11,O=C([O-])c1c(F)c(F)c(C(=O)[O-])c2cc(F)c(F)cc12,O=C([O-])c1c(F)c(F)c(C(=O)[O-])c2cc(F)c(F)cc12,1.0,1.0,YES,YES,0.7136,YES,YES,YES,YES,YES
GraphRAG,123,12,O=C1C([N+](=O)[O-])=CC([N+](=O)[O-])C(O)=C1[N+](=O)[O-],O=C1C([N+](=O)[O-])=C[N+]([O-])C=C1[N+](=O)[O-],0.8,0.212,YES,YES,0.8841,YES,YES,YES,NO,NO
GraphRAG,123,13,O=C([O-])c1ccc(C(=O)[O-])c2ccccc12,O=C([O-])c1ccc(-c2cc(C(=O)[O-])c(-c3ccc(C(=O)[O-])cc3)cc2C(=O)[O-])cc1,0.737,0.39,YES,YES,1.1333,YES,YES,YES,NO,NO
GraphRAG,123,14,c1nnnn1CCn1cnnn1,c1cn(CCOCCn2ccnc2)cn1,0.585,0.17,YES,NO,1.3842,YES,NO,NO,NO,NO
GraphRAG,123,15,O=C([O-])c1cc([N+](=O)[O-])c(C(=O)[O-])cc1[N+](=O)[O-],O=C([O-])c1ccc([N+](=O)[O-])cc1,0.879,0.5,YES,YES,0.9457,YES,YES,YES,YES,NO
GraphRAG,123,16,O=C([O-])c1ccccc1C(=O)[O-],O=C([O-])c1ccc(C(=O)[O-])cc1,0.857,0.75,YES,YES,0.7234,YES,YES,YES,YES,NO
GraphRAG,123,17,CCCn1cnc2c1NC=NC2Cl,CCN1C(=O)[CH]C(=O)N(CC)C1=S,0.323,0.196,YES,NO,2.9795,NO,NO,NO,NO,NO
GraphRAG,123,18,O=C([O-])CCN1[CH]C=C(C2=C[CH]N(CCC(=O)[O-])C=C2)C=C1,O=C([O-])CN1[CH]C=C(C2=C[CH]N(CC(=O)[O-])C=C2)C=C1,0.868,0.732,YES,YES,1.328,YES,YES,YES,YES,NO
GraphRAG,123,19,O=C([O-])c1cc(C(=O)[O-])cc(-c2cc(C(=O)[O-])cc(C(=O)[O-])c2)c1,O=C([O-])c1ccc(-c2ccc(C(=O)[O-])c(C(=O)[O-])c2)cc1C(=O)[O-],0.882,0.754,YES,YES,1.7934,YES,YES,YES,YES,NO
GraphRAG,123,20,O=C([O-])C=Cc1ccncc1,O=C([O-])[CH][CH]c1ccccn1,0.875,0.545,YES,NO,2.4785,YES,YES,YES,YES,NO
GraphRAG,123,21,O=C([O-])c1ccc(C#Cc2ccc(C(=O)[O-])cc2)cc1,O=C([O-])c1ccc(-c2ccc(C(=O)[O-])cc2)cc1INVALID,0.0,0.0,NO,NO,,NO,NO,NO,NO,NO
GraphRAG,123,22,C(c1nnn[nH]1)c1nnn[nH]1,O=C(O)CC(O)C(=O)O.O=C([O-])COC(O)C(O)C(O)C(=O)O,0.047,0.027,YES,YES,0.4728,NO,NO,NO,NO,NO
GraphRAG,123,23,O=C([O-])c1cc(O)c(C(=O)[O-])cc1O,O=C([O-])c1cc(O)c(C(=O)[O-])cc1OINVALID,0.0,0.0,NO,NO,,NO,NO,NO,NO,NO
GraphRAG,123,24,CCc1c(C#N)c(CC)c(CC)c(C#N)c1CC,CCCc1c(C#N)c(CCC)c(CCC)c(C#N)c1CC,0.842,0.857,YES,YES,2.5872,YES,YES,YES,YES,NO
GraphRAG,123,25,O=C([O-])c1cncc(O)c1,O=C([O-])c1cncc(F)c1,0.577,0.9,YES,NO,0.6846,YES,YES,YES,YES,YES
GraphRAG,123,26,O=C([O-])c1cccc(C(=O)[O-])n1,O=C([O-])c1cccnc1C(=O)[O-],0.864,0.75,YES,YES,0.9452,YES,YES,YES,YES,NO
GraphRAG,123,27,O=C([O-])c1cncc(-c2ccccc2C(=O)[O-])c1,O=C([O-])c1cccnc1-c1ncccc1C(=O)[O-],0.852,0.489,YES,YES,1.5356,YES,YES,YES,YES,NO
GraphRAG,123,28,Cc1cc(C#Cc2cc(C)c(C(=O)[O-])c(C)c2)cc(C)c1C(=O)[O-],Cc1cc(-c2ccc(C(=O)[O-])c(C)c2)ccc1C(=O)[O-],0.857,0.41,YES,YES,6.7084,YES,YES,YES,YES,NO
GraphRAG,123,29,c1cn(Cc2cc(Cn3ccnc3)c(Cn3ccnc3)cc2Cn2ccnc2)cn1,c1cc(Cn2ccnc2)cc(Cn2ccnc2)c1INVALID,0.0,0.0,NO,NO,,NO,NO,NO,NO,NO
GraphRAG,123,30,Nc1cc(C(=O)[O-])ccc1-c1ccc(C(=O)[O-])cc1N,O=C([O-])c1ccccc1O,0.375,0.441,YES,NO,6.1628,NO,NO,NO,NO,NO
GraphRAG,123,31,O=C([O-])c1ccc(-c2ccc(C(=O)[O-])cc2O)c(O)c1,O=C([O-])c1ccc(-c2ccc(C(=O)[O-])cc2F)c(F)c1,0.63,0.902,YES,YES,3.5091,YES,YES,YES,YES,YES
GraphRAG,123,32,O=C([O-])c1nccnc1C(=O)[O-],O=C([O-])c1cnccn1,0.8,0.75,YES,NO,0.8694,YES,YES,YES,NO,NO
GraphRAG,123,33,COc1cc(C(=O)[O-])ccc1C#Cc1cc(OC)c(C(=O)[O-])cc1-c1ccccc1,CCC=C1C=c2c(C(=O)[O-])cccc2=CC=C1C(=O)[O-],0.417,0.292,YES,YES,1.865,NO,NO,NO,NO,NO
GraphRAG,123,34,O=C([O-])c1c(F)c(F)c(C(=O)[O-])c2c(F)c(F)c(F)c(F)c12,O=C([O-])c1c(F)c(F)c(C(=O)[O-])c(F)c1F,0.818,0.625,YES,YES,0.73,YES,YES,YES,NO,NO
GraphRAG,123,35,O=C([O-])c1cnc(C(=O)[O-])cn1,O=C([O-])C1=CC=C[SH]1C(=O)[O-],0.324,0.3,YES,YES,1.302,NO,NO,NO,NO,NO
GraphRAG,123,36,O=C([O-])c1ccc(Oc2cc(Oc3ccc(C(=O)[O-])cc3)cc(C(=O)[O-])c2)cc1,O=C([O-])C1=CC=COc2cc(Oc3ccc(C(=O)[O-])cc3)cc(C(=O)[O-])c2C=C1,0.714,0.651,YES,YES,0.6545,YES,YES,YES,NO,NO
GraphRAG,123,37,O=C([O-])c1ccc(-c2cc(C(=O)[O-])cc(C(=O)[O-])c2)cc1,O=C([O-])c1ccc(C(=O)[O-])cc1,0.8,0.421,YES,YES,0.772,YES,YES,YES,NO,NO
GraphRAG,123,38,O=C([O-])c1cc(F)c(C(=O)[O-])cc1F,O=C([O-])c1c(F)c(F)c(C(=O)[O-])c2cc(F)c(F)cc12,0.818,0.638,YES,YES,1.3228,YES,YES,YES,NO,NO
GraphRAG,123,39,[CH](NN[CH]c1ccncc1)c1ccncc1,c1cn(CCCCn2ccnc2)cn1,0.278,0.037,YES,YES,1.4588,NO,NO,NO,NO,NO
GraphRAG,123,40,O=C([O-])c1ccccc1C(=O)O,O=C([O-])c1cccc(C(=O)O)c1,0.867,0.75,YES,NO,3.0629,YES,YES,YES,YES,NO
GraphRAG,123,41,CC(CCC(=O)[O-])C(=O)[O-],O=C([O-])CCCCC(=O)[O-],0.765,0.687,YES,NO,2.1182,YES,YES,YES,NO,NO
GraphRAG,123,42,O=C([O-])c1cc(S(O)(O)O)c(C(=O)[O-])c2c1CC2,O=C([O-])c1sc2c(S(O)(O)O)c(C(=O)[O-])sc2c1S(O)(O)O,0.787,0.206,YES,YES,3.7648,YES,YES,YES,NO,NO
GraphRAG,123,43,CNC1(F)CC2(C#CC(=O)[O-])CCC1(C#CC(=O)[O-])CC2,CCC1CC2(C#CC(=O)[O-])CCC1(C#CC(=O)[O-])CC2OINVALID,0.0,0.0,NO,NO,,NO,NO,NO,NO,NO
GraphRAG,123,44,Cc1nccn1Cc1ccncc1,c1cn(Cc2ccc(-n3ccnc3)cc2)cn1,0.719,0.394,YES,YES,1.586,YES,YES,YES,NO,NO
GraphRAG,123,45,c1cn(Cc2ccc(Cn3ccnc3)cc2)cn1,O=C(c1ccncc1)c1cccnc1,0.345,0.087,YES,NO,1.1357,NO,NO,NO,NO,NO
GraphRAG,123,46,c1cncnc1,c1cncnc1,1.0,1.0,YES,YES,0.9177,YES,YES,YES,YES,YES
GraphRAG,123,47,CCC12C3C4(C(=O)[O-])C5(CC)C(C1(C(=O)[O-])C35[N+](=O)[O-])C24[N+](=O)[O-],O=C([O-])C1C(I)CC2(C(=O)[O-])CC1CC2I,0.312,0.471,YES,YES,1.4058,NO,NO,NO,NO,NO
GraphRAG,123,48,O=C([O-])CN(CC(=O)[O-])CC(=O)[O-],NCC(=O)NCC(=O)[O-],0.444,0.523,YES,NO,1.4686,YES,NO,NO,NO,NO
GraphRAG,123,49,c1cn(-c2ccc(NNc3ccc(-n4ccnc4)cc3)cc2)cn1,O=C1[CH]C(=O)NC(=S)N1,0.231,0.0,YES,NO,1.9487,NO,NO,NO,NO,NO
GraphRAG,123,50,Nc1cc(C#Cc2cc(N)c(C(=O)[O-])c(N)c2)cc(N)c1C(=O)[O-],O=C([O-])C1=CC=C2C=C(Br)C(=CC=C(CBr)C(=O)[O-])C2C=C1,0.256,0.148,YES,YES,6.8899,NO,NO,NO,NO,NO
GraphRAG,123,51,CCc1cc2c(cc(CC)c3ccc(C(=O)[O-])c(F)c32)c2cc(C(=O)[O-])ccc12,CC1C=C(C(=O)[O-])C(C(=O)O)=C(C(=O)[O-])C(C(=O)[O-])=C1CC(=O)O,0.371,0.12,YES,YES,1.0776,NO,NO,NO,NO,NO
GraphRAG,123,52,O=C(O)c1cccc(Oc2cccc(C(=O)O)c2C(=O)[O-])c1.O=C(O)c1cccc(Oc2cccc(C(=O)O)c2C(=O)[O-])c1,O=C([O-])c1ccc(Oc2ccc(C(=O)[O-])cc2)cc1,0.396,0.299,YES,YES,1.7332,NO,NO,NO,NO,NO
GraphRAG,123,53,O=C([O-])CN(CCN(CC(=O)[O-])CC(=O)[O-])CCN(CC(=O)O)CC(=O)O,O=C([O-])CN1CCN(CC(=O)[O-])CC1,0.718,0.135,YES,NO,0.7367,YES,YES,YES,NO,NO
GraphRAG,123,54,c1ccc(SSc2ccccn2)nc1,c1cc(Sc2ccncc2)ccn1,0.762,0.417,YES,NO,0.8368,YES,YES,YES,NO,NO
GraphRAG,123,55,Nc1ccc(C=Cc2ccc(N)cc2S(O)(O)O)c(S(O)(O)O)c1,O=P(O)(O)c1ccc(-c2ccc(P(=O)(O)O)cc2)cc1,0.444,0.246,YES,YES,0.501,NO,NO,NO,NO,NO
GraphRAG,123,56,O=C([O-])c1cc(C(=O)[O-])c(C(=O)O)cc1C(=O)O,O=C([O-])c1cc(C(=O)O)c(C(=O)[O-])cc1C(=O)O,1.0,1.0,YES,YES,1.0748,YES,YES,YES,YES,YES
GraphRAG,123,57,O=C(Nc1cccnc1)c1ccc(C(=O)Nc2cccnc2)s1,c1cc(-c2ccncc2)ccn1,0.375,0.253,YES,YES,1.5117,NO,NO,NO,NO,NO
GraphRAG,123,58,NC1=N[CH]NN1,Nc1nnc(N)[nH]1,0.75,0.229,YES,YES,3.3229,YES,YES,YES,NO,NO
GraphRAG,123,59,O=C([O-])c1cc(C(=O)O)c(C(=O)[O-])cc1C(=O)O,O=C([O-])c1cc(C(=O)O)c(C(=O)[O-])cc1C(=O)O,1.0,1.0,YES,YES,1.4845,YES,YES,YES,YES,YES
GraphRAG,123,60,O=[N+]([O-])c1cncc([N+](=O)[O-])c1C#Cc1c([N+](=O)[O-])cncc1[N+](=O)[O-],O=[N+]([O-])c1cncc([N+](=O)[O-])c1C#Cc1c([N+](=O)[O-])cncc1[N+](=O)[O-],1.0,1.0,YES,YES,1.9466,YES,YES,YES,YES,YES
GraphRAG,123,61,O=C([O-])C(O)=C(O)C(=O)[O-],O=C([O-])C(=O)[O-],0.588,0.478,YES,YES,1.8798,YES,NO,NO,NO,NO
GraphRAG,123,62,C(#C[Si](C#Cc1cn[nH]c1)(C#CC1C=NN=C1)C#CC1C=NN=C1)C1=CN=N[CH]1,C(#CC#Cc1cn[nH]c1)C#CC1=CN=N[CH]1,0.828,0.232,YES,YES,5.2791,YES,YES,YES,NO,NO
GraphRAG,123,63,O=C([O-])CN1[CH]C=C(c2nnn[nH]2)C=C1,O=C([O-])c1cccc(-c2nnn[nH]2)c1,0.652,0.39,YES,YES,2.1028,YES,YES,NO,NO,NO
GraphRAG,123,64,Nc1ccccc1S,O=C([O-])c1ccccc1S,0.375,0.7,YES,NO,1.1104,YES,YES,YES,NO,NO
GraphRAG,123,65,O=C([O-])c1nc(-c2ccc3ccccc3c2)[nH]c1C(=O)[O-],O=C([O-])c1cc(N2[CH]N=CN2)cc(N2[CH]N=CN2)c1,0.429,0.276,YES,YES,1.2577,NO,NO,NO,NO,NO
GraphRAG,123,66,O=C(O)c1ccc(-c2ccc(-c3ccc(C(=O)O)cc3C(=O)[O-])cc2)c(C(=O)[O-])c1,O=C([O-])c1cc(C(=O)[O-])cc(-c2ccc(C(=O)O)cc2)c1,0.842,0.5,YES,YES,1.7818,YES,YES,YES,NO,NO
GraphRAG,123,67,c1ccc(-c2cc(-c3ccncc3)nc(-c3ccncc3)c2)nc1,c1cc(-c2nnc(-c3cnccn3)[nH]2)ccn1,0.583,0.279,YES,YES,3.824,YES,NO,NO,NO,NO
GraphRAG,123,68,CSc1nccs1,CSc1nnn[nH]1,0.6,0.371,YES,YES,1.6536,YES,YES,NO,NO,NO
GraphRAG,123,69,O=C([O-])C1CCC(C(=O)[O-])CC1,O=C([O-])C1CC(C(=O)O)C(C(=O)[O-])CC1C(=O)O,0.6,0.667,YES,YES,1.6611,YES,YES,NO,NO,NO
GraphRAG,123,70,c1c[nH]cn1,c1nnn[nH]1,0.65,0.0,YES,YES,3.009,YES,YES,NO,NO,NO
GraphRAG,123,71,c1ccc(-c2nnc(-c3ccncc3)[nH]2)nc1,c1ccc(-c2nnc(-c3ccncc3)[nH]2)nc1,1.0,1.0,YES,YES,2.3616,YES,YES,YES,YES,YES
GraphRAG,123,72,O=C([O-])c1cccc(-c2c3nc(c(-c4cccc(C(=O)[O-])c4)c4ccc([nH]4)c(-c4cccc(C(=O)[O-])c4)c4nc(c(-c5cccc(C(=O)[O-])c5)c5ccc2[nH]5)C=C4)C=C3)c1,C=CN=CC=CNNC(=O)C1CC(C(=O)[O-])=CC1=CC(=O)[O-],0.367,0.058,YES,YES,1.211,NO,NO,NO,NO,NO
GraphRAG,123,73,O=C([O-])c1cc2c(cc1C(=O)[O-])C(=O)c1ccccc1C2=O,O=C([O-])c1ccccc1I,0.44,0.395,YES,NO,1.8559,NO,NO,NO,NO,NO
GraphRAG,123,74,Cc1cc2ccc3nc(C)ccc3c2cn1,Cc1cc(-c2ccnc(C)c2)ccn1,0.833,0.418,YES,YES,1.5733,YES,YES,YES,NO,NO
GraphRAG,123,75,Nc1nc2ccccc2[nH]1,Nc1nnn[nH]1,0.667,0.156,YES,NO,3.0799,YES,YES,NO,NO,NO
GraphRAG,123,76,O=C([O-])CCC(=O)[O-],O=C([O-])CC(=O)[O-],0.786,0.604,YES,YES,0.4813,YES,YES,YES,NO,NO
GraphRAG,123,77,CNC12C3C4C5C3(C#CC(=O)[O-])C1C5(NC)C42C#CC(=O)[O-],CCCC12C3C4C5C(C1C53C#CC(=O)[O-])C42C#CC(=O)[O-],0.556,0.829,YES,YES,1.2967,YES,YES,YES,NO,NO
GraphRAG,123,78,O=C([O-])c1ccc(-c2ccccc2)cc1,O=C([O-])c1ccc(C(=O)[O-])cc1,0.6,0.585,YES,NO,0.943,YES,YES,NO,NO,NO
GraphRAG,123,79,CCCOc1c(C(=O)[O-])ccc2c(OCCC)c(C(=O)[O-])ccc12,CCCOCCC1(C#CC(=O)[O-])CC(I)C(C#CC(=O)[O-])CC1I,0.5,0.287,YES,YES,1.1228,YES,NO,NO,NO,NO
GraphRAG,123,80,CN1c2cncc(n2)N(C)c2cncc(n2)N(C)c2cncc(n2)N(C)c2cncc1n2,c1ccc(-c2nnc(-c3ccncc3)n2-c2ccncc2)nc1,0.622,0.0,YES,YES,3.6195,YES,YES,NO,NO,NO
GraphRAG,123,81,CC(C(=O)[O-])C(=O)[O-],O=C([O-])CC(O)C(=O)[O-],0.588,0.65,YES,NO,2.9629,YES,YES,NO,NO,NO
GraphRAG,123,82,O=C([O-])C(F)=C(F)C(=O)[O-],O=C([O-])C(F)=C(F)C(=O)[O-]INVALID,0.0,0.0,NO,NO,,NO,NO,NO,NO,NO
GraphRAG,123,83,O=C([O-])c1ccc(Oc2ccc(C(=O)[O-])c(C(=O)[O-])c2)cc1C(=O)[O-],O=C([O-])c1ccc(Oc2ccc(C(=O)[O-])c(C(=O)[O-])c2)cc1C(=O)[O-],1.0,1.0,YES,YES,1.9915,YES,YES,YES,YES,YES
GraphRAG,123,84,Cc1cc(OCC(=O)[O-])cc(C(=O)[O-])c1,O=C([O-])CNC=C1C=C(C(=O)[O-])C(=O)N1,0.306,0.24,YES,YES,4.2596,NO,NO,NO,NO,NO
GraphRAG,123,85,O=C([O-])c1sc2c(C(=O)O)c(C(=O)[O-])sc2c1C(=O)O,O=C([O-])c1cc(C(=O)[O-])c(C(=O)O)c(C(=O)O)c1,0.577,0.177,YES,YES,4.7,YES,NO,NO,NO,NO
GraphRAG,123,86,Cc1nc(C)c(C(=O)[O-])c(C=Cc2ccccc2)c1C(=O)[O-],O=C([O-])c1cccc(F)c1C(=O)[O-],0.467,0.313,YES,NO,1.4803,NO,NO,NO,NO,NO
GraphRAG,123,87,Cc1c(C)c(C(=O)[O-])c(C)c(C)c1C(=O)[O-],Nc1cc(C(=O)[O-])cc(C(=O)[O-])c1,0.5,0.625,YES,NO,0.8281,YES,YES,NO,NO,NO
GraphRAG,123,88,O=C([O-])CO,NCC(=O)[O-],0.5,0.78,YES,YES,0.3684,YES,YES,YES,NO,NO
GraphRAG,123,89,O=C([O-])c1ccc(-c2ccc(C(=O)[O-])c(C(=O)O)c2)cc1C(=O)O,O=C([O-])c1ccc(NNc2ccc(C(=O)[O-])c(C(=O)O)c2)cc1C(=O)[O-],0.581,0.455,YES,YES,2.4851,YES,NO,NO,NO,NO
GraphRAG,123,90,Cc1cc(-n2ccnc2)c(C)cc1-n1ccnc1,c1ccc(-c2nc(-c3ccccn3)c(-c3ccccn3)nc2-c2ccccn2)nc1,0.5,0.0,YES,YES,2.3177,YES,NO,NO,NO,NO
GraphRAG,123,91,O=P(O)(O)CCSc1ccncc1,O=P(O)(O)CCCCP(=O)(O)O,0.59,0.431,YES,YES,1.4681,YES,NO,NO,NO,NO
GraphRAG,123,92,O=C([O-])C1=NC(c2cncc(Br)c2)=NC1C(=O)O,O=CC1=CC(Cc2ccc(C(=O)O)cc2)=C(C(=O)[O-])C1=CC1=CC(=CC(=O)[O-])C=CO1,0.378,0.114,YES,YES,1.9664,NO,NO,NO,NO,NO
GraphRAG,123,93,[CH]1N=NC=C1c1ccc([Si](c2ccc(-c3cn[nH]c3)cc2)(c2ccc(C3C=NN=C3)cc2)c2ccc(C3C=NN=C3)cc2)cc1,C1=NN=CC1C12C3C4C1C1C2C3C41Cc1cn[nH]c1INVALID,0.0,0.0,NO,NO,,NO,NO,NO,NO,NO
GraphRAG,123,94,CCOC1(Br)c2c(C(=O)[O-])c(Br)cc(C(=O)[O-])c2C1Br,O=C([O-])c1c(F)c(F)c(N=Nc2c(F)c(F)c(C(=O)[O-])c(F)c2F)c(F)c1F,0.386,0.317,YES,NO,1.9831,NO,NO,NO,NO,NO
GraphRAG,123,95,CCCOC1CC2(C#CC(=O)[O-])CCC1(C#CC(=O)[O-])CC2,CC1CC2(C#CC(=O)[O-])CCC1(C#CC(=O)[O-])CC2O,0.711,0.866,YES,YES,0.9518,YES,YES,YES,YES,NO
GraphRAG,123,96,N#CC(C(=O)[O-])=C(C=CC(=O)[O-])c1ccccc1,N#CC(C(=O)[O-])=C(N)C(=O)[O-],0.577,0.422,YES,YES,2.3961,YES,NO,NO,NO,NO
GraphRAG,123,97,O=C([O-])C=CC=CC(=O)[O-],O=C([O-])C=CC=CC(=O)[O-],1.0,1.0,YES,YES,1.3489,YES,YES,YES,YES,YES
GraphRAG,123,98,CCOP(=O)(Cc1c(C)c(C)c(CP(=O)(OCC)OCC)c(C)c1C)OCC,CC(=O)C(=NNc1ccccc1S(O)(O)O)C(C)=O,0.292,0.214,YES,NO,1.5592,NO,NO,NO,NO,NO
GraphRAG,123,99,[CH]1N=CNN1CCCCCCn1cncn1,c1cnc(SCSc2ncccn2)nc1,0.265,0.037,YES,NO,2.3176,NO,NO,NO,NO,NO
GraphRAG,123,100,O=P(O)(O)O,O=S(=O)(O)O,0.577,0.12,YES,YES,1.1295,YES,NO,NO,NO,NO
GraphRAG,123,101,O=C([O-])c1cc(C(=O)O)c(C(=O)[O-])c2c1CC2,O=C([O-])c1cc(C(=O)[O-])cc(S(O)(O)O)c1,0.317,0.69,YES,YES,2.2525,YES,YES,NO,NO,NO
GraphRAG,123,102,O=C([O-])c1cc(Cn2nnc3ccccc32)cc(C(=O)[O-])c1,O=C([O-])c1ccccc1-c1ccccc1C(=O)[O-],0.318,0.395,YES,YES,1.5944,NO,NO,NO,NO,NO
GraphRAG,123,103,O=C([O-])c1c(F)cc(C=Cc2cc(F)c(C(=O)[O-])c(F)c2)cc1F,O=C([O-])C=C(O)C(O)=C(C=CC(O)=C1C(=C(O)C(O)=C(CO)C(=O)[O-])C1OCO)COC(O)=CO,0.279,0.074,YES,YES,6.9295,NO,NO,NO,NO,NO
GraphRAG,123,104,Nc1c(N)c(C(=O)[O-])c(N)c(N)c1C#Cc1c(N)c(N)c(C(=O)[O-])c(N)c1N,O=C([O-])c1c(Cl)c(Cl)c(C#Cc2c(Cl)c(Cl)c(C(=O)[O-])c(Cl)c2Cl)c(Cl)c1ClINVALID,0.0,0.0,NO,NO,,NO,NO,NO,NO,NO
GraphRAG,123,105,NCC(=O)[O-],O=CC(=O)[O-],0.316,0.78,YES,YES,0.2968,YES,YES,YES,NO,NO
GraphRAG,123,106,O=C([O-])c1nc[nH]c1C(=O)[O-],O=C([O-])c1cccc(-c2nnn[nH]2)c1,0.526,0.251,YES,YES,1.4257,YES,NO,NO,NO,NO
GraphRAG,123,107,O=C([O-])c1ccc(C#Cc2ccc(C(=O)[O-])cc2Cl)c(Cl)c1,O=C([O-])c1ccc(NNc2ccc(C(=O)[O-])c(Cl)c2)cc1Cl,0.588,0.402,YES,NO,4.041,YES,NO,NO,NO,NO
GraphRAG,123,108,O=C([O-])c1cncc(OCOc2cncc(C(=O)[O-])c2)c1,O=C([O-])c1cccc(-n2ccc(=O)cc2)c1C(=O)[O-],0.558,0.281,YES,YES,0.7348,YES,NO,NO,NO,NO
GraphRAG,123,109,O=C([O-])c1ccc(-n2ccc(=O)cc2)cc1C(=O)[O-],O=C([O-])c1ccc(C(=O)[O-])cc1,0.343,0.464,YES,YES,1.7444,NO,NO,NO,NO,NO
GraphRAG,123,110,CCc1cc(-c2ccc(C(=O)[O-])cc2)ccc1C(=O)[O-],Cc1cc(C(=O)[O-])cc2c(C)cc(C(=O)[O-])cc12,0.652,0.441,YES,NO,1.3457,YES,YES,NO,NO,NO
GraphRAG,123,111,CCCC1=NN=CC1C#Cc1ccc(C#CC2=C(CCC)N=N[CH]2)cc1OC,CCC12C3C4C5C(C1C53C#CC1=CN=N[CH]1)C42C#Cc1cn[nH]c1,0.5,0.57,YES,YES,0.9761,YES,NO,NO,NO,NO
GraphRAG,123,112,CCC(C)COc1cc(C=Cc2ccncc2)c(OCC(C)CC)cc1C=Cc1ccncc1,C=C(C#N)OC1(C)CC=C(CSc2ccncc2)CCC(C)OCC=C1CCc1ccncc1,0.558,0.201,YES,YES,0.6508,YES,NO,NO,NO,NO
GraphRAG,123,113,Cn1cnc(C(=O)[O-])c1C(=O)[O-],O=C([O-])c1ccco1,0.333,0.3,YES,NO,3.0607,NO,NO,NO,NO,NO
GraphRAG,123,114,O=S1(=O)CCCC1,O=C([O-])COCCC(O)C(CO)C(=O)[O-],0.2,0.04,YES,YES,4.1055,NO,NO,NO,NO,NO
GraphRAG,123,115,Cc1nccn1CCCCn1ccnc1C,c1cc(NNc2ccncc2)ccn1,0.234,0.0,YES,NO,1.4865,NO,NO,NO,NO,NO
GraphRAG,123,116,O=C([O-])c1ccnc(-c2cc(C(=O)[O-])ccn2)c1,O=C([O-])c1cccc(Cl)c1,0.321,0.196,YES,NO,1.0872,NO,NO,NO,NO,NO
GraphRAG,123,117,O=C([O-])c1cccc(-c2nccs2)c1,OS(O)(O)c1cccnc1,0.239,0.043,YES,NO,0.7287,NO,NO,NO,NO,NO
GraphRAG,123,118,NC(=S)c1cccc(C(N)=S)c1,c1cc(C2=NCCO2)ccc1C1=NCCO1,0.184,0.358,YES,NO,1.7505,NO,NO,NO,NO,NO
GraphRAG,123,119,O=C([O-])c1ccc(N=Cc2ccccc2O)cc1,O=C([O-])c1cccc(-c2cccnc2)c1,0.375,0.489,YES,YES,1.4728,NO,NO,NO,NO,NO
GraphRAG,123,120,Nc1c(N)c(C(=O)[O-])c2ccccc2c1C(=O)[O-],O=C([O-])c1ccccc1SSc1ccccc1C(=O)[O-],0.432,0.441,YES,NO,0.9293,NO,NO,NO,NO,NO
GraphRAG,123,121,Cc1cc2ncn(CCCCn3cnc4cc(C)c(C)cc43)c2cc1C,c1cc(-c2ccncc2)ccn1,0.289,0.0,YES,YES,1.462,NO,NO,NO,NO,NO
GraphRAG,123,122,O=C([O-])c1c(O)c(O)c(C(=O)[O-])c2c(O)c(O)c(O)c(O)c12,O=C([O-])c1c(O)c(O)c(C(=O)[O-])c2c(O)c(O)c(O)c(O)c12,1.0,1.0,YES,YES,1.1098,YES,YES,YES,YES,YES
GraphRAG,123,123,O=C([O-])C12C3C4C1C1(S(O)(O)O)C2C3C41C(=O)[O-],CCC1C2C3C(CC)C4(c5ccccc5)C3(C#CC(=O)[O-])C2C14C(=O)[O-],0.4,0.441,YES,YES,1.609,NO,NO,NO,NO,NO
GraphRAG,123,124,Cc1cnc(C)cn1,c1cc(NNc2ccncc2)ccn1,0.407,0.0,YES,NO,0.6301,NO,NO,NO,NO,NO
GraphRAG,123,125,ON=C(c1ccncc1)c1ccccn1,NNC(=O)c1ccc(O)cc1,0.262,0.105,YES,YES,0.4844,NO,NO,NO,NO,NO
GraphRAG,123,126,CC(=O)N(C)C,c1cnccn1,0.037,0.0,YES,YES,3.0841,NO,NO,NO,NO,NO
GraphRAG,123,127,c1cc(-c2ccncc2)ccn1,c1cc(-c2ccncc2)ccn1INVALID,0.0,0.0,NO,NO,,NO,NO,NO,NO,NO
GraphRAG,123,128,[CH](C=CC=C1C=NN=C1)c1cn[nH]c1,c1cc(CCCc2ccncc2)ccn1,0.276,0.17,YES,YES,4.9128,NO,NO,NO,NO,NO
GraphRAG,123,129,CC(=O)[CH]C(=O)c1ccc(-n2ccnc2)cc1,CC(=O)[CH]C(=O)c1ccc(-n2ccnc2)cc1,1.0,1.0,YES,YES,2.4951,YES,YES,YES,YES,YES
GraphRAG,123,130,O=C(Nc1cccnc1)c1cccnc1,c1cc(Sc2ccncc2)ccn1,0.414,0.39,YES,NO,1.4274,NO,NO,NO,NO,NO
GraphRAG,123,131,c1cc(CCCc2ccncc2)ccn1,c1cc(CCCc2ccncc2)ccn1,1.0,1.0,YES,YES,0.2993,YES,YES,YES,YES,YES
GraphRAG,123,132,Cc1cc2ncn(Cc3ccc(Cn4cnc5cc(C)c(C)cc54)cc3)c2cc1C,CC(=CC=C1C2C=CC(=CC(=O)[O-])C=C2N1c1ccncc1)c1ccncc1,0.42,0.052,YES,YES,2.3189,NO,NO,NO,NO,NO
GraphRAG,123,133,Cc1ccc(SCN(CSc2ccc(C)cc2C)CSc2ccc(C)cc2C)c(C)c1,CC=CC(=O)[O-],0.029,0.019,YES,NO,1.3645,NO,NO,NO,NO,NO
GraphRAG,123,134,CC1c2nccc(-c3ccnc4c3C4C)c21,O=C([O-])C=CC(=CC=C1C2=CC(=CC(C(=O)[O-])=C1C(=O)O)C=CC=C2)C(=O)O,0.081,0.057,YES,YES,1.2931,NO,NO,NO,NO,NO
GraphRAG,123,135,O=C([O-])c1ccc(OCC(COc2ccc(C(=O)[O-])cc2)(COc2ccc(C(=O)[O-])cc2)COc2ccc(C(=O)O)cc2)cc1,O=C([O-])c1ccc(C=Cc2ccncc2)cc1,0.333,0.195,YES,NO,1.9511,NO,NO,NO,NO,NO
GraphRAG,123,136,N#CC(C#N)C(=S)S,CC(=O)C(C#N)C(C)=O,0.125,0.533,YES,NO,0.2662,YES,NO,NO,NO,NO
GraphRAG,123,137,OC1(Cl)Cc2ncc(Cl)nc21,N=CC=C1C(C=CF)=CC=C1C=CC=C(CF)c1ccncc1,0.227,0.0,YES,YES,1.5565,NO,NO,NO,NO,NO
GraphRAG,123,138,CC1(C)OC(CP(c2ccccc2)c2ccccc2)C(CP(c2ccccc2)c2ccccc2)O1,c1cc(CCCc2ccncc2)ccn1,0.222,0.045,YES,YES,1.3798,NO,NO,NO,NO,NO
GraphRAG,123,139,Cc1ccc(S(=O)(=O)NC(CCC(=O)[O-])C(=O)[O-])cc1,O=C([O-])C=CC=CS(=O)(=O)c1ccc(C(=O)[O-])cc1,0.583,0.5,YES,YES,0.8122,YES,NO,NO,NO,NO
GraphRAG,123,140,O=C([O-])C1=C[CH]NC=C1C(=O)[O-],O=C([O-])c1ccc(C=Nc2cc(C(=O)[O-])cc(C(=O)[O-])c2)cc1,0.419,0.154,YES,NO,1.6726,NO,NO,NO,NO,NO
GraphRAG,123,141,O=C([O-])c1ccc(-c2cc3cc(c2)C(=O)[O][Cd][O]C3=O)cc1,O=C([O-])c1cc(OCOc2cc(C(=O)[O-])cc(C(=O)O)c2)cc(C(=O)[O-])c1,0.444,0.329,YES,NO,1.5809,NO,NO,NO,NO,NO
GraphRAG,123,142,O=P(O)(O)F,[NH]n1nnnc1C1=NN=CC1,0.082,0.0,YES,YES,1.1801,NO,NO,NO,NO,NO
GraphRAG,123,143,CC(=O)CC(C#N)(C#N)C(C#N)C#N,CC(C)OC(=O)CO,0.231,0.19,YES,YES,0.9535,NO,NO,NO,NO,NO
GraphRAG,123,144,COc1cc(NC#N)c(OC)cc1NC#N,C=CC(C#N)=C(C#N)C(C#N)=CNC#N,0.176,0.162,YES,YES,2.2051,NO,NO,NO,NO,NO
GraphRAG,123,145,c1ccc2c(-n3ccnc3)c3ccccc3c(-n3ccnc3)c2c1,O=C1c2ccc3c4c(ccc(c24)C(=O)N1Cc1ccncc1)C(=O)N(Cc1ccncc1)C3=O,0.432,0.289,YES,NO,1.707,NO,NO,NO,NO,NO
GraphRAG,123,146,O=C([O-])c1ccc(NNc2ccc(C(=O)[O-])cc2)cc1,O=C([O-])c1ccc(Oc2ccc(C(=O)[O-])cc2)cc1,0.438,0.441,YES,YES,0.989,NO,NO,NO,NO,NO
GraphRAG,123,147,O=C(NCc1ccncc1)C(=O)NCc1ccncc1,O=C(NCc1ccncc1)c1ccncc1,0.727,0.49,YES,YES,3.1559,YES,YES,YES,NO,NO
GraphRAG,123,148,Nc1ccc(Cc2ccc(N)cc2)cc1,c1cc(-c2ccc(-c3ccncc3)cc2)ccn1,0.333,0.32,YES,YES,1.6309,NO,NO,NO,NO,NO
GraphRAG,123,149,O=C([O-])c1ccc(-c2cc(-c3ccc(C(=O)O)cc3)c(-c3ccc(C(=O)[O-])cc3)cc2-c2ccc(C(=O)O)cc2)cc1,O=C([O-])c1ccc(C(=O)[O-])cc1,0.632,0.207,YES,YES,1.3619,YES,YES,NO,NO,NO
GraphRAG,123,150,Fc1cc2cc(C3C=NN=C3)c(F)cc2cc1-c1cn[nH]c1,Cc1cnccc1C(F)(CCF)C(=CF)Cc1ccncc1,0.356,0.027,YES,YES,1.0863,NO,NO,NO,NO,NO
GraphRAG,123,151,O=C1C(=O)C(=O)C(=O)C1=O,O=C1C(=O)C(=O)C1=O,0.867,0.16,YES,NO,2.9966,YES,YES,YES,YES,NO
GraphRAG,123,152,O=C(Nc1cc(C(=O)[O-])cc(C(=O)[O-])c1)Nc1cc(C(=O)[O-])cc(C(=O)[O-])c1,O=C([O-])c1cccc(-n2cncn2)c1,0.395,0.317,YES,YES,3.562,NO,NO,NO,NO,NO
GraphRAG,123,153,Cc1nccn1Cc1ccc(-c2ccc(Cn3ccnc3C)cc2)cc1,c1ccc2c(c1)ncn2CCCCCn1cnc2ccccc21,0.641,0.221,YES,YES,1.5816,YES,YES,NO,NO,NO
GraphRAG,123,154,CC(=O)NC(C)(NC(C)=O)C(=O)[O-],O=C([O-])C1CCCCC1C(=O)O,0.243,0.205,YES,NO,2.1301,NO,NO,NO,NO,NO
GraphRAG,123,155,O=C([O-])c1cccc(CN2CCOCCN(Cc3cccc(C(=O)[O-])c3)CCOCC2)c1,O=C([O-])c1cccc(Oc2cccnc2)c1C(=O)[O-],0.367,0.275,YES,NO,1.6472,NO,NO,NO,NO,NO
GraphRAG,123,156,O=C([O-])c1c(Cl)cc(-c2cc(-c3cc(Cl)c(C(=O)[O-])c(Cl)c3)cc(-c3cc(Cl)c(C(=O)[O-])c(Cl)c3)c2)cc1Cl,O=C([O-])c1c(Cl)cc(-c2cc(-c3cc(Cl)c(C(=O)[O-])c(Cl)c3)cc(-c3cc(Cl)c(C(=O)[O-])c(Cl)c3)c2)cc1ClINVALID,0.0,0.0,NO,NO,,NO,NO,NO,NO,NO
GraphRAG,123,157,O=[PH](O)O,O=S(=O)(O)O,0.481,0.12,YES,YES,1.413,NO,NO,NO,NO,NO
GraphRAG,123,158,O=P(O)(O)C1=CC=C2[CH]C=CC=C2N1,OC1=Cc2c(ccc(O)c2S(O)(O)O)C=CC=C1S(O)(O)O,0.351,0.027,YES,YES,1.5319,NO,NO,NO,NO,NO
GraphRAG,123,159,c1ccc2nc(-c3cnc4ccccc4n3)cnc2c1,c1cc(-c2ccncc2)ccn1INVALID,0.0,0.0,NO,NO,,NO,NO,NO,NO,NO
GraphRAG,123,160,O=C([O-])Cn1nn[nH]c1=S,O=C([O-])CSc1nnc(SCC(=O)[O-])s1,0.556,0.24,YES,NO,0.6228,YES,NO,NO,NO,NO
GraphRAG,123,161,CCCCN(CCO)CCO,O=C(O)c1cc[n+]([O-])cc1,0.137,0.149,YES,YES,2.4234,NO,NO,NO,NO,NO
GraphRAG,123,162,CC1=C(CC2=C(C)N=NC2C)C(C)N=N1,c1ccc(-c2cc(-c3ccncc3)cc(-c3ccccn3)n2)nc1,0.206,0.0,YES,YES,2.4226,NO,NO,NO,NO,NO
GraphRAG,123,163,CC(C)c1cc(C(C)C)c(CP(=O)(O)O)c(C(C)C)c1,O=C([O-])C=Cc1cccnc1,0.128,0.08,YES,NO,1.9595,NO,NO,NO,NO,NO
GraphRAG,123,164,O=C([O-])CN=Cc1ccccc1O,O=C([O-])C=Cc1ccncc1,0.312,0.277,YES,YES,1.5915,NO,NO,NO,NO,NO
GraphRAG,123,165,CNC1CC2(C#CC(=O)[O-])C(NC)CC1(C#CC(=O)[O-])C(F)C2F,CCCOC1C2C(F)C(C(=O)[O-])C(F)C(F)C1(C(=O)[O-])C(F)C2CF,0.352,0.103,YES,YES,0.5622,NO,NO,NO,NO,NO
GraphRAG,123,166,O=C([O-])c1cccc(NNc2cccc(C(=O)[O-])c2)c1,O=C([O-])c1cccc(NNc2cccc(C(=O)[O-])c2)c1,1.0,1.0,YES,YES,1.5137,YES,YES,YES,YES,YES
GraphRAG,123,167,O=C([O-])c1ccc(NNc2ccc(C(=O)[O-])c(F)c2)cc1F,O=C([O-])c1ccc(NNc2ccc(C(=O)[O-])c(O)c2)cc1O,0.707,0.911,YES,NO,4.5183,YES,YES,YES,YES,YES
GraphRAG,123,168,N#CNC#N,N#CNC#NINVALID,0.0,0.0,NO,NO,,NO,NO,NO,NO,NO
GraphRAG,123,169,O=C([O-])c1cc(C(=O)[O][Ag])c(C(=O)[O-])cc1C(=O)[O][Ag],O=C([O-])c1cccc(C(=O)O)c1,0.571,0.6,YES,NO,1.7624,YES,YES,NO,NO,NO
GraphRAG,123,170,O=C([O-])c1cccc(=O)[nH]1,O=C([O-])c1cncc(Cl)c1,0.467,0.6,YES,NO,1.0964,YES,YES,NO,NO,NO
GraphRAG,123,171,O=C([O-])c1ccc(C(=O)[O-])cc1,O=C([O-])c1ccc(C(=O)[O-])cc1,1.0,1.0,YES,YES,1.0701,YES,YES,YES,YES,YES
GraphRAG,123,172,O=C([O-])CCCC(=O)[O-],O=C([O-])CCC(=O)[O-]INVALID,0.0,0.0,NO,NO,,NO,NO,NO,NO,NO
GraphRAG,123,173,COC1CCc2nccc(-c3ccncc3)c2C1OC,CC1(C)CCCC(C#CC(=O)[O-])CC1(C=O)C=O,0.216,0.078,YES,YES,0.9535,NO,NO,NO,NO,NO
GraphRAG,123,174,O=C([O-])c1ccc(C(=O)[O-])o1,O=C([O-])c1cccnc1C(=O)[O-],0.444,0.3,YES,YES,1.0642,NO,NO,NO,NO,NO
GraphRAG,123,175,[CH]1C=CC=C1,CCc1nnc(CC)n1CCCCCCCNC1=NC=CC=NCC1,0.061,0.0,YES,YES,1.5149,NO,NO,NO,NO,NO
GraphRAG,123,176,c1ccc(C2=NNC(c3ccccn3)=NN2)nc1,c1cn(-c2cc(-n3ccnc3)cc(-n3ccnc3)c2)cn1,0.432,0.0,YES,YES,1.6775,NO,NO,NO,NO,NO
GraphRAG,123,177,O=[N+]([O-])C12CN3CN(CN(C3)C1)C2,O=C(O)c1c(C(=O)[O-])c([N+](=O)[O-])c([N+](=O)[O-])c(C(=O)[O-])c1[N+](=O)[O-],0.463,0.15,YES,YES,2.0129,NO,NO,NO,NO,NO
GraphRAG,123,178,c1cc(-c2nnn[nH]2)ccc1-c1nn[nH]n1,C=CC=C(SCSc1ccncc1)C(S)=CC=N,0.244,0.0,YES,YES,0.8861,NO,NO,NO,NO,NO
GraphRAG,123,179,Cc1c(C)c(-c2ccncc2)c(C)c(C)c1B(c1c(C)c(C)c(-c2ccncc2)c(C)c1C)c1c(C)c(C)c(-c2ccncc2)c(C)c1C,Cc1c(C)c(-c2ccncc2)c(C)c(C)c1B(c1c(C)c(C)c(-c2ccncc2)c(C)c1C)c1c(C)c(C)c(-c2ccncc2)c(C)c1C,1.0,1.0,YES,YES,3.9513,YES,YES,YES,YES,YES
GraphRAG,123,180,O=C([O-])C(=O)[O-],O=C([O-])C(=O)[O-],1.0,1.0,YES,YES,0.4633,YES,YES,YES,YES,YES
GraphRAG,123,181,O=C([O-])CN(CC(=O)[O-])c1ccc(C(=O)[O-])cc1,O=C([O-])C1=CC=Cc2ccc(-c3ccc[nH]3)cc2C=C1,0.268,0.289,YES,YES,2.067,NO,NO,NO,NO,NO
GraphRAG,123,182,ON1[CH]C=CC=C1,Cc1cnc(C)cn1,0.194,0.0,YES,YES,1.3867,NO,NO,NO,NO,NO
GraphRAG,123,183,O=C([O-])C1OCOC2C(C(=O)[O-])OCOC12,CCCCCP(=O)(O)O.N#CCCCCCPO,0.04,0.019,YES,YES,3.0997,NO,NO,NO,NO,NO
GraphRAG,123,184,O=C([O-])c1ccc(-c2ccc(-c3cc(-c4ccc(-c5ccc(C(=O)[O-])cc5)c(Cl)c4)cc(-c4ccc(-c5ccc(C(=O)[O-])cc5)c(Cl)c4)c3)cc2Cl)cc1,O=C([O-])C=CC(S)=C1C=C(C2=C3C=CC(C(=O)[O-])=C(C(S)C4=CC(C(=O)[O-])=C(S)C4=C3)C(S)c3cc4c(C(=O)[O-])cc3SC=C3C[SH]=CC=CC5C=CC(S)=C3SCC=C(C(=[SH]5)SC=C4)C(C(=O)[O-])C[SH]=C2)C=[SH]CSC1,0.326,0.113,YES,YES,2.9492,NO,NO,NO,NO,NO
GraphRAG,123,185,C1COCCO1,CCc1nnc(CC)[nH]1,0.098,0.0,YES,YES,0.7902,NO,NO,NO,NO,NO
GraphRAG,123,186,O=C1NCCN1,O=C(O)c1c[nH]c(=O)[nH]c1=O,0.358,0.145,YES,YES,0.4387,NO,NO,NO,NO,NO
GraphRAG,123,187,CC(=O)C(Sc1ccncc1)C(C)=O,CC1=NNCCCC2CNN=C2C=N1,0.093,0.043,YES,YES,1.3266,NO,NO,NO,NO,NO
GraphRAG,123,188,O=C([O-])c1ccc2c3c(ccc(C(=O)[O-])c13)C(=O)N(c1ccncc1)C2=O,C=CC=CC(O)=CC(C(=O)[O-])=c1ccccc1=CC(=O)[O-],0.277,0.213,YES,YES,1.5068,NO,NO,NO,NO,NO
GraphRAG,123,189,O=C([O-])C1=CC2=NN=NC2=C[CH]1,O=C([O-])C1=CC2=NN=NC2=C[CH]1,1.0,1.0,YES,YES,1.1958,YES,YES,YES,YES,YES
GraphRAG,123,190,S=c1[nH]c2ccccc2[nH]1,S=C1NCCS1,0.375,0.156,YES,NO,1.1038,NO,NO,NO,NO,NO
GraphRAG,123,191,O=C([O-])C1=C[CH]N(Cc2cc(C(=O)[O-])cc(C(=O)[O-])c2)C=C1,O=C([O-])c1ccc(COc2cc(C(=O)[O-])cc(C(=O)[O-])c2)cc1,0.417,0.513,YES,NO,1.3609,YES,NO,NO,NO,NO
GraphRAG,123,192,O=C([O-])C1=C[CH]N(CCCN2[CH]C=C(C(=O)[O-])C=C2)C=C1,O=C([O-])c1cccnc1C(=O)[O-],0.357,0.169,YES,NO,1.3586,NO,NO,NO,NO,NO
GraphRAG,123,193,Oc1ccc(S)cc1,Nc1ccc(C(=O)NO)cc1,0.167,0.545,YES,NO,1.0086,YES,NO,NO,NO,NO
GraphRAG,123,194,C1CCOC1,CCc1nnc(CC)[nH]1,0.108,0.0,YES,YES,1.4614,NO,NO,NO,NO,NO
GraphRAG,123,195,O=C([O-])c1ccc(N(c2ccc(C(=O)[O-])cc2)c2ccc(-c3ccncc3)cc2)cc1,O=C([O-])c1ccc(NNc2ccc(C(=O)[O-])c(C(=O)O)c2)cc1INVALID,0.0,0.0,NO,NO,,NO,NO,NO,NO,NO
GraphRAG,123,196,NCc1cccnc1,NCc1ccccn1,0.8,0.75,YES,NO,0.5763,YES,YES,YES,NO,NO
GraphRAG,123,197,C#N,C#NINVALID,0.0,0.0,NO,NO,,NO,NO,NO,NO,NO
GraphRAG,123,198,O=C1c2ccccc2C(=O)c2c(O)ccc(O)c21,O=C1c2ccc3c4c(ccc(c24)C(=O)N1Cc1ccncc1)C(=O)N(Cc1ccncc1)C3=OINVALID,0.0,0.0,NO,NO,,NO,NO,NO,NO,NO
GraphRAG,123,199,O=C([O-])c1ccc(C#Cc2ccc(C(=O)[O-])cc2F)c(F)c1,O=C([O-])c1ccc(C#Cc2ccc(C(=O)[O-])cc2F)c(F)c1,1.0,1.0,YES,YES,4.555,YES,YES,YES,YES,YES
GraphRAG,123,200,O=C([O-])CCN(CCC(=O)[O-])CCC(=O)[O-],CCOC(=O)C(C=O)C(=O)[O-],0.355,0.294,YES,YES,2.5652,NO,NO,NO,NO,NO
GraphRAG,123,201,On1nnnc1-c1nnnn1O,O=C1[CH]C(=O)NC(=S)N1,0.276,0.05,YES,NO,1.625,NO,NO,NO,NO,NO
GraphRAG,123,202,O=C([O-])c1ccc(C2=C3C=CC4=[N]3->[Fe]35<-[N]6=C(C=CC6=C(c6ccc(C(=O)[O-])cc6)c6ccc2[n]63)C(c2ccc(C(=O)[O-])cc2)=c2ccc([n]25)=C4c2ccc(C(=O)[O-])cc2)cc1,O=C([O-])c1ccc(-c2c3nc(c(-c4ccc(C(=O)[O-])cc4)c4ccc([nH]4)c(-c4ccc(C(=O)[O-])cc4)c4nc(c(-c5ccc(C(=O)[O-])cc5)c5ccc2[nH]5)C=C4)C=C3)cc1,0.549,0.154,YES,YES,1.7527,YES,NO,NO,NO,NO
GraphRAG,123,203,O=C([O-])c1ccc(C(=O)[O-])s1,O=C([O-])c1ccc(C(=O)[O-])s1INVALID,0.0,0.0,NO,NO,,NO,NO,NO,NO,NO
GraphRAG,123,204,FC12C3C4N1C1C2N3C41F,O=C([O-])c1c(Cl)c(Cl)c(C(=O)[O-])c(CCCl)c1Cl,0.122,0.0,YES,YES,1.6076,NO,NO,NO,NO,NO
GraphRAG,123,205,CNc1nc(NC)c(NC)c(C#Cc2c(NC)c(NC)nc(NC)c2NC)c1NC,Cc1cncc(C)c1C#CC1=CC=C(C#Cc2ccnc(C)c2C)C=CC1,0.543,0.296,YES,YES,3.0182,YES,NO,NO,NO,NO
GraphRAG,123,206,O=C([O-])c1cc(O)c(C#Cc2c(O)cc(C(=O)[O-])cc2O)c(O)c1,O=C([O-])c1cc(F)c(C#Cc2c(F)cc(C(=O)[O-])cc2F)c(F)c1,0.586,0.836,YES,NO,6.6269,YES,YES,YES,NO,NO
GraphRAG,123,207,O=S(=O)(O)O,O=[PH](O)O,0.481,0.12,YES,YES,0.4715,NO,NO,NO,NO,NO
GraphRAG,123,208,O=C([O-])c1ccc(C(=O)[O-])c2cc(Cl)c(Cl)cc12,O=C([O-])c1c(Cl)c(Cl)c(C(=O)[O-])c2ccccc12,1.0,0.891,YES,NO,1.4355,YES,YES,YES,YES,YES
GraphRAG,123,209,O=C([O-])c1ccc(P(=O)(O)O)cc1,O=C([O-])c1cccc(-n2ccc(=O)cc2)c1C(=O)[O-],0.283,0.464,YES,YES,1.564,NO,NO,NO,NO,NO
GraphRAG,123,210,O=C([O-])C=CC(=O)[O-],O=C([O-])C#CC(=O)[O-],0.818,0.471,YES,NO,1.349,YES,YES,YES,NO,NO
GraphRAG,123,211,O=C([O-])CC(=O)[O-],O=C([O-])CCC(=O)[O-],0.786,0.604,YES,YES,0.4013,YES,YES,YES,NO,NO
GraphRAG,123,212,O=C([O-])COc1ccc(OCC(=O)[O-])cc1,O=C([O-])COc1ccc(OCC(=O)[O-])cc1,1.0,1.0,YES,YES,1.1962,YES,YES,YES,YES,YES
GraphRAG,123,213,N#CC1CC2(C#CC(=O)[O-])CCC1(C#CC(=O)[O-])CC2,CNC1CC2(C#CC(=O)[O-])CCC1(C#CC(=O)[O-])CC2,0.629,0.902,YES,YES,3.5815,YES,YES,YES,YES,YES
GraphRAG,123,214,O=C([O-])c1nnn[nH]1,O=C([O-])c1nnn[nH]1,1.0,1.0,YES,YES,2.6943,YES,YES,YES,YES,YES
GraphRAG,123,215,O=C([O-])c1cc(Cl)c(C(=O)[O-])c2c1CC2,O=C([O-])c1c(Cl)c(Cl)c(C(=O)[O-])c2c1CC2,1.0,0.939,YES,NO,3.5138,YES,YES,YES,YES,YES
GraphRAG,123,216,O=C([O-])c1c(Br)c(Br)c(C(=O)[O-])c(Br)c1Br,O=C([O-])c1c(Cl)c(Cl)c(C(=O)[O-])c(Cl)c1Cl,0.895,0.75,YES,YES,2.3407,YES,YES,YES,YES,NO
GraphRAG,123,217,O=C([O-])c1ccc(C(=O)[O-])c(C(=O)[O-])c1,O=C([O-])c1cc(C(=O)[O-])cc(C(=O)[O-])c1,0.857,0.8,YES,NO,1.4525,YES,YES,YES,YES,NO
GraphRAG,123,218,CC1Cc2c(C(=O)[O-])ccc(C(=O)[O-])c21,O=C([O-])c1ccc(C(=O)[O-])c2cc(Br)c(Br)cc12,0.6,0.653,YES,YES,1.8407,YES,YES,NO,NO,NO
GraphRAG,123,219,O=C([O-])c1ccc(-c2ccc(C(=O)[O-])cc2F)c(F)c1,O=C([O-])c1c(F)c(F)c(C(=O)[O-])c2c(F)c(F)c(F)c(F)c12,0.87,0.447,YES,YES,3.4918,YES,YES,YES,YES,NO
GraphRAG,123,220,O=C([O-])c1cncc(C(=O)[O-])c1,O=C([O-])c1cccnc1C(=O)[O-],0.818,0.75,YES,YES,0.4563,YES,YES,YES,NO,NO
GraphRAG,123,221,O=C([O-])c1ccc(-c2cc(-c3ccc(C(=O)[O-])cc3)c(C(=O)[O-])cc2C(=O)[O-])cc1,O=C([O-])c1ccc(-c2ccc(C(=O)[O-])c(Br)c2)cc1,0.81,0.598,YES,YES,2.1334,YES,YES,YES,NO,NO
GraphRAG,123,222,Nc1nnc[nH]1,c1nnc[nH]1,0.654,0.833,YES,NO,3.6357,YES,YES,YES,NO,NO
GraphRAG,123,223,O=C([O-])C#CC#CC(=O)[O-],O=C([O-])C=CC(=O)[O-],0.818,0.373,YES,YES,0.4415,YES,YES,YES,NO,NO
GraphRAG,123,224,Nc1ccccc1C(=O)[O-],O=C([O-])c1ccccn1,0.458,0.36,YES,YES,0.6326,NO,NO,NO,NO,NO
GraphRAG,123,225,O=C([O-])c1cc(C(=O)[O-])cc(-n2cnnc2)c1,O=C([O-])c1cc(C(=O)[O-])cc(-c2nnn[nH]2)c1,0.707,0.69,YES,YES,0.7385,YES,YES,YES,NO,NO
GraphRAG,123,226,O=CC1c2c(C(=O)[O-])ccc(C(=O)[O-])c2C1O,O=C([O-])C12C3C4C1C1(F)C4(C(=O)[O-])C3C21F,0.517,0.774,YES,YES,3.4261,YES,YES,YES,NO,NO
GraphRAG,123,227,O=C([O-])c1ccc2cc(C(=O)[O-])ccc2c1,O=C([O-])c1ccc(-c2cc(C(=O)[O-])ccc2C(=O)[O-])nc1,0.538,0.421,YES,YES,1.203,YES,NO,NO,NO,NO
GraphRAG,123,228,O=C([O-])c1ccc(OCC(COc2ccc(C(=O)[O-])cc2)(COc2ccc(C(=O)[O-])cc2)COc2ccc(C(=O)[O-])cc2)cc1,Cc1nnc(-c2ccccc2)n1-c1ccc(C(=O)[O-])cc1,0.208,0.195,YES,YES,1.1784,NO,NO,NO,NO,NO
GraphRAG,123,229,O=C([O-])c1cc(C(=O)[O-])cc(-c2ccc3cc(C(=O)[O-])ccc3c2)c1,O=C([O-])c1cccccc(-c2ccccc2)c(C(=O)[O-])ccccc(-c2ccccc2)c1,0.842,0.214,YES,YES,0.728,YES,YES,YES,NO,NO
GraphRAG,123,230,CCCOc1cc(C(=O)[O-])c(Br)c(Br)c1C(=O)[O-],O=C([O-])c1ccc(-c2cc(-c3ccncc3)cc(-c3ccc(C(=O)[O-])cc3)n2)cc1,0.273,0.289,YES,YES,0.7008,NO,NO,NO,NO,NO
GraphRAG,123,231,O=C([O-])c1ccc(C(=O)O)c(-c2nc(C(=O)[O-])ccc2C(=O)O)n1,O=C([O-])c1cc2nc[nH]c2cc1C(=O)[O-],0.639,0.148,YES,YES,3.456,YES,YES,NO,NO,NO
GraphRAG,123,232,O=C([O-])c1cc2nc[nH]c2cc1C(=O)[O-],O=C([O-])c1cccnc1-c1ncccc1C(=O)O,0.676,0.196,YES,YES,1.7506,YES,YES,NO,NO,NO
GraphRAG,123,233,O=C([O-])C1=NC=NC1C(=O)[O-],O=C([O-])c1nn[nH]c1C(=O)[O-],0.622,0.327,YES,YES,2.5059,YES,YES,NO,NO,NO
GraphRAG,123,234,[CH]1C=NN=N1,CCc1nnc[nH]1,0.483,0.0,YES,YES,6.5936,NO,NO,NO,NO,NO
GraphRAG,123,235,c1cnccn1,c1cncnc1,0.769,0.0,YES,YES,1.027,YES,YES,YES,NO,NO
GraphRAG,123,236,C(C#Cc1cc(C#CC#CC2C=NN=C2)cc(C#CC#CC2C=NN=C2)c1)#CC1=CN=N[CH]1,C(C=CN(C=CC=Cc1cn[nH]c1)C=CC=CC1C=NN=C1)=Cc1cn[nH]c1,0.613,0.176,YES,YES,1.2011,YES,YES,NO,NO,NO
GraphRAG,123,237,Nc1nnc(C(=O)[O-])[nH]1,O=C([O-])C1C=NN=N1,0.615,0.4,YES,YES,0.9141,YES,YES,NO,NO,NO
GraphRAG,123,238,COc1ccc(-c2coc3cc(O)c(OC)c(O)c3c2=O)cc1S(O)(O)O,OS(O)(O)C=CC=Cc1nc(-c2ccncc2)ccc1N=CC1=CC(=CS(O)(O)O)C=C1,0.485,0.11,YES,YES,1.1722,NO,NO,NO,NO,NO
GraphRAG,123,239,O=C([O-])c1cc(C(=O)[O-])cc(-c2cccnc2)c1,O=C([O-])c1ccc2ccccc2c1,0.5,0.489,YES,YES,1.5903,YES,NO,NO,NO,NO
GraphRAG,123,240,O=C([O-])c1cccc(Cl)c1C(=O)[O-],O=C([O-])c1ccc2c(c1)C(=O)c1cc(C(=O)[O-])ccc1-2,0.5,0.434,YES,NO,2.4653,YES,NO,NO,NO,NO
GraphRAG,123,241,O=C([O-])CCn1c(=O)n(CCC(=O)[O-])c(=O)n(CCC(=O)[O-])c1=O,O=C([O-])CN1CC(=O)N(CC(=O)[O-])CC1=O,0.654,0.15,YES,NO,1.1969,YES,YES,NO,NO,NO
GraphRAG,123,242,O=C([O-])c1cccc(S(O)(O)O)c1,O=C([O-])N1CCN(CP(=O)(O)O)CC1,0.323,0.186,YES,YES,1.484,NO,NO,NO,NO,NO
GraphRAG,123,243,CC=CC(=O)[O-],O=C([O-])CCCC(=O)[O-],0.4,0.417,YES,YES,1.482,NO,NO,NO,NO,NO
GraphRAG,123,244,O=C([O-])c1ccc(C(c2ccc(C(=O)[O-])cc2)(C(F)(F)F)C(F)(F)F)cc1,O=C([O-])c1ccc(N(c2ccc(C(=O)[O-])c(Cl)c2)c2ccc(C(=O)O)c(Cl)c2)cc1Cl,0.485,0.283,YES,YES,1.0351,NO,NO,NO,NO,NO
GraphRAG,123,245,Nc1c(O)c(C2=NNC(c3c(N)c(O)c(C(=O)[O-])c(N)c3O)=NN2)c(N)c(O)c1C(=O)[O-],O=C([O-])c1ccc(NNc2cc(Cl)c(C(=O)[O-])c(Cl)c2)c(Cl)c1Cl,0.5,0.275,YES,NO,2.5328,YES,NO,NO,NO,NO
GraphRAG,123,246,O=C([O-])c1cc(NCc2ccncc2)cc(C(=O)[O-])c1,O=C([O-])c1ccncc1,0.483,0.343,YES,YES,1.2782,NO,NO,NO,NO,NO
GraphRAG,123,247,O=CC(C(=O)[O-])=C(Br)C=CC(=O)[O-],O=C([O-])C=CC(Br)=CC(=O)[O-],0.875,0.841,YES,YES,1.5336,YES,YES,YES,YES,NO
GraphRAG,123,248,O=C([O-])c1ccc(Oc2ccc(C(=O)[O-])cc2)cc1,O=C([O-])c1ccc(Oc2ccc(C(=O)[O-])cc2)cc1INVALID,0.0,0.0,NO,NO,,NO,NO,NO,NO,NO
GraphRAG,123,249,Cc1c(CSc2ccncc2)c(C)c(CSc2ccncc2)c(C)c1CSc1ccncc1,c1cc(-c2nnc(-c3ccncc3)o2)ccn1,0.3,0.176,YES,YES,1.2477,NO,NO,NO,NO,NO
GraphRAG,123,250,O=S(=O)(Nc1cccnc1)c1cccnc1,O=C([O-])CNS(=O)(=O)c1cccnc1,0.684,0.61,YES,YES,0.8117,YES,YES,NO,NO,NO
GraphRAG,123,251,Clc1cnccn1,Fc1cnc(F)cn1,0.882,0.75,YES,YES,1.5604,YES,YES,YES,YES,NO
GraphRAG,123,252,Nc1cnccn1,c1cnccn1,0.579,0.857,YES,YES,0.7596,YES,YES,YES,YES,NO
GraphRAG,123,253,Cc1nnc(C)[nH]1,[CH]1N=CNN1CCCCCCN1[CH]N=CN1,0.381,0.037,YES,NO,2.4999,NO,NO,NO,NO,NO
GraphRAG,123,254,CC(O)C(=O)[O-],CC(O)C(=O)[O-],1.0,1.0,YES,YES,2.3337,YES,YES,YES,YES,YES
GraphRAG,123,255,C(=Nn1cnnc1)c1ccccn1,c1cc(SSc2ccncc2)ccn1,0.343,0.417,YES,NO,1.1865,NO,NO,NO,NO,NO
GraphRAG,123,256,O=C([O-])C=CC(Br)=CC(=O)[O-],O=C([O-])C=CC(Br)=CC(=O)[O-],1.0,1.0,YES,YES,2.1478,YES,YES,YES,YES,YES
GraphRAG,123,257,O=C([O-])CCP(=O)(O)c1ccccc1,Cc1ccc(S(=O)(=O)NC(CCC(=O)[O-])C(=O)[O-])cc1,0.48,0.3,YES,YES,1.0358,NO,NO,NO,NO,NO
GraphRAG,123,258,O=Cc1cncc2c(C=O)cncc12,N#CC1=NN=C(Br)C1C#CC#CCC1C(Br)=NN=C1Br,0.158,0.079,YES,YES,1.8449,NO,NO,NO,NO,NO
GraphRAG,123,259,COc1ccc(-c2nc(C(=O)[O-])c(C(=O)[O-])[nH]2)cc1,O=C([O-])c1cc(C(=O)O)cc([N+](=O)[O-])c1,0.259,0.309,YES,YES,0.9007,NO,NO,NO,NO,NO
GraphRAG,123,260,O=C[O-],O=C[O-]INVALID,0.0,0.0,NO,NO,,NO,NO,NO,NO,NO
GraphRAG,123,261,N#Cc1ccccc1CSCc1ccccc1C#N,NCc1ccccn1,0.259,0.083,YES,NO,0.3493,NO,NO,NO,NO,NO
GraphRAG,123,262,Ic1nc2ccccc2[nH]1,C1Cc2nnc3c4c(nnc(c24)C1)CCC3,0.382,0.351,YES,NO,4.4268,NO,NO,NO,NO,NO
GraphRAG,123,263,c1ccc2c(c1)CSCc1ccc(cc1)CSCc1ccccc1OCCCO2,c1ccc2c(c1)CSCCOCCSCc1ccccc1OCCO2,0.862,0.199,YES,NO,1.4695,YES,YES,YES,YES,NO
GraphRAG,123,264,O=C([O-])c1cc(OCc2ccccc2C(=O)O)cc(C(=O)[O-])c1,O=C([O-])c1cc(OCc2ccccc2C(=O)[O-])cc(C(=O)O)c1INVALID,0.0,0.0,NO,NO,,NO,NO,NO,NO,NO
GraphRAG,123,265,NCc1ccncc1,Cc1nccn1CCCCn1ccnc1C,0.282,0.099,YES,YES,1.4274,NO,NO,NO,NO,NO
GraphRAG,123,266,c1ccc(-c2nnn[nH]2)nc1,c1cnc(-c2nnn[nH]2)cn1,1.0,0.527,YES,YES,1.8304,YES,YES,YES,YES,YES
GraphRAG,123,267,O=C([O-])C(Cl)=C(Cl)C(=O)[O-],O=C([O-])C(Cl)=C(Cl)C(=O)[O-]INVALID,0.0,0.0,NO,NO,,NO,NO,NO,NO,NO
GraphRAG,123,268,NC(CC(=O)[O-])C(=O)[O-],CC(C(=O)[O-])C(=O)[O-]INVALID,0.0,0.0,NO,NO,,NO,NO,NO,NO,NO
GraphRAG,123,269,O=C([O-])c1c(F)c(F)c(C(=O)[O-])c(F)c1F,O=C([O-])c1c(F)c(F)c(C(=O)[O-])c(F)c1F,1.0,1.0,YES,YES,1.2294,YES,YES,YES,YES,YES
GraphRAG,123,270,O=C([O-])c1c([N+](=O)[O-])c([N+](=O)[O-])c(C(=O)[O-])c2ccccc12,O=C([O-])c1ccc([N+](=O)[O-])cc1,0.763,0.402,YES,YES,5.0585,YES,YES,YES,NO,NO
GraphRAG,123,271,O=C([O-])Cc1ccc(CC(=O)[O-])cc1,O=C([O-])c1ccccc1C(=O)[O-]INVALID,0.0,0.0,NO,NO,,NO,NO,NO,NO,NO
GraphRAG,123,272,COc1cc(C(=O)[O-])cc(C(=O)[O-])c1,CCCc1cc(C(=O)[O-])cc(C(=O)[O-])c1,0.542,0.8,YES,YES,1.5272,YES,YES,YES,NO,NO
GraphRAG,123,273,O=C([O-])Cc1nnn[nH]1,O=C([O-])Cc1nnn[nH]1,1.0,1.0,YES,YES,1.7646,YES,YES,YES,YES,YES
GraphRAG,123,274,O=C([O-])c1ccnc(C(=O)[O-])c1,O=C([O-])c1cccnc1C(=O)[O-],0.864,0.75,YES,YES,0.5116,YES,YES,YES,YES,NO
GraphRAG,123,275,O=C([O-])c1ccc(-c2ccc(C(=O)[O-])cc2)cc1,CC1=CC2=C(C(=O)[O-])C=C(c3cccnc3)C=CC1=CC=C2C(=O)[O-],0.464,0.14,YES,YES,0.5012,NO,NO,NO,NO,NO
GraphRAG,123,276,c1cn(CCCCn2ccnc2)cn1,c1cn(Cn2ccnc2)cn1,0.75,0.417,YES,NO,1.1921,YES,YES,YES,NO,NO
GraphRAG,123,277,O=C([O-])C#CC(Cl)=C(Cl)C#CC(=O)[O-],O=C([O-])c1c(Cl)c(Cl)c(C#Cc2c(Cl)c(Cl)c(C(=O)[O-])c(Cl)c2Cl)c(Cl)c1Cl,0.565,0.092,YES,NO,1.5951,YES,NO,NO,NO,NO
GraphRAG,123,278,O=C([O-])C=CCC(=O)[O-],O=C([O-])CC=CCC(=O)[O-],0.923,0.687,YES,NO,2.5669,YES,YES,YES,YES,YES
GraphRAG,123,279,O=C([O-])c1cc(C(=O)[O-])cc(-c2cc(-c3cc(C(=O)[O-])cc(C(=O)[O-])c3)c3ccc4c(-c5cc(C(=O)[O-])cc(C(=O)[O-])c5)cc(-c5cc(C(=O)[O-])cc(C(=O)[O-])c5)c5ccc2c3c54)c1,O=C([O-])c1cccccc(-c2ccccc2)c(C(=O)[O-])cccccc1-c1ccccc1,0.842,0.401,YES,YES,0.8394,YES,YES,YES,NO,NO
GraphRAG,123,280,O=C([O-])c1cc(C(=O)[O-])cc([N+](=O)[O-])c1,O=C([O-])c1ccc([N+](=O)[O-])cc1,1.0,0.6,YES,YES,1.2723,YES,YES,YES,YES,YES
GraphRAG,123,281,NC(=O)c1ccccc1OCC(=O)[O-],O=C([O-])Cc1ccccc1CC(=O)[O-],0.457,0.5,YES,YES,1.1339,YES,NO,NO,NO,NO
GraphRAG,123,282,C[Si](C)(c1ccncc1)c1ccncc1,CC=CC(C=CC1=CC=CC1)N(c1ccc(-c2ccncc2)cc1)c1ccc(-c2ccncc2)cc1,0.438,0.16,YES,YES,1.7359,NO,NO,NO,NO,NO
GraphRAG,123,283,O=C([O-])c1nn[nH]c1C(=O)[O-],O=C([O-])c1nnn[nH]1,0.829,0.327,YES,YES,3.9239,YES,YES,YES,NO,NO
GraphRAG,123,284,O=C([O-])c1cc2ccccc2c(Cc2c(O)c(C(=O)[O-])cc3ccccc23)c1O,O=C([O-])C=c1c2cccc1=C(C(=O)[O-])C=CC(c1ccccc1)=C2,0.531,0.199,YES,YES,0.9031,YES,NO,NO,NO,NO
GraphRAG,123,285,O=C([O-])c1c(Cl)c(Cl)c(C(=O)[O-])c(Cl)c1Cl,O=C([O-])c1cc(Cl)c(Cl)cc1ClINVALID,0.0,0.0,NO,NO,,NO,NO,NO,NO,NO
GraphRAG,123,286,O=C([O-])c1cccnc1C(=O)[O-],O=C([O-])c1cccnc1C(=O)[O-]INVALID,0.0,0.0,NO,NO,,NO,NO,NO,NO,NO
GraphRAG,123,287,N#CS,N#CSINVALID,0.0,0.0,NO,NO,,NO,NO,NO,NO,NO
GraphRAG,123,288,O=C([O-])c1cc(O)cc(C(=O)[O-])c1,O=C([O-])c1ccc(C(=O)[O-])cc1INVALID,0.0,0.0,NO,NO,,NO,NO,NO,NO,NO
GraphRAG,123,289,O.OI,O.O.OI,0.667,0.667,YES,YES,0.7562,YES,YES,NO,NO,NO
GraphRAG,123,290,O=C([O-])c1cc(C(=O)[O-])cc(C(=O)O)c1,O=C([O-])c1cc(C(=O)[O-])cc(C(=O)O)c1,1.0,1.0,YES,YES,1.1984,YES,YES,YES,YES,YES
GraphRAG,123,291,O=C([O-])C=Cc1ccc(C(=O)[O-])cc1,O=C([O-])c1ccc(C(=O)[O-])cc1,0.923,0.714,YES,YES,1.5395,YES,YES,YES,YES,YES
GraphRAG,123,292,O=C([O-])c1ccc(-c2ccc(C(=O)[O-])c([N+](=O)[O-])c2)cc1[N+](=O)[O-],O=C([O-])c1ccc(-c2ccc(C(=O)[O-])c([N+](=O)[O-])c2)cc1[N+](=O)[O-],1.0,1.0,YES,YES,5.3427,YES,YES,YES,YES,YES
GraphRAG,123,293,OS(O)(O)c1ccc2cc(S(O)(O)O)ccc2c1,OS(O)(O)c1cccc2c(S(O)(O)O)cccc12,1.0,0.979,YES,NO,1.2075,YES,YES,YES,YES,YES
GraphRAG,123,294,O=C([O-])CCCCCCCC(=O)[O-],O=C([O-])CCC(=O)[O-],0.867,0.444,YES,YES,1.3498,YES,YES,YES,YES,NO
GraphRAG,123,295,[CH2]C(=O)c1ccccc1,O=C([O-])CCCCCCCC(=O)[O-],0.105,0.205,YES,YES,3.3234,NO,NO,NO,NO,NO
GraphRAG,123,296,O=C([O-])c1ccccc1,O=C([O-])c1ccc(C(=O)[O-])cc1,0.75,0.75,YES,NO,1.2612,YES,YES,YES,NO,NO
GraphRAG,123,297,O=C(O)c1cc(S(O)(O)O)c2cc(C(=O)O)cc(S(O)(O)O)c2c1,O=C(O)c1cc(S(O)(O)O)c2cc(C(=O)O)cc(S(O)(O)O)c2c1,1.0,1.0,YES,YES,0.5473,YES,YES,YES,YES,YES
GraphRAG,123,298,O=C([O-])c1ccncc1,O=C([O-])c1cccnc1,0.933,0.667,YES,NO,0.6655,YES,YES,YES,YES,YES
GraphRAG,123,299,O=C([O-])c1cccnc1-c1ncccc1C(=O)[O-],O=C([O-])c1cccc(-n2ccc(=O)cc2)c1C(=O)[O-],0.632,0.309,YES,YES,1.5858,YES,YES,NO,NO,NO
GraphRAG,123,300,O=C([O-])c1ccccn1,O=C([O-])c1ccncc1,0.875,0.667,YES,YES,0.3126,YES,YES,YES,YES,NO
GraphRAG,123,301,O=C([O-])c1ccc(C#Cc2ccc(C(=O)[O-])c(Cl)c2)cc1Cl,O=C([O-])c1ccc(C#Cc2ccc(C(=O)[O-])cc2Cl)c(Cl)c1,1.0,0.911,YES,YES,2.6663,YES,YES,YES,YES,YES
GraphRAG,123,302,Fc1cnc(F)cn1,Fc1cnc(F)cn1,1.0,1.0,YES,YES,0.5131,YES,YES,YES,YES,YES
GraphRAG,123,303,O=C([O-])c1cc(C(=O)[O-])cc(C(=O)[O-])c1,O=C([O-])c1cc(C(=O)[O-])cc(C(=O)[O-])c1,1.0,1.0,YES,YES,1.2667,YES,YES,YES,YES,YES
GraphRAG,123,304,O=C([O-])Cc1ccccc1CC(=O)[O-],O=C([O-])Cc1ccccc1CC(=O)[O-],1.0,1.0,YES,YES,1.4237,YES,YES,YES,YES,YES
GraphRAG,123,305,O=C([O-])c1cc2ccc3cc(C(=O)[O-])cc4ccc(c1)c2c34,O=C([O-])C=CC=c1cc(-c2ccc(C(=O)[O-])cc2Br)c(=CC=CC(=O)[O-])c2cc(C(=O)[O-])ccc12,0.615,0.374,YES,YES,3.058,YES,YES,NO,NO,NO
GraphRAG,123,306,NC1=N[CH]c2ncn(CC(=O)[O-])c2N1,NC1=N[CH]c2ncn(CCC(=O)[O-])c2N1,0.885,0.805,YES,NO,0.99,YES,YES,YES,YES,NO
GraphRAG,123,307,O=C(O)c1ccc(-c2cc(C(=O)[O-])c(-c3ccc(C(=O)O)cc3)cc2C(=O)[O-])cc1,C=C(C=C(C=CC=C(C=CC(=CC=O)C=C(C=CC(=O)[O-])C(=O)O)C(=O)[O-])C(=O)[O-])C(=O)O,0.478,0.08,YES,YES,1.2509,NO,NO,NO,NO,NO
GraphRAG,123,308,O=C([O-])C(=O)O,O=C([O-])C(=O)[O-]INVALID,0.0,0.0,NO,NO,,NO,NO,NO,NO,NO
GraphRAG,123,309,Nc1c(I)c(C(=O)[O-])c(I)c(C(=O)[O-])c1I,O=C([O-])c1c(Br)c(Br)c(C(=O)[O-])c(Br)c1Br,0.654,0.562,YES,YES,3.9622,YES,YES,NO,NO,NO
GraphRAG,123,310,OS(O)(O)c1cccc2c(S(O)(O)O)cccc12,OS(O)(O)c1cccc2c(S(O)(O)O)cccc12,1.0,1.0,YES,YES,1.2488,YES,YES,YES,YES,YES
GraphRAG,123,311,O=C([O-])c1cnccn1,O=C([O-])c1cccnc1C(=O)[O-],0.68,0.3,YES,YES,1.4866,YES,YES,NO,NO,NO
GraphRAG,123,312,O=C([O-])c1c(F)c(F)c(C#Cc2c(F)c(F)c(C(=O)[O-])c(F)c2F)c(F)c1F,O=C([O-])c1c(F)c(F)c(C#Cc2c(F)c(F)c(C(=O)[O-])c(F)c2F)c(F)c1F,1.0,1.0,YES,YES,5.9188,YES,YES,YES,YES,YES
GraphRAG,123,313,O=C([O-])c1ccc(Oc2cc(C(=O)[O-])cc(C(=O)[O-])c2)cc1,O=C([O-])c1ccc(Oc2ccc(C(=O)[O-])c(C(=O)[O-])c2)cc1C(=O)[O-],0.905,0.764,YES,YES,1.4584,YES,YES,YES,YES,YES
GraphRAG,123,314,N#CC(C#N)=c1c(=O)c(=C(C#N)C#N)c1=O,N#CC(C#N)=c1c(=O)c(=C(C#N)C#N)c1=O,1.0,1.0,YES,YES,1.5525,YES,YES,YES,YES,YES
GraphRAG,123,315,CC(=O)[O-],CC(=O)[O-],1.0,1.0,YES,YES,1.2521,YES,YES,YES,YES,YES
GraphRAG,123,316,O=C([O-])c1cc[n+]([O-])cc1,O=C([O-])c1cccc(C(=O)[O-])[n+]1[O-],0.794,0.538,YES,NO,0.5083,YES,YES,YES,NO,NO
GraphRAG,123,317,O=C([O-])c1cc(C(=O)[O-])cc(S(O)(O)O)c1,O=C([O-])c1cc(C(=O)[O-])cc(S(O)(O)O)c1,1.0,1.0,YES,YES,1.3412,YES,YES,YES,YES,YES
GraphRAG,123,318,O=C([O-])C1C(C(=O)[O-])C(C(=O)[O-])C(C(=O)[O-])C(C(=O)[O-])C1C(=O)[O-],O=C([O-])C1C(C(=O)[O-])C(C(=O)[O-])C1C(=O)[O-],0.846,0.15,YES,NO,2.721,YES,YES,YES,NO,NO
GraphRAG,123,319,O=C(O)CC(O)(CC(=O)O)C(=O)[O-],O=C([O-])CC(O)(CC(=O)O)C(=O)[O-],1.0,1.0,YES,NO,1.8646,YES,YES,YES,YES,YES
GraphRAG,123,320,O=C([O-])c1cc(S(=O)(=O)c2ccc(C(=O)[O-])c(C(=O)O)c2)ccc1C(=O)O,O=C([O-])c1cc(C(=O)[O-])cc(C(=O)O)c1,0.382,0.329,YES,YES,1.0498,NO,NO,NO,NO,NO
GraphRAG,123,321,c1nc[nH]n1,c1cn[nH]n1,0.9,0.0,YES,YES,2.4084,YES,YES,YES,YES,YES
GraphRAG,123,322,C1CCSC1,c1nnn[nH]1,0.143,0.0,YES,YES,0.7991,NO,NO,NO,NO,NO
GraphRAG,123,323,O=C([O-])c1cc([N+](=O)[O-])c2c([N+](=O)[O-])c(C(=O)[O-])cc([N+](=O)[O-])c2c1[N+](=O)[O-],O=C([O-])c1c([N+](=O)[O-])c([N+](=O)[O-])c(C(=O)[O-])c2cc([N+](=O)[O-])c([N+](=O)[O-])cc12,0.949,0.669,YES,YES,0.9087,YES,YES,YES,YES,YES
GraphRAG,123,324,O=C1C(=O)C(Cl)C(=O)C(=O)C1Cl,O=C1C(=O)C(Cl)C(=O)C(=O)C1ClINVALID,0.0,0.0,NO,NO,,NO,NO,NO,NO,NO
GraphRAG,123,325,O=C([O-])c1cc(N2[CH]N=CN2)cc(N2[CH]N=CN2)c1,O=C([O-])c1cc(N2[CH]N=CN2)cc(N2[CH]N=CN2)c1,1.0,1.0,YES,YES,1.7662,YES,YES,YES,YES,YES
GraphRAG,123,326,C1CNCCN1,C1CNCCN1,1.0,1.0,YES,YES,0.8306,YES,YES,YES,YES,YES
GraphRAG,123,327,O=C([O-])c1c(F)c(F)c(C(=O)[O-])c2cc(F)c(F)cc12,O=C([O-])c1c(F)c(F)c(C(=O)[O-])c2ccccc12,1.0,0.902,YES,NO,0.7232,YES,YES,YES,YES,YES
GraphRAG,123,328,O=C1C([N+](=O)[O-])=CC([N+](=O)[O-])C(O)=C1[N+](=O)[O-],O=C1C([N+](=O)[O-])=C[N+]([O-])C=C1[N+](=O)[O-],0.8,0.212,YES,YES,0.8841,YES,YES,YES,NO,NO
GraphRAG,123,329,O=C([O-])c1ccc(C(=O)[O-])c2ccccc12,O=C([O-])c1ccc(C(=O)[O-])cc1INVALID,0.0,0.0,NO,NO,,NO,NO,NO,NO,NO
GraphRAG,123,330,c1nnnn1CCn1cnnn1,O=C(O)c1cncnc1,0.25,0.05,YES,YES,1.4091,NO,NO,NO,NO,NO
GraphRAG,123,331,O=C([O-])c1cc([N+](=O)[O-])c(C(=O)[O-])cc1[N+](=O)[O-],O=C([O-])c1ccc([N+](=O)[O-])cc1,0.879,0.5,YES,YES,0.9457,YES,YES,YES,YES,NO
GraphRAG,123,332,O=C([O-])c1ccccc1C(=O)[O-],O=C([O-])c1ccc(C(=O)[O-])cc1,0.857,0.75,YES,YES,0.9117,YES,YES,YES,YES,NO
GraphRAG,123,333,CCCn1cnc2c1NC=NC2Cl,c1cc(-c2nnn[nH]2)ccn1,0.346,0.0,YES,YES,2.8419,NO,NO,NO,NO,NO
GraphRAG,123,334,O=C([O-])CCN1[CH]C=C(C2=C[CH]N(CCC(=O)[O-])C=C2)C=C1,O=C([O-])c1ccccc1F,0.182,0.117,YES,NO,1.2223,NO,NO,NO,NO,NO
GraphRAG,123,335,O=C([O-])c1cc(C(=O)[O-])cc(-c2cc(C(=O)[O-])cc(C(=O)[O-])c2)c1,O=C([O-])c1ccc(C(=O)[O-])cc1,0.8,0.369,YES,YES,1.731,YES,YES,YES,NO,NO
GraphRAG,123,336,O=C([O-])C=Cc1ccncc1,O=C([O-])c1ccc(-c2ccncc2)cc1,0.778,0.39,YES,YES,2.4887,YES,YES,YES,NO,NO
GraphRAG,123,337,O=C([O-])c1ccc(C#Cc2ccc(C(=O)[O-])cc2)cc1,O=C([O-])c1ccc(-c2ccc(C(=O)[O-])cc2)cc1INVALID,0.0,0.0,NO,NO,,NO,NO,NO,NO,NO
GraphRAG,123,338,C(c1nnn[nH]1)c1nnn[nH]1,O=C(O)CC(O)C(=O)O.O=C([O-])COC(O)C(O)C(O)C(=O)O,0.047,0.027,YES,YES,0.4728,NO,NO,NO,NO,NO
GraphRAG,123,339,O=C([O-])c1cc(O)c(C(=O)[O-])cc1O,O=C([O-])c1cc(O)c(C(=O)[O-])cc1OINVALID,0.0,0.0,NO,NO,,NO,NO,NO,NO,NO
GraphRAG,123,340,CCc1c(C#N)c(CC)c(CC)c(C#N)c1CC,CCC=C(C#N)C(C#N)=C(C#N)C=CC#N,0.316,0.089,YES,YES,1.9039,NO,NO,NO,NO,NO
GraphRAG,123,341,O=C([O-])c1cncc(O)c1,O=C([O-])c1cc(O)cc(C(=O)[O-])n1,0.88,0.462,YES,NO,0.7759,YES,YES,YES,YES,NO
GraphRAG,123,342,O=C([O-])c1cccc(C(=O)[O-])n1,O=C([O-])c1cccnc1C(=O)[O-],0.864,0.75,YES,YES,0.9452,YES,YES,YES,YES,NO
GraphRAG,123,343,O=C([O-])c1cncc(-c2ccccc2C(=O)[O-])c1,O=C([O-])c1cccnc1C(=O)[O-],0.8,0.489,YES,YES,1.1797,YES,YES,YES,NO,NO
GraphRAG,123,344,Cc1cc(C#Cc2cc(C)c(C(=O)[O-])c(C)c2)cc(C)c1C(=O)[O-],Nc1cc(C=Cc2cc(N)c(C(=O)[O-])c(N)c2)cc(N)c1C(=O)[O-],0.485,0.41,YES,NO,6.7134,NO,NO,NO,NO,NO
GraphRAG,123,345,c1cn(Cc2cc(Cn3ccnc3)c(Cn3ccnc3)cc2Cn2ccnc2)cn1,c1cc(Cn2ccnc2)cc(Cn2ccnc2)c1INVALID,0.0,0.0,NO,NO,,NO,NO,NO,NO,NO
GraphRAG,123,346,Nc1cc(C(=O)[O-])ccc1-c1ccc(C(=O)[O-])cc1N,O=C([O-])c1ccccc1O,0.375,0.441,YES,NO,6.1628,NO,NO,NO,NO,NO
GraphRAG,123,347,O=C([O-])c1ccc(-c2ccc(C(=O)[O-])cc2O)c(O)c1,Nc1cc(C(=O)[O-])ccc1-c1ccc(C(=O)[O-])cc1N,0.581,0.902,YES,YES,3.4423,YES,YES,YES,YES,YES
GraphRAG,123,348,O=C([O-])c1nccnc1C(=O)[O-],O=C([O-])c1cnccn1,0.8,0.75,YES,NO,0.8694,YES,YES,YES,NO,NO
GraphRAG,123,349,COc1cc(C(=O)[O-])ccc1C#Cc1cc(OC)c(C(=O)[O-])cc1-c1ccccc1,CCC=C1C=c2c(C(=O)[O-])cccc2=CC=C1C(=O)[O-],0.417,0.292,YES,YES,1.8647,NO,NO,NO,NO,NO
GraphRAG,123,350,O=C([O-])c1c(F)c(F)c(C(=O)[O-])c2c(F)c(F)c(F)c(F)c12,O=C([O-])c1c(F)c(F)c(C(=O)[O-])c2ccccc12INVALID,0.0,0.0,NO,NO,,NO,NO,NO,NO,NO
GraphRAG,123,351,O=C([O-])c1cnc(C(=O)[O-])cn1,O=C([O-])c1cccc(C(=O)[O-])n1,0.826,0.3,YES,YES,1.3073,YES,YES,YES,NO,NO
GraphRAG,123,352,O=C([O-])c1ccc(Oc2cc(Oc3ccc(C(=O)[O-])cc3)cc(C(=O)[O-])c2)cc1,O=C([O-])c1ccc(Oc2cc(Oc3ccc(C(=O)[O-])cc3)cc(C(=O)[O-])c2)cc1INVALID,0.0,0.0,NO,NO,,NO,NO,NO,NO,NO
GraphRAG,123,353,O=C([O-])c1ccc(-c2cc(C(=O)[O-])cc(C(=O)[O-])c2)cc1,O=C([O-])c1ccc(C(=O)[O-])cc1,0.8,0.421,YES,YES,0.772,YES,YES,YES,NO,NO
GraphRAG,123,354,O=C([O-])c1cc(F)c(C(=O)[O-])cc1F,O=C([O-])c1cc(F)c(C(=O)[O-])cc1F,1.0,1.0,YES,YES,1.4612,YES,YES,YES,YES,YES
GraphRAG,123,355,[CH](NN[CH]c1ccncc1)c1ccncc1,c1cn(CCCCn2ccnc2)cn1,0.278,0.037,YES,YES,1.4521,NO,NO,NO,NO,NO
GraphRAG,123,356,O=C([O-])c1ccccc1C(=O)O,O=C([O-])c1cccc(C(=O)O)c1,0.867,0.75,YES,NO,3.0629,YES,YES,YES,YES,NO
GraphRAG,123,357,CC(CCC(=O)[O-])C(=O)[O-],CC(CC(=O)[O-])C(=O)[O-],0.812,0.687,YES,YES,2.1227,YES,YES,YES,NO,NO
GraphRAG,123,358,O=C([O-])c1cc(S(O)(O)O)c(C(=O)[O-])c2c1CC2,O=C([O-])c1ccc(C(c2ccc(C(=O)[O-])c(C(=O)[O-])c2)(C(F)(F)F)C(F)(F)F)cc1C(=O)[O-],0.34,0.299,YES,NO,3.6475,NO,NO,NO,NO,NO
GraphRAG,123,359,CNC1(F)CC2(C#CC(=O)[O-])CCC1(C#CC(=O)[O-])CC2,CCC1CC2(C#CC(=O)[O-])CCC1(C#CC(=O)[O-])CC2OINVALID,0.0,0.0,NO,NO,,NO,NO,NO,NO,NO
GraphRAG,123,360,Cc1nccn1Cc1ccncc1,c1cn(Cc2ccc(-n3ccnc3)cc2)cn1,0.719,0.394,YES,YES,1.586,YES,YES,YES,NO,NO
GraphRAG,123,361,c1cn(Cc2ccc(Cn3ccnc3)cc2)cn1,O=C(c1ccncc1)c1cccnc1,0.345,0.087,YES,NO,1.1741,NO,NO,NO,NO,NO
GraphRAG,123,362,c1cncnc1,c1cncnc1INVALID,0.0,0.0,NO,NO,,NO,NO,NO,NO,NO
GraphRAG,123,363,CCC12C3C4(C(=O)[O-])C5(CC)C(C1(C(=O)[O-])C35[N+](=O)[O-])C24[N+](=O)[O-],O=C([O-])C1C(I)CC2(C(=O)[O-])CC1CC2I,0.312,0.471,YES,YES,1.4292,NO,NO,NO,NO,NO
GraphRAG,123,364,O=C([O-])CN(CC(=O)[O-])CC(=O)[O-],O=C([O-])CCC(=O)[O-],0.478,0.285,YES,YES,1.2689,NO,NO,NO,NO,NO
GraphRAG,123,365,c1cn(-c2ccc(NNc3ccc(-n4ccnc4)cc3)cc2)cn1,O=C1[CH]C(=O)NC(=S)N1,0.231,0.0,YES,NO,1.9487,NO,NO,NO,NO,NO
GraphRAG,123,366,Nc1cc(C#Cc2cc(N)c(C(=O)[O-])c(N)c2)cc(N)c1C(=O)[O-],O=C([O-])C1=CC=C2C=C(Br)C(=CC=C(CBr)C(=O)[O-])C2C=C1,0.256,0.148,YES,YES,6.7536,NO,NO,NO,NO,NO
GraphRAG,123,367,CCc1cc2c(cc(CC)c3ccc(C(=O)[O-])c(F)c32)c2cc(C(=O)[O-])ccc12,CC1C=C(C(=O)[O-])C(C(=O)O)=C(C(=O)[O-])C(C(=O)[O-])=C1CC(=O)O,0.371,0.12,YES,YES,1.1895,NO,NO,NO,NO,NO
GraphRAG,123,368,O=C(O)c1cccc(Oc2cccc(C(=O)O)c2C(=O)[O-])c1.O=C(O)c1cccc(Oc2cccc(C(=O)O)c2C(=O)[O-])c1,Cc1cccc(C)[n+]1C(=O)[O-],0.134,0.058,YES,YES,1.7661,NO,NO,NO,NO,NO
GraphRAG,123,369,O=C([O-])CN(CCN(CC(=O)[O-])CC(=O)[O-])CCN(CC(=O)O)CC(=O)O,O=C([O-])Cn1cnnn1,0.36,0.135,YES,NO,0.7104,NO,NO,NO,NO,NO
GraphRAG,123,370,c1ccc(SSc2ccccn2)nc1,c1cnc(SCSc2ncccn2)nc1INVALID,0.0,0.0,NO,NO,,NO,NO,NO,NO,NO
GraphRAG,123,371,Nc1ccc(C=Cc2ccc(N)cc2S(O)(O)O)c(S(O)(O)O)c1,OS(O)(O)c1cccc2c(S(O)(O)O)cccc12INVALID,0.0,0.0,NO,NO,,NO,NO,NO,NO,NO
GraphRAG,123,372,O=C([O-])c1cc(C(=O)[O-])c(C(=O)O)cc1C(=O)O,O=C([O-])c1cc(C(=O)[O-])c(C(=O)O)cc1C(=O)OINVALID,0.0,0.0,NO,NO,,NO,NO,NO,NO,NO
GraphRAG,123,373,O=C(Nc1cccnc1)c1ccc(C(=O)Nc2cccnc2)s1,c1cc(-c2ccncc2)ccn1,0.375,0.253,YES,YES,1.5117,NO,NO,NO,NO,NO
GraphRAG,123,374,NC1=N[CH]NN1,Cn1nn[nH]c1=S,0.413,0.0,YES,YES,3.2333,NO,NO,NO,NO,NO
GraphRAG,123,375,O=C([O-])c1cc(C(=O)O)c(C(=O)[O-])cc1C(=O)O,O=C([O-])c1ccc(C(=O)[O-])cc1INVALID,0.0,0.0,NO,NO,,NO,NO,NO,NO,NO
GraphRAG,123,376,O=[N+]([O-])c1cncc([N+](=O)[O-])c1C#Cc1c([N+](=O)[O-])cncc1[N+](=O)[O-],O=[N+]([O-])c1cncc([N+](=O)[O-])c1C#Cc1c([N+](=O)[O-])cncc1[N+](=O)[O-]INVALID,0.0,0.0,NO,NO,,NO,NO,NO,NO,NO
GraphRAG,123,377,O=C([O-])C(O)=C(O)C(=O)[O-],O=C([O-])C(O)=C(O)C(=O)[O-]INVALID,0.0,0.0,NO,NO,,NO,NO,NO,NO,NO
GraphRAG,123,378,C(#C[Si](C#Cc1cn[nH]c1)(C#CC1C=NN=C1)C#CC1C=NN=C1)C1=CN=N[CH]1,C(#C[Si](C#Cc1cn[nH]c1)(C#CC1C=NN=C1)C#CC1C=NN=C1)C1=CN=N[CH]1INVALID,0.0,0.0,NO,NO,,NO,NO,NO,NO,NO
GraphRAG,123,379,O=C([O-])CN1[CH]C=C(c2nnn[nH]2)C=C1,O=C([O-])c1cccc(C(=O)O)n1,0.327,0.17,YES,NO,2.2171,NO,NO,NO,NO,NO
GraphRAG,123,380,Nc1ccccc1S,c1cc(Sc2ccncc2)ccn1,0.308,0.046,YES,NO,0.9233,NO,NO,NO,NO,NO
GraphRAG,123,381,O=C([O-])c1nc(-c2ccc3ccccc3c2)[nH]c1C(=O)[O-],O=C([O-])c1cc(N2[CH]N=CN2)cc(N2[CH]N=CN2)c1,0.429,0.276,YES,YES,1.3488,NO,NO,NO,NO,NO
GraphRAG,123,382,O=C(O)c1ccc(-c2ccc(-c3ccc(C(=O)O)cc3C(=O)[O-])cc2)c(C(=O)[O-])c1,O=C(O)c1ccc(-c2ccc(-c3ccc(C(=O)O)cc3C(=O)[O-])cc2)c(C(=O)[O-])c1INVALID,0.0,0.0,NO,NO,,NO,NO,NO,NO,NO
GraphRAG,123,383,c1ccc(-c2cc(-c3ccncc3)nc(-c3ccncc3)c2)nc1,C=CC=CC=C1C=CC=C(c2ccncc2)C=NC=C2NC=C(N=C1)C(=CC)c1cnccc12,0.467,0.199,YES,YES,3.7653,NO,NO,NO,NO,NO
GraphRAG,123,384,CSc1nccs1,O=P(O)(O)Cc1ccncc1,0.179,0.055,YES,YES,1.5843,NO,NO,NO,NO,NO
GraphRAG,123,385,O=C([O-])C1CCC(C(=O)[O-])CC1,O=C([O-])C1CCC(C(=O)[O-])CC1INVALID,0.0,0.0,NO,NO,,NO,NO,NO,NO,NO
GraphRAG,123,386,c1c[nH]cn1,c1c[nH]cn1INVALID,0.0,0.0,NO,NO,,NO,NO,NO,NO,NO
GraphRAG,123,387,c1ccc(-c2nnc(-c3ccncc3)[nH]2)nc1,c1ccc(-c2nnc(-c3ccncc3)[nH]2)nc1INVALID,0.0,0.0,NO,NO,,NO,NO,NO,NO,NO
GraphRAG,123,388,O=C([O-])c1cccc(-c2c3nc(c(-c4cccc(C(=O)[O-])c4)c4ccc([nH]4)c(-c4cccc(C(=O)[O-])c4)c4nc(c(-c5cccc(C(=O)[O-])c5)c5ccc2[nH]5)C=C4)C=C3)c1,C=CN=CC=CNNC(=O)C1CC(C(=O)[O-])=CC1=CC(=O)[O-],0.367,0.058,YES,YES,1.211,NO,NO,NO,NO,NO
GraphRAG,123,389,O=C([O-])c1cc2c(cc1C(=O)[O-])C(=O)c1ccccc1C2=O,O=C([O-])c1ccccc1I,0.44,0.395,YES,NO,1.8559,NO,NO,NO,NO,NO
GraphRAG,123,390,Cc1cc2ccc3nc(C)ccc3c2cn1,CC=CC1=CC=Cc2cc(-c3cn[nH]c3)ccc2C12C=NN=C2,0.361,0.249,YES,YES,2.2692,NO,NO,NO,NO,NO
GraphRAG,123,391,Nc1nc2ccccc2[nH]1,Nc1nc2ccccc2[nH]1INVALID,0.0,0.0,NO,NO,,NO,NO,NO,NO,NO
GraphRAG,123,392,O=C([O-])CCC(=O)[O-],O=C([O-])CCC(=O)[O-]INVALID,0.0,0.0,NO,NO,,NO,NO,NO,NO,NO
GraphRAG,123,393,CNC12C3C4C5C3(C#CC(=O)[O-])C1C5(NC)C42C#CC(=O)[O-],CNC12C3C4C5C3(C#CC(=O)[O-])C1C5(NC)C42C#CC(=O)[O-]INVALID,0.0,0.0,NO,NO,,NO,NO,NO,NO,NO
GraphRAG,123,394,O=C([O-])c1ccc(-c2ccccc2)cc1,O=C([O-])c1cccc(-c2cccnc2)c1INVALID,0.0,0.0,NO,NO,,NO,NO,NO,NO,NO
GraphRAG,123,395,CCCOc1c(C(=O)[O-])ccc2c(OCCC)c(C(=O)[O-])ccc12,CCCOc1c(C(=O)[O-])ccc2c(OCCC)c(C(=O)[O-])ccc12INVALID,0.0,0.0,NO,NO,,NO,NO,NO,NO,NO
GraphRAG,123,396,CN1c2cncc(n2)N(C)c2cncc(n2)N(C)c2cncc(n2)N(C)c2cncc1n2,C1=CC2C=CC1CSCc1cccc(c1)CS2,0.189,0.0,YES,YES,3.6061,NO,NO,NO,NO,NO
GraphRAG,123,397,CC(C(=O)[O-])C(=O)[O-],CC(C(=O)[O-])C(=O)[O-]INVALID,0.0,0.0,NO,NO,,NO,NO,NO,NO,NO
GraphRAG,123,398,O=C([O-])C(F)=C(F)C(=O)[O-],O=C([O-])C(F)=C(F)C(=O)[O-]INVALID,0.0,0.0,NO,NO,,NO,NO,NO,NO,NO
GraphRAG,123,399,O=C([O-])c1ccc(Oc2ccc(C(=O)[O-])c(C(=O)[O-])c2)cc1C(=O)[O-],O=C([O-])c1ccc(Oc2ccc(C(=O)[O-])c(C(=O)[O-])c2)cc1C(=O)[O-]INVALID,0.0,0.0,NO,NO,,NO,NO,NO,NO,NO
GraphRAG,999,0,O=C([O-])c1cc[n+]([O-])cc1,O=C([O-])c1cccc(C(=O)[O-])[n+]1[O-],0.794,0.538,YES,NO,0.5083,YES,YES,YES,NO,NO
GraphRAG,999,1,O=C([O-])c1cc(C(=O)[O-])cc(S(O)(O)O)c1,O=C([O-])c1cc(C(=O)[O-])cc(P(=O)(O)[O][Zn])c1,0.553,0.706,YES,YES,1.434,YES,YES,YES,NO,NO
GraphRAG,999,2,O=C([O-])C1C(C(=O)[O-])C(C(=O)[O-])C(C(=O)[O-])C(C(=O)[O-])C1C(=O)[O-],O=C([O-])C1C(C(=O)[O-])C(C(=O)[O-])C1C(=O)[O-],0.846,0.15,YES,NO,2.5036,YES,YES,YES,NO,NO
GraphRAG,999,3,O=C(O)CC(O)(CC(=O)O)C(=O)[O-],O=C([O-])CC(O)(CC(=O)O)C(=O)[O-],1.0,1.0,YES,NO,1.8921,YES,YES,YES,YES,YES
GraphRAG,999,4,O=C([O-])c1cc(S(=O)(=O)c2ccc(C(=O)[O-])c(C(=O)O)c2)ccc1C(=O)O,O=C([O-])c1cc(C(=O)[O-])cc(S(O)(O)O)c1,0.7,0.365,YES,YES,1.0673,YES,YES,YES,NO,NO
GraphRAG,999,5,c1nc[nH]n1,c1nnc[nH]1,0.944,1.0,YES,NO,2.3609,YES,YES,YES,YES,YES
GraphRAG,999,6,C1CCSC1,c1nnn[nH]1,0.143,0.0,YES,YES,0.7991,NO,NO,NO,NO,NO
GraphRAG,999,7,O=C([O-])c1cc([N+](=O)[O-])c2c([N+](=O)[O-])c(C(=O)[O-])cc([N+](=O)[O-])c2c1[N+](=O)[O-],O=C([O-])c1c([N+](=O)[O-])c([N+](=O)[O-])c(C(=O)[O-])c2cc([N+](=O)[O-])c([N+](=O)[O-])cc12,0.949,0.669,YES,YES,0.9864,YES,YES,YES,YES,YES
GraphRAG,999,8,O=C1C(=O)C(Cl)C(=O)C(=O)C1Cl,O=C1C(=O)C(Cl)C(=O)C(=O)C1Cl,1.0,1.0,YES,YES,1.5704,YES,YES,YES,YES,YES
GraphRAG,999,9,O=C([O-])c1cc(N2[CH]N=CN2)cc(N2[CH]N=CN2)c1,Cc1c(CN2[CH]N=CN2)c(C)c(Cn2cncn2)c(C)c1CN1[CH]N=CN1,0.529,0.249,YES,YES,1.8965,YES,NO,NO,NO,NO
GraphRAG,999,10,C1CNCCN1,c1cnccn1,0.333,1.0,YES,YES,0.7753,YES,YES,YES,YES,YES
GraphRAG,999,11,O=C([O-])c1c(F)c(F)c(C(=O)[O-])c2cc(F)c(F)cc12,O=C([O-])c1c(F)c(F)c(C(=O)[O-])c2cc(F)c(F)cc12,1.0,1.0,YES,YES,0.7136,YES,YES,YES,YES,YES
GraphRAG,999,12,O=C1C([N+](=O)[O-])=CC([N+](=O)[O-])C(O)=C1[N+](=O)[O-],O=C(O)C1=CC([N+](=O)[O-])=CC([N+](=O)[O-])C1=O,0.95,0.212,YES,YES,1.4695,YES,YES,YES,YES,YES
GraphRAG,999,13,O=C([O-])c1ccc(C(=O)[O-])c2ccccc12,O=C([O-])c1ccc(C(=O)[O-])c2ccccc12,1.0,1.0,YES,YES,1.0641,YES,YES,YES,YES,YES
GraphRAG,999,14,c1nnnn1CCn1cnnn1,c1cn(CCOCCn2ccnc2)cn1,0.585,0.17,YES,NO,1.3842,YES,NO,NO,NO,NO
GraphRAG,999,15,O=C([O-])c1cc([N+](=O)[O-])c(C(=O)[O-])cc1[N+](=O)[O-],O=C([O-])c1ccc([N+](=O)[O-])cc1,0.879,0.5,YES,YES,0.8911,YES,YES,YES,YES,NO
GraphRAG,999,16,O=C([O-])c1ccccc1C(=O)[O-],O=C([O-])c1ccccc1C(=O)[O-],1.0,1.0,YES,YES,0.7932,YES,YES,YES,YES,YES
GraphRAG,999,17,CCCn1cnc2c1NC=NC2Cl,CCCn1cnc2c1NC=NC2N,0.833,0.925,YES,NO,3.0395,YES,YES,YES,YES,YES
GraphRAG,999,18,O=C([O-])CCN1[CH]C=C(C2=C[CH]N(CCC(=O)[O-])C=C2)C=C1,O=C([O-])CN1[CH]C=C(C2=C[CH]N(CC(=O)[O-])C=C2)C=C1,0.868,0.732,YES,YES,1.3997,YES,YES,YES,YES,NO
GraphRAG,999,19,O=C([O-])c1cc(C(=O)[O-])cc(-c2cc(C(=O)[O-])cc(C(=O)[O-])c2)c1,O=C([O-])c1ccc(-c2ccc(C(=O)[O-])c(C(=O)[O-])c2)cc1C(=O)[O-],0.882,0.754,YES,YES,1.7463,YES,YES,YES,YES,NO
GraphRAG,999,20,O=C([O-])C=Cc1ccncc1,O=C([O-])C=Cc1ccncc1,1.0,1.0,YES,YES,2.4774,YES,YES,YES,YES,YES
GraphRAG,999,21,O=C([O-])c1ccc(C#Cc2ccc(C(=O)[O-])cc2)cc1,O=C([O-])c1ccc(Oc2ccc(C(=O)[O-])cc2)cc1,0.7,0.441,YES,YES,4.656,YES,YES,YES,NO,NO
GraphRAG,999,22,C(c1nnn[nH]1)c1nnn[nH]1,O=C(O)CC(O)C(=O)O.O=C([O-])COC(O)C(O)C(O)C(=O)O,0.047,0.027,YES,YES,0.4728,NO,NO,NO,NO,NO
GraphRAG,999,23,O=C([O-])c1cc(O)c(C(=O)[O-])cc1O,O=C([O-])c1ccc(C(=O)[O-])cc1,0.571,0.857,YES,NO,0.5542,YES,YES,YES,YES,NO
GraphRAG,999,24,CCc1c(C#N)c(CC)c(CC)c(C#N)c1CC,CCCOC=C1OCC(C)C(OCCC)=CC(C(=O)[O-])=C(OCCC)C(OCCC)=CC1OCCC,0.209,0.044,YES,YES,1.9245,NO,NO,NO,NO,NO
GraphRAG,999,25,O=C([O-])c1cncc(O)c1,O=C([O-])c1cncc(F)c1,0.577,0.9,YES,NO,0.6608,YES,YES,YES,YES,YES
GraphRAG,999,26,O=C([O-])c1cccc(C(=O)[O-])n1,O=C([O-])c1cccnc1C(=O)[O-],0.864,0.75,YES,NO,0.9074,YES,YES,YES,YES,NO
GraphRAG,999,27,O=C([O-])c1cncc(-c2ccccc2C(=O)[O-])c1,O=C([O-])c1cccnc1C(=O)[O-],0.8,0.489,YES,YES,1.1797,YES,YES,YES,NO,NO
GraphRAG,999,28,Cc1cc(C#Cc2cc(C)c(C(=O)[O-])c(C)c2)cc(C)c1C(=O)[O-],O=C([O-])c1ccc(C#Cc2ccc(C(=O)[O-])cc2Cl)c(Cl)c1,0.708,0.836,YES,YES,6.59,YES,YES,YES,NO,NO
GraphRAG,999,29,c1cn(Cc2cc(Cn3ccnc3)c(Cn3ccnc3)cc2Cn2ccnc2)cn1,c1cc(Cn2ccnc2)cc(Cn2ccnc2)c1,0.889,0.595,YES,NO,1.6111,YES,YES,YES,YES,NO
GraphRAG,999,30,Nc1cc(C(=O)[O-])ccc1-c1ccc(C(=O)[O-])cc1N,O=C([O-])c1ccccc1O,0.375,0.441,YES,NO,6.1628,NO,NO,NO,NO,NO
GraphRAG,999,31,O=C([O-])c1ccc(-c2ccc(C(=O)[O-])cc2O)c(O)c1,Nc1cc(C(=O)[O-])ccc1-c1ccc(C(=O)[O-])cc1N,0.581,0.902,YES,YES,3.4639,YES,YES,YES,YES,YES
GraphRAG,999,32,O=C([O-])c1nccnc1C(=O)[O-],O=C([O-])c1cnccn1,0.8,0.75,YES,YES,0.8899,YES,YES,YES,NO,NO
GraphRAG,999,33,COc1cc(C(=O)[O-])ccc1C#Cc1cc(OC)c(C(=O)[O-])cc1-c1ccccc1,COc1cc(C#CC(=O)[O-])c(OC)c(OC)c1C#CC(=O)[O-],0.828,0.357,YES,YES,1.3599,YES,YES,YES,NO,NO
GraphRAG,999,34,O=C([O-])c1c(F)c(F)c(C(=O)[O-])c2c(F)c(F)c(F)c(F)c12,O=C([O-])c1c(F)c(F)c(C(=O)[O-])c2ccccc12INVALID,0.0,0.0,NO,NO,,NO,NO,NO,NO,NO
GraphRAG,999,35,O=C([O-])c1cnc(C(=O)[O-])cn1,O=C([O-])c1ccc(C(=O)[O-])o1,0.429,0.3,YES,YES,1.2514,NO,NO,NO,NO,NO
GraphRAG,999,36,O=C([O-])c1ccc(Oc2cc(Oc3ccc(C(=O)[O-])cc3)cc(C(=O)[O-])c2)cc1,O=C([O-])C1=CC=COc2cc(Oc3ccc(C(=O)[O-])cc3)cc(C(=O)[O-])c2C=C1,0.714,0.651,YES,YES,0.6643,YES,YES,YES,NO,NO
GraphRAG,999,37,O=C([O-])c1ccc(-c2cc(C(=O)[O-])cc(C(=O)[O-])c2)cc1,O=C([O-])c1ccc(C(=O)[O-])cc1,0.8,0.421,YES,NO,0.7667,YES,YES,YES,NO,NO
GraphRAG,999,38,O=C([O-])c1cc(F)c(C(=O)[O-])cc1F,O=C([O-])c1c(F)c(F)c(C(=O)[O-])c2cc(F)c(F)cc12,0.818,0.638,YES,YES,1.3461,YES,YES,YES,NO,NO
GraphRAG,999,39,[CH](NN[CH]c1ccncc1)c1ccncc1,c1cc(SSc2ccncc2)ccn1,0.5,0.366,YES,NO,1.4914,YES,NO,NO,NO,NO
GraphRAG,999,40,O=C([O-])c1ccccc1C(=O)O,O=C([O-])c1cccc(C(=O)O)c1,0.867,0.75,YES,NO,3.1384,YES,YES,YES,YES,NO
GraphRAG,999,41,CC(CCC(=O)[O-])C(=O)[O-],CC(CC(=O)[O-])C(=O)[O-],0.812,0.687,YES,YES,2.0419,YES,YES,YES,NO,NO
GraphRAG,999,42,O=C([O-])c1cc(S(O)(O)O)c(C(=O)[O-])c2c1CC2,O=C([O-])c1ccc(C(=O)[O-])c(S(O)(O)O)c1,0.878,0.87,YES,YES,3.7995,YES,YES,YES,YES,NO
GraphRAG,999,43,CNC1(F)CC2(C#CC(=O)[O-])CCC1(C#CC(=O)[O-])CC2,CCC1CC2(C#CC(=O)[O-])CCC1(C#CC(=O)[O-])CC2OINVALID,0.0,0.0,NO,NO,,NO,NO,NO,NO,NO
GraphRAG,999,44,Cc1nccn1Cc1ccncc1,c1cn(Cc2ccc(-n3ccnc3)cc2)cn1,0.719,0.394,YES,YES,1.586,YES,YES,YES,NO,NO
GraphRAG,999,45,c1cn(Cc2ccc(Cn3ccnc3)cc2)cn1,O=C(c1ccncc1)c1cccnc1,0.345,0.087,YES,NO,1.1357,NO,NO,NO,NO,NO
GraphRAG,999,46,c1cncnc1,c1c[nH]cn1,0.562,0.0,YES,YES,0.8948,YES,NO,NO,NO,NO
GraphRAG,999,47,CCC12C3C4(C(=O)[O-])C5(CC)C(C1(C(=O)[O-])C35[N+](=O)[O-])C24[N+](=O)[O-],N#CC12C3C4([N+](=O)[O-])C5(C#N)C(C14[N+](=O)[O-])C2([N+](=O)[O-])C35[N+](=O)[O-],0.767,0.0,YES,YES,1.3622,YES,YES,YES,NO,NO
GraphRAG,999,48,O=C([O-])CN(CC(=O)[O-])CC(=O)[O-],O=C([O-])CN(CC(=O)[O-])CC(=O)[O-],1.0,1.0,YES,YES,1.4849,YES,YES,YES,YES,YES
GraphRAG,999,49,c1cn(-c2ccc(NNc3ccc(-n4ccnc4)cc3)cc2)cn1,O=C1[CH]C(=O)NC(=S)N1,0.231,0.0,YES,NO,1.8468,NO,NO,NO,NO,NO
GraphRAG,999,50,Nc1cc(C#Cc2cc(N)c(C(=O)[O-])c(N)c2)cc(N)c1C(=O)[O-],O=C([O-])c1c(O)cc(C=Cc2cc(O)c(C(=O)[O-])c(O)c2)cc1O,0.5,0.41,YES,NO,7.0019,YES,NO,NO,NO,NO
GraphRAG,999,51,CCc1cc2c(cc(CC)c3ccc(C(=O)[O-])c(F)c32)c2cc(C(=O)[O-])ccc12,CCc1cc2cc(C(=O)[O-])cc3c(CC)cc4cc(C(=O)[O-])cc1c4c23INVALID,0.0,0.0,NO,NO,,NO,NO,NO,NO,NO
GraphRAG,999,52,O=C(O)c1cccc(Oc2cccc(C(=O)O)c2C(=O)[O-])c1.O=C(O)c1cccc(Oc2cccc(C(=O)O)c2C(=O)[O-])c1,O=C(O)c1cccc(Oc2cccc(C(=O)[O-])c2C(=O)[O-])c1,0.479,0.5,YES,YES,1.8796,YES,NO,NO,NO,NO
GraphRAG,999,53,O=C([O-])CN(CCN(CC(=O)[O-])CC(=O)[O-])CCN(CC(=O)O)CC(=O)O,O=C([O-])Cn1cnnn1,0.36,0.135,YES,NO,0.7104,NO,NO,NO,NO,NO
GraphRAG,999,54,c1ccc(SSc2ccccn2)nc1,c1cnc(SCSc2ncccn2)nc1INVALID,0.0,0.0,NO,NO,,NO,NO,NO,NO,NO
GraphRAG,999,55,Nc1ccc(C=Cc2ccc(N)cc2S(O)(O)O)c(S(O)(O)O)c1,OS(O)(O)c1cccc2c(S(O)(O)O)cccc12,0.705,0.41,YES,YES,0.5418,YES,YES,YES,NO,NO
GraphRAG,999,56,O=C([O-])c1cc(C(=O)[O-])c(C(=O)O)cc1C(=O)O,O=C([O-])c1ccc(C(=O)[O-])cc1,0.75,0.667,YES,YES,0.5442,YES,YES,YES,NO,NO
GraphRAG,999,57,O=C(Nc1cccnc1)c1ccc(C(=O)Nc2cccnc2)s1,O=C(Nc1ccncc1)c1ccc(C(=O)Nc2ccncc2)cc1,0.781,0.242,YES,NO,1.5349,YES,YES,YES,NO,NO
GraphRAG,999,58,NC1=N[CH]NN1,Nc1nnc(N)[nH]1,0.75,0.229,YES,YES,3.3186,YES,YES,YES,NO,NO
GraphRAG,999,59,O=C([O-])c1cc(C(=O)O)c(C(=O)[O-])cc1C(=O)O,O=C([O-])c1cc(C(=O)O)c(C(=O)[O-])cc1C(=O)O,1.0,1.0,YES,YES,1.4845,YES,YES,YES,YES,YES
GraphRAG,999,60,O=[N+]([O-])c1cncc([N+](=O)[O-])c1C#Cc1c([N+](=O)[O-])cncc1[N+](=O)[O-],O=[N+]([O-])c1cncc([N+](=O)[O-])c1C#Cc1c([N+](=O)[O-])cncc1[N+](=O)[O-],1.0,1.0,YES,YES,1.812,YES,YES,YES,YES,YES
GraphRAG,999,61,O=C([O-])C(O)=C(O)C(=O)[O-],NC(C(=O)[O-])=C(N)C(=O)[O-],0.481,0.791,YES,NO,1.6845,YES,YES,YES,NO,NO
GraphRAG,999,62,C(#C[Si](C#Cc1cn[nH]c1)(C#CC1C=NN=C1)C#CC1C=NN=C1)C1=CN=N[CH]1,C(#CC#Cc1cn[nH]c1)C#CC1=CN=N[CH]1,0.828,0.232,YES,YES,5.2962,YES,YES,YES,NO,NO
GraphRAG,999,63,O=C([O-])CN1[CH]C=C(c2nnn[nH]2)C=C1,O=C([O-])c1cccc(C(=O)O)n1,0.327,0.17,YES,NO,2.1536,NO,NO,NO,NO,NO
GraphRAG,999,64,Nc1ccccc1S,O=C([O-])c1ccccc1S,0.375,0.7,YES,NO,0.8956,YES,YES,YES,NO,NO
GraphRAG,999,65,O=C([O-])c1nc(-c2ccc3ccccc3c2)[nH]c1C(=O)[O-],O=C([O-])c1cc(N2[CH]N=CN2)cc(N2[CH]N=CN2)c1,0.429,0.276,YES,YES,1.2896,NO,NO,NO,NO,NO
GraphRAG,999,66,O=C(O)c1ccc(-c2ccc(-c3ccc(C(=O)O)cc3C(=O)[O-])cc2)c(C(=O)[O-])c1,O=C([O-])c1cc(C(=O)[O-])cc(-c2ccc(C(=O)O)cc2)c1,0.842,0.5,YES,YES,1.7818,YES,YES,YES,NO,NO
GraphRAG,999,67,c1ccc(-c2cc(-c3ccncc3)nc(-c3ccncc3)c2)nc1,C=CC=CC=C1C=CC=C(c2ccncc2)C=NC=C2NC=C(N=C1)C(=CC)c1cnccc12,0.467,0.199,YES,YES,3.7653,NO,NO,NO,NO,NO
GraphRAG,999,68,CSc1nccs1,O=P(O)(O)c1ccccn1,0.222,0.0,YES,YES,1.6177,NO,NO,NO,NO,NO
GraphRAG,999,69,O=C([O-])C1CCC(C(=O)[O-])CC1,O=C([O-])C1CC(C(=O)O)C(C(=O)[O-])CC1C(=O)O,0.6,0.667,YES,YES,1.6611,YES,YES,NO,NO,NO
GraphRAG,999,70,c1c[nH]cn1,c1c[nH]cn1INVALID,0.0,0.0,NO,NO,,NO,NO,NO,NO,NO
GraphRAG,999,71,c1ccc(-c2nnc(-c3ccncc3)[nH]2)nc1,C1=NN=CC1c1ccc(-c2cn[nH]c2)cc1,0.643,0.092,YES,YES,2.3123,YES,YES,NO,NO,NO
GraphRAG,999,72,O=C([O-])c1cccc(-c2c3nc(c(-c4cccc(C(=O)[O-])c4)c4ccc([nH]4)c(-c4cccc(C(=O)[O-])c4)c4nc(c(-c5cccc(C(=O)[O-])c5)c5ccc2[nH]5)C=C4)C=C3)c1,O=C([O-])c1ccc(-c2nc3c4cccnc4c4ncccc4c3[nH]2)cc1,0.686,0.143,YES,YES,1.5625,YES,YES,NO,NO,NO
GraphRAG,999,73,O=C([O-])c1cc2c(cc1C(=O)[O-])C(=O)c1ccccc1C2=O,O=C([O-])c1ccccc1I,0.44,0.395,YES,NO,1.856,NO,NO,NO,NO,NO
GraphRAG,999,74,Cc1cc2ccc3nc(C)ccc3c2cn1,CC=CC1=CC=Cc2cc(-c3cn[nH]c3)ccc2C12C=NN=C2,0.361,0.249,YES,YES,2.2692,NO,NO,NO,NO,NO
GraphRAG,999,75,Nc1nc2ccccc2[nH]1,Nc1nnn[nH]1,0.667,0.156,YES,NO,3.1639,YES,YES,NO,NO,NO
GraphRAG,999,76,O=C([O-])CCC(=O)[O-],O=C([O-])C=CC(=O)[O-],0.643,0.471,YES,YES,0.4866,YES,YES,NO,NO,NO
GraphRAG,999,77,CNC12C3C4C5C3(C#CC(=O)[O-])C1C5(NC)C42C#CC(=O)[O-],CNC12C3C4C5C(C41C#CC(=O)[O-])C2(NC)C53C#CC(=O)[O-],0.879,0.915,YES,YES,1.3209,YES,YES,YES,YES,YES
GraphRAG,999,78,O=C([O-])c1ccc(-c2ccccc2)cc1,O=C([O-])c1cccc(-c2cccnc2)c1,0.706,0.585,YES,YES,1.3365,YES,YES,YES,NO,NO
GraphRAG,999,79,CCCOc1c(C(=O)[O-])ccc2c(OCCC)c(C(=O)[O-])ccc12,CCCOc1cc(NNc2ccc(C(=O)[O-])cc2I)c(OCCC)c(I)c1C(=O)[O-],0.6,0.428,YES,YES,1.3172,YES,YES,NO,NO,NO
GraphRAG,999,80,CN1c2cncc(n2)N(C)c2cncc(n2)N(C)c2cncc(n2)N(C)c2cncc1n2,C=Nc1cnccc1C1C2=CN=C21,0.333,0.019,YES,YES,3.7357,NO,NO,NO,NO,NO
GraphRAG,999,81,CC(C(=O)[O-])C(=O)[O-],CC(C(=O)[O-])=C(C)C(=O)[O-],0.667,0.478,YES,NO,2.8831,YES,YES,NO,NO,NO
GraphRAG,999,82,O=C([O-])C(F)=C(F)C(=O)[O-],O=C([O-])C(O)=C(O)C(=O)[O-],0.55,0.791,YES,YES,1.6,YES,YES,YES,NO,NO
GraphRAG,999,83,O=C([O-])c1ccc(Oc2ccc(C(=O)[O-])c(C(=O)[O-])c2)cc1C(=O)[O-],O=C([O-])c1ccc(C=Nc2cc(C(=O)[O-])cc(C(=O)[O-])c2)cc1,0.5,0.354,YES,NO,2.1115,YES,NO,NO,NO,NO
GraphRAG,999,84,Cc1cc(OCC(=O)[O-])cc(C(=O)[O-])c1,C=CC=C(OC)C(C(=O)[O-])=C(OC)C(=CC(=CC=COC)c1cc(OC)c(C(=O)[O-])cc1C=C)OC,0.576,0.278,YES,YES,4.1991,YES,NO,NO,NO,NO
GraphRAG,999,85,O=C([O-])c1sc2c(C(=O)O)c(C(=O)[O-])sc2c1C(=O)O,O=C([O-])c1cc(C(=O)O)c(C(=O)[O-])cc1F,0.467,0.177,YES,YES,4.709,NO,NO,NO,NO,NO
GraphRAG,999,86,Cc1nc(C)c(C(=O)[O-])c(C=Cc2ccccc2)c1C(=O)[O-],O=C([O-])c1ccccc1-c1ccccc1C(=O)[O-],0.593,0.313,YES,YES,1.656,YES,NO,NO,NO,NO
GraphRAG,999,87,Cc1c(C)c(C(=O)[O-])c(C)c(C)c1C(=O)[O-],Nc1cc(C(=O)[O-])cc(C(=O)[O-])c1,0.5,0.625,YES,NO,0.7593,YES,YES,NO,NO,NO
GraphRAG,999,88,O=C([O-])CO,O=C([O-])COINVALID,0.0,0.0,NO,NO,,NO,NO,NO,NO,NO
GraphRAG,999,89,O=C([O-])c1ccc(-c2ccc(C(=O)[O-])c(C(=O)O)c2)cc1C(=O)O,O=C([O-])c1cc(C(=O)O)c(C(=O)[O-])c2c1CC2,0.625,0.492,YES,YES,2.38,YES,YES,NO,NO,NO
GraphRAG,999,90,Cc1cc(-n2ccnc2)c(C)cc1-n1ccnc1,c1ccc(-c2nc(-c3ccccn3)c(-c3ccccn3)nc2-c2ccccn2)nc1,0.5,0.0,YES,YES,2.3007,YES,NO,NO,NO,NO
GraphRAG,999,91,O=P(O)(O)CCSc1ccncc1,CC=CC(=O)[O-],0.049,0.123,YES,NO,1.386,NO,NO,NO,NO,NO
GraphRAG,999,92,O=C([O-])C1=NC(c2cncc(Br)c2)=NC1C(=O)O,O=C([O-])c1cccc2cccc(C(=O)[O-])c12,0.286,0.196,YES,NO,1.7612,NO,NO,NO,NO,NO
GraphRAG,999,93,[CH]1N=NC=C1c1ccc([Si](c2ccc(-c3cn[nH]c3)cc2)(c2ccc(C3C=NN=C3)cc2)c2ccc(C3C=NN=C3)cc2)cc1,C1=NN=CC1C12C3C4C1C1C2C3C41Cc1cn[nH]c1INVALID,0.0,0.0,NO,NO,,NO,NO,NO,NO,NO
GraphRAG,999,94,CCOC1(Br)c2c(C(=O)[O-])c(Br)cc(C(=O)[O-])c2C1Br,O=C([O-])C=C(F)C(F)=C(C=CC(F)=C(CF)c1c(F)c(F)c(C(=O)[O-])c(F)c1F)CF,0.528,0.323,YES,YES,1.9046,YES,NO,NO,NO,NO
GraphRAG,999,95,CCCOC1CC2(C#CC(=O)[O-])CCC1(C#CC(=O)[O-])CC2,CCCC1(C)C(C)=C(C#N)C=C(C(=O)[O-])C=CC(C#N)=Cc2cc(C(=O)[O-])ccc21,0.467,0.296,YES,YES,1.0845,NO,NO,NO,NO,NO
GraphRAG,999,96,N#CC(C(=O)[O-])=C(C=CC(=O)[O-])c1ccccc1,CCCc1cc(C(=O)[O-])ccc1NNc1ccc(C(=O)[O-])cc1,0.31,0.342,YES,YES,1.5449,NO,NO,NO,NO,NO
GraphRAG,999,97,O=C([O-])C=CC=CC(=O)[O-],O=C([O-])C=CC(=O)[O-],1.0,0.582,YES,YES,1.2631,YES,YES,YES,YES,YES
GraphRAG,999,98,CCOP(=O)(Cc1c(C)c(C)c(CP(=O)(OCC)OCC)c(C)c1C)OCC,CCCCS(=O)CC1CCCCC1,0.349,0.25,YES,YES,1.6312,NO,NO,NO,NO,NO
GraphRAG,999,99,[CH]1N=CNN1CCCCCCn1cncn1,c1cnc(SCSc2ncccn2)nc1,0.265,0.037,YES,NO,2.3176,NO,NO,NO,NO,NO
GraphRAG,999,100,O=P(O)(O)O,O=P(O)(O)CCP(=O)(O)O,0.64,0.373,YES,YES,1.1026,YES,YES,NO,NO,NO
GraphRAG,999,101,O=C([O-])c1cc(C(=O)O)c(C(=O)[O-])c2c1CC2,O=C([O-])c1cc(C(=O)[O-])cc(S(O)(O)O)c1,0.317,0.69,YES,YES,2.2525,YES,YES,NO,NO,NO
GraphRAG,999,102,O=C([O-])c1cc(Cn2nnc3ccccc32)cc(C(=O)[O-])c1,O=C([O-])c1cc(CSc2nc3ccccc3[nH]2)cc(C(=O)[O-])c1,0.592,0.547,YES,NO,1.4495,YES,NO,NO,NO,NO
GraphRAG,999,103,O=C([O-])c1c(F)cc(C=Cc2cc(F)c(C(=O)[O-])c(F)c2)cc1F,O=C([O-])C=C(O)C(O)=C(C=CC(O)=C1C(=C(O)C(O)=C(CO)C(=O)[O-])C1OCO)COC(O)=CO,0.279,0.074,YES,YES,6.9295,NO,NO,NO,NO,NO
GraphRAG,999,104,Nc1c(N)c(C(=O)[O-])c(N)c(N)c1C#Cc1c(N)c(N)c(C(=O)[O-])c(N)c1N,O=C([O-])c1c(Cl)c(Cl)c(C#Cc2c(Cl)c(Cl)c(C(=O)[O-])c(Cl)c2Cl)c(Cl)c1ClINVALID,0.0,0.0,NO,NO,,NO,NO,NO,NO,NO
GraphRAG,999,105,NCC(=O)[O-],N#CCC(=O)[O-],0.474,0.64,YES,NO,0.3553,YES,YES,NO,NO,NO
GraphRAG,999,106,O=C([O-])c1nc[nH]c1C(=O)[O-],O=C([O-])c1nc[nH]c1C(=O)[O-]INVALID,0.0,0.0,NO,NO,,NO,NO,NO,NO,NO
GraphRAG,999,107,O=C([O-])c1ccc(C#Cc2ccc(C(=O)[O-])cc2Cl)c(Cl)c1,O=C([O-])c1ccc(C#Cc2ccc(C(=O)[O-])cc2Cl)c(Cl)c1,1.0,1.0,YES,YES,3.9256,YES,YES,YES,YES,YES
GraphRAG,999,108,O=C([O-])c1cncc(OCOc2cncc(C(=O)[O-])c2)c1,O=C([O-])c1cccc(-n2ccc(=O)cc2)c1C(=O)[O-]INVALID,0.0,0.0,NO,NO,,NO,NO,NO,NO,NO
GraphRAG,999,109,O=C([O-])c1ccc(-n2ccc(=O)cc2)cc1C(=O)[O-],O=C([O-])c1ccc(-c2cccnc2)c(C(=O)[O-])c1,0.629,0.464,YES,YES,2.1806,YES,YES,NO,NO,NO
GraphRAG,999,110,CCc1cc(-c2ccc(C(=O)[O-])cc2)ccc1C(=O)[O-],CCCOC=Cc1cc2c3ccc(C(=O)[O-])c2c(c1C1=CC=CC=C(CCCC=CC=C(C=CC(=O)[O-])C(=O)[O-])CCCO1)C=CC=C3INVALID,0.0,0.0,NO,NO,,NO,NO,NO,NO,NO
GraphRAG,999,111,CCCC1=NN=CC1C#Cc1ccc(C#CC2=C(CCC)N=N[CH]2)cc1OC,CCCOC12C=CC3(C)C(C#Cc4cn[nH]c4)C1(OCCC)C3(F)C2,0.477,0.126,YES,YES,1.0756,NO,NO,NO,NO,NO
GraphRAG,999,112,CCC(C)COc1cc(C=Cc2ccncc2)c(OCC(C)CC)cc1C=Cc1ccncc1,CC1=CC=C(C(=O)C2=C(C(C)Cc3ccc(C#N)cc3)[CH]C2=CC(C)(C)C)C=CC1,0.31,0.23,YES,YES,0.8616,NO,NO,NO,NO,NO
GraphRAG,999,113,Cn1cnc(C(=O)[O-])c1C(=O)[O-],O=C([O-])c1ccco1,0.333,0.3,YES,NO,3.0906,NO,NO,NO,NO,NO
GraphRAG,999,114,O=S1(=O)CCCC1,C1COCCO1,0.289,0.0,YES,YES,4.1495,NO,NO,NO,NO,NO
GraphRAG,999,115,Cc1nccn1CCCCn1ccnc1C,c1cn(CCCCn2ccnc2)cn1,0.765,0.878,YES,YES,1.3624,YES,YES,YES,YES,NO
GraphRAG,999,116,O=C([O-])c1ccnc(-c2cc(C(=O)[O-])ccn2)c1,O=C([O-])c1cccc(Cl)c1,0.321,0.196,YES,NO,1.0725,NO,NO,NO,NO,NO
GraphRAG,999,117,O=C([O-])c1cccc(-c2nccs2)c1,CCC(O)P(=O)(O)OP(=O)(O)O,0.061,0.112,YES,YES,0.7059,NO,NO,NO,NO,NO
GraphRAG,999,118,NC(=S)c1cccc(C(N)=S)c1,O=c1[nH][nH]c(=O)c2ccccc12,0.205,0.485,YES,YES,1.8051,NO,NO,NO,NO,NO
GraphRAG,999,119,O=C([O-])c1ccc(N=Cc2ccccc2O)cc1,O=C([O-])c1cccc(-c2cccnc2)c1,0.375,0.489,YES,YES,1.4728,NO,NO,NO,NO,NO
GraphRAG,999,120,Nc1c(N)c(C(=O)[O-])c2ccccc2c1C(=O)[O-],O=C([O-])c1ccccc1SSc1ccccc1C(=O)[O-],0.432,0.441,YES,NO,1.0854,NO,NO,NO,NO,NO
GraphRAG,999,121,Cc1cc2ncn(CCCCn3cnc4cc(C)c(C)cc43)c2cc1C,O=C([O-])c1cc(-c2ccncc2)cc(-c2ccncc2)c1,0.25,0.258,YES,YES,1.9118,NO,NO,NO,NO,NO
GraphRAG,999,122,O=C([O-])c1c(O)c(O)c(C(=O)[O-])c2c(O)c(O)c(O)c(O)c12,O=C([O-])C=CC(C(=O)O)=C(C=C(C=C(C(=O)O)C(=CC(=O)O)C(=O)O)C(=O)O)C(=O)[O-]INVALID,0.0,0.0,NO,NO,,NO,NO,NO,NO,NO
GraphRAG,999,123,O=C([O-])C12C3C4C1C1(S(O)(O)O)C2C3C41C(=O)[O-],CCC1C2C3C(CC)C4(c5ccccc5)C3(C#CC(=O)[O-])C2C14C(=O)[O-],0.4,0.441,YES,YES,1.609,NO,NO,NO,NO,NO
GraphRAG,999,124,Cc1cnc(C)cn1,c1cn(CCCCn2ccnc2)cn1,0.29,0.043,YES,YES,0.6468,NO,NO,NO,NO,NO
GraphRAG,999,125,ON=C(c1ccncc1)c1ccccn1,COc1cccc2nnnn2c2ccc(N)cc2nc1,0.294,0.03,YES,YES,1.1673,NO,NO,NO,NO,NO
GraphRAG,999,126,CC(=O)N(C)C,c1c[nH]cn1,0.034,0.0,YES,YES,3.0713,NO,NO,NO,NO,NO
GraphRAG,999,127,c1cc(-c2ccncc2)ccn1,c1cc(-c2ccncc2)ccn1INVALID,0.0,0.0,NO,NO,,NO,NO,NO,NO,NO
GraphRAG,999,128,[CH](C=CC=C1C=NN=C1)c1cn[nH]c1,c1cc(CCCc2ccncc2)ccn1,0.276,0.17,YES,YES,4.9128,NO,NO,NO,NO,NO
GraphRAG,999,129,CC(=O)[CH]C(=O)c1ccc(-n2ccnc2)cc1,CC(=O)[CH]C(=O)c1ccc(-n2ccnc2)cc1,1.0,1.0,YES,YES,2.4774,YES,YES,YES,YES,YES
GraphRAG,999,130,O=C(Nc1cccnc1)c1cccnc1,O=C(Nc1cccnc1)c1cccnc1,1.0,1.0,YES,YES,1.3416,YES,YES,YES,YES,YES
GraphRAG,999,131,c1cc(CCCc2ccncc2)ccn1,c1cc(CCCc2ccncc2)ccn1INVALID,0.0,0.0,NO,NO,,NO,NO,NO,NO,NO
GraphRAG,999,132,Cc1cc2ncn(Cc3ccc(Cn4cnc5cc(C)c(C)cc54)cc3)c2cc1C,CC(=CC=C1C2C=CC(=CC(=O)[O-])C=C2N1c1ccncc1)c1ccncc1,0.42,0.052,YES,YES,2.3218,NO,NO,NO,NO,NO
GraphRAG,999,133,Cc1ccc(SCN(CSc2ccc(C)cc2C)CSc2ccc(C)cc2C)c(C)c1,COc1ccc(O)cc1C(=O)NCC1CCCCCC1,0.2,0.22,YES,YES,1.3128,NO,NO,NO,NO,NO
GraphRAG,999,134,CC1c2nccc(-c3ccnc4c3C4C)c21,O=C([O-])C=CC(=CC=C1C2=CC(=CC(C(=O)[O-])=C1C(=O)O)C=CC=C2)C(=O)O,0.081,0.057,YES,YES,1.2955,NO,NO,NO,NO,NO
GraphRAG,999,135,O=C([O-])c1ccc(OCC(COc2ccc(C(=O)[O-])cc2)(COc2ccc(C(=O)[O-])cc2)COc2ccc(C(=O)O)cc2)cc1,C=CC(=CC=COCc1cc(C(=O)O)ccc1OC(=C=COCCOC=CC=CC(=O)[O-])Oc1ccc(C(=O)O)cc1)C(=O)[O-],0.641,0.238,YES,YES,2.371,YES,YES,NO,NO,NO
GraphRAG,999,136,N#CC(C#N)C(=S)S,CC(=O)C(C#N)C(C)=O,0.125,0.533,YES,NO,0.2582,YES,NO,NO,NO,NO
GraphRAG,999,137,OC1(Cl)Cc2ncc(Cl)nc21,N=CC=C1C(C=CF)=CC=C1C=CC=C(CF)c1ccncc1,0.227,0.0,YES,YES,1.5565,NO,NO,NO,NO,NO
GraphRAG,999,138,CC1(C)OC(CP(c2ccccc2)c2ccccc2)C(CP(c2ccccc2)c2ccccc2)O1,O=C([O-])C(CO)c1ccccc1,0.25,0.164,YES,YES,1.2561,NO,NO,NO,NO,NO
GraphRAG,999,139,Cc1ccc(S(=O)(=O)NC(CCC(=O)[O-])C(=O)[O-])cc1,O=C([O-])CNC(=O)c1cccc(C(=O)NCC(=O)[O-])c1,0.364,0.35,YES,NO,0.9294,NO,NO,NO,NO,NO
GraphRAG,999,140,O=C([O-])C1=C[CH]NC=C1C(=O)[O-],O=S(=O)(Cc1ccccn1)c1ccccn1,0.192,0.099,YES,NO,0.6349,NO,NO,NO,NO,NO
GraphRAG,999,141,O=C([O-])c1ccc(-c2cc3cc(c2)C(=O)[O][Cd][O]C3=O)cc1,O=C([O-])c1cc(OCOc2cc(C(=O)[O-])cc(C(=O)O)c2)cc(C(=O)O)c1,0.432,0.329,YES,NO,1.6073,NO,NO,NO,NO,NO
GraphRAG,999,142,O=P(O)(O)F,[NH]n1nnnc1C1=NN=CC1,0.082,0.0,YES,YES,1.1992,NO,NO,NO,NO,NO
GraphRAG,999,143,CC(=O)CC(C#N)(C#N)C(C#N)C#N,CC(C)OC(=O)CO,0.231,0.19,YES,YES,0.9295,NO,NO,NO,NO,NO
GraphRAG,999,144,COc1cc(NC#N)c(OC)cc1NC#N,N#CC(C#N)=C(C#N)C(C#N)=C(C#N)C#N,0.094,0.1,YES,NO,2.0396,NO,NO,NO,NO,NO
GraphRAG,999,145,c1ccc2c(-n3ccnc3)c3ccccc3c(-n3ccnc3)c2c1,O=C1c2ccc3c4c(ccc(c24)C(=O)N1Cc1ccncc1)C(=O)N(Cc1ccncc1)C3=O,0.432,0.289,YES,NO,1.707,NO,NO,NO,NO,NO
GraphRAG,999,146,O=C([O-])c1ccc(NNc2ccc(C(=O)[O-])cc2)cc1,O=C([O-])c1ccc(Cl)cc1,0.29,0.441,YES,NO,1.2807,NO,NO,NO,NO,NO
GraphRAG,999,147,O=C(NCc1ccncc1)C(=O)NCc1ccncc1,c1cc(SSc2ccncc2)ccn1,0.3,0.294,YES,NO,3.1768,NO,NO,NO,NO,NO
GraphRAG,999,148,Nc1ccc(Cc2ccc(N)cc2)cc1,c1ccc(-c2nc3ccccc3[nH]2)cc1,0.333,0.381,YES,YES,1.8765,NO,NO,NO,NO,NO
GraphRAG,999,149,O=C([O-])c1ccc(-c2cc(-c3ccc(C(=O)O)cc3)c(-c3ccc(C(=O)[O-])cc3)cc2-c2ccc(C(=O)O)cc2)cc1,O=C([O-])c1cc(C(=O)O)c2cc(C(=O)[O-])cc(C(=O)O)c2c1INVALID,0.0,0.0,NO,NO,,NO,NO,NO,NO,NO
GraphRAG,999,150,Fc1cc2cc(C3C=NN=C3)c(F)cc2cc1-c1cn[nH]c1,CC1Cc2nccnc21,0.316,0.0,YES,YES,0.9889,NO,NO,NO,NO,NO
GraphRAG,999,151,O=C1C(=O)C(=O)C(=O)C1=O,O=C1C(=O)C(=O)C1=O,0.867,0.16,YES,NO,3.0076,YES,YES,YES,YES,NO
GraphRAG,999,152,O=C(Nc1cc(C(=O)[O-])cc(C(=O)[O-])c1)Nc1cc(C(=O)[O-])cc(C(=O)[O-])c1,O=C([O-])c1ccc(N=Nc2ccc(C(=O)[O-])cc2)cc1,0.625,0.317,YES,NO,3.5734,YES,YES,NO,NO,NO
GraphRAG,999,153,Cc1nccn1Cc1ccc(-c2ccc(Cn3ccnc3C)cc2)cc1,c1cc(-c2ccncc2)ccn1,0.364,0.0,YES,YES,1.6329,NO,NO,NO,NO,NO
GraphRAG,999,154,CC(=O)NC(C)(NC(C)=O)C(=O)[O-],O=C([O-])C1CCCCC1C(=O)O,0.243,0.205,YES,NO,2.1227,NO,NO,NO,NO,NO
GraphRAG,999,155,O=C([O-])c1cccc(CN2CCOCCN(Cc3cccc(C(=O)[O-])c3)CCOCC2)c1,O=C([O-])c1cccc(Oc2cccnc2)c1C(=O)[O-],0.367,0.275,YES,NO,1.6472,NO,NO,NO,NO,NO
GraphRAG,999,156,O=C([O-])c1c(Cl)cc(-c2cc(-c3cc(Cl)c(C(=O)[O-])c(Cl)c3)cc(-c3cc(Cl)c(C(=O)[O-])c(Cl)c3)c2)cc1Cl,O=C([O-])c1c(Cl)cc(-c2cc(-c3cc(Cl)c(C(=O)[O-])c(Cl)c3)cc(-c3cc(Cl)c(C(=O)[O-])c(Cl)c3)c2)cc1Cl,1.0,1.0,YES,YES,0.9551,YES,YES,YES,YES,YES
GraphRAG,999,157,O=[PH](O)O,O=S(=O)(O)O,0.481,0.12,YES,YES,1.1998,NO,NO,NO,NO,NO
GraphRAG,999,158,O=P(O)(O)C1=CC=C2[CH]C=CC=C2N1,OC1=Cc2c(ccc(O)c2S(O)(O)O)C=CC=C1S(O)(O)O,0.351,0.027,YES,YES,1.6142,NO,NO,NO,NO,NO
GraphRAG,999,159,c1ccc2nc(-c3cnc4ccccc4n3)cnc2c1,c1cc(-c2ccncc2)ccn1INVALID,0.0,0.0,NO,NO,,NO,NO,NO,NO,NO
GraphRAG,999,160,O=C([O-])Cn1nn[nH]c1=S,O=C([O-])C(F)(F)F,0.132,0.36,YES,NO,0.5501,NO,NO,NO,NO,NO
GraphRAG,999,161,CCCCN(CCO)CCO,O=C(O)c1cc[n+]([O-])cc1,0.137,0.149,YES,YES,2.5956,NO,NO,NO,NO,NO
GraphRAG,999,162,CC1=C(CC2=C(C)N=NC2C)C(C)N=N1,c1ccc(-c2nnc(-c3ccncc3)n2-c2ccncc2)nc1,0.349,0.0,YES,YES,2.3265,NO,NO,NO,NO,NO
GraphRAG,999,163,CC(C)c1cc(C(C)C)c(CP(=O)(O)O)c(C(C)C)c1,O=C([O-])C=Cc1cccnc1,0.128,0.08,YES,NO,1.9595,NO,NO,NO,NO,NO
GraphRAG,999,164,O=C([O-])CN=Cc1ccccc1O,O=C([O-])CN1NN=C(c2ccccn2)N1INVALID,0.0,0.0,NO,NO,,NO,NO,NO,NO,NO
GraphRAG,999,165,CNC1CC2(C#CC(=O)[O-])C(NC)CC1(C#CC(=O)[O-])C(F)C2F,COC1CC2(C#CC(=O)[O-])CCC1(C#CC(=O)[O-])C(Cl)C2ClINVALID,0.0,0.0,NO,NO,,NO,NO,NO,NO,NO
GraphRAG,999,166,O=C([O-])c1cccc(NNc2cccc(C(=O)[O-])c2)c1,O=C([O-])c1ccc(Cl)cc1,0.29,0.441,YES,NO,1.5012,NO,NO,NO,NO,NO
GraphRAG,999,167,O=C([O-])c1ccc(NNc2ccc(C(=O)[O-])c(F)c2)cc1F,O=C([O-])c1ccc(NNc2ccc(C(=O)[O-])c(O)c2)cc1O,0.707,0.911,YES,NO,4.5306,YES,YES,YES,YES,YES
GraphRAG,999,168,N#CNC#N,N#CNC#N,1.0,1.0,YES,YES,1.0268,YES,YES,YES,YES,YES
GraphRAG,999,169,O=C([O-])c1cc(C(=O)[O][Ag])c(C(=O)[O-])cc1C(=O)[O][Ag],O=C1C(=O)C(Cl)C(=O)C(=O)C1Cl,0.31,0.3,YES,YES,2.3932,NO,NO,NO,NO,NO
GraphRAG,999,170,O=C([O-])c1cccc(=O)[nH]1,O=C([O-])c1cncc(Cl)c1,0.467,0.6,YES,NO,1.0964,YES,YES,NO,NO,NO
GraphRAG,999,171,O=C([O-])c1ccc(C(=O)[O-])cc1,O=C([O-])c1ccc(C(=O)[O-])cc1INVALID,0.0,0.0,NO,NO,,NO,NO,NO,NO,NO
GraphRAG,999,172,O=C([O-])CCCC(=O)[O-],O=C([O-])CCC(=O)[O-]INVALID,0.0,0.0,NO,NO,,NO,NO,NO,NO,NO
GraphRAG,999,173,COC1CCc2nccc(-c3ccncc3)c2C1OC,O=C([O-])c1cc(F)c(C(=O)[O-])cc1F,0.174,0.289,YES,YES,1.0905,NO,NO,NO,NO,NO
GraphRAG,999,174,O=C([O-])c1ccc(C(=O)[O-])o1,O=C([O-])c1ccc(C(=O)[O-])o1,1.0,1.0,YES,YES,1.08,YES,YES,YES,YES,YES
GraphRAG,999,175,[CH]1C=CC=C1,CCC(C)COc1ccccc1,0.05,0.0,YES,YES,1.5636,NO,NO,NO,NO,NO
GraphRAG,999,176,c1ccc(C2=NNC(c3ccccn3)=NN2)nc1,O=C(Nc1cccnc1)c1cccc(C(=O)Nc2cccnc2)n1,0.436,0.242,YES,YES,1.3736,NO,NO,NO,NO,NO
GraphRAG,999,177,O=[N+]([O-])C12CN3CN(CN(C3)C1)C2,O=C1C(=O)C(Nc2nnn[nH]2)C1=O,0.288,0.119,YES,YES,1.3928,NO,NO,NO,NO,NO
GraphRAG,999,178,c1cc(-c2nnn[nH]2)ccc1-c1nn[nH]n1,O=C(Nc1cccnc1)C(=O)Nc1cccnc1,0.341,0.0,YES,NO,1.2315,NO,NO,NO,NO,NO
GraphRAG,999,179,Cc1c(C)c(-c2ccncc2)c(C)c(C)c1B(c1c(C)c(C)c(-c2ccncc2)c(C)c1C)c1c(C)c(C)c(-c2ccncc2)c(C)c1C,Cc1cc2cc(n1)C(O)=C(c1ccncc1)c1ccccc1-2,0.457,0.138,YES,YES,3.9544,NO,NO,NO,NO,NO
GraphRAG,999,180,O=C([O-])C(=O)[O-],O=C([O-])C(=O)[O-],1.0,1.0,YES,YES,0.4633,YES,YES,YES,YES,YES
GraphRAG,999,181,O=C([O-])CN(CC(=O)[O-])c1ccc(C(=O)[O-])cc1,O=C([O-])c1ccc(C(=O)[O-])cc1,0.444,0.5,YES,YES,1.4358,YES,NO,NO,NO,NO
GraphRAG,999,182,ON1[CH]C=CC=C1,Cc1cnc(C)cn1,0.194,0.0,YES,YES,1.4001,NO,NO,NO,NO,NO
GraphRAG,999,183,O=C([O-])C1OCOC2C(C(=O)[O-])OCOC12,CCOCCC#CC1C=NN=C1,0.167,0.099,YES,YES,3.039,NO,NO,NO,NO,NO
GraphRAG,999,184,O=C([O-])c1ccc(-c2ccc(-c3cc(-c4ccc(-c5ccc(C(=O)[O-])cc5)c(Cl)c4)cc(-c4ccc(-c5ccc(C(=O)[O-])cc5)c(Cl)c4)c3)cc2Cl)cc1,O=C([O-])c1c(Cl)c(Cl)c(-c2cc(-c3c(Cl)c(Cl)c(C(=O)[O-])c(Cl)c3Cl)cc(-c3c(Cl)c(Cl)c(C(=O)[O-])c(Cl)c3Cl)c2)c(Cl)c1Cl,1.0,0.0,YES,YES,2.4655,YES,YES,YES,YES,YES
GraphRAG,999,185,C1COCCO1,C1COCCO1,1.0,1.0,YES,YES,0.825,YES,YES,YES,YES,YES
GraphRAG,999,186,O=C1NCCN1,c1nnc[nH]1,0.275,0.0,YES,NO,0.7033,NO,NO,NO,NO,NO
GraphRAG,999,187,CC(=O)C(Sc1ccncc1)C(C)=O,Cc1nnc(C)[nH]1,0.242,0.043,YES,YES,1.4663,NO,NO,NO,NO,NO
GraphRAG,999,188,O=C([O-])c1ccc2c3c(ccc(C(=O)[O-])c13)C(=O)N(c1ccncc1)C2=O,O=C([O-])c1nccnc1C(=O)[O-],0.477,0.129,YES,YES,2.2264,NO,NO,NO,NO,NO
GraphRAG,999,189,O=C([O-])C1=CC2=NN=NC2=C[CH]1,O=C([O-])c1cccnc1C(=O)[O-],0.273,0.292,YES,NO,0.5768,NO,NO,NO,NO,NO
GraphRAG,999,190,S=c1[nH]c2ccccc2[nH]1,N=CC=CC(=NCC1=CC=C1)c1ccc(-c2nnn[nH]2)s1,0.375,0.0,YES,YES,1.6534,NO,NO,NO,NO,NO
GraphRAG,999,191,O=C([O-])C1=C[CH]N(Cc2cc(C(=O)[O-])cc(C(=O)[O-])c2)C=C1,O=C([O-])c1ccc(Oc2cccc(C(=O)[O-])c2C(=O)[O-])cc1INVALID,0.0,0.0,NO,NO,,NO,NO,NO,NO,NO
GraphRAG,999,192,O=C([O-])C1=C[CH]N(CCCN2[CH]C=C(C(=O)[O-])C=C2)C=C1,O=C([O-])c1ccccc1F,0.19,0.169,YES,NO,1.3605,NO,NO,NO,NO,NO
GraphRAG,999,193,Oc1ccc(S)cc1,O=C([O-])c1cc(C(=O)[O-])cc(-n2ccnc2)c1,0.119,0.345,YES,YES,1.5632,NO,NO,NO,NO,NO
GraphRAG,999,194,C1CCOC1,C1COCCO1,0.619,0.0,YES,YES,1.5382,YES,YES,NO,NO,NO
GraphRAG,999,195,O=C([O-])c1ccc(N(c2ccc(C(=O)[O-])cc2)c2ccc(-c3ccncc3)cc2)cc1,O=C([O-])c1ccc(N(c2ccccc2)c2ccc(C(=O)[O-])cc2)cc1,0.786,0.802,YES,NO,0.5624,YES,YES,YES,NO,NO
GraphRAG,999,196,NCc1cccnc1,NCc1ccccn1,0.8,0.75,YES,NO,0.5625,YES,YES,YES,NO,NO
GraphRAG,999,197,C#N,C#NINVALID,0.0,0.0,NO,NO,,NO,NO,NO,NO,NO
GraphRAG,999,198,O=C1c2ccccc2C(=O)c2c(O)ccc(O)c21,c1cn(Cn2ccnc2)cn1,0.071,0.0,YES,NO,1.1161,NO,NO,NO,NO,NO
GraphRAG,999,199,O=C([O-])c1ccc(C#Cc2ccc(C(=O)[O-])cc2F)c(F)c1,O=C([O-])c1ccc(C#Cc2ccc(C(=O)[O-])c(Cl)c2)cc1Cl,0.909,0.911,YES,YES,4.334,YES,YES,YES,YES,YES
GraphRAG,999,200,O=C([O-])CCN(CCC(=O)[O-])CCC(=O)[O-],N#CNC#N,0.065,0.166,YES,YES,2.5748,NO,NO,NO,NO,NO
GraphRAG,999,201,On1nnnc1-c1nnnn1O,O=c1[nH]nnn1-c1nnn[nH]1,0.686,0.404,YES,YES,1.575,YES,YES,NO,NO,NO
GraphRAG,999,202,O=C([O-])c1ccc(C2=C3C=CC4=[N]3->[Fe]35<-[N]6=C(C=CC6=C(c6ccc(C(=O)[O-])cc6)c6ccc2[n]63)C(c2ccc(C(=O)[O-])cc2)=c2ccc([n]25)=C4c2ccc(C(=O)[O-])cc2)cc1,O=C([O-])c1ccc(-c2c3nc(c(-c4ccc(C(=O)[O-])cc4)c4ccc([nH]4)c(-c4ccc(C(=O)[O-])cc4)c4nc(c(-c5ccc(C(=O)[O-])cc5)c5ccc2[nH]5)C=C4)C=C3)cc1,0.549,0.154,YES,YES,1.7527,YES,NO,NO,NO,NO
GraphRAG,999,203,O=C([O-])c1ccc(C(=O)[O-])s1,O=C([O-])c1ccc(C(=O)[O-])s1INVALID,0.0,0.0,NO,NO,,NO,NO,NO,NO,NO
GraphRAG,999,204,FC12C3C4N1C1C2N3C41F,OC12C3N4C5(O)C(N1C35Br)C42Br,0.59,0.7,YES,YES,2.1821,YES,YES,YES,NO,NO
GraphRAG,999,205,CNc1nc(NC)c(NC)c(C#Cc2c(NC)c(NC)nc(NC)c2NC)c1NC,Cc1cncc(C)c1C#CC1=CC=C(C#Cc2ccnc(C)c2C)C=CC1,0.543,0.296,YES,YES,3.0182,YES,NO,NO,NO,NO
GraphRAG,999,206,O=C([O-])c1cc(O)c(C#Cc2c(O)cc(C(=O)[O-])cc2O)c(O)c1,O=C([O-])c1ccc(NNc2ccc(C(=O)[O-])c(C(=O)O)c2)cc1C(=O)[O-]INVALID,0.0,0.0,NO,NO,,NO,NO,NO,NO,NO
GraphRAG,999,207,O=S(=O)(O)O,O=[PH](O)O,0.481,0.12,YES,YES,0.4784,NO,NO,NO,NO,NO
GraphRAG,999,208,O=C([O-])c1ccc(C(=O)[O-])c2cc(Cl)c(Cl)cc12,O=C([O-])c1ccccc1O,0.429,0.489,YES,NO,0.7979,NO,NO,NO,NO,NO
GraphRAG,999,209,O=C([O-])c1ccc(P(=O)(O)O)cc1,O=C([O-])c1ccc(P(=O)(O)O)cc1,1.0,1.0,YES,YES,1.2585,YES,YES,YES,YES,YES
GraphRAG,999,210,O=C([O-])C=CC(=O)[O-],O=C([O-])C#CC(=O)[O-],0.818,0.471,YES,NO,1.4362,YES,YES,YES,NO,NO
GraphRAG,999,211,O=C([O-])CC(=O)[O-],O=C([O-])CC(=O)[O-]INVALID,0.0,0.0,NO,NO,,NO,NO,NO,NO,NO
GraphRAG,999,212,O=C([O-])COc1ccc(OCC(=O)[O-])cc1,O=C([O-])COc1ccc(OCC(=O)[O-])cc1INVALID,0.0,0.0,NO,NO,,NO,NO,NO,NO,NO
GraphRAG,999,213,N#CC1CC2(C#CC(=O)[O-])CCC1(C#CC(=O)[O-])CC2,CCNC1c2c(C(=O)[O-])ccc(C(=O)[O-])c2C1CC,0.385,0.392,YES,YES,3.4896,NO,NO,NO,NO,NO
GraphRAG,999,214,O=C([O-])c1nnn[nH]1,O=C([O-])c1nnn[nH]1,1.0,1.0,YES,YES,2.6943,YES,YES,YES,YES,YES
GraphRAG,999,215,O=C([O-])c1cc(Cl)c(C(=O)[O-])c2c1CC2,O=C([O-])c1c(Cl)c(Cl)c(C(=O)[O-])c2c1CC2,1.0,0.939,YES,NO,3.5297,YES,YES,YES,YES,YES
GraphRAG,999,216,O=C([O-])c1c(Br)c(Br)c(C(=O)[O-])c(Br)c1Br,O=C([O-])c1c(Br)c(Br)c(C(=O)[O-])c(Br)c1Br,1.0,1.0,YES,YES,2.6216,YES,YES,YES,YES,YES
GraphRAG,999,217,O=C([O-])c1ccc(C(=O)[O-])c(C(=O)[O-])c1,O=C([O-])c1cc(C(=O)[O-])cc(C(=O)[O-])c1,0.857,0.8,YES,YES,1.4965,YES,YES,YES,YES,NO
GraphRAG,999,218,CC1Cc2c(C(=O)[O-])ccc(C(=O)[O-])c21,CC1Cc2c(C(=O)[O-])ccc(C(=O)[O-])c21INVALID,0.0,0.0,NO,NO,,NO,NO,NO,NO,NO
GraphRAG,999,219,O=C([O-])c1ccc(-c2ccc(C(=O)[O-])cc2F)c(F)c1,O=C([O-])c1ccc(-c2ccc(C(=O)[O-])cc2F)c(F)c1,1.0,1.0,YES,YES,3.6462,YES,YES,YES,YES,YES
GraphRAG,999,220,O=C([O-])c1cncc(C(=O)[O-])c1,O=C([O-])c1cccc(C(=O)[O-])n1,0.85,0.5,YES,YES,0.4845,YES,YES,YES,YES,NO
GraphRAG,999,221,O=C([O-])c1ccc(-c2cc(-c3ccc(C(=O)[O-])cc3)c(C(=O)[O-])cc2C(=O)[O-])cc1,O=C([O-])c1ccc(C(=O)[O-])cc1,0.706,0.292,YES,NO,1.2961,YES,YES,YES,NO,NO
GraphRAG,999,222,Nc1nnc[nH]1,c1nnc[nH]1,0.654,0.833,YES,NO,3.6464,YES,YES,YES,NO,NO
GraphRAG,999,223,O=C([O-])C#CC#CC(=O)[O-],O=C([O-])C#CC#CC#CC(=O)[O-],1.0,0.655,YES,YES,0.4795,YES,YES,YES,YES,YES
GraphRAG,999,224,Nc1ccccc1C(=O)[O-],O=C([O-])c1ccccc1O,0.423,0.9,YES,NO,0.779,YES,YES,YES,YES,YES
GraphRAG,999,225,O=C([O-])c1cc(C(=O)[O-])cc(-n2cnnc2)c1,O=C([O-])c1cc(C(=O)[O-])cc(-c2nnn[nH]2)c1,0.707,0.69,YES,YES,0.7385,YES,YES,YES,NO,NO
GraphRAG,999,226,O=CC1c2c(C(=O)[O-])ccc(C(=O)[O-])c2C1O,COc1cc(C(=O)[O-])c2c(c1C(=O)[O-])CC2INVALID,0.0,0.0,NO,NO,,NO,NO,NO,NO,NO
GraphRAG,999,227,O=C([O-])c1ccc2cc(C(=O)[O-])ccc2c1,O=C([O-])c1ccc2cc(C(=O)[O-])ccc2c1INVALID,0.0,0.0,NO,NO,,NO,NO,NO,NO,NO
GraphRAG,999,228,O=C([O-])c1ccc(OCC(COc2ccc(C(=O)[O-])cc2)(COc2ccc(C(=O)[O-])cc2)COc2ccc(C(=O)[O-])cc2)cc1,O=C([O-])c1ccc(OCC(COc2ccc(C(=O)[O-])cc2)(COc2ccc(C(=O)[O-])cc2)COc2ccc(C(=O)[O-])cc2)cc1,1.0,1.0,YES,YES,1.4521,YES,YES,YES,YES,YES
GraphRAG,999,229,O=C([O-])c1cc(C(=O)[O-])cc(-c2ccc3cc(C(=O)[O-])ccc3c2)c1,O=C([O-])c1cccccc(-c2ccccc2)c(C(=O)[O-])ccccc(-c2ccccc2)c1,0.842,0.214,YES,YES,0.728,YES,YES,YES,NO,NO
GraphRAG,999,230,CCCOc1cc(C(=O)[O-])c(Br)c(Br)c1C(=O)[O-],Nc1cc(C(=O)[O-])c(N)cc1C(=O)[O-],0.326,0.667,YES,NO,0.6741,YES,YES,NO,NO,NO
GraphRAG,999,231,O=C([O-])c1ccc(C(=O)O)c(-c2nc(C(=O)[O-])ccc2C(=O)O)n1,O=C([O-])c1cc2nc[nH]c2cc1C(=O)[O-]INVALID,0.0,0.0,NO,NO,,NO,NO,NO,NO,NO
GraphRAG,999,232,O=C([O-])c1cc2nc[nH]c2cc1C(=O)[O-],O=C([O-])c1cccnc1-c1ncccc1C(=O)O,0.676,0.196,YES,YES,1.7963,YES,YES,NO,NO,NO
GraphRAG,999,233,O=C([O-])C1=NC=NC1C(=O)[O-],O=C([O-])c1nn[nH]c1C(=O)[O-],0.622,0.327,YES,YES,2.4681,YES,YES,NO,NO,NO
GraphRAG,999,234,[CH]1C=NN=N1,[CH]1C=NN=N1,1.0,1.0,YES,YES,6.5835,YES,YES,YES,YES,YES
GraphRAG,999,235,c1cnccn1,c1cncnc1,0.769,0.0,YES,YES,1.027,YES,YES,YES,NO,NO
GraphRAG,999,236,C(C#Cc1cc(C#CC#CC2C=NN=C2)cc(C#CC#CC2C=NN=C2)c1)#CC1=CN=N[CH]1,C(C=CN(C=CC=Cc1cn[nH]c1)C=CC=CC1C=NN=C1)=Cc1cn[nH]c1,0.613,0.176,YES,YES,1.2011,YES,YES,NO,NO,NO
GraphRAG,999,237,Nc1nnc(C(=O)[O-])[nH]1,O=C([O-])C1C=NN=N1,0.615,0.4,YES,YES,0.9141,YES,YES,NO,NO,NO
GraphRAG,999,238,COc1ccc(-c2coc3cc(O)c(OC)c(O)c3c2=O)cc1S(O)(O)O,OS(O)(O)C=CC=Cc1nc(-c2ccncc2)ccc1N=CC1=CC(=CS(O)(O)O)C=C1,0.485,0.11,YES,YES,1.1722,NO,NO,NO,NO,NO
GraphRAG,999,239,O=C([O-])c1cc(C(=O)[O-])cc(-c2cccnc2)c1,O=C([O-])c1cccc(-c2ccncc2)c1,0.85,0.544,YES,YES,1.582,YES,YES,YES,YES,NO
GraphRAG,999,240,O=C([O-])c1cccc(Cl)c1C(=O)[O-],O=C([O-])c1ccc2c(c1)C(=O)c1cc(C(=O)[O-])ccc1-2,0.5,0.434,YES,NO,2.4653,YES,NO,NO,NO,NO
GraphRAG,999,241,O=C([O-])CCn1c(=O)n(CCC(=O)[O-])c(=O)n(CCC(=O)[O-])c1=O,O=C([O-])CN1CC(=O)N(CC(=O)[O-])CC1=O,0.654,0.15,YES,NO,1.1969,YES,YES,NO,NO,NO
GraphRAG,999,242,O=C([O-])c1cccc(S(O)(O)O)c1,O=C([O-])c1cccc(S(O)(O)O)c1,1.0,1.0,YES,YES,1.5046,YES,YES,YES,YES,YES
GraphRAG,999,243,CC=CC(=O)[O-],O=C([O-])CCCC(=O)[O-],0.4,0.417,YES,YES,1.482,NO,NO,NO,NO,NO
GraphRAG,999,244,O=C([O-])c1ccc(C(c2ccc(C(=O)[O-])cc2)(C(F)(F)F)C(F)(F)F)cc1,O=C([O-])c1ccc(N(c2ccc(C(=O)[O-])c(Cl)c2)c2ccc(C(=O)O)c(Cl)c2)cc1Cl,0.485,0.283,YES,YES,1.0491,NO,NO,NO,NO,NO
GraphRAG,999,245,Nc1c(O)c(C2=NNC(c3c(N)c(O)c(C(=O)[O-])c(N)c3O)=NN2)c(N)c(O)c1C(=O)[O-],O=C([O-])c1ccc(NNc2cc(Cl)c(C(=O)[O-])c(Cl)c2)c(Cl)c1Cl,0.5,0.275,YES,NO,2.3995,YES,NO,NO,NO,NO
GraphRAG,999,246,O=C([O-])c1cc(NCc2ccncc2)cc(C(=O)[O-])c1,O=C([O-])c1cc(NCc2ccncc2)cc(C(=O)[O-])c1,1.0,1.0,YES,YES,0.885,YES,YES,YES,YES,YES
GraphRAG,999,247,O=CC(C(=O)[O-])=C(Br)C=CC(=O)[O-],O=C([O-])C=CC(Br)=CC(=O)[O-],0.875,0.841,YES,YES,1.5336,YES,YES,YES,YES,NO
GraphRAG,999,248,O=C([O-])c1ccc(Oc2ccc(C(=O)[O-])cc2)cc1,O=C([O-])c1ccc(Oc2ccc(C(=O)[O-])cc2)cc1INVALID,0.0,0.0,NO,NO,,NO,NO,NO,NO,NO
GraphRAG,999,249,Cc1c(CSc2ccncc2)c(C)c(CSc2ccncc2)c(C)c1CSc1ccncc1,c1ccc(-c2nc(-c3ccccn3)c(-c3ccccn3)nc2-c2ccccn2)nc1,0.467,0.176,YES,YES,1.5339,NO,NO,NO,NO,NO
GraphRAG,999,250,O=S(=O)(Nc1cccnc1)c1cccnc1,O=C([O-])CNS(=O)(=O)c1cccnc1,0.684,0.61,YES,YES,0.8117,YES,YES,NO,NO,NO
GraphRAG,999,251,Clc1cnccn1,Cc1nnc(C)[nH]1,0.37,0.0,YES,YES,1.555,NO,NO,NO,NO,NO
GraphRAG,999,252,Nc1cnccn1,Nc1ncccn1,0.773,0.229,YES,NO,0.7926,YES,YES,YES,NO,NO
GraphRAG,999,253,Cc1nnc(C)[nH]1,c1cn(CCOCCn2ccnc2)cn1,0.279,0.04,YES,NO,2.5128,NO,NO,NO,NO,NO
GraphRAG,999,254,CC(O)C(=O)[O-],O=C([O-])CNC(=O)C(=O)NCC(=O)[O-],0.25,0.264,YES,NO,2.3859,NO,NO,NO,NO,NO
GraphRAG,999,255,C(=Nn1cnnc1)c1ccccn1,c1cnc(Sc2cnccn2)cn1,0.412,0.0,YES,NO,1.2326,NO,NO,NO,NO,NO
GraphRAG,999,256,O=C([O-])C=CC(Br)=CC(=O)[O-],O=C([O-])C=CC(Br)=CC(=O)[O-],1.0,1.0,YES,YES,2.1478,YES,YES,YES,YES,YES
GraphRAG,999,257,O=C([O-])CCP(=O)(O)c1ccccc1,O=C([O-])CNS(=O)(=O)c1cccnc1,0.368,0.257,YES,YES,1.0898,NO,NO,NO,NO,NO
GraphRAG,999,258,O=Cc1cncc2c(C=O)cncc12,N#CC1=NN=C(Br)C1C#CC#CCC1C(Br)=NN=C1Br,0.158,0.079,YES,YES,1.7379,NO,NO,NO,NO,NO
GraphRAG,999,259,COc1ccc(-c2nc(C(=O)[O-])c(C(=O)[O-])[nH]2)cc1,COc1ccc(-c2nc(C(=O)O)c(C(=O)[O-])[nH]2)cc1,0.927,1.0,YES,YES,1.1381,YES,YES,YES,YES,YES
GraphRAG,999,260,O=C[O-],O=C[O-]INVALID,0.0,0.0,NO,NO,,NO,NO,NO,NO,NO
GraphRAG,999,261,N#Cc1ccccc1CSCc1ccccc1C#N,c1cc(CCCCc2ccncc2)ccn1,0.348,0.032,YES,NO,0.4828,NO,NO,NO,NO,NO
GraphRAG,999,262,Ic1nc2ccccc2[nH]1,N#CS,0.038,0.0,YES,YES,3.1929,NO,NO,NO,NO,NO
GraphRAG,999,263,c1ccc2c(c1)CSCc1ccc(cc1)CSCc1ccccc1OCCCO2,c1ccc2c(c1)CSCCOCCSCc1ccccc1OCCO2,0.862,0.199,YES,NO,1.4695,YES,YES,YES,YES,NO
GraphRAG,999,264,O=C([O-])c1cc(OCc2ccccc2C(=O)O)cc(C(=O)[O-])c1,O=C([O-])c1cc(OCc2ccccc2C(=O)[O-])cc(C(=O)O)c1INVALID,0.0,0.0,NO,NO,,NO,NO,NO,NO,NO
GraphRAG,999,265,NCc1ccncc1,Cc1nccn1CCCCn1ccnc1C,0.282,0.099,YES,YES,1.4314,NO,NO,NO,NO,NO
GraphRAG,999,266,c1ccc(-c2nnn[nH]2)nc1,c1ccc(OCCSc2ccccn2)nc1,0.25,0.366,YES,YES,1.7632,NO,NO,NO,NO,NO
GraphRAG,999,267,O=C([O-])C(Cl)=C(Cl)C(=O)[O-],O=C([O-])C(Cl)=C(Cl)C(=O)[O-]INVALID,0.0,0.0,NO,NO,,NO,NO,NO,NO,NO
GraphRAG,999,268,NC(CC(=O)[O-])C(=O)[O-],CC(C(=O)[O-])C(=O)[O-]INVALID,0.0,0.0,NO,NO,,NO,NO,NO,NO,NO
GraphRAG,999,269,O=C([O-])c1c(F)c(F)c(C(=O)[O-])c(F)c1F,O=C([O-])c1c(F)c(F)c(C(=O)[O-])c(F)c1F,1.0,1.0,YES,YES,1.2294,YES,YES,YES,YES,YES
GraphRAG,999,270,O=C([O-])c1c([N+](=O)[O-])c([N+](=O)[O-])c(C(=O)[O-])c2ccccc12,O=C([O-])c1c([N+](=O)[O-])c([N+](=O)[O-])c(C(=O)[O-])c2cc([N+](=O)[O-])c([N+](=O)[O-])cc12,1.0,0.789,YES,YES,5.0274,YES,YES,YES,YES,YES
GraphRAG,999,271,O=C([O-])Cc1ccc(CC(=O)[O-])cc1,O=C([O-])c1ccccc1C(=O)[O-]INVALID,0.0,0.0,NO,NO,,NO,NO,NO,NO,NO
GraphRAG,999,272,COc1cc(C(=O)[O-])cc(C(=O)[O-])c1,COc1cc(C(=O)[O-])cc(C(=O)[O-])c1,1.0,1.0,YES,YES,1.3811,YES,YES,YES,YES,YES
GraphRAG,999,273,O=C([O-])Cc1nnn[nH]1,O=C([O-])Cc1nnn[nH]1,1.0,1.0,YES,YES,1.7646,YES,YES,YES,YES,YES
GraphRAG,999,274,O=C([O-])c1ccnc(C(=O)[O-])c1,O=C([O-])c1cccnc1C(=O)[O-],0.864,0.75,YES,YES,0.7211,YES,YES,YES,YES,NO
GraphRAG,999,275,O=C([O-])c1ccc(-c2ccc(C(=O)[O-])cc2)cc1,CC1=CC2=C(C(=O)[O-])C=C(c3cccnc3)C=CC1=CC=C2C(=O)[O-],0.464,0.14,YES,YES,0.5012,NO,NO,NO,NO,NO
GraphRAG,999,276,c1cn(CCCCn2ccnc2)cn1,c1cn(CCOCCn2ccnc2)cn1,0.765,0.455,YES,NO,1.2264,YES,YES,YES,NO,NO
GraphRAG,999,277,O=C([O-])C#CC(Cl)=C(Cl)C#CC(=O)[O-],O=C([O-])C=CC(=O)[O-],0.667,0.264,YES,YES,3.8875,YES,YES,NO,NO,NO
GraphRAG,999,278,O=C([O-])C=CCC(=O)[O-],O=C([O-])C=C(CC(=O)[O-])C(=O)O,0.75,0.741,YES,NO,2.3602,YES,YES,YES,NO,NO
GraphRAG,999,279,O=C([O-])c1cc(C(=O)[O-])cc(-c2cc(-c3cc(C(=O)[O-])cc(C(=O)[O-])c3)c3ccc4c(-c5cc(C(=O)[O-])cc(C(=O)[O-])c5)cc(-c5cc(C(=O)[O-])cc(C(=O)[O-])c5)c5ccc2c3c54)c1,O=C([O-])c1ccc(C(=O)[O-])cc1,0.706,0.135,YES,NO,1.3226,YES,YES,YES,NO,NO
GraphRAG,999,280,O=C([O-])c1cc(C(=O)[O-])cc([N+](=O)[O-])c1,O=C([O-])c1cc(C(=O)[O-])cc([N+](=O)[O-])c1,1.0,1.0,YES,YES,1.3717,YES,YES,YES,YES,YES
GraphRAG,999,281,NC(=O)c1ccccc1OCC(=O)[O-],O=C([O-])Cc1ccccc1CC(=O)[O-],0.457,0.5,YES,YES,1.1318,YES,NO,NO,NO,NO
GraphRAG,999,282,C[Si](C)(c1ccncc1)c1ccncc1,ON=C(O)N=CNO,0.039,0.04,YES,YES,1.9345,NO,NO,NO,NO,NO
GraphRAG,999,283,O=C([O-])c1nn[nH]c1C(=O)[O-],O=C([O-])C1=NN=NC1C(=O)[O-],0.784,0.327,YES,YES,4.0255,YES,YES,YES,NO,NO
GraphRAG,999,284,O=C([O-])c1cc2ccccc2c(Cc2c(O)c(C(=O)[O-])cc3ccccc23)c1O,O=C([O-])C=c1c2cccc1=C(C(=O)[O-])C=CC(c1ccccc1)=C2,0.531,0.199,YES,YES,0.9179,YES,NO,NO,NO,NO
GraphRAG,999,285,O=C([O-])c1c(Cl)c(Cl)c(C(=O)[O-])c(Cl)c1Cl,O=C([O-])c1c(Cl)c(Cl)c(C(=O)[O-])c(Cl)c1ClINVALID,0.0,0.0,NO,NO,,NO,NO,NO,NO,NO
GraphRAG,999,286,O=C([O-])c1cccnc1C(=O)[O-],O=C([O-])c1cccnc1C(=O)[O-],1.0,1.0,YES,YES,0.8922,YES,YES,YES,YES,YES
GraphRAG,999,287,N#CS,N#CSINVALID,0.0,0.0,NO,NO,,NO,NO,NO,NO,NO
GraphRAG,999,288,O=C([O-])c1cc(O)cc(C(=O)[O-])c1,O=C([O-])c1ccc(C(=O)[O-])cc1,0.706,0.692,YES,YES,1.1015,YES,YES,YES,NO,NO
GraphRAG,999,289,O.OI,O.O.OIINVALID,0.0,0.0,NO,NO,,NO,NO,NO,NO,NO
GraphRAG,999,290,O=C([O-])c1cc(C(=O)[O-])cc(C(=O)O)c1,O=C([O-])c1ccc(C(=O)[O-])cc1,0.923,0.6,YES,NO,1.1305,YES,YES,YES,YES,YES
GraphRAG,999,291,O=C([O-])C=Cc1ccc(C(=O)[O-])cc1,O=C([O-])c1ccc(C(=O)[O-])cc1,0.923,0.714,YES,YES,1.5395,YES,YES,YES,YES,YES
GraphRAG,999,292,O=C([O-])c1ccc(-c2ccc(C(=O)[O-])c([N+](=O)[O-])c2)cc1[N+](=O)[O-],O=C([O-])c1ccc(-c2ccc(C(=O)[O-])c([N+](=O)[O-])c2)cc1[N+](=O)[O-],1.0,1.0,YES,YES,5.3249,YES,YES,YES,YES,YES
GraphRAG,999,293,OS(O)(O)c1ccc2cc(S(O)(O)O)ccc2c1,OS(O)(O)c1ccc2cc(S(O)(O)O)ccc2c1,1.0,1.0,YES,YES,1.236,YES,YES,YES,YES,YES
GraphRAG,999,294,O=C([O-])CCCCCCCC(=O)[O-],O=C([O-])CCCCCCCC(=O)[O-],1.0,1.0,YES,YES,1.3356,YES,YES,YES,YES,YES
GraphRAG,999,295,[CH2]C(=O)c1ccccc1,O=C([O-])CCCCCCCC(=O)[O-],0.105,0.205,YES,YES,3.3234,NO,NO,NO,NO,NO
GraphRAG,999,296,O=C([O-])c1ccccc1,O=C([O-])c1ccc(C(=O)[O-])cc1,0.75,0.75,YES,YES,1.2268,YES,YES,YES,NO,NO
GraphRAG,999,297,O=C(O)c1cc(S(O)(O)O)c2cc(C(=O)O)cc(S(O)(O)O)c2c1,O=C(O)c1ccc(S(=O)(=O)c2ccc(C(=O)O)cc2)cc1,0.744,0.369,YES,YES,0.9,YES,YES,YES,NO,NO
GraphRAG,999,298,O=C([O-])c1ccncc1,O=C([O-])c1cccnc1,0.933,0.667,YES,NO,0.6655,YES,YES,YES,YES,YES
GraphRAG,999,299,O=C([O-])c1cccnc1-c1ncccc1C(=O)[O-],O=C([O-])c1cccc(-n2ccc(=O)cc2)c1C(=O)[O-]INVALID,0.0,0.0,NO,NO,,NO,NO,NO,NO,NO
GraphRAG,999,300,O=C([O-])c1ccccn1,O=C([O-])c1cccnc1C(=O)[O-],0.727,0.75,YES,YES,0.4526,YES,YES,YES,NO,NO
GraphRAG,999,301,O=C([O-])c1ccc(C#Cc2ccc(C(=O)[O-])c(Cl)c2)cc1Cl,O=C([O-])c1ccc(C#Cc2ccc(C(=O)[O-])cc2Cl)c(Cl)c1,1.0,0.911,YES,YES,2.9342,YES,YES,YES,YES,YES
GraphRAG,999,302,Fc1cnc(F)cn1,Fc1cncc(F)n1,1.0,0.875,YES,YES,0.5246,YES,YES,YES,YES,YES
GraphRAG,999,303,O=C([O-])c1cc(C(=O)[O-])cc(C(=O)[O-])c1,O=C([O-])c1cc(C(=O)[O-])cc(C(=O)[O-])c1,1.0,1.0,YES,YES,1.2669,YES,YES,YES,YES,YES
GraphRAG,999,304,O=C([O-])Cc1ccccc1CC(=O)[O-],O=C([O-])c1cccnc1C(=O)[O-],0.56,0.186,YES,YES,1.2684,YES,NO,NO,NO,NO
GraphRAG,999,305,O=C([O-])c1cc2ccc3cc(C(=O)[O-])cc4ccc(c1)c2c34,O=C([O-])c1ccc(C(=O)[O-])c2ccccc12,1.0,0.563,YES,YES,3.0772,YES,YES,YES,YES,YES
GraphRAG,999,306,NC1=N[CH]c2ncn(CC(=O)[O-])c2N1,O=C([O-])c1ccc(N2[CH]N=CN2)cc1,0.558,0.182,YES,NO,0.9925,YES,NO,NO,NO,NO
GraphRAG,999,307,O=C(O)c1ccc(-c2cc(C(=O)[O-])c(-c3ccc(C(=O)O)cc3)cc2C(=O)[O-])cc1,C=C(C=C(C=CC=C(C=CC(=CC=O)C=C(C=CC(=O)[O-])C(=O)O)C(=O)[O-])C(=O)[O-])C(=O)O,0.478,0.08,YES,YES,1.277,NO,NO,NO,NO,NO
GraphRAG,999,308,O=C([O-])C(=O)O,O=C([O-])C(=O)O,1.0,1.0,YES,YES,0.5984,YES,YES,YES,YES,YES
GraphRAG,999,309,Nc1c(I)c(C(=O)[O-])c(I)c(C(=O)[O-])c1I,O=C([O-])c1c(I)c(I)c(C(=O)[O-])c(I)c1I,0.72,0.688,YES,NO,3.9671,YES,YES,YES,NO,NO
GraphRAG,999,310,OS(O)(O)c1cccc2c(S(O)(O)O)cccc12,OS(O)(O)c1cccc2c(S(O)(O)O)cccc12,1.0,1.0,YES,YES,1.2488,YES,YES,YES,YES,YES
GraphRAG,999,311,O=C([O-])c1cnccn1,O=C([O-])c1cccnc1C(=O)[O-],0.68,0.3,YES,YES,1.4866,YES,YES,NO,NO,NO
GraphRAG,999,312,O=C([O-])c1c(F)c(F)c(C#Cc2c(F)c(F)c(C(=O)[O-])c(F)c2F)c(F)c1F,O=C([O-])c1c(F)c(F)c(C#Cc2c(F)c(F)c(C(=O)[O-])c(F)c2F)c(F)c1F,1.0,1.0,YES,YES,5.7752,YES,YES,YES,YES,YES
GraphRAG,999,313,O=C([O-])c1ccc(Oc2cc(C(=O)[O-])cc(C(=O)[O-])c2)cc1,O=C([O-])c1ccc(Oc2cc(C(=O)[O-])cc(C(=O)[O-])c2)cc1,1.0,1.0,YES,YES,1.4098,YES,YES,YES,YES,YES
GraphRAG,999,314,N#CC(C#N)=c1c(=O)c(=C(C#N)C#N)c1=O,N#CC(C#N)=c1c(=O)c(=C(C#N)C#N)c1=O,1.0,1.0,YES,YES,1.5525,YES,YES,YES,YES,YES
GraphRAG,999,315,CC(=O)[O-],CC(=O)[O-],1.0,1.0,YES,YES,1.2521,YES,YES,YES,YES,YES
GraphRAG,999,316,O=C([O-])c1cc[n+]([O-])cc1,O=C([O-])c1cccc(C(=O)[O-])[n+]1[O-],0.794,0.538,YES,NO,0.308,YES,YES,YES,NO,NO
GraphRAG,999,317,O=C([O-])c1cc(C(=O)[O-])cc(S(O)(O)O)c1,O=C([O-])c1cc(C(=O)[O-])cc(S(O)(O)O)c1,1.0,1.0,YES,YES,1.3412,YES,YES,YES,YES,YES
GraphRAG,999,318,O=C([O-])C1C(C(=O)[O-])C(C(=O)[O-])C(C(=O)[O-])C(C(=O)[O-])C1C(=O)[O-],O=C([O-])C1C(C(=O)[O-])C(C(=O)[O-])C1C(=O)[O-],0.846,0.15,YES,NO,2.721,YES,YES,YES,NO,NO
GraphRAG,999,319,O=C(O)CC(O)(CC(=O)O)C(=O)[O-],O=C([O-])CC(O)(CC(=O)O)C(=O)[O-],1.0,1.0,YES,NO,1.8766,YES,YES,YES,YES,YES
GraphRAG,999,320,O=C([O-])c1cc(S(=O)(=O)c2ccc(C(=O)[O-])c(C(=O)O)c2)ccc1C(=O)O,O=C([O-])c1cc(C(=O)[O-])cc(C(=O)O)c1,0.382,0.329,YES,YES,1.0498,NO,NO,NO,NO,NO
GraphRAG,999,321,c1nc[nH]n1,c1cn[nH]n1,0.9,0.0,YES,YES,2.321,YES,YES,YES,YES,YES
GraphRAG,999,322,C1CCSC1,C1CSCCS1,0.625,0.0,YES,NO,0.8143,YES,YES,NO,NO,NO
GraphRAG,999,323,O=C([O-])c1cc([N+](=O)[O-])c2c([N+](=O)[O-])c(C(=O)[O-])cc([N+](=O)[O-])c2c1[N+](=O)[O-],O=C([O-])c1c([N+](=O)[O-])c([N+](=O)[O-])c(C(=O)[O-])c2cc([N+](=O)[O-])c([N+](=O)[O-])cc12,0.949,0.669,YES,YES,0.9087,YES,YES,YES,YES,YES
GraphRAG,999,324,O=C1C(=O)C(Cl)C(=O)C(=O)C1Cl,O=C1C(=O)C(Cl)C(=O)C(=O)C1ClINVALID,0.0,0.0,NO,NO,,NO,NO,NO,NO,NO
GraphRAG,999,325,O=C([O-])c1cc(N2[CH]N=CN2)cc(N2[CH]N=CN2)c1,O=C([O-])c1cc(N2[CH]N=CN2)cc(N2[CH]N=CN2)c1,1.0,1.0,YES,YES,1.7662,YES,YES,YES,YES,YES
GraphRAG,999,326,C1CNCCN1,C1CNCCN1,1.0,1.0,YES,YES,0.8306,YES,YES,YES,YES,YES
GraphRAG,999,327,O=C([O-])c1c(F)c(F)c(C(=O)[O-])c2cc(F)c(F)cc12,O=C([O-])c1c(F)c(F)c(C(=O)[O-])c2cc(F)c(F)cc12,1.0,1.0,YES,YES,0.7136,YES,YES,YES,YES,YES
GraphRAG,999,328,O=C1C([N+](=O)[O-])=CC([N+](=O)[O-])C(O)=C1[N+](=O)[O-],O=C(O)C1=CC([N+](=O)[O-])=CC([N+](=O)[O-])C1=O,0.95,0.212,YES,YES,1.5172,YES,YES,YES,YES,YES
GraphRAG,999,329,O=C([O-])c1ccc(C(=O)[O-])c2ccccc12,O=C([O-])c1ccc(C(=O)[O-])cc1INVALID,0.0,0.0,NO,NO,,NO,NO,NO,NO,NO
GraphRAG,999,330,c1nnnn1CCn1cnnn1,c1nnnn1CCCCn1cnnn1INVALID,0.0,0.0,NO,NO,,NO,NO,NO,NO,NO
GraphRAG,999,331,O=C([O-])c1cc([N+](=O)[O-])c(C(=O)[O-])cc1[N+](=O)[O-],O=C([O-])c1ccc([N+](=O)[O-])cc1,0.879,0.5,YES,YES,0.9457,YES,YES,YES,YES,NO
GraphRAG,999,332,O=C([O-])c1ccccc1C(=O)[O-],O=C([O-])c1ccc(C(=O)[O-])cc1,0.857,0.75,YES,YES,0.7234,YES,YES,YES,YES,NO
GraphRAG,999,333,CCCn1cnc2c1NC=NC2Cl,c1cc(-c2ccncc2)ccn1,0.213,0.0,YES,YES,2.9682,NO,NO,NO,NO,NO
GraphRAG,999,334,O=C([O-])CCN1[CH]C=C(C2=C[CH]N(CCC(=O)[O-])C=C2)C=C1,O=C([O-])c1ccccc1F,0.182,0.117,YES,NO,1.2412,NO,NO,NO,NO,NO
GraphRAG,999,335,O=C([O-])c1cc(C(=O)[O-])cc(-c2cc(C(=O)[O-])cc(C(=O)[O-])c2)c1,O=C([O-])c1ccc(C(=O)[O-])cc1,0.8,0.369,YES,NO,1.7811,YES,YES,YES,NO,NO
GraphRAG,999,336,O=C([O-])C=Cc1ccncc1,O=C([O-])C=Cc1ccncc1,1.0,1.0,YES,YES,2.4774,YES,YES,YES,YES,YES
GraphRAG,999,337,O=C([O-])c1ccc(C#Cc2ccc(C(=O)[O-])cc2)cc1,O=C([O-])c1ccc(-c2ccc(C(=O)[O-])cc2)cc1INVALID,0.0,0.0,NO,NO,,NO,NO,NO,NO,NO
GraphRAG,999,338,C(c1nnn[nH]1)c1nnn[nH]1,C(Cc1nnn[nH]1)c1nnn[nH]1,0.871,0.485,YES,YES,0.5787,YES,YES,YES,YES,NO
GraphRAG,999,339,O=C([O-])c1cc(O)c(C(=O)[O-])cc1O,O=C([O-])c1cc(O)c(C(=O)[O-])cc1OINVALID,0.0,0.0,NO,NO,,NO,NO,NO,NO,NO
GraphRAG,999,340,CCc1c(C#N)c(CC)c(CC)c(C#N)c1CC,CCCc1c(C#N)c(CCC)c(CCC)c(C#N)c1CCINVALID,0.0,0.0,NO,NO,,NO,NO,NO,NO,NO
GraphRAG,999,341,O=C([O-])c1cncc(O)c1,O=C([O-])c1cncc(F)c1,0.577,0.9,YES,NO,0.6703,YES,YES,YES,YES,YES
GraphRAG,999,342,O=C([O-])c1cccc(C(=O)[O-])n1,O=C([O-])c1cccnc1C(=O)[O-],0.864,0.75,YES,YES,0.6173,YES,YES,YES,YES,NO
GraphRAG,999,343,O=C([O-])c1cncc(-c2ccccc2C(=O)[O-])c1,O=C([O-])c1cc(C(=O)[O-])cc(-c2ccccc2)c1,0.652,0.489,YES,YES,1.6623,YES,YES,NO,NO,NO
GraphRAG,999,344,Cc1cc(C#Cc2cc(C)c(C(=O)[O-])c(C)c2)cc(C)c1C(=O)[O-],Nc1cc(C=Cc2cc(N)c(C(=O)[O-])c(N)c2)cc(N)c1C(=O)[O-],0.485,0.41,YES,NO,6.7134,NO,NO,NO,NO,NO
GraphRAG,999,345,c1cn(Cc2cc(Cn3ccnc3)c(Cn3ccnc3)cc2Cn2ccnc2)cn1,c1cc(Cn2ccnc2)cc(Cn2ccnc2)c1INVALID,0.0,0.0,NO,NO,,NO,NO,NO,NO,NO
GraphRAG,999,346,Nc1cc(C(=O)[O-])ccc1-c1ccc(C(=O)[O-])cc1N,O=C([O-])c1ccccc1O,0.375,0.441,YES,NO,6.1628,NO,NO,NO,NO,NO
GraphRAG,999,347,O=C([O-])c1ccc(-c2ccc(C(=O)[O-])cc2O)c(O)c1,Nc1cc(C(=O)[O-])ccc1-c1ccc(C(=O)[O-])cc1N,0.581,0.902,YES,YES,3.4639,YES,YES,YES,YES,YES
GraphRAG,999,348,O=C([O-])c1nccnc1C(=O)[O-],O=C([O-])c1cccnc1C(=O)[O-],0.88,0.3,YES,NO,1.2131,YES,YES,YES,YES,NO
GraphRAG,999,349,COc1cc(C(=O)[O-])ccc1C#Cc1cc(OC)c(C(=O)[O-])cc1-c1ccccc1,CCC=C1C=c2c(C(=O)[O-])cccc2=CC=C1C(=O)[O-],0.417,0.292,YES,YES,1.8647,NO,NO,NO,NO,NO
GraphRAG,999,350,O=C([O-])c1c(F)c(F)c(C(=O)[O-])c2c(F)c(F)c(F)c(F)c12,O=C([O-])c1c(F)c(F)c(C(=O)[O-])c2ccccc12,1.0,0.821,YES,NO,0.7862,YES,YES,YES,YES,YES
GraphRAG,999,351,O=C([O-])c1cnc(C(=O)[O-])cn1,O=C([O-])c1cccnc1C(=O)[O-]INVALID,0.0,0.0,NO,NO,,NO,NO,NO,NO,NO
GraphRAG,999,352,O=C([O-])c1ccc(Oc2cc(Oc3ccc(C(=O)[O-])cc3)cc(C(=O)[O-])c2)cc1,O=C([O-])c1ccc(Oc2cc(Oc3ccc(C(=O)[O-])cc3)cc(C(=O)[O-])c2)cc1INVALID,0.0,0.0,NO,NO,,NO,NO,NO,NO,NO
GraphRAG,999,353,O=C([O-])c1ccc(-c2cc(C(=O)[O-])cc(C(=O)[O-])c2)cc1,O=C([O-])c1ccc(-c2cc(-c3ccc(C(=O)[O-])cc3)cc(-c3ccc(C(=O)[O-])cc3)c2)cc1,1.0,0.451,YES,YES,1.179,YES,YES,YES,YES,YES
GraphRAG,999,354,O=C([O-])c1cc(F)c(C(=O)[O-])cc1F,O=C([O-])c1c(F)c(F)c(C(=O)[O-])c2cc(F)c(F)cc12,0.818,0.638,YES,YES,1.3228,YES,YES,YES,NO,NO
GraphRAG,999,355,[CH](NN[CH]c1ccncc1)c1ccncc1,c1cc(NNc2ccncc2)ccn1,0.833,0.366,YES,NO,1.3874,YES,YES,YES,NO,NO
GraphRAG,999,356,O=C([O-])c1ccccc1C(=O)O,O=C([O-])c1cccc(C(=O)O)c1,0.867,0.75,YES,NO,3.1384,YES,YES,YES,YES,NO
GraphRAG,999,357,CC(CCC(=O)[O-])C(=O)[O-],CC(CC(=O)[O-])C(=O)[O-],0.812,0.687,YES,YES,2.1227,YES,YES,YES,NO,NO
GraphRAG,999,358,O=C([O-])c1cc(S(O)(O)O)c(C(=O)[O-])c2c1CC2,O=C([O-])c1ccc(C(c2ccc(C(=O)[O-])c(C(=O)[O-])c2)(C(F)(F)F)C(F)(F)F)cc1C(=O)[O-],0.34,0.299,YES,NO,3.6475,NO,NO,NO,NO,NO
GraphRAG,999,359,CNC1(F)CC2(C#CC(=O)[O-])CCC1(C#CC(=O)[O-])CC2,CCC1CC2(C#CC(=O)[O-])CCC1(C#CC(=O)[O-])CC2OINVALID,0.0,0.0,NO,NO,,NO,NO,NO,NO,NO
GraphRAG,999,360,Cc1nccn1Cc1ccncc1,c1cc(-c2nnc(-c3ccncc3)o2)ccn1,0.341,0.338,YES,YES,1.6293,NO,NO,NO,NO,NO
GraphRAG,999,361,c1cn(Cc2ccc(Cn3ccnc3)cc2)cn1,O=C(c1ccncc1)c1cccnc1,0.345,0.087,YES,NO,1.1553,NO,NO,NO,NO,NO
GraphRAG,999,362,c1cncnc1,c1cnccn1,0.769,0.0,YES,YES,0.9181,YES,YES,YES,NO,NO
GraphRAG,999,363,CCC12C3C4(C(=O)[O-])C5(CC)C(C1(C(=O)[O-])C35[N+](=O)[O-])C24[N+](=O)[O-],O=C([O-])C1C(I)CC2(C(=O)[O-])CC1CC2I,0.312,0.471,YES,YES,1.4058,NO,NO,NO,NO,NO
GraphRAG,999,364,O=C([O-])CN(CC(=O)[O-])CC(=O)[O-],O=C([O-])CCC(=O)[O-],0.478,0.285,YES,YES,1.2689,NO,NO,NO,NO,NO
GraphRAG,999,365,c1cn(-c2ccc(NNc3ccc(-n4ccnc4)cc3)cc2)cn1,c1cc(-c2ccc(-c3ccnnc3)cc2)cnn1,0.455,0.239,YES,YES,1.8752,NO,NO,NO,NO,NO
GraphRAG,999,366,Nc1cc(C#Cc2cc(N)c(C(=O)[O-])c(N)c2)cc(N)c1C(=O)[O-],O=C([O-])C1=CC=C2C=C(Br)C(=CC=C(CBr)C(=O)[O-])C2C=C1,0.256,0.148,YES,YES,6.7536,NO,NO,NO,NO,NO
GraphRAG,999,367,CCc1cc2c(cc(CC)c3ccc(C(=O)[O-])c(F)c32)c2cc(C(=O)[O-])ccc12,CC1C=C(C(=O)[O-])C(C(=O)O)=C(C(=O)[O-])C(C(=O)[O-])=C1CC(=O)O,0.371,0.12,YES,YES,1.1895,NO,NO,NO,NO,NO
GraphRAG,999,368,O=C(O)c1cccc(Oc2cccc(C(=O)O)c2C(=O)[O-])c1.O=C(O)c1cccc(Oc2cccc(C(=O)O)c2C(=O)[O-])c1,Cc1cccc(C)[n+]1C(=O)[O-],0.134,0.058,YES,YES,1.7661,NO,NO,NO,NO,NO
GraphRAG,999,369,O=C([O-])CN(CCN(CC(=O)[O-])CC(=O)[O-])CCN(CC(=O)O)CC(=O)O,O=C([O-])Cn1cnnn1,0.36,0.135,YES,NO,0.7104,NO,NO,NO,NO,NO
GraphRAG,999,370,c1ccc(SSc2ccccn2)nc1,c1cnc(SCSc2ncccn2)nc1INVALID,0.0,0.0,NO,NO,,NO,NO,NO,NO,NO
GraphRAG,999,371,Nc1ccc(C=Cc2ccc(N)cc2S(O)(O)O)c(S(O)(O)O)c1,O=P(O)(O)c1ccccc1,0.395,0.246,YES,YES,0.706,NO,NO,NO,NO,NO
GraphRAG,999,372,O=C([O-])c1cc(C(=O)[O-])c(C(=O)O)cc1C(=O)O,O=C([O-])c1cc(C(=O)O)c(C(=O)[O-])cc1C(=O)O,1.0,1.0,YES,YES,1.0748,YES,YES,YES,YES,YES
GraphRAG,999,373,O=C(Nc1cccnc1)c1ccc(C(=O)Nc2cccnc2)s1,c1cc(-c2ccncc2)ccn1,0.375,0.253,YES,YES,1.5499,NO,NO,NO,NO,NO
GraphRAG,999,374,NC1=N[CH]NN1,c1nncn1CCn1cnnn1,0.356,0.0,YES,YES,3.2741,NO,NO,NO,NO,NO
GraphRAG,999,375,O=C([O-])c1cc(C(=O)O)c(C(=O)[O-])cc1C(=O)O,O=C([O-])c1ccc(C(=O)[O-])cc1INVALID,0.0,0.0,NO,NO,,NO,NO,NO,NO,NO
GraphRAG,999,376,O=[N+]([O-])c1cncc([N+](=O)[O-])c1C#Cc1c([N+](=O)[O-])cncc1[N+](=O)[O-],O=[N+]([O-])c1cncc([N+](=O)[O-])c1C#Cc1c([N+](=O)[O-])cncc1[N+](=O)[O-]INVALID,0.0,0.0,NO,NO,,NO,NO,NO,NO,NO
GraphRAG,999,377,O=C([O-])C(O)=C(O)C(=O)[O-],O=C([O-])C(O)=C(O)C(=O)[O-]INVALID,0.0,0.0,NO,NO,,NO,NO,NO,NO,NO
GraphRAG,999,378,C(#C[Si](C#Cc1cn[nH]c1)(C#CC1C=NN=C1)C#CC1C=NN=C1)C1=CN=N[CH]1,C(#C[Si](C#Cc1cn[nH]c1)(C#CC1C=NN=C1)C#CC1C=NN=C1)C1=CN=N[CH]1INVALID,0.0,0.0,NO,NO,,NO,NO,NO,NO,NO
GraphRAG,999,379,O=C([O-])CN1[CH]C=C(c2nnn[nH]2)C=C1,O=C([O-])c1cccc(C(=O)O)n1,0.327,0.17,YES,NO,2.2095,NO,NO,NO,NO,NO
GraphRAG,999,380,Nc1ccccc1S,c1ccc(SCSc2ccccn2)nc1INVALID,0.0,0.0,NO,NO,,NO,NO,NO,NO,NO
GraphRAG,999,381,O=C([O-])c1nc(-c2ccc3ccccc3c2)[nH]c1C(=O)[O-],O=C([O-])c1cc(N2[CH]N=CN2)cc(N2[CH]N=CN2)c1,0.429,0.276,YES,YES,1.2896,NO,NO,NO,NO,NO
GraphRAG,999,382,O=C(O)c1ccc(-c2ccc(-c3ccc(C(=O)O)cc3C(=O)[O-])cc2)c(C(=O)[O-])c1,O=C(O)c1ccc(-c2ccc(-c3ccc(C(=O)O)cc3C(=O)[O-])cc2)c(C(=O)[O-])c1INVALID,0.0,0.0,NO,NO,,NO,NO,NO,NO,NO
GraphRAG,999,383,c1ccc(-c2cc(-c3ccncc3)nc(-c3ccncc3)c2)nc1,C=CC=CC=C1C=CC=C(c2ccncc2)C=NC=C2NC=C(N=C1)C(=CC)c1cnccc12,0.467,0.199,YES,YES,3.7653,NO,NO,NO,NO,NO
GraphRAG,999,384,CSc1nccs1,O=P(O)(O)Cc1ccncc1,0.179,0.055,YES,YES,1.6207,NO,NO,NO,NO,NO
GraphRAG,999,385,O=C([O-])C1CCC(C(=O)[O-])CC1,O=C([O-])C1CCC(C(=O)[O-])CC1INVALID,0.0,0.0,NO,NO,,NO,NO,NO,NO,NO
GraphRAG,999,386,c1c[nH]cn1,c1c[nH]cn1INVALID,0.0,0.0,NO,NO,,NO,NO,NO,NO,NO
GraphRAG,999,387,c1ccc(-c2nnc(-c3ccncc3)[nH]2)nc1,c1ccc(-c2nnc(-c3ccncc3)[nH]2)nc1INVALID,0.0,0.0,NO,NO,,NO,NO,NO,NO,NO
GraphRAG,999,388,O=C([O-])c1cccc(-c2c3nc(c(-c4cccc(C(=O)[O-])c4)c4ccc([nH]4)c(-c4cccc(C(=O)[O-])c4)c4nc(c(-c5cccc(C(=O)[O-])c5)c5ccc2[nH]5)C=C4)C=C3)c1,C=CN=CC=CNNC(=O)C1CC(C(=O)[O-])=CC1=CC(=O)[O-],0.367,0.058,YES,YES,1.211,NO,NO,NO,NO,NO
GraphRAG,999,389,O=C([O-])c1cc2c(cc1C(=O)[O-])C(=O)c1ccccc1C2=O,O=C([O-])c1ccccc1I,0.44,0.395,YES,NO,1.7009,NO,NO,NO,NO,NO
GraphRAG,999,390,Cc1cc2ccc3nc(C)ccc3c2cn1,CCCC=NC1=CC=C2N=CC=CC=C(C=C1)C2C,0.312,0.083,YES,YES,1.2786,NO,NO,NO,NO,NO
GraphRAG,999,391,Nc1nc2ccccc2[nH]1,Nc1nc2ccccc2[nH]1INVALID,0.0,0.0,NO,NO,,NO,NO,NO,NO,NO
GraphRAG,999,392,O=C([O-])CCC(=O)[O-],O=C([O-])CCC(=O)[O-]INVALID,0.0,0.0,NO,NO,,NO,NO,NO,NO,NO
GraphRAG,999,393,CNC12C3C4C5C3(C#CC(=O)[O-])C1C5(NC)C42C#CC(=O)[O-],CNC12C3C4C5C3(C#CC(=O)[O-])C1C5(NC)C42C#CC(=O)[O-]INVALID,0.0,0.0,NO,NO,,NO,NO,NO,NO,NO
GraphRAG,999,394,O=C([O-])c1ccc(-c2ccccc2)cc1,O=C([O-])c1cccc(-c2cccnc2)c1INVALID,0.0,0.0,NO,NO,,NO,NO,NO,NO,NO
GraphRAG,999,395,CCCOc1c(C(=O)[O-])ccc2c(OCCC)c(C(=O)[O-])ccc12,CCCOc1c(C(=O)[O-])ccc2c(OCCC)c(C(=O)[O-])ccc12INVALID,0.0,0.0,NO,NO,,NO,NO,NO,NO,NO
GraphRAG,999,396,CN1c2cncc(n2)N(C)c2cncc(n2)N(C)c2cncc(n2)N(C)c2cncc1n2,C=Nc1cnccc1C1C2=CN=C21,0.333,0.019,YES,YES,3.7565,NO,NO,NO,NO,NO
GraphRAG,999,397,CC(C(=O)[O-])C(=O)[O-],CC(C(=O)[O-])C(=O)[O-]INVALID,0.0,0.0,NO,NO,,NO,NO,NO,NO,NO
GraphRAG,999,398,O=C([O-])C(F)=C(F)C(=O)[O-],O=C([O-])C(F)=C(F)C(=O)[O-]INVALID,0.0,0.0,NO,NO,,NO,NO,NO,NO,NO
GraphRAG,999,399,O=C([O-])c1ccc(Oc2ccc(C(=O)[O-])c(C(=O)[O-])c2)cc1C(=O)[O-],O=C([O-])c1ccc(Oc2ccc(C(=O)[O-])c(C(=O)[O-])c2)cc1C(=O)[O-]INVALID,0.0,0.0,NO,NO,,NO,NO,NO,NO,NO
HyDE-RAG,42,0,O=C([O-])c1cc[n+]([O-])cc1,O=C([O-])c1cccc(C(=O)[O-])[n+]1[O-],0.794,0.538,YES,NO,0.5083,YES,YES,YES,NO,NO
HyDE-RAG,42,1,O=C([O-])c1cc(C(=O)[O-])cc(S(O)(O)O)c1,O=C([O-])c1cc(C(=O)[O-])cc(S(O)(O)O)c1,1.0,1.0,YES,YES,1.3412,YES,YES,YES,YES,YES
HyDE-RAG,42,2,O=C([O-])C1C(C(=O)[O-])C(C(=O)[O-])C(C(=O)[O-])C(C(=O)[O-])C1C(=O)[O-],O=C([O-])C1C(C(=O)[O-])C(C(=O)[O-])C(C(=O)[O-])C(C(=O)[O-])C1C(=O)[O-],1.0,1.0,YES,YES,2.5036,YES,YES,YES,YES,YES
HyDE-RAG,42,3,O=C(O)CC(O)(CC(=O)O)C(=O)[O-],O=C([O-])CC(O)(CC(=O)[O-])C(=O)[O-],0.857,1.0,YES,NO,1.7925,YES,YES,YES,YES,YES
HyDE-RAG,42,4,O=C([O-])c1cc(S(=O)(=O)c2ccc(C(=O)[O-])c(C(=O)O)c2)ccc1C(=O)O,O=C([O-])c1cc(C(=O)[O-])cc(C(=O)O)c1,0.382,0.329,YES,YES,1.1424,NO,NO,NO,NO,NO
HyDE-RAG,42,5,c1nc[nH]n1,c1nnc[nH]1,0.944,1.0,YES,NO,2.4119,YES,YES,YES,YES,YES
HyDE-RAG,42,6,C1CCSC1,C1CCSC1,1.0,1.0,YES,YES,0.9264,YES,YES,YES,YES,YES
HyDE-RAG,42,7,O=C([O-])c1cc([N+](=O)[O-])c2c([N+](=O)[O-])c(C(=O)[O-])cc([N+](=O)[O-])c2c1[N+](=O)[O-],O=C([O-])c1ccc([N+](=O)[O-])cc1,0.763,0.317,YES,YES,1.8311,YES,YES,YES,NO,NO
HyDE-RAG,42,8,O=C1C(=O)C(Cl)C(=O)C(=O)C1Cl,O=C1C(=O)C(Cl)C(=O)C(=O)C1Cl,1.0,1.0,YES,YES,1.5704,YES,YES,YES,YES,YES
HyDE-RAG,42,9,O=C([O-])c1cc(N2[CH]N=CN2)cc(N2[CH]N=CN2)c1,O=C([O-])c1cc(C(=O)O)cc(-n2cnnc2)c1,0.698,0.506,YES,YES,1.651,YES,YES,NO,NO,NO
HyDE-RAG,42,10,C1CNCCN1,C1CNCCN1,1.0,1.0,YES,YES,0.8306,YES,YES,YES,YES,YES
HyDE-RAG,42,11,O=C([O-])c1c(F)c(F)c(C(=O)[O-])c2cc(F)c(F)cc12,O=C([O-])c1c(F)c(F)c(C(=O)[O-])c2cc(F)c(F)cc12,1.0,1.0,YES,YES,0.7136,YES,YES,YES,YES,YES
HyDE-RAG,42,12,O=C1C([N+](=O)[O-])=CC([N+](=O)[O-])C(O)=C1[N+](=O)[O-],O=C([O-])C1=CC([N+](=O)[O-])=CC([N+](=O)[O-])C1=O,0.925,0.212,YES,YES,1.4087,YES,YES,YES,YES,YES
HyDE-RAG,42,13,O=C([O-])c1ccc(C(=O)[O-])c2ccccc12,O=C([O-])c1ccc(C(=O)[O-])cc1INVALID,0.0,0.0,NO,NO,,NO,NO,NO,NO,NO
HyDE-RAG,42,14,c1nnnn1CCn1cnnn1,c1nnnn1CCCCn1cnnn1,0.969,0.487,YES,NO,1.4133,YES,YES,YES,YES,YES
HyDE-RAG,42,15,O=C([O-])c1cc([N+](=O)[O-])c(C(=O)[O-])cc1[N+](=O)[O-],O=C([O-])c1ccc([N+](=O)[O-])cc1,0.879,0.5,YES,YES,0.9457,YES,YES,YES,YES,NO
HyDE-RAG,42,16,O=C([O-])c1ccccc1C(=O)[O-],O=C([O-])c1ccc(C(=O)[O-])cc1,0.857,0.75,YES,YES,0.7234,YES,YES,YES,YES,NO
HyDE-RAG,42,17,CCCn1cnc2c1NC=NC2Cl,c1cc(-c2nnn[nH]2)ccn1,0.346,0.0,YES,YES,2.8419,NO,NO,NO,NO,NO
HyDE-RAG,42,18,O=C([O-])CCN1[CH]C=C(C2=C[CH]N(CCC(=O)[O-])C=C2)C=C1,O=C([O-])CN1[CH]C=C(C2=C[CH]N(CC(=O)[O-])C=C2)C=C1,0.868,0.732,YES,YES,1.3997,YES,YES,YES,YES,NO
HyDE-RAG,42,19,O=C([O-])c1cc(C(=O)[O-])cc(-c2cc(C(=O)[O-])cc(C(=O)[O-])c2)c1,O=C([O-])c1ccc(-c2ccc(C(=O)[O-])c(C(=O)[O-])c2)cc1C(=O)[O-],0.882,0.754,YES,YES,1.7349,YES,YES,YES,YES,NO
HyDE-RAG,42,20,O=C([O-])C=Cc1ccncc1,O=C([O-])c1ccc(-c2ccncc2)cc1,0.778,0.39,YES,YES,2.4887,YES,YES,YES,NO,NO
HyDE-RAG,42,21,O=C([O-])c1ccc(C#Cc2ccc(C(=O)[O-])cc2)cc1,O=C([O-])c1ccc(C=Cc2ccc(C(=O)[O-])cc2)cc1,0.875,0.49,YES,NO,4.575,YES,YES,YES,YES,NO
HyDE-RAG,42,22,C(c1nnn[nH]1)c1nnn[nH]1,C(Cc1nnn[nH]1)c1nnn[nH]1,0.871,0.485,YES,YES,0.5787,YES,YES,YES,YES,NO
HyDE-RAG,42,23,O=C([O-])c1cc(O)c(C(=O)[O-])cc1O,O=C([O-])c1ccc(C(=O)[O-])cc1,0.571,0.857,YES,NO,0.5542,YES,YES,YES,YES,NO
HyDE-RAG,42,24,CCc1c(C#N)c(CC)c(CC)c(C#N)c1CC,CCCOC=C(OCCC)C(OCCC)C(OCCC)C(OCCC)C(OCCC)C(OCCC)C(OCCC)(OCCC)C(C)OCCC,0.189,0.032,YES,YES,1.9656,NO,NO,NO,NO,NO
HyDE-RAG,42,25,O=C([O-])c1cncc(O)c1,O=C([O-])c1cncc(F)c1,0.577,0.9,YES,NO,0.6846,YES,YES,YES,YES,YES
HyDE-RAG,42,26,O=C([O-])c1cccc(C(=O)[O-])n1,O=C([O-])c1cccnc1C(=O)[O-],0.864,0.75,YES,YES,0.9452,YES,YES,YES,YES,NO
HyDE-RAG,42,27,O=C([O-])c1cncc(-c2ccccc2C(=O)[O-])c1,O=C([O-])c1cc(C(=O)[O-])cc(-c2ccccc2)c1,0.652,0.489,YES,YES,1.6623,YES,YES,NO,NO,NO
HyDE-RAG,42,28,Cc1cc(C#Cc2cc(C)c(C(=O)[O-])c(C)c2)cc(C)c1C(=O)[O-],Nc1cc(C=Cc2cc(N)c(C(=O)[O-])c(N)c2)cc(N)c1C(=O)[O-],0.485,0.41,YES,NO,6.7134,NO,NO,NO,NO,NO
HyDE-RAG,42,29,c1cn(Cc2cc(Cn3ccnc3)c(Cn3ccnc3)cc2Cn2ccnc2)cn1,c1cc(Cn2ccnc2)cc(Cn2ccnc2)c1,0.889,0.595,YES,NO,1.5638,YES,YES,YES,YES,NO
HyDE-RAG,42,30,Nc1cc(C(=O)[O-])ccc1-c1ccc(C(=O)[O-])cc1N,O=C([O-])c1ccc(-c2ccc(C(=O)[O-])cc2F)c(F)c1,0.567,0.902,YES,YES,5.5632,YES,YES,YES,YES,YES
HyDE-RAG,42,31,O=C([O-])c1ccc(-c2ccc(C(=O)[O-])cc2O)c(O)c1,Nc1cc(C(=O)[O-])ccc1-c1ccc(C(=O)[O-])cc1N,0.581,0.902,YES,YES,3.4555,YES,YES,YES,YES,YES
HyDE-RAG,42,32,O=C([O-])c1nccnc1C(=O)[O-],O=C([O-])c1cccnc1C(=O)[O-],0.88,0.3,YES,NO,1.2131,YES,YES,YES,YES,NO
HyDE-RAG,42,33,COc1cc(C(=O)[O-])ccc1C#Cc1cc(OC)c(C(=O)[O-])cc1-c1ccccc1,CCC=C1C=c2c(C(=O)[O-])cccc2=CC=C1C(=O)[O-],0.417,0.292,YES,YES,1.8647,NO,NO,NO,NO,NO
HyDE-RAG,42,34,O=C([O-])c1c(F)c(F)c(C(=O)[O-])c2c(F)c(F)c(F)c(F)c12,O=C([O-])c1c(F)c(F)c(C(=O)[O-])c2ccccc12INVALID,0.0,0.0,NO,NO,,NO,NO,NO,NO,NO
HyDE-RAG,42,35,O=C([O-])c1cnc(C(=O)[O-])cn1,O=C([O-])c1cccnc1C(=O)[O-],0.8,0.3,YES,NO,1.2948,YES,YES,YES,NO,NO
HyDE-RAG,42,36,O=C([O-])c1ccc(Oc2cc(Oc3ccc(C(=O)[O-])cc3)cc(C(=O)[O-])c2)cc1,O=C([O-])c1ccc(Oc2cc(Oc3ccc(C(=O)[O-])cc3)cc(C(=O)[O-])c2)cc1INVALID,0.0,0.0,NO,NO,,NO,NO,NO,NO,NO
HyDE-RAG,42,37,O=C([O-])c1ccc(-c2cc(C(=O)[O-])cc(C(=O)[O-])c2)cc1,O=C([O-])c1ccc(-c2cc(C(=O)[O-])cc(C(=O)[O-])c2)cc1,1.0,1.0,YES,YES,0.9274,YES,YES,YES,YES,YES
HyDE-RAG,42,38,O=C([O-])c1cc(F)c(C(=O)[O-])cc1F,O=C([O-])c1c(F)c(F)c(C(=O)[O-])c(F)c1F,1.0,0.875,YES,YES,1.7859,YES,YES,YES,YES,YES
HyDE-RAG,42,39,[CH](NN[CH]c1ccncc1)c1ccncc1,c1cc(NNc2ccncc2)ccn1,0.833,0.366,YES,NO,1.3874,YES,YES,YES,NO,NO
HyDE-RAG,42,40,O=C([O-])c1ccccc1C(=O)O,O=C([O-])c1ccc(C(=O)[O-])cc1,0.8,0.75,YES,NO,3.0335,YES,YES,YES,NO,NO
HyDE-RAG,42,41,CC(CCC(=O)[O-])C(=O)[O-],CC(CC(=O)[O-])C(=O)[O-],0.812,0.687,YES,YES,2.1227,YES,YES,YES,NO,NO
HyDE-RAG,42,42,O=C([O-])c1cc(S(O)(O)O)c(C(=O)[O-])c2c1CC2,O=C([O-])c1cc(Cl)c(C(=O)[O-])c2c1CC2,0.422,0.782,YES,YES,3.6837,YES,YES,YES,NO,NO
HyDE-RAG,42,43,CNC1(F)CC2(C#CC(=O)[O-])CCC1(C#CC(=O)[O-])CC2,CCC1CC2(C#CC(=O)[O-])CCC1(C#CC(=O)[O-])CC2O,0.6,0.86,YES,NO,0.6936,YES,YES,YES,YES,NO
HyDE-RAG,42,44,Cc1nccn1Cc1ccncc1,c1cc(-c2nnc(-c3ccncc3)o2)ccn1,0.341,0.338,YES,YES,1.6293,NO,NO,NO,NO,NO
HyDE-RAG,42,45,c1cn(Cc2ccc(Cn3ccnc3)cc2)cn1,c1ncn(Cc2ccc(Cn3cncn3)cc2)n1,0.733,0.533,YES,NO,1.1598,YES,YES,YES,NO,NO
HyDE-RAG,42,46,c1cncnc1,c1cncnc1,1.0,1.0,YES,YES,0.9155,YES,YES,YES,YES,YES
HyDE-RAG,42,47,CCC12C3C4(C(=O)[O-])C5(CC)C(C1(C(=O)[O-])C35[N+](=O)[O-])C24[N+](=O)[O-],O=C([O-])C1C(I)CC2(C(=O)[O-])CC1CC2I,0.312,0.471,YES,YES,1.4058,NO,NO,NO,NO,NO
HyDE-RAG,42,48,O=C([O-])CN(CC(=O)[O-])CC(=O)[O-],O=C([O-])CCC(=O)[O-],0.478,0.285,YES,YES,1.3653,NO,NO,NO,NO,NO
HyDE-RAG,42,49,c1cn(-c2ccc(NNc3ccc(-n4ccnc4)cc3)cc2)cn1,c1cc(-c2ccc(-c3ccnnc3)cc2)cnn1,0.455,0.239,YES,YES,1.9985,NO,NO,NO,NO,NO
HyDE-RAG,42,50,Nc1cc(C#Cc2cc(N)c(C(=O)[O-])c(N)c2)cc(N)c1C(=O)[O-],O=C([O-])C1=CC=C2C=C(Br)C(=CC=C(CBr)C(=O)[O-])C2C=C1,0.256,0.148,YES,YES,6.7536,NO,NO,NO,NO,NO
HyDE-RAG,42,51,CCc1cc2c(cc(CC)c3ccc(C(=O)[O-])c(F)c32)c2cc(C(=O)[O-])ccc12,CC1C=C(C(=O)[O-])C(C(=O)O)=C(C(=O)[O-])C(C(=O)[O-])=C1CC(=O)O,0.371,0.12,YES,YES,1.0776,NO,NO,NO,NO,NO
HyDE-RAG,42,52,O=C(O)c1cccc(Oc2cccc(C(=O)O)c2C(=O)[O-])c1.O=C(O)c1cccc(Oc2cccc(C(=O)O)c2C(=O)[O-])c1,Cc1cccc(C)[n+]1C(=O)[O-],0.134,0.058,YES,YES,1.5888,NO,NO,NO,NO,NO
HyDE-RAG,42,53,O=C([O-])CN(CCN(CC(=O)[O-])CC(=O)[O-])CCN(CC(=O)O)CC(=O)O,O=C([O-])CNCC(=O)N(CC(=O)[O-])CC(=O)[O-],0.684,0.586,YES,YES,0.6692,YES,YES,NO,NO,NO
HyDE-RAG,42,54,c1ccc(SSc2ccccn2)nc1,c1cnc(SCSc2ncccn2)nc1INVALID,0.0,0.0,NO,NO,,NO,NO,NO,NO,NO
HyDE-RAG,42,55,Nc1ccc(C=Cc2ccc(N)cc2S(O)(O)O)c(S(O)(O)O)c1,O=P(O)(O)c1ccc(-c2ccc(P(=O)(O)O)cc2)cc1,0.444,0.246,YES,YES,0.501,NO,NO,NO,NO,NO
HyDE-RAG,42,56,O=C([O-])c1cc(C(=O)[O-])c(C(=O)O)cc1C(=O)O,O=C([O-])c1cc(C(=O)O)c(C(=O)[O-])cc1C(=O)O,1.0,1.0,YES,YES,1.0748,YES,YES,YES,YES,YES
HyDE-RAG,42,57,O=C(Nc1cccnc1)c1ccc(C(=O)Nc2cccnc2)s1,O=C([O-])c1cc(S(O)(O)O)cc(S(O)(O)O)c1,0.164,0.11,YES,YES,1.9888,NO,NO,NO,NO,NO
HyDE-RAG,42,58,NC1=N[CH]NN1,Cn1nn[nH]c1=S,0.413,0.0,YES,YES,3.3322,NO,NO,NO,NO,NO
HyDE-RAG,42,59,O=C([O-])c1cc(C(=O)O)c(C(=O)[O-])cc1C(=O)O,O=C([O-])c1ccc(C(=O)[O-])cc1INVALID,0.0,0.0,NO,NO,,NO,NO,NO,NO,NO
HyDE-RAG,42,60,O=[N+]([O-])c1cncc([N+](=O)[O-])c1C#Cc1c([N+](=O)[O-])cncc1[N+](=O)[O-],O=[N+]([O-])c1cncc([N+](=O)[O-])c1C#Cc1c([N+](=O)[O-])cncc1[N+](=O)[O-],1.0,1.0,YES,YES,1.9466,YES,YES,YES,YES,YES
HyDE-RAG,42,61,O=C([O-])C(O)=C(O)C(=O)[O-],NC(C(=O)[O-])=C(N)C(=O)[O-],0.481,0.791,YES,NO,1.6845,YES,YES,YES,NO,NO
HyDE-RAG,42,62,C(#C[Si](C#Cc1cn[nH]c1)(C#CC1C=NN=C1)C#CC1C=NN=C1)C1=CN=N[CH]1,C(#CC#Cc1cn[nH]c1)C#CC1=CN=N[CH]1,0.828,0.232,YES,YES,5.2791,YES,YES,YES,NO,NO
HyDE-RAG,42,63,O=C([O-])CN1[CH]C=C(c2nnn[nH]2)C=C1,O=C([O-])c1cncc(Cl)c1,0.28,0.17,YES,NO,2.1727,NO,NO,NO,NO,NO
HyDE-RAG,42,64,Nc1ccccc1S,O=C([O-])c1ccccc1S,0.375,0.7,YES,NO,0.9442,YES,YES,YES,NO,NO
HyDE-RAG,42,65,O=C([O-])c1nc(-c2ccc3ccccc3c2)[nH]c1C(=O)[O-],O=C([O-])c1cc(N2[CH]N=CN2)cc(N2[CH]N=CN2)c1,0.429,0.276,YES,YES,1.2577,NO,NO,NO,NO,NO
HyDE-RAG,42,66,O=C(O)c1ccc(-c2ccc(-c3ccc(C(=O)O)cc3C(=O)[O-])cc2)c(C(=O)[O-])c1,O=C([O-])c1cc(C(=O)[O-])cc(-c2ccc(C(=O)O)cc2)c1,0.842,0.5,YES,YES,1.7655,YES,YES,YES,NO,NO
HyDE-RAG,42,67,c1ccc(-c2cc(-c3ccncc3)nc(-c3ccncc3)c2)nc1,C=CC=CC=C1C=CC=C(c2ccncc2)C=NC=C2NC=C(N=C1)C(=CC)c1cnccc12,0.467,0.199,YES,YES,3.7653,NO,NO,NO,NO,NO
HyDE-RAG,42,68,CSc1nccs1,O=P(O)(O)c1ccccn1,0.222,0.0,YES,YES,1.6177,NO,NO,NO,NO,NO
HyDE-RAG,42,69,O=C([O-])C1CCC(C(=O)[O-])CC1,O=C([O-])C1CC(C(=O)O)C(C(=O)[O-])CC1C(=O)O,0.6,0.667,YES,YES,1.6611,YES,YES,NO,NO,NO
HyDE-RAG,42,70,c1c[nH]cn1,c1c[nH]cn1INVALID,0.0,0.0,NO,NO,,NO,NO,NO,NO,NO
HyDE-RAG,42,71,c1ccc(-c2nnc(-c3ccncc3)[nH]2)nc1,c1cc(-c2nnc(-c3cnccn3)[nH]2)ccn1,1.0,0.697,YES,YES,2.387,YES,YES,YES,YES,YES
HyDE-RAG,42,72,O=C([O-])c1cccc(-c2c3nc(c(-c4cccc(C(=O)[O-])c4)c4ccc([nH]4)c(-c4cccc(C(=O)[O-])c4)c4nc(c(-c5cccc(C(=O)[O-])c5)c5ccc2[nH]5)C=C4)C=C3)c1,O=C([O-])c1cccc(-c2c3nc(c(-c4cccc(C(=O)[O-])c4)c4ccc([nH]4)c(-c4cccc(C(=O)O)c4)c4nc(c(-c5cccc(C(=O)[O-])c5)c5ccc2[nH]5)C=C4)C=C3)c1,0.968,1.0,YES,YES,1.5287,YES,YES,YES,YES,YES
HyDE-RAG,42,73,O=C([O-])c1cc2c(cc1C(=O)[O-])C(=O)c1ccccc1C2=O,O=C([O-])c1ccc2cc(C(=O)[O-])ccc2c1,0.762,0.588,YES,YES,1.7037,YES,YES,YES,NO,NO
HyDE-RAG,42,74,Cc1cc2ccc3nc(C)ccc3c2cn1,CCCC=NC1=CC=C2N=CC=CC=C(C=C1)C2C,0.312,0.083,YES,YES,1.4547,NO,NO,NO,NO,NO
HyDE-RAG,42,75,Nc1nc2ccccc2[nH]1,Nc1nnn[nH]1,0.667,0.156,YES,NO,3.1639,YES,YES,NO,NO,NO
HyDE-RAG,42,76,O=C([O-])CCC(=O)[O-],O=C([O-])C=CC(=O)[O-],0.643,0.471,YES,YES,0.4866,YES,YES,NO,NO,NO
HyDE-RAG,42,77,CNC12C3C4C5C3(C#CC(=O)[O-])C1C5(NC)C42C#CC(=O)[O-],CNC12C3C4C5C(C41C#CC(=O)[O-])C2(NC)C53C#CC(=O)[O-],0.879,0.915,YES,YES,1.3209,YES,YES,YES,YES,YES
HyDE-RAG,42,78,O=C([O-])c1ccc(-c2ccccc2)cc1,O=C([O-])c1ccc(C(=O)[O-])cc1,0.6,0.585,YES,NO,0.943,YES,YES,NO,NO,NO
HyDE-RAG,42,79,CCCOc1c(C(=O)[O-])ccc2c(OCCC)c(C(=O)[O-])ccc12,CCCOc1cc(NNc2ccc(C(=O)[O-])cc2I)c(OCCC)c(I)c1C(=O)[O-],0.6,0.428,YES,YES,1.3172,YES,YES,NO,NO,NO
HyDE-RAG,42,80,CN1c2cncc(n2)N(C)c2cncc(n2)N(C)c2cncc(n2)N(C)c2cncc1n2,C1=CC2C=CC1CSCc1cccc(c1)CS2,0.189,0.0,YES,YES,3.6061,NO,NO,NO,NO,NO
HyDE-RAG,42,81,CC(C(=O)[O-])C(=O)[O-],CC(C(=O)[O-])=C(C)C(=O)[O-],0.667,0.478,YES,NO,2.8831,YES,YES,NO,NO,NO
HyDE-RAG,42,82,O=C([O-])C(F)=C(F)C(=O)[O-],O=C([O-])C(F)=C(F)C(=O)[O-],1.0,1.0,YES,YES,1.6036,YES,YES,YES,YES,YES
HyDE-RAG,42,83,O=C([O-])c1ccc(Oc2ccc(C(=O)[O-])c(C(=O)[O-])c2)cc1C(=O)[O-],O=C([O-])c1ccc(C=Nc2cc(C(=O)[O-])cc(C(=O)[O-])c2)cc1,0.5,0.354,YES,NO,1.9864,YES,NO,NO,NO,NO
HyDE-RAG,42,84,Cc1cc(OCC(=O)[O-])cc(C(=O)[O-])c1,O=C([O-])c1cc[n+]([O-])cc1,0.351,0.24,YES,YES,4.3014,NO,NO,NO,NO,NO
HyDE-RAG,42,85,O=C([O-])c1sc2c(C(=O)O)c(C(=O)[O-])sc2c1C(=O)O,O=C([O-])c1cc(C(=O)O)c(C(=O)[O-])cc1F,0.467,0.177,YES,YES,4.7348,NO,NO,NO,NO,NO
HyDE-RAG,42,86,Cc1nc(C)c(C(=O)[O-])c(C=Cc2ccccc2)c1C(=O)[O-],O=C([O-])c1cccc(F)c1C(=O)[O-],0.467,0.313,YES,NO,1.4427,NO,NO,NO,NO,NO
HyDE-RAG,42,87,Cc1c(C)c(C(=O)[O-])c(C)c(C)c1C(=O)[O-],Nc1cc(C(=O)[O-])cc(C(=O)[O-])c1,0.5,0.625,YES,NO,0.8281,YES,YES,NO,NO,NO
HyDE-RAG,42,88,O=C([O-])CO,O=C([O-])CCC(=O)[O-],0.5,0.471,YES,YES,0.4439,YES,NO,NO,NO,NO
HyDE-RAG,42,89,O=C([O-])c1ccc(-c2ccc(C(=O)[O-])c(C(=O)O)c2)cc1C(=O)O,O=C([O-])c1cc(C(=O)O)c(C(=O)[O-])c2c1CC2,0.625,0.492,YES,YES,2.38,YES,YES,NO,NO,NO
HyDE-RAG,42,90,Cc1cc(-n2ccnc2)c(C)cc1-n1ccnc1,c1ccc(-c2nc(-c3ccccn3)c(-c3ccccn3)nc2-c2ccccn2)nc1,0.5,0.0,YES,YES,2.3007,YES,NO,NO,NO,NO
HyDE-RAG,42,91,O=P(O)(O)CCSc1ccncc1,O=P(O)(O)CCCCP(=O)(O)O,0.59,0.431,YES,YES,1.3822,YES,NO,NO,NO,NO
HyDE-RAG,42,92,O=C([O-])C1=NC(c2cncc(Br)c2)=NC1C(=O)O,O=C([O-])c1cccc2cccc(C(=O)[O-])c12,0.286,0.196,YES,NO,1.955,NO,NO,NO,NO,NO
HyDE-RAG,42,93,[CH]1N=NC=C1c1ccc([Si](c2ccc(-c3cn[nH]c3)cc2)(c2ccc(C3C=NN=C3)cc2)c2ccc(C3C=NN=C3)cc2)cc1,C1=NN=CC1C12C3C4C1C1C2C3C41Cc1cn[nH]c1INVALID,0.0,0.0,NO,NO,,NO,NO,NO,NO,NO
HyDE-RAG,42,94,CCOC1(Br)c2c(C(=O)[O-])c(Br)cc(C(=O)[O-])c2C1Br,O=C([O-])C=C(F)C(F)=C(C=CC(F)=C(CF)c1c(F)c(F)c(C(=O)[O-])c(F)c1F)CF,0.528,0.323,YES,YES,1.9046,YES,NO,NO,NO,NO
HyDE-RAG,42,95,CCCOC1CC2(C#CC(=O)[O-])CCC1(C#CC(=O)[O-])CC2,CCC1c2c(C(=O)[O-])cc(OC)c(C(=O)[O-])c2C1CCINVALID,0.0,0.0,NO,NO,,NO,NO,NO,NO,NO
HyDE-RAG,42,96,N#CC(C(=O)[O-])=C(C=CC(=O)[O-])c1ccccc1,CCCc1cc(C(=O)[O-])ccc1NNc1ccc(C(=O)[O-])cc1,0.31,0.342,YES,YES,1.5504,NO,NO,NO,NO,NO
HyDE-RAG,42,97,O=C([O-])C=CC=CC(=O)[O-],O=C([O-])CCC(=O)[O-],0.643,0.373,YES,YES,1.4334,YES,YES,NO,NO,NO
HyDE-RAG,42,98,CCOP(=O)(Cc1c(C)c(C)c(CP(=O)(OCC)OCC)c(C)c1C)OCC,CC(=O)C(=NNc1ccccc1S(O)(O)O)C(C)=O,0.292,0.214,YES,NO,1.5781,NO,NO,NO,NO,NO
HyDE-RAG,42,99,[CH]1N=CNN1CCCCCCn1cncn1,c1ncn(CCCCn2cncn2)n1,0.769,0.549,YES,NO,2.3763,YES,YES,YES,NO,NO
HyDE-RAG,42,100,O=P(O)(O)O,O=P(O)(O)CCP(=O)(O)O,0.64,0.373,YES,YES,1.0841,YES,YES,NO,NO,NO
HyDE-RAG,42,101,O=C([O-])c1cc(C(=O)O)c(C(=O)[O-])c2c1CC2,O=C([O-])c1cc(C(=O)[O-])cc(S(O)(O)O)c1,0.317,0.69,YES,YES,2.2351,YES,YES,NO,NO,NO
HyDE-RAG,42,102,O=C([O-])c1cc(Cn2nnc3ccccc32)cc(C(=O)[O-])c1,O=C([O-])c1cc(NCc2ccncc2)cc(C(=O)[O-])c1,0.522,0.527,YES,YES,1.0823,YES,NO,NO,NO,NO
HyDE-RAG,42,103,O=C([O-])c1c(F)cc(C=Cc2cc(F)c(C(=O)[O-])c(F)c2)cc1F,O=C([O-])C=C(O)C(O)=C(C=CC(O)=C1C(=C(O)C(O)=C(CO)C(=O)[O-])C1OCO)COC(O)=CO,0.279,0.074,YES,YES,6.9295,NO,NO,NO,NO,NO
HyDE-RAG,42,104,Nc1c(N)c(C(=O)[O-])c(N)c(N)c1C#Cc1c(N)c(N)c(C(=O)[O-])c(N)c1N,O=C([O-])c1c(Cl)c(Cl)c(C#Cc2c(Cl)c(Cl)c(C(=O)[O-])c(Cl)c2Cl)c(Cl)c1ClINVALID,0.0,0.0,NO,NO,,NO,NO,NO,NO,NO
HyDE-RAG,42,105,NCC(=O)[O-],N#CCC(=O)[O-],0.474,0.64,YES,NO,0.3553,YES,YES,NO,NO,NO
HyDE-RAG,42,106,O=C([O-])c1nc[nH]c1C(=O)[O-],O=C([O-])c1nc[nH]c1C(=O)[O-]INVALID,0.0,0.0,NO,NO,,NO,NO,NO,NO,NO
HyDE-RAG,42,107,O=C([O-])c1ccc(C#Cc2ccc(C(=O)[O-])cc2Cl)c(Cl)c1,O=C([O-])c1ccc(C#Cc2ccc(C(=O)[O-])c(Cl)c2)cc1Cl,1.0,0.911,YES,NO,3.8705,YES,YES,YES,YES,YES
HyDE-RAG,42,108,O=C([O-])c1cncc(OCOc2cncc(C(=O)[O-])c2)c1,O=C([O-])c1cccc(-n2ccc(=O)cc2)c1C(=O)[O-]INVALID,0.0,0.0,NO,NO,,NO,NO,NO,NO,NO
HyDE-RAG,42,109,O=C([O-])c1ccc(-n2ccc(=O)cc2)cc1C(=O)[O-],O=C([O-])c1cc(Oc2ccccc2C(=O)[O-])cc(Oc2ccccc2C(=O)[O-])c1,0.541,0.302,YES,NO,2.158,YES,NO,NO,NO,NO
HyDE-RAG,42,110,CCc1cc(-c2ccc(C(=O)[O-])cc2)ccc1C(=O)[O-],CCCOC=Cc1cc2c3ccc(C(=O)[O-])c2c(c1C1=CC=CC=C(CCCC=CC=C(C=CC(=O)[O-])C(=O)[O-])CCCO1)C=CC=C3,0.526,0.183,YES,YES,1.505,YES,NO,NO,NO,NO
HyDE-RAG,42,111,CCCC1=NN=CC1C#Cc1ccc(C#CC2=C(CCC)N=N[CH]2)cc1OC,CCCOC12C=CC3(C)C(C#Cc4cn[nH]c4)C1(OCCC)C3(F)C2INVALID,0.0,0.0,NO,NO,,NO,NO,NO,NO,NO
HyDE-RAG,42,112,CCC(C)COc1cc(C=Cc2ccncc2)c(OCC(C)CC)cc1C=Cc1ccncc1,CCCOC=C1C=C(c2ccncc2)C=C1Cc1ccncc1,0.575,0.201,YES,YES,0.6143,YES,NO,NO,NO,NO
HyDE-RAG,42,113,Cn1cnc(C(=O)[O-])c1C(=O)[O-],O=C([O-])c1ccco1,0.333,0.3,YES,NO,3.0306,NO,NO,NO,NO,NO
HyDE-RAG,42,114,O=S1(=O)CCCC1,O=C([O-])COCCC(O)C(CO)C(=O)[O-]INVALID,0.0,0.0,NO,NO,,NO,NO,NO,NO,NO
HyDE-RAG,42,115,Cc1nccn1CCCCn1ccnc1C,c1cc(CCCc2ccncc2)ccn1,0.324,0.16,YES,YES,1.6619,NO,NO,NO,NO,NO
HyDE-RAG,42,116,O=C([O-])c1ccnc(-c2cc(C(=O)[O-])ccn2)c1,O=C([O-])c1ccnc(-c2cc(C(=O)[O-])ccn2)c1,1.0,1.0,YES,YES,1.09,YES,YES,YES,YES,YES
HyDE-RAG,42,117,O=C([O-])c1cccc(-c2nccs2)c1,CCC(O)P(=O)(O)OP(=O)(O)O,0.061,0.112,YES,YES,0.7562,NO,NO,NO,NO,NO
HyDE-RAG,42,118,NC(=S)c1cccc(C(N)=S)c1,c1cc(-c2nnn[nH]2)cc(-c2nnn[nH]2)c1,0.25,0.358,YES,YES,1.6607,NO,NO,NO,NO,NO
HyDE-RAG,42,119,O=C([O-])c1ccc(N=Cc2ccccc2O)cc1,O=C([O-])c1cccc(-c2cccnc2)c1,0.375,0.489,YES,YES,1.4728,NO,NO,NO,NO,NO
HyDE-RAG,42,120,Nc1c(N)c(C(=O)[O-])c2ccccc2c1C(=O)[O-],O=C([O-])c1ccc(C(=O)[O-])c2c(O)c(O)c(O)cc12,0.526,0.845,YES,YES,0.7017,YES,YES,YES,NO,NO
HyDE-RAG,42,121,Cc1cc2ncn(CCCCn3cnc4cc(C)c(C)cc43)c2cc1C,c1cc(-c2ccncc2)ccn1,0.289,0.0,YES,YES,1.4796,NO,NO,NO,NO,NO
HyDE-RAG,42,122,O=C([O-])c1c(O)c(O)c(C(=O)[O-])c2c(O)c(O)c(O)c(O)c12,O=C([O-])C=CC(C(=O)O)=C(C=C(C=C(C(=O)O)C(=CC(=O)O)C(=O)O)C(=O)O)C(=O)[O-]INVALID,0.0,0.0,NO,NO,,NO,NO,NO,NO,NO
HyDE-RAG,42,123,O=C([O-])C12C3C4C1C1(S(O)(O)O)C2C3C41C(=O)[O-],CCC1C2C3C(CC)C4(c5ccccc5)C3(C#CC(=O)[O-])C2C14C(=O)[O-],0.4,0.441,YES,YES,1.6166,NO,NO,NO,NO,NO
HyDE-RAG,42,124,Cc1cnc(C)cn1,C=C1N=CC(CCCCCn2cncn2)=N1,0.244,0.099,YES,YES,0.6537,NO,NO,NO,NO,NO
HyDE-RAG,42,125,ON=C(c1ccncc1)c1ccccn1,COc1cccc2nnnn2c2ccc(N)cc2nc1,0.294,0.03,YES,YES,1.1362,NO,NO,NO,NO,NO
HyDE-RAG,42,126,CC(=O)N(C)C,c1c[nH]cn1,0.034,0.0,YES,YES,3.0713,NO,NO,NO,NO,NO
HyDE-RAG,42,127,c1cc(-c2ccncc2)ccn1,c1cc(-c2ccncc2)ccn1INVALID,0.0,0.0,NO,NO,,NO,NO,NO,NO,NO
HyDE-RAG,42,128,[CH](C=CC=C1C=NN=C1)c1cn[nH]c1,c1cc(CCCc2ccncc2)ccn1,0.276,0.17,YES,YES,4.9128,NO,NO,NO,NO,NO
HyDE-RAG,42,129,CC(=O)[CH]C(=O)c1ccc(-n2ccnc2)cc1,CC(=O)[CH]C(=O)c1ccc(-n2ccnc2)cc1,1.0,1.0,YES,YES,2.4774,YES,YES,YES,YES,YES
HyDE-RAG,42,130,O=C(Nc1cccnc1)c1cccnc1,O=P(O)(O)c1ccccn1INVALID,0.0,0.0,NO,NO,,NO,NO,NO,NO,NO
HyDE-RAG,42,131,c1cc(CCCc2ccncc2)ccn1,c1cc(CCCc2ccncc2)ccn1INVALID,0.0,0.0,NO,NO,,NO,NO,NO,NO,NO
HyDE-RAG,42,132,Cc1cc2ncn(Cc3ccc(Cn4cnc5cc(C)c(C)cc54)cc3)c2cc1C,c1ccc2nc3ccccc3nc2c1,0.455,0.191,YES,NO,2.3337,NO,NO,NO,NO,NO
HyDE-RAG,42,133,Cc1ccc(SCN(CSc2ccc(C)cc2C)CSc2ccc(C)cc2C)c(C)c1,c1ccc2c(c1)nnn2OCCOn1cnnn1INVALID,0.0,0.0,NO,NO,,NO,NO,NO,NO,NO
HyDE-RAG,42,134,CC1c2nccc(-c3ccnc4c3C4C)c21,O=C(Nc1ccncc1)c1cccc(C(=O)Nc2ccncc2)c1,0.394,0.242,YES,YES,1.0111,NO,NO,NO,NO,NO
HyDE-RAG,42,135,O=C([O-])c1ccc(OCC(COc2ccc(C(=O)[O-])cc2)(COc2ccc(C(=O)[O-])cc2)COc2ccc(C(=O)O)cc2)cc1,O=C([O-])C=C1C=Cc2cc([nH][nH]c3ccc(C(=O)O)cc3c2=CC=CC(=O)O)=C1,0.28,0.195,YES,YES,1.6992,NO,NO,NO,NO,NO
HyDE-RAG,42,136,N#CC(C#N)C(=S)S,C1CCSSC1,0.045,0.0,YES,NO,0.2602,NO,NO,NO,NO,NO
HyDE-RAG,42,137,OC1(Cl)Cc2ncc(Cl)nc21,Fc1cnc(F)cn1,0.441,0.527,YES,YES,2.5348,YES,NO,NO,NO,NO
HyDE-RAG,42,138,CC1(C)OC(CP(c2ccccc2)c2ccccc2)C(CP(c2ccccc2)c2ccccc2)O1,O=C([O-])C(CO)c1ccccc1,0.25,0.164,YES,YES,1.2561,NO,NO,NO,NO,NO
HyDE-RAG,42,139,Cc1ccc(S(=O)(=O)NC(CCC(=O)[O-])C(=O)[O-])cc1,O=C([O-])CNC(=O)c1cccc(C(=O)NCC(=O)[O-])c1,0.364,0.35,YES,NO,0.8174,NO,NO,NO,NO,NO
HyDE-RAG,42,140,O=C([O-])C1=C[CH]NC=C1C(=O)[O-],O=C([O-])c1ccc(C=Nc2cc(C(=O)[O-])cc(C(=O)[O-])c2)cc1,0.419,0.154,YES,NO,1.5689,NO,NO,NO,NO,NO
HyDE-RAG,42,141,O=C([O-])c1ccc(-c2cc3cc(c2)C(=O)[O][Cd][O]C3=O)cc1,c1cc(-c2nnn[nH]2)ccc1-c1nnn[nH]1,0.2,0.308,YES,YES,1.6193,NO,NO,NO,NO,NO
HyDE-RAG,42,142,O=P(O)(O)F,O=C([O-])C1=NC(C(F)(F)F)=NC1C(=O)[O-],0.186,0.04,YES,YES,1.4189,NO,NO,NO,NO,NO
HyDE-RAG,42,143,CC(=O)CC(C#N)(C#N)C(C#N)C#N,CC(C)OC(=O)CO,0.231,0.19,YES,YES,0.9295,NO,NO,NO,NO,NO
HyDE-RAG,42,144,COc1cc(NC#N)c(OC)cc1NC#N,N#CNC(C#N)C(N)=O,0.306,0.162,YES,YES,2.5738,NO,NO,NO,NO,NO
HyDE-RAG,42,145,c1ccc2c(-n3ccnc3)c3ccccc3c(-n3ccnc3)c2c1,O=C1c2ccc3c4c(ccc(c24)C(=O)N1Cc1ccncc1)C(=O)N(Cc1ccncc1)C3=O,0.432,0.289,YES,NO,1.6478,NO,NO,NO,NO,NO
HyDE-RAG,42,146,O=C([O-])c1ccc(NNc2ccc(C(=O)[O-])cc2)cc1,O=C([O-])c1ccc(Cl)cc1,0.29,0.441,YES,NO,0.9014,NO,NO,NO,NO,NO
HyDE-RAG,42,147,O=C(NCc1ccncc1)C(=O)NCc1ccncc1,c1cc(SSc2ccncc2)ccn1,0.3,0.294,YES,NO,3.2451,NO,NO,NO,NO,NO
HyDE-RAG,42,148,Nc1ccc(Cc2ccc(N)cc2)cc1,c1ccc2c(c1)ncn2Cn1cnc2ccccc21,0.303,0.299,YES,NO,1.8076,NO,NO,NO,NO,NO
HyDE-RAG,42,149,O=C([O-])c1ccc(-c2cc(-c3ccc(C(=O)O)cc3)c(-c3ccc(C(=O)[O-])cc3)cc2-c2ccc(C(=O)O)cc2)cc1,O=C([O-])c1cc(C(=O)O)c2cc(C(=O)[O-])cc(C(=O)O)c2c1INVALID,0.0,0.0,NO,NO,,NO,NO,NO,NO,NO
HyDE-RAG,42,150,Fc1cc2cc(C3C=NN=C3)c(F)cc2cc1-c1cn[nH]c1,CC1Cc2nccnc21,0.316,0.0,YES,YES,0.94,NO,NO,NO,NO,NO
HyDE-RAG,42,151,O=C1C(=O)C(=O)C(=O)C1=O,O=C1C(=O)C(=O)C1=O,0.867,0.16,YES,NO,2.9966,YES,YES,YES,YES,NO
HyDE-RAG,42,152,O=C(Nc1cc(C(=O)[O-])cc(C(=O)[O-])c1)Nc1cc(C(=O)[O-])cc(C(=O)[O-])c1,O=C([O-])c1ccc(N=Nc2ccc(C(=O)[O-])cc2)cc1,0.625,0.317,YES,NO,3.5734,YES,YES,NO,NO,NO
HyDE-RAG,42,153,Cc1nccn1Cc1ccc(-c2ccc(Cn3ccnc3C)cc2)cc1,c1cc(-c2ccncc2)ccn1,0.364,0.0,YES,YES,1.6322,NO,NO,NO,NO,NO
HyDE-RAG,42,154,CC(=O)NC(C)(NC(C)=O)C(=O)[O-],OS(O)(O)C(F)(F)F,0.128,0.046,YES,NO,2.0156,NO,NO,NO,NO,NO
HyDE-RAG,42,155,O=C([O-])c1cccc(CN2CCOCCN(Cc3cccc(C(=O)[O-])c3)CCOCC2)c1,O=C([O-])Cn1cncn1,0.46,0.08,YES,NO,1.2014,NO,NO,NO,NO,NO
HyDE-RAG,42,156,O=C([O-])c1c(Cl)cc(-c2cc(-c3cc(Cl)c(C(=O)[O-])c(Cl)c3)cc(-c3cc(Cl)c(C(=O)[O-])c(Cl)c3)c2)cc1Cl,CC1=CC(C(=O)[O-])=CC=C2C=CC(=CC=CC=C(S)C=CC(=O)[O-])C(C(=O)[O-])C=CC3=CC=C(C(=O)[O-])C=C(S3)Sc3ccc(C(=O)[O-])cc3SC=CC([NH])C=CC3=C(S)C(C(=O)[O-])C=C(S3)[SH]=C[SH]12,0.319,0.126,YES,YES,1.4577,NO,NO,NO,NO,NO
HyDE-RAG,42,157,O=[PH](O)O,O=P(O)(O)O,0.824,0.78,YES,YES,1.4075,YES,YES,YES,NO,NO
HyDE-RAG,42,158,O=P(O)(O)C1=CC=C2[CH]C=CC=C2N1,O=P(O)(O)C1=CC=C2[CH]C=CC=C2N1,1.0,1.0,YES,YES,1.6924,YES,YES,YES,YES,YES
HyDE-RAG,42,159,c1ccc2nc(-c3cnc4ccccc4n3)cnc2c1,C=CC=C1c2ccccc2N=C(C)c2ccccc2[Si]1(c1ccccc1)c1ccccc1INVALID,0.0,0.0,NO,NO,,NO,NO,NO,NO,NO
HyDE-RAG,42,160,O=C([O-])Cn1nn[nH]c1=S,O=C([O-])C(F)(F)F,0.132,0.36,YES,NO,0.6499,NO,NO,NO,NO,NO
HyDE-RAG,42,161,CCCCN(CCO)CCO,CC(C)(C)S(=O)C#N,0.109,0.244,YES,YES,1.7767,NO,NO,NO,NO,NO
HyDE-RAG,42,162,CC1=C(CC2=C(C)N=NC2C)C(C)N=N1,c1ccc(-c2nnc(-c3ccncc3)n2-c2ccncc2)nc1,0.349,0.0,YES,YES,2.3265,NO,NO,NO,NO,NO
HyDE-RAG,42,163,CC(C)c1cc(C(C)C)c(CP(=O)(O)O)c(C(C)C)c1,CC1=C(CP(=O)(O)O)CC=C(CP(=O)(O)O)C1(C)CP(=O)(O)O,0.61,0.243,YES,YES,1.8603,YES,YES,NO,NO,NO
HyDE-RAG,42,164,O=C([O-])CN=Cc1ccccc1O,O=C([O-])C=Cc1ccncc1,0.312,0.277,YES,YES,1.5335,NO,NO,NO,NO,NO
HyDE-RAG,42,165,CNC1CC2(C#CC(=O)[O-])C(NC)CC1(C#CC(=O)[O-])C(F)C2F,COC1CC2(C#CC(=O)[O-])CCC1(C#CC(=O)[O-])C(Cl)C2ClINVALID,0.0,0.0,NO,NO,,NO,NO,NO,NO,NO
HyDE-RAG,42,166,O=C([O-])c1cccc(NNc2cccc(C(=O)[O-])c2)c1,O=C([O-])c1cccc(NNc2cccc(C(=O)[O-])c2)c1,1.0,1.0,YES,YES,1.5137,YES,YES,YES,YES,YES
HyDE-RAG,42,167,O=C([O-])c1ccc(NNc2ccc(C(=O)[O-])c(F)c2)cc1F,O=C([O-])c1c(O)c(O)c(C(=O)[O-])c2cc(O)c(O)cc12,0.395,0.402,YES,NO,3.9365,NO,NO,NO,NO,NO
HyDE-RAG,42,168,N#CNC#N,N#CNC#NINVALID,0.0,0.0,NO,NO,,NO,NO,NO,NO,NO
HyDE-RAG,42,169,O=C([O-])c1cc(C(=O)[O][Ag])c(C(=O)[O-])cc1C(=O)[O][Ag],O=C([O-])c1cccc(C(=O)O)c1,0.571,0.6,YES,NO,1.7956,YES,YES,NO,NO,NO
HyDE-RAG,42,170,O=C([O-])c1cccc(=O)[nH]1,Nc1nnn[nH]1,0.174,0.0,YES,NO,0.6898,NO,NO,NO,NO,NO
HyDE-RAG,42,171,O=C([O-])c1ccc(C(=O)[O-])cc1,O=C([O-])c1ccc(C(=O)[O-])cc1INVALID,0.0,0.0,NO,NO,,NO,NO,NO,NO,NO
HyDE-RAG,42,172,O=C([O-])CCCC(=O)[O-],O=C([O-])CCC(=O)[O-]INVALID,0.0,0.0,NO,NO,,NO,NO,NO,NO,NO
HyDE-RAG,42,173,COC1CCc2nccc(-c3ccncc3)c2C1OC,CC1(C)CCCC(C#CC(=O)[O-])CC1(C=O)C=O,0.216,0.078,YES,YES,0.9535,NO,NO,NO,NO,NO
HyDE-RAG,42,174,O=C([O-])c1ccc(C(=O)[O-])o1,O=C([O-])c1cccnc1C(=O)[O-],0.444,0.3,YES,NO,1.0527,NO,NO,NO,NO,NO
HyDE-RAG,42,175,[CH]1C=CC=C1,CCc1nnc(CC)n1CCCCCCCNC1=NC=CC=NCC1,0.061,0.0,YES,YES,1.5149,NO,NO,NO,NO,NO
HyDE-RAG,42,176,c1ccc(C2=NNC(c3ccccn3)=NN2)nc1,c1ccc2c(c1)nnn2CCCCCn1nnc2ccccc21,0.435,0.0,YES,NO,1.4533,NO,NO,NO,NO,NO
HyDE-RAG,42,177,O=[N+]([O-])C12CN3CN(CN(C3)C1)C2,O=C1[CH]C(=O)NC(=S)N1,0.246,0.437,YES,NO,0.8756,NO,NO,NO,NO,NO
HyDE-RAG,42,178,c1cc(-c2nnn[nH]2)ccc1-c1nn[nH]n1,c1ccc2c(c1)nnn2Cn1ccnc1,0.553,0.358,YES,NO,1.7284,YES,NO,NO,NO,NO
HyDE-RAG,42,179,Cc1c(C)c(-c2ccncc2)c(C)c(C)c1B(c1c(C)c(C)c(-c2ccncc2)c(C)c1C)c1c(C)c(C)c(-c2ccncc2)c(C)c1C,Cc1cc2cc(n1)C(O)=C(c1ccncc1)c1ccccc1-2,0.457,0.138,YES,YES,3.9121,NO,NO,NO,NO,NO
HyDE-RAG,42,180,O=C([O-])C(=O)[O-],O=C([O-])C(=O)[O-]INVALID,0.0,0.0,NO,NO,,NO,NO,NO,NO,NO
HyDE-RAG,42,181,O=C([O-])CN(CC(=O)[O-])c1ccc(C(=O)[O-])cc1,O=C([O-])C1=CC=Cc2ccc(-c3ccc[nH]3)cc2C=C1,0.268,0.289,YES,YES,2.067,NO,NO,NO,NO,NO
HyDE-RAG,42,182,ON1[CH]C=CC=C1,Cc1cnc(C)cn1,0.194,0.0,YES,YES,1.4001,NO,NO,NO,NO,NO
HyDE-RAG,42,183,O=C([O-])C1OCOC2C(C(=O)[O-])OCOC12,O=C([O-])C12CCC(C(=O)[O-])(CC1)CC2,0.419,0.221,YES,NO,2.2169,NO,NO,NO,NO,NO
HyDE-RAG,42,184,O=C([O-])c1ccc(-c2ccc(-c3cc(-c4ccc(-c5ccc(C(=O)[O-])cc5)c(Cl)c4)cc(-c4ccc(-c5ccc(C(=O)[O-])cc5)c(Cl)c4)c3)cc2Cl)cc1,O=C([O-])C=CC(S)=C1C=C(C2=C3C=CC(C(=O)[O-])=C(C(S)C4=CC(C(=O)[O-])=C(S)C4=C3)C(S)c3cc4c(C(=O)[O-])cc3SC=C3C[SH]=CC=CC5C=CC(S)=C3SCC=C(C(=[SH]5)SC=C4)C(C(=O)[O-])C[SH]=C2)C=[SH]CSC1,0.326,0.113,YES,YES,2.9492,NO,NO,NO,NO,NO
HyDE-RAG,42,185,C1COCCO1,C1COCCO1,1.0,1.0,YES,YES,0.849,YES,YES,YES,YES,YES
HyDE-RAG,42,186,O=C1NCCN1,O=C1NCCN1,1.0,1.0,YES,YES,0.5149,YES,YES,YES,YES,YES
HyDE-RAG,42,187,CC(=O)C(Sc1ccncc1)C(C)=O,CC1=NNCCCC2CNN=C2C=N1,0.093,0.043,YES,YES,1.3128,NO,NO,NO,NO,NO
HyDE-RAG,42,188,O=C([O-])c1ccc2c3c(ccc(C(=O)[O-])c13)C(=O)N(c1ccncc1)C2=O,O=C([O-])c1ccc2c3c(ccc(C(=O)[O-])c13)C(=O)N(c1ccncc1)C2=O,1.0,1.0,YES,YES,0.4571,YES,YES,YES,YES,YES
HyDE-RAG,42,189,O=C([O-])C1=CC2=NN=NC2=C[CH]1,O=C([O-])C1=CC2=NN=NC2=C[CH]1,1.0,1.0,YES,YES,1.1958,YES,YES,YES,YES,YES
HyDE-RAG,42,190,S=c1[nH]c2ccccc2[nH]1,c1cc(SSc2ccncc2)ccn1,0.424,0.043,YES,NO,1.2097,NO,NO,NO,NO,NO
HyDE-RAG,42,191,O=C([O-])C1=C[CH]N(Cc2cc(C(=O)[O-])cc(C(=O)[O-])c2)C=C1,O=C([O-])c1ccc(COc2cc(C(=O)[O-])cc(C(=O)[O-])c2)cc1,0.417,0.513,YES,NO,1.3609,YES,NO,NO,NO,NO
HyDE-RAG,42,192,O=C([O-])C1=C[CH]N(CCCN2[CH]C=C(C(=O)[O-])C=C2)C=C1,O=C([O-])c1ccccc1F,0.19,0.169,YES,NO,1.3605,NO,NO,NO,NO,NO
HyDE-RAG,42,193,Oc1ccc(S)cc1,CC=C(C)C(=CC=[N+][O-])SCCOCC,0.091,0.04,YES,YES,0.7149,NO,NO,NO,NO,NO
HyDE-RAG,42,194,C1CCOC1,C1COCCO1,0.619,0.0,YES,YES,1.5382,YES,YES,NO,NO,NO
HyDE-RAG,42,195,O=C([O-])c1ccc(N(c2ccc(C(=O)[O-])cc2)c2ccc(-c3ccncc3)cc2)cc1,O=C([O-])c1ccc(NNc2ccc(C(=O)[O-])c(C(=O)O)c2)cc1INVALID,0.0,0.0,NO,NO,,NO,NO,NO,NO,NO
HyDE-RAG,42,196,NCc1cccnc1,NCc1ccccn1,0.8,0.75,YES,NO,0.538,YES,YES,YES,NO,NO
HyDE-RAG,42,197,C#N,C#N,1.0,1.0,YES,YES,0.872,YES,YES,YES,YES,YES
HyDE-RAG,42,198,O=C1c2ccccc2C(=O)c2c(O)ccc(O)c21,O=C1c2ccc3c4c(ccc(c24)C(=O)N1Cc1ccncc1)C(=O)N(Cc1ccncc1)C3=OINVALID,0.0,0.0,NO,NO,,NO,NO,NO,NO,NO
HyDE-RAG,42,199,O=C([O-])c1ccc(C#Cc2ccc(C(=O)[O-])cc2F)c(F)c1,O=C([O-])C1=CC=CNNc2ccc(C(=O)[O-])cc2C=C1INVALID,0.0,0.0,NO,NO,,NO,NO,NO,NO,NO
HyDE-RAG,42,200,O=C([O-])CCN(CCC(=O)[O-])CCC(=O)[O-],CCOC(=O)C(C=O)C(=O)[O-],0.355,0.294,YES,YES,2.5652,NO,NO,NO,NO,NO
HyDE-RAG,42,201,On1nnnc1-c1nnnn1O,On1nnnc1-c1nnnn1O,1.0,1.0,YES,YES,1.5684,YES,YES,YES,YES,YES
HyDE-RAG,42,202,O=C([O-])c1ccc(C2=C3C=CC4=[N]3->[Fe]35<-[N]6=C(C=CC6=C(c6ccc(C(=O)[O-])cc6)c6ccc2[n]63)C(c2ccc(C(=O)[O-])cc2)=c2ccc([n]25)=C4c2ccc(C(=O)[O-])cc2)cc1,O=C([O-])c1cccnc1C(=O)[O-],0.365,0.056,YES,YES,2.5405,NO,NO,NO,NO,NO
HyDE-RAG,42,203,O=C([O-])c1ccc(C(=O)[O-])s1,O=C([O-])c1ccc(C(=O)[O-])s1INVALID,0.0,0.0,NO,NO,,NO,NO,NO,NO,NO
HyDE-RAG,42,204,FC12C3C4N1C1C2N3C41F,OC12C3N4C5(O)C(N1C35Br)C42Br,0.59,0.7,YES,YES,2.1821,YES,YES,YES,NO,NO
HyDE-RAG,42,205,CNc1nc(NC)c(NC)c(C#Cc2c(NC)c(NC)nc(NC)c2NC)c1NC,N#CC=CC1=C(C#N)C1=C(C#N)C(C#N)=C(CC#N)C(=O)[O-],0.091,0.053,YES,YES,2.9484,NO,NO,NO,NO,NO
HyDE-RAG,42,206,O=C([O-])c1cc(O)c(C#Cc2c(O)cc(C(=O)[O-])cc2O)c(O)c1,O=C([O-])c1ccc(NNc2ccc(C(=O)[O-])c(C(=O)O)c2)cc1C(=O)[O-]INVALID,0.0,0.0,NO,NO,,NO,NO,NO,NO,NO
HyDE-RAG,42,207,O=S(=O)(O)O,O=S(=O)(O)O,1.0,1.0,YES,YES,0.4676,YES,YES,YES,YES,YES
HyDE-RAG,42,208,O=C([O-])c1ccc(C(=O)[O-])c2cc(Cl)c(Cl)cc12,O=C([O-])c1c(Cl)c(Cl)c(C(=O)[O-])c2ccccc12,1.0,0.891,YES,NO,1.4937,YES,YES,YES,YES,YES
HyDE-RAG,42,209,O=C([O-])c1ccc(P(=O)(O)O)cc1,O=C([O-])c1ccc(P(=O)(O)O)cc1,1.0,1.0,YES,YES,1.2585,YES,YES,YES,YES,YES
HyDE-RAG,42,210,O=C([O-])C=CC(=O)[O-],O=C([O-])C=CC(=O)[O-],1.0,1.0,YES,YES,1.2684,YES,YES,YES,YES,YES
HyDE-RAG,42,211,O=C([O-])CC(=O)[O-],O=C([O-])C=CC(=O)[O-],0.692,0.471,YES,YES,0.4013,YES,YES,NO,NO,NO
HyDE-RAG,42,212,O=C([O-])COc1ccc(OCC(=O)[O-])cc1,O=C([O-])COc1ccc(OCC(=O)[O-])cc1,1.0,1.0,YES,YES,1.1962,YES,YES,YES,YES,YES
HyDE-RAG,42,213,N#CC1CC2(C#CC(=O)[O-])CCC1(C#CC(=O)[O-])CC2,CNC1CC2(C#CC(=O)[O-])CCC1(C#CC(=O)[O-])CC2,0.629,0.902,YES,YES,3.4845,YES,YES,YES,YES,YES
HyDE-RAG,42,214,O=C([O-])c1nnn[nH]1,O=C([O-])c1nnn[nH]1,1.0,1.0,YES,YES,2.6943,YES,YES,YES,YES,YES
HyDE-RAG,42,215,O=C([O-])c1cc(Cl)c(C(=O)[O-])c2c1CC2,O=C([O-])c1cc(O)c(C(=O)[O-])c2c1CC2,0.633,0.935,YES,NO,3.544,YES,YES,YES,YES,YES
HyDE-RAG,42,216,O=C([O-])c1c(Br)c(Br)c(C(=O)[O-])c(Br)c1Br,O=C([O-])c1c(Br)c(Br)c(C(=O)[O-])c(Br)c1Br,1.0,1.0,YES,YES,2.6216,YES,YES,YES,YES,YES
HyDE-RAG,42,217,O=C([O-])c1ccc(C(=O)[O-])c(C(=O)[O-])c1,O=C([O-])c1cc(C(=O)[O-])cc(C(=O)[O-])c1,0.857,0.8,YES,YES,1.4965,YES,YES,YES,YES,NO
HyDE-RAG,42,218,CC1Cc2c(C(=O)[O-])ccc(C(=O)[O-])c21,CC1Cc2c(C(=O)[O-])ccc(C(=O)[O-])c21INVALID,0.0,0.0,NO,NO,,NO,NO,NO,NO,NO
HyDE-RAG,42,219,O=C([O-])c1ccc(-c2ccc(C(=O)[O-])cc2F)c(F)c1,O=C([O-])c1c(F)c(F)c(C(=O)[O-])c2c(F)c(F)c(F)c(F)c12,0.87,0.447,YES,YES,3.4918,YES,YES,YES,YES,NO
HyDE-RAG,42,220,O=C([O-])c1cncc(C(=O)[O-])c1,O=C([O-])c1cccc(C(=O)[O-])c1,0.667,0.3,YES,NO,0.5668,YES,YES,NO,NO,NO
HyDE-RAG,42,221,O=C([O-])c1ccc(-c2cc(-c3ccc(C(=O)[O-])cc3)c(C(=O)[O-])cc2C(=O)[O-])cc1,O=C([O-])c1ccc(-c2ccc(C(=O)[O-])c(Br)c2)cc1,0.81,0.598,YES,YES,2.1334,YES,YES,YES,NO,NO
HyDE-RAG,42,222,Nc1nnc[nH]1,c1nnc[nH]1INVALID,0.0,0.0,NO,NO,,NO,NO,NO,NO,NO
HyDE-RAG,42,223,O=C([O-])C#CC#CC(=O)[O-],O=C([O-])C=CC(=O)[O-],0.818,0.373,YES,YES,0.4415,YES,YES,YES,NO,NO
HyDE-RAG,42,224,Nc1ccccc1C(=O)[O-],O=C([O-])c1ccccc1O,0.423,0.9,YES,NO,0.7577,YES,YES,YES,YES,YES
HyDE-RAG,42,225,O=C([O-])c1cc(C(=O)[O-])cc(-n2cnnc2)c1,O=C([O-])c1cc(C(=O)[O-])cc(-c2nnn[nH]2)c1,0.707,0.69,YES,YES,0.6729,YES,YES,YES,NO,NO
HyDE-RAG,42,226,O=CC1c2c(C(=O)[O-])ccc(C(=O)[O-])c2C1O,COc1cc(C(=O)[O-])c2c(c1C(=O)[O-])CC2INVALID,0.0,0.0,NO,NO,,NO,NO,NO,NO,NO
HyDE-RAG,42,227,O=C([O-])c1ccc2cc(C(=O)[O-])ccc2c1,O=C([O-])c1ccc(-c2cc(C(=O)[O-])ccc2C(=O)[O-])nc1,0.538,0.421,YES,YES,1.273,YES,NO,NO,NO,NO
HyDE-RAG,42,228,O=C([O-])c1ccc(OCC(COc2ccc(C(=O)[O-])cc2)(COc2ccc(C(=O)[O-])cc2)COc2ccc(C(=O)[O-])cc2)cc1,O=C([O-])c1ccc(OCC(COCC(COc2ccc(C(=O)[O-])cc2)(COc2ccc(C(=O)[O-])cc2)COc2ccc(C(=O)[O-])cc2)(COc2ccc(C(=O)[O-])cc2)COc2ccc(C(=O)[O-])cc2)cc1,0.929,0.504,YES,NO,1.4495,YES,YES,YES,YES,YES
HyDE-RAG,42,229,O=C([O-])c1cc(C(=O)[O-])cc(-c2ccc3cc(C(=O)[O-])ccc3c2)c1,O=C([O-])c1cccccc(-c2ccccc2)c(C(=O)[O-])ccccc(-c2ccccc2)c1,0.842,0.214,YES,YES,0.7364,YES,YES,YES,NO,NO
HyDE-RAG,42,230,CCCOc1cc(C(=O)[O-])c(Br)c(Br)c1C(=O)[O-],O=C([O-])c1ccc(-c2cc(-c3ccncc3)cc(-c3ccc(C(=O)[O-])cc3)n2)cc1,0.273,0.289,YES,YES,0.6448,NO,NO,NO,NO,NO
HyDE-RAG,42,231,O=C([O-])c1ccc(C(=O)O)c(-c2nc(C(=O)[O-])ccc2C(=O)O)n1,O=C([O-])c1cc(Cc2cc(C(=O)[O-])cc(C(=O)O)c2)cc(C(=O)[O-])c1,0.484,0.142,YES,NO,3.4786,NO,NO,NO,NO,NO
HyDE-RAG,42,232,O=C([O-])c1cc2nc[nH]c2cc1C(=O)[O-],O=C([O-])c1cccnc1-c1ncccc1C(=O)O,0.676,0.196,YES,YES,1.7963,YES,YES,NO,NO,NO
HyDE-RAG,42,233,O=C([O-])C1=NC=NC1C(=O)[O-],O=C([O-])c1nc[nH]c1C(=O)[O-],0.767,0.327,YES,YES,2.4965,YES,YES,YES,NO,NO
HyDE-RAG,42,234,[CH]1C=NN=N1,[CH]1C=NN=N1,1.0,1.0,YES,YES,6.5754,YES,YES,YES,YES,YES
HyDE-RAG,42,235,c1cnccn1,c1cncnc1,0.769,0.0,YES,YES,1.027,YES,YES,YES,NO,NO
HyDE-RAG,42,236,C(C#Cc1cc(C#CC#CC2C=NN=C2)cc(C#CC#CC2C=NN=C2)c1)#CC1=CN=N[CH]1,C(C=CN(C=CC=Cc1cn[nH]c1)C=CC=CC1C=NN=C1)=Cc1cn[nH]c1,0.613,0.176,YES,YES,1.1428,YES,YES,NO,NO,NO
HyDE-RAG,42,237,Nc1nnc(C(=O)[O-])[nH]1,Oc1cc(Cl)c(Cl)c(Cl)c1-c1c(Cl)c(Cl)nc(Cl)c1Cl,0.176,0.03,YES,YES,2.5271,NO,NO,NO,NO,NO
HyDE-RAG,42,238,COc1ccc(-c2coc3cc(O)c(OC)c(O)c3c2=O)cc1S(O)(O)O,OC1=CC2=C(S(O)(O)O)C(O)C=CC2=CC=CS(O)(O)O1,0.633,0.166,YES,YES,1.137,YES,YES,NO,NO,NO
HyDE-RAG,42,239,O=C([O-])c1cc(C(=O)[O-])cc(-c2cccnc2)c1,O=C([O-])c1cccc(-c2ccncc2)c1,0.85,0.544,YES,YES,1.582,YES,YES,YES,YES,NO
HyDE-RAG,42,240,O=C([O-])c1cccc(Cl)c1C(=O)[O-],O=C([O-])c1ccccc1SSc1ccccc1C(=O)[O-],0.519,0.441,YES,NO,1.5166,YES,NO,NO,NO,NO
HyDE-RAG,42,241,O=C([O-])CCn1c(=O)n(CCC(=O)[O-])c(=O)n(CCC(=O)[O-])c1=O,O=C([O-])C1=CC2SC(C(=O)[O-])SC2=N1,0.262,0.108,YES,YES,1.4531,NO,NO,NO,NO,NO
HyDE-RAG,42,242,O=C([O-])c1cccc(S(O)(O)O)c1,O=C([O-])c1cccc(S(O)(O)O)c1,1.0,1.0,YES,YES,1.5046,YES,YES,YES,YES,YES
HyDE-RAG,42,243,CC=CC(=O)[O-],CC=CC(=O)[O-],1.0,1.0,YES,YES,1.4391,YES,YES,YES,YES,YES
HyDE-RAG,42,244,O=C([O-])c1ccc(C(c2ccc(C(=O)[O-])cc2)(C(F)(F)F)C(F)(F)F)cc1,O=C([O-])c1c(F)cc(N(c2cc(F)c(C(=O)[O-])c(F)c2)c2cc(F)c(C(=O)[O-])c(F)c2)cc1F,0.548,0.259,YES,NO,0.8216,YES,NO,NO,NO,NO
HyDE-RAG,42,245,Nc1c(O)c(C2=NNC(c3c(N)c(O)c(C(=O)[O-])c(N)c3O)=NN2)c(N)c(O)c1C(=O)[O-],O=C([O-])c1ccccccc(O)cc(C(=O)[O-])c(O)ccc1O,0.385,0.11,YES,YES,3.756,NO,NO,NO,NO,NO
HyDE-RAG,42,246,O=C([O-])c1cc(NCc2ccncc2)cc(C(=O)[O-])c1,O=C([O-])c1cc(NCc2ccncc2)cc(C(=O)[O-])c1,1.0,1.0,YES,YES,0.885,YES,YES,YES,YES,YES
HyDE-RAG,42,247,O=CC(C(=O)[O-])=C(Br)C=CC(=O)[O-],O=C([O-])C=CC(Br)=CC(=O)[O-],0.875,0.841,YES,YES,1.6606,YES,YES,YES,YES,NO
HyDE-RAG,42,248,O=C([O-])c1ccc(Oc2ccc(C(=O)[O-])cc2)cc1,O=C([O-])c1ccc(Oc2ccc(C(=O)[O-])cc2)cc1INVALID,0.0,0.0,NO,NO,,NO,NO,NO,NO,NO
HyDE-RAG,42,249,Cc1c(CSc2ccncc2)c(C)c(CSc2ccncc2)c(C)c1CSc1ccncc1,c1cc(-c2ccncc2)ccn1,0.444,0.176,YES,YES,1.2196,NO,NO,NO,NO,NO
HyDE-RAG,42,250,O=S(=O)(Nc1cccnc1)c1cccnc1,O=C(Nc1cccnc1)c1cccnc1INVALID,0.0,0.0,NO,NO,,NO,NO,NO,NO,NO
HyDE-RAG,42,251,Clc1cnccn1,Fc1cnccn1,0.882,0.857,YES,NO,1.5134,YES,YES,YES,YES,NO
HyDE-RAG,42,252,Nc1cnccn1,c1cnc(SCSc2ncccn2)nc1,0.387,0.0,YES,NO,0.8548,NO,NO,NO,NO,NO
HyDE-RAG,42,253,Cc1nnc(C)[nH]1,[CH]1N=CNN1CCCCCCN1[CH]N=CN1,0.381,0.037,YES,NO,2.4999,NO,NO,NO,NO,NO
HyDE-RAG,42,254,CC(O)C(=O)[O-],O=C([O-])CNC(=O)C(=O)NCC(=O)[O-],0.25,0.264,YES,NO,2.4302,NO,NO,NO,NO,NO
HyDE-RAG,42,255,C(=Nn1cnnc1)c1ccccn1,c1cnc(Sc2cnccn2)cn1,0.412,0.0,YES,NO,1.186,NO,NO,NO,NO,NO
HyDE-RAG,42,256,O=C([O-])C=CC(Br)=CC(=O)[O-],O=C([O-])C12C3C4C1C1C2C3C41C(=O)[O-],0.409,0.173,YES,NO,1.0662,NO,NO,NO,NO,NO
HyDE-RAG,42,257,O=C([O-])CCP(=O)(O)c1ccccc1,O=C([O-])CNS(=O)(=O)c1cccnc1,0.368,0.257,YES,YES,1.1139,NO,NO,NO,NO,NO
HyDE-RAG,42,258,O=Cc1cncc2c(C=O)cncc12,CNc1c2ccc(C3=CN=N[CH]3)c1-c1cc(-c3cn[nH]c3)ccc1NN2,0.277,0.023,YES,YES,1.6732,NO,NO,NO,NO,NO
HyDE-RAG,42,259,COc1ccc(-c2nc(C(=O)[O-])c(C(=O)[O-])[nH]2)cc1,O=C([O-])c1cc(C(=O)[O-])cc(-c2cncc(F)c2)c1,0.409,0.361,YES,YES,1.2816,NO,NO,NO,NO,NO
HyDE-RAG,42,260,O=C[O-],O=C[O-]INVALID,0.0,0.0,NO,NO,,NO,NO,NO,NO,NO
HyDE-RAG,42,261,N#Cc1ccccc1CSCc1ccccc1C#N,NCc1ccccn1,0.259,0.083,YES,NO,0.3428,NO,NO,NO,NO,NO
HyDE-RAG,42,262,Ic1nc2ccccc2[nH]1,C1Cc2nnc3c4c(nnc(c24)C1)CCC3,0.382,0.351,YES,NO,4.4268,NO,NO,NO,NO,NO
HyDE-RAG,42,263,c1ccc2c(c1)CSCc1ccc(cc1)CSCc1ccccc1OCCCO2,C1=NN=CC1=Cc1ccncc1,0.119,0.0,YES,YES,1.3278,NO,NO,NO,NO,NO
HyDE-RAG,42,264,O=C([O-])c1cc(OCc2ccccc2C(=O)O)cc(C(=O)[O-])c1,O=C([O-])c1cc(OCc2ccccc2C(=O)[O-])cc(C(=O)O)c1INVALID,0.0,0.0,NO,NO,,NO,NO,NO,NO,NO
HyDE-RAG,42,265,NCc1ccncc1,NCc1ccncc1,1.0,1.0,YES,YES,1.3404,YES,YES,YES,YES,YES
HyDE-RAG,42,266,c1ccc(-c2nnn[nH]2)nc1,C=Cc1nc(N)ccc1C=CC1=CC=Cn2cnc1c2,0.419,0.289,YES,YES,2.5781,NO,NO,NO,NO,NO
HyDE-RAG,42,267,O=C([O-])C(Cl)=C(Cl)C(=O)[O-],O=C([O-])C(Cl)=C(Cl)C(=O)[O-],1.0,1.0,YES,YES,0.5695,YES,YES,YES,YES,YES
HyDE-RAG,42,268,NC(CC(=O)[O-])C(=O)[O-],CC(C(=O)[O-])C(=O)[O-]INVALID,0.0,0.0,NO,NO,,NO,NO,NO,NO,NO
HyDE-RAG,42,269,O=C([O-])c1c(F)c(F)c(C(=O)[O-])c(F)c1F,O=C([O-])c1c(F)c(F)c(C(=O)[O-])c(F)c1FINVALID,0.0,0.0,NO,NO,,NO,NO,NO,NO,NO
HyDE-RAG,42,270,O=C([O-])c1c([N+](=O)[O-])c([N+](=O)[O-])c(C(=O)[O-])c2ccccc12,O=C([O-])c1ccc([N+](=O)[O-])cc1,0.763,0.402,YES,YES,5.0955,YES,YES,YES,NO,NO
HyDE-RAG,42,271,O=C([O-])Cc1ccc(CC(=O)[O-])cc1,O=C([O-])c1ccccc1C(=O)[O-],0.75,0.5,YES,YES,0.7531,YES,YES,YES,NO,NO
HyDE-RAG,42,272,COc1cc(C(=O)[O-])cc(C(=O)[O-])c1,COc1cc(C(=O)[O-])cc(C(=O)[O-])c1,1.0,1.0,YES,YES,1.3811,YES,YES,YES,YES,YES
HyDE-RAG,42,273,O=C([O-])Cc1nnn[nH]1,O=C([O-])Cc1nnn[nH]1,1.0,1.0,YES,YES,1.7797,YES,YES,YES,YES,YES
HyDE-RAG,42,274,O=C([O-])c1ccnc(C(=O)[O-])c1,O=C([O-])c1cccnc1C(=O)[O-],0.864,0.75,YES,YES,0.5116,YES,YES,YES,YES,NO
HyDE-RAG,42,275,O=C([O-])c1ccc(-c2ccc(C(=O)[O-])cc2)cc1,O=C([O-])c1ccc(-c2cc(-c3ccc(C(=O)[O-])cc3)cc(-c3ccc(C(=O)[O-])cc3)c2)cc1,1.0,0.451,YES,YES,0.5536,YES,YES,YES,YES,YES
HyDE-RAG,42,276,c1cn(CCCCn2ccnc2)cn1,c1cn(CCOCCn2ccnc2)cn1,0.765,0.455,YES,NO,1.2209,YES,YES,YES,NO,NO
HyDE-RAG,42,277,O=C([O-])C#CC(Cl)=C(Cl)C#CC(=O)[O-],O=C([O-])C=CC(=O)[O-],0.667,0.264,YES,YES,3.7188,YES,YES,NO,NO,NO
HyDE-RAG,42,278,O=C([O-])C=CCC(=O)[O-],O=C([O-])CCCCC(=O)[O-],0.733,0.478,YES,NO,2.4406,YES,YES,YES,NO,NO
HyDE-RAG,42,279,O=C([O-])c1cc(C(=O)[O-])cc(-c2cc(-c3cc(C(=O)[O-])cc(C(=O)[O-])c3)c3ccc4c(-c5cc(C(=O)[O-])cc(C(=O)[O-])c5)cc(-c5cc(C(=O)[O-])cc(C(=O)[O-])c5)c5ccc2c3c54)c1,O=C([O-])c1cccccc(-c2ccccc2)c(C(=O)[O-])cccccc1-c1ccccc1,0.842,0.401,YES,YES,0.7884,YES,YES,YES,NO,NO
HyDE-RAG,42,280,O=C([O-])c1cc(C(=O)[O-])cc([N+](=O)[O-])c1,O=C([O-])c1cc(C(=O)[O-])cc([N+](=O)[O-])c1INVALID,0.0,0.0,NO,NO,,NO,NO,NO,NO,NO
HyDE-RAG,42,281,NC(=O)c1ccccc1OCC(=O)[O-],O=C([O-])Cc1ccccc1CC(=O)[O-],0.457,0.5,YES,YES,1.1318,YES,NO,NO,NO,NO
HyDE-RAG,42,282,C[Si](C)(c1ccncc1)c1ccncc1,C[Si](C)(c1ccncc1)c1ccncc1,1.0,1.0,YES,YES,1.7071,YES,YES,YES,YES,YES
HyDE-RAG,42,283,O=C([O-])c1nn[nH]c1C(=O)[O-],O=C([O-])c1nnn[nH]1INVALID,0.0,0.0,NO,NO,,NO,NO,NO,NO,NO
HyDE-RAG,42,284,O=C([O-])c1cc2ccccc2c(Cc2c(O)c(C(=O)[O-])cc3ccccc23)c1O,O=C([O-])C=c1c2cccc1=C(C(=O)[O-])C=CC(c1ccccc1)=C2,0.531,0.199,YES,YES,0.915,YES,NO,NO,NO,NO
HyDE-RAG,42,285,O=C([O-])c1c(Cl)c(Cl)c(C(=O)[O-])c(Cl)c1Cl,O=C([O-])c1cc(Cl)c(Cl)cc1Cl,0.833,0.688,YES,YES,1.676,YES,YES,YES,NO,NO
HyDE-RAG,42,286,O=C([O-])c1cccnc1C(=O)[O-],O=C([O-])c1cccnc1C(=O)[O-],1.0,1.0,YES,YES,0.8922,YES,YES,YES,YES,YES
HyDE-RAG,42,287,N#CS,N#CS,1.0,1.0,YES,YES,0.7007,YES,YES,YES,YES,YES
HyDE-RAG,42,288,O=C([O-])c1cc(O)cc(C(=O)[O-])c1,O=C([O-])c1ccc(C(=O)[O-])cc1,0.706,0.692,YES,NO,1.1403,YES,YES,YES,NO,NO
HyDE-RAG,42,289,O.OI,O.O.OI,0.667,0.667,YES,YES,0.7562,YES,YES,NO,NO,NO
HyDE-RAG,42,290,O=C([O-])c1cc(C(=O)[O-])cc(C(=O)O)c1,O=C([O-])c1cc(C(=O)[O-])cc(C(=O)O)c1,1.0,1.0,YES,YES,1.1984,YES,YES,YES,YES,YES
HyDE-RAG,42,291,O=C([O-])C=Cc1ccc(C(=O)[O-])cc1,O=C([O-])C=Cc1ccc(C(=O)[O-])cc1,1.0,1.0,YES,YES,1.6865,YES,YES,YES,YES,YES
HyDE-RAG,42,292,O=C([O-])c1ccc(-c2ccc(C(=O)[O-])c([N+](=O)[O-])c2)cc1[N+](=O)[O-],O=C([O-])c1ccc(-c2ccc(C(=O)[O-])c([N+](=O)[O-])c2)cc1[N+](=O)[O-],1.0,1.0,YES,YES,5.3257,YES,YES,YES,YES,YES
HyDE-RAG,42,293,OS(O)(O)c1ccc2cc(S(O)(O)O)ccc2c1,OS(O)(O)c1cccc2c(S(O)(O)O)cccc12,1.0,0.979,YES,NO,1.2165,YES,YES,YES,YES,YES
HyDE-RAG,42,294,O=C([O-])CCCCCCCC(=O)[O-],O=C([O-])CCCCCCCC(=O)[O-],1.0,1.0,YES,YES,1.3356,YES,YES,YES,YES,YES
HyDE-RAG,42,295,[CH2]C(=O)c1ccccc1,O=C([O-])CCCCCCCC(=O)[O-],0.105,0.205,YES,YES,3.3234,NO,NO,NO,NO,NO
HyDE-RAG,42,296,O=C([O-])c1ccccc1,O=C([O-])c1ccc(C(=O)[O-])cc1,0.75,0.75,YES,YES,1.2268,YES,YES,YES,NO,NO
HyDE-RAG,42,297,O=C(O)c1cc(S(O)(O)O)c2cc(C(=O)O)cc(S(O)(O)O)c2c1,O=C(O)c1ccc(S(=O)(=O)c2ccc(C(=O)O)cc2)cc1,0.744,0.369,YES,YES,0.7929,YES,YES,YES,NO,NO
HyDE-RAG,42,298,O=C([O-])c1ccncc1,O=C([O-])c1cccnc1,0.933,0.667,YES,NO,0.6234,YES,YES,YES,YES,YES
HyDE-RAG,42,299,O=C([O-])c1cccnc1-c1ncccc1C(=O)[O-],O=C([O-])c1cccc(-n2ccc(=O)cc2)c1C(=O)[O-]INVALID,0.0,0.0,NO,NO,,NO,NO,NO,NO,NO
HyDE-RAG,42,300,O=C([O-])c1ccccn1,O=C([O-])c1ccncc1,0.875,0.667,YES,YES,0.3147,YES,YES,YES,YES,NO
HyDE-RAG,42,301,O=C([O-])c1ccc(C#Cc2ccc(C(=O)[O-])c(Cl)c2)cc1Cl,O=C([O-])c1ccc(C#Cc2ccc(C(=O)[O-])cc2Cl)c(Cl)c1,1.0,0.911,YES,YES,2.9342,YES,YES,YES,YES,YES
HyDE-RAG,42,302,Fc1cnc(F)cn1,Fc1cncc(F)n1,1.0,0.875,YES,YES,0.5246,YES,YES,YES,YES,YES
HyDE-RAG,42,303,O=C([O-])c1cc(C(=O)[O-])cc(C(=O)[O-])c1,O=C([O-])c1cc(C(=O)[O-])cc(C(=O)[O-])c1,1.0,1.0,YES,YES,1.2667,YES,YES,YES,YES,YES
HyDE-RAG,42,304,O=C([O-])Cc1ccccc1CC(=O)[O-],O=C([O-])Cc1ccccc1CC(=O)[O-],1.0,1.0,YES,YES,1.4237,YES,YES,YES,YES,YES
HyDE-RAG,42,305,O=C([O-])c1cc2ccc3cc(C(=O)[O-])cc4ccc(c1)c2c34,O=C([O-])C=CC=c1cc(-c2ccc(C(=O)[O-])cc2Br)c(=CC=CC(=O)[O-])c2cc(C(=O)[O-])ccc12,0.615,0.374,YES,YES,3.0377,YES,YES,NO,NO,NO
HyDE-RAG,42,306,NC1=N[CH]c2ncn(CC(=O)[O-])c2N1,O=C([O-])c1ccc(N2[CH]N=CN2)cc1,0.558,0.182,YES,NO,0.9925,YES,NO,NO,NO,NO
HyDE-RAG,42,307,O=C(O)c1ccc(-c2cc(C(=O)[O-])c(-c3ccc(C(=O)O)cc3)cc2C(=O)[O-])cc1,C=C(C=C(C=CC=C(C=CC(=CC=O)C=C(C=CC(=O)[O-])C(=O)O)C(=O)[O-])C(=O)[O-])C(=O)O,0.478,0.08,YES,YES,1.2509,NO,NO,NO,NO,NO
HyDE-RAG,42,308,O=C([O-])C(=O)O,O=C([O-])C(=O)O,1.0,1.0,YES,YES,0.6317,YES,YES,YES,YES,YES
HyDE-RAG,42,309,Nc1c(I)c(C(=O)[O-])c(I)c(C(=O)[O-])c1I,O=C([O-])c1c(Br)c(Br)c(C(=O)[O-])c(Br)c1Br,0.654,0.562,YES,YES,3.9512,YES,YES,NO,NO,NO
HyDE-RAG,42,310,OS(O)(O)c1cccc2c(S(O)(O)O)cccc12,OS(O)(O)c1cccc2c(S(O)(O)O)cccc12,1.0,1.0,YES,YES,1.2488,YES,YES,YES,YES,YES
HyDE-RAG,42,311,O=C([O-])c1cnccn1,O=C([O-])c1cccnc1C(=O)[O-],0.68,0.3,YES,NO,1.4712,YES,YES,NO,NO,NO
HyDE-RAG,42,312,O=C([O-])c1c(F)c(F)c(C#Cc2c(F)c(F)c(C(=O)[O-])c(F)c2F)c(F)c1F,O=C([O-])c1c(F)c(F)c(C#Cc2c(F)c(F)c(C(=O)[O-])c(F)c2F)c(F)c1F,1.0,1.0,YES,YES,5.7752,YES,YES,YES,YES,YES
HyDE-RAG,42,313,O=C([O-])c1ccc(Oc2cc(C(=O)[O-])cc(C(=O)[O-])c2)cc1,O=C([O-])c1ccc(Oc2ccc(C(=O)[O-])c(C(=O)[O-])c2)cc1C(=O)[O-],0.905,0.764,YES,YES,1.4584,YES,YES,YES,YES,YES
HyDE-RAG,42,314,N#CC(C#N)=c1c(=O)c(=C(C#N)C#N)c1=O,N#CC(C#N)=c1c(=O)c(=C(C#N)C#N)c1=O,1.0,1.0,YES,YES,1.5525,YES,YES,YES,YES,YES
HyDE-RAG,42,315,CC(=O)[O-],CC(=O)[O-],1.0,1.0,YES,YES,1.2521,YES,YES,YES,YES,YES
HyDE-RAG,42,316,O=C([O-])c1cc[n+]([O-])cc1,O=C([O-])c1cc[n+]([O-])cc1,1.0,1.0,YES,YES,0.3376,YES,YES,YES,YES,YES
HyDE-RAG,42,317,O=C([O-])c1cc(C(=O)[O-])cc(S(O)(O)O)c1,O=C([O-])c1cc(C(=O)[O-])cc(S(O)(O)O)c1,1.0,1.0,YES,YES,1.3412,YES,YES,YES,YES,YES
HyDE-RAG,42,318,O=C([O-])C1C(C(=O)[O-])C(C(=O)[O-])C(C(=O)[O-])C(C(=O)[O-])C1C(=O)[O-],O=C([O-])C1C(C(=O)[O-])C(C(=O)[O-])C1C(=O)[O-],0.846,0.15,YES,NO,1.7866,YES,YES,YES,NO,NO
HyDE-RAG,42,319,O=C(O)CC(O)(CC(=O)O)C(=O)[O-],O=C([O-])CC(O)(CC(=O)O)C(=O)[O-],1.0,1.0,YES,NO,1.8766,YES,YES,YES,YES,YES
HyDE-RAG,42,320,O=C([O-])c1cc(S(=O)(=O)c2ccc(C(=O)[O-])c(C(=O)O)c2)ccc1C(=O)O,O=C([O-])c1cc(C(=O)[O-])cc(C(=O)O)c1,0.382,0.329,YES,YES,1.0498,NO,NO,NO,NO,NO
HyDE-RAG,42,321,c1nc[nH]n1,c1cn[nH]n1,0.9,0.0,YES,YES,2.4084,YES,YES,YES,YES,YES
HyDE-RAG,42,322,C1CCSC1,c1nnn[nH]1,0.143,0.0,YES,YES,0.7991,NO,NO,NO,NO,NO
HyDE-RAG,42,323,O=C([O-])c1cc([N+](=O)[O-])c2c([N+](=O)[O-])c(C(=O)[O-])cc([N+](=O)[O-])c2c1[N+](=O)[O-],O=C([O-])c1ccc(C(=O)[O-])c2cc([N+](=O)[O-])c([N+](=O)[O-])cc12,0.949,0.564,YES,YES,1.007,YES,YES,YES,YES,YES
HyDE-RAG,42,324,O=C1C(=O)C(Cl)C(=O)C(=O)C1Cl,O=C1C(=O)C(Cl)C(=O)C(=O)C1Cl,1.0,1.0,YES,YES,1.5704,YES,YES,YES,YES,YES
HyDE-RAG,42,325,O=C([O-])c1cc(N2[CH]N=CN2)cc(N2[CH]N=CN2)c1,O=C([O-])c1cc(C(=O)O)cc(-n2cnnc2)c1,0.698,0.506,YES,YES,1.651,YES,YES,NO,NO,NO
HyDE-RAG,42,326,C1CNCCN1,C1CNCCN1,1.0,1.0,YES,YES,0.8306,YES,YES,YES,YES,YES
HyDE-RAG,42,327,O=C([O-])c1c(F)c(F)c(C(=O)[O-])c2cc(F)c(F)cc12,O=C([O-])c1c(F)c(F)c(C(=O)[O-])c2ccccc12,1.0,0.902,YES,NO,0.7862,YES,YES,YES,YES,YES
HyDE-RAG,42,328,O=C1C([N+](=O)[O-])=CC([N+](=O)[O-])C(O)=C1[N+](=O)[O-],O=C1C([N+](=O)[O-])=C[N+]([O-])C=C1[N+](=O)[O-],0.8,0.212,YES,YES,1.1947,YES,YES,YES,NO,NO
HyDE-RAG,42,329,O=C([O-])c1ccc(C(=O)[O-])c2ccccc12,O=C([O-])c1ccc(C(=O)[O-])cc1INVALID,0.0,0.0,NO,NO,,NO,NO,NO,NO,NO
HyDE-RAG,42,330,c1nnnn1CCn1cnnn1,c1nnnn1CCCCn1cnnn1INVALID,0.0,0.0,NO,NO,,NO,NO,NO,NO,NO
HyDE-RAG,42,331,O=C([O-])c1cc([N+](=O)[O-])c(C(=O)[O-])cc1[N+](=O)[O-],O=C([O-])c1ccc([N+](=O)[O-])cc1,0.879,0.5,YES,YES,0.9457,YES,YES,YES,YES,NO
HyDE-RAG,42,332,O=C([O-])c1ccccc1C(=O)[O-],O=C([O-])c1ccc(C(=O)[O-])cc1,0.857,0.75,YES,YES,0.9117,YES,YES,YES,YES,NO
HyDE-RAG,42,333,CCCn1cnc2c1NC=NC2Cl,CCN1C(=O)[CH]C(=O)N(CC)C1=S,0.323,0.196,YES,NO,2.9795,NO,NO,NO,NO,NO
HyDE-RAG,42,334,O=C([O-])CCN1[CH]C=C(C2=C[CH]N(CCC(=O)[O-])C=C2)C=C1,O=C([O-])c1ccccc1F,0.182,0.117,YES,NO,1.2412,NO,NO,NO,NO,NO
HyDE-RAG,42,335,O=C([O-])c1cc(C(=O)[O-])cc(-c2cc(C(=O)[O-])cc(C(=O)[O-])c2)c1,O=C([O-])c1ccc(C(=O)[O-])cc1,0.8,0.369,YES,YES,1.731,YES,YES,YES,NO,NO
HyDE-RAG,42,336,O=C([O-])C=Cc1ccncc1,O=C([O-])[CH][CH]c1ccccn1,0.875,0.545,YES,NO,2.4872,YES,YES,YES,YES,NO
HyDE-RAG,42,337,O=C([O-])c1ccc(C#Cc2ccc(C(=O)[O-])cc2)cc1,O=C([O-])c1ccc(-c2ccc(C(=O)[O-])cc2)cc1INVALID,0.0,0.0,NO,NO,,NO,NO,NO,NO,NO
HyDE-RAG,42,338,C(c1nnn[nH]1)c1nnn[nH]1,O=C(O)CC(O)C(=O)O.O=C([O-])COC(O)C(O)C(O)C(=O)O,0.047,0.027,YES,YES,0.4549,NO,NO,NO,NO,NO
HyDE-RAG,42,339,O=C([O-])c1cc(O)c(C(=O)[O-])cc1O,O=C([O-])c1cc(O)c(C(=O)[O-])cc1OINVALID,0.0,0.0,NO,NO,,NO,NO,NO,NO,NO
HyDE-RAG,42,340,CCc1c(C#N)c(CC)c(CC)c(C#N)c1CC,CCCc1c(C#N)c(CCC)c(CCC)c(C#N)c1CCINVALID,0.0,0.0,NO,NO,,NO,NO,NO,NO,NO
HyDE-RAG,42,341,O=C([O-])c1cncc(O)c1,O=C([O-])c1cc(O)cc(C(=O)[O-])n1,0.88,0.462,YES,NO,0.8391,YES,YES,YES,YES,NO
HyDE-RAG,42,342,O=C([O-])c1cccc(C(=O)[O-])n1,O=C([O-])c1cccnc1C(=O)[O-],0.864,0.75,YES,YES,0.6173,YES,YES,YES,YES,NO
HyDE-RAG,42,343,O=C([O-])c1cncc(-c2ccccc2C(=O)[O-])c1,O=C([O-])c1cccnc1C(=O)[O-],0.8,0.489,YES,YES,1.1797,YES,YES,YES,NO,NO
HyDE-RAG,42,344,Cc1cc(C#Cc2cc(C)c(C(=O)[O-])c(C)c2)cc(C)c1C(=O)[O-],Nc1cc(C=Cc2cc(N)c(C(=O)[O-])c(N)c2)cc(N)c1C(=O)[O-],0.485,0.41,YES,NO,6.8334,NO,NO,NO,NO,NO
HyDE-RAG,42,345,c1cn(Cc2cc(Cn3ccnc3)c(Cn3ccnc3)cc2Cn2ccnc2)cn1,c1cc(Cn2ccnc2)cc(Cn2ccnc2)c1INVALID,0.0,0.0,NO,NO,,NO,NO,NO,NO,NO
HyDE-RAG,42,346,Nc1cc(C(=O)[O-])ccc1-c1ccc(C(=O)[O-])cc1N,O=C([O-])c1ccccc1O,0.375,0.441,YES,NO,6.1628,NO,NO,NO,NO,NO
HyDE-RAG,42,347,O=C([O-])c1ccc(-c2ccc(C(=O)[O-])cc2O)c(O)c1,Nc1cc(C(=O)[O-])ccc1-c1ccc(C(=O)[O-])cc1N,0.581,0.902,YES,YES,3.4423,YES,YES,YES,YES,YES
HyDE-RAG,42,348,O=C([O-])c1nccnc1C(=O)[O-],O=C([O-])c1cnccn1,0.8,0.75,YES,YES,0.8728,YES,YES,YES,NO,NO
HyDE-RAG,42,349,COc1cc(C(=O)[O-])ccc1C#Cc1cc(OC)c(C(=O)[O-])cc1-c1ccccc1,CCC=C1C=c2c(C(=O)[O-])cccc2=CC=C1C(=O)[O-],0.417,0.292,YES,YES,1.865,NO,NO,NO,NO,NO
HyDE-RAG,42,350,O=C([O-])c1c(F)c(F)c(C(=O)[O-])c2c(F)c(F)c(F)c(F)c12,O=C([O-])c1c(F)c(F)c(C(=O)[O-])c2ccccc12INVALID,0.0,0.0,NO,NO,,NO,NO,NO,NO,NO
HyDE-RAG,42,351,O=C([O-])c1cnc(C(=O)[O-])cn1,O=C([O-])c1cccnc1C(=O)[O-]INVALID,0.0,0.0,NO,NO,,NO,NO,NO,NO,NO
HyDE-RAG,42,352,O=C([O-])c1ccc(Oc2cc(Oc3ccc(C(=O)[O-])cc3)cc(C(=O)[O-])c2)cc1,O=C([O-])c1ccc(Oc2cc(Oc3ccc(C(=O)[O-])cc3)cc(C(=O)[O-])c2)cc1INVALID,0.0,0.0,NO,NO,,NO,NO,NO,NO,NO
HyDE-RAG,42,353,O=C([O-])c1ccc(-c2cc(C(=O)[O-])cc(C(=O)[O-])c2)cc1,O=C([O-])c1ccc(-c2cc(-c3ccc(C(=O)[O-])cc3)cc(-c3ccc(C(=O)[O-])cc3)c2)cc1,1.0,0.451,YES,YES,1.1048,YES,YES,YES,YES,YES
HyDE-RAG,42,354,O=C([O-])c1cc(F)c(C(=O)[O-])cc1F,O=C([O-])c1cc(F)c(C(=O)[O-])cc1F,1.0,1.0,YES,YES,1.4612,YES,YES,YES,YES,YES
HyDE-RAG,42,355,[CH](NN[CH]c1ccncc1)c1ccncc1,c1cc(SSc2ccncc2)ccn1,0.5,0.366,YES,NO,1.4914,YES,NO,NO,NO,NO
HyDE-RAG,42,356,O=C([O-])c1ccccc1C(=O)O,O=C([O-])c1ccc(C(=O)[O-])cc1,0.8,0.75,YES,YES,3.0765,YES,YES,YES,NO,NO
HyDE-RAG,42,357,CC(CCC(=O)[O-])C(=O)[O-],CC(CC(=O)[O-])C(=O)[O-],0.812,0.687,YES,YES,2.0419,YES,YES,YES,NO,NO
HyDE-RAG,42,358,O=C([O-])c1cc(S(O)(O)O)c(C(=O)[O-])c2c1CC2,O=C([O-])c1ccc(C(c2ccc(C(=O)[O-])c(C(=O)[O-])c2)(C(F)(F)F)C(F)(F)F)cc1C(=O)[O-],0.34,0.299,YES,NO,3.6475,NO,NO,NO,NO,NO
HyDE-RAG,42,359,CNC1(F)CC2(C#CC(=O)[O-])CCC1(C#CC(=O)[O-])CC2,CCC1CC2(C#CC(=O)[O-])CCC1(C#CC(=O)[O-])CC2OINVALID,0.0,0.0,NO,NO,,NO,NO,NO,NO,NO
HyDE-RAG,42,360,Cc1nccn1Cc1ccncc1,c1cc(-c2nnc(-c3ccncc3)[nH]2)ccn1,0.472,0.338,YES,YES,1.5789,NO,NO,NO,NO,NO
HyDE-RAG,42,361,c1cn(Cc2ccc(Cn3ccnc3)cc2)cn1,O=C(c1ccncc1)c1cccnc1,0.345,0.087,YES,NO,1.1357,NO,NO,NO,NO,NO
HyDE-RAG,42,362,c1cncnc1,c1cnccn1,0.769,0.0,YES,YES,0.8877,YES,YES,YES,NO,NO
HyDE-RAG,42,363,CCC12C3C4(C(=O)[O-])C5(CC)C(C1(C(=O)[O-])C35[N+](=O)[O-])C24[N+](=O)[O-],O=C([O-])C1C(I)CC2(C(=O)[O-])CC1CC2I,0.312,0.471,YES,YES,1.4292,NO,NO,NO,NO,NO
HyDE-RAG,42,364,O=C([O-])CN(CC(=O)[O-])CC(=O)[O-],O=C([O-])CCC(=O)[O-],0.478,0.285,YES,YES,1.2689,NO,NO,NO,NO,NO
HyDE-RAG,42,365,c1cn(-c2ccc(NNc3ccc(-n4ccnc4)cc3)cc2)cn1,c1cc(-c2ccc(-c3ccnnc3)cc2)cnn1,0.455,0.239,YES,YES,1.9985,NO,NO,NO,NO,NO
HyDE-RAG,42,366,Nc1cc(C#Cc2cc(N)c(C(=O)[O-])c(N)c2)cc(N)c1C(=O)[O-],O=C([O-])C1=CC=C2C=C(Br)C(=CC=C(CBr)C(=O)[O-])C2C=C1,0.256,0.148,YES,YES,6.7536,NO,NO,NO,NO,NO
HyDE-RAG,42,367,CCc1cc2c(cc(CC)c3ccc(C(=O)[O-])c(F)c32)c2cc(C(=O)[O-])ccc12,CC1C=C(C(=O)[O-])C(C(=O)O)=C(C(=O)[O-])C(C(=O)[O-])=C1CC(=O)O,0.371,0.12,YES,YES,1.0776,NO,NO,NO,NO,NO
HyDE-RAG,42,368,O=C(O)c1cccc(Oc2cccc(C(=O)O)c2C(=O)[O-])c1.O=C(O)c1cccc(Oc2cccc(C(=O)O)c2C(=O)[O-])c1,O=C([O-])c1ccc(Oc2ccc(C(=O)[O-])cc2)cc1,0.396,0.299,YES,NO,1.5506,NO,NO,NO,NO,NO
HyDE-RAG,42,369,O=C([O-])CN(CCN(CC(=O)[O-])CC(=O)[O-])CCN(CC(=O)O)CC(=O)O,O=C([O-])Cn1cnnn1,0.36,0.135,YES,NO,0.7104,NO,NO,NO,NO,NO
HyDE-RAG,42,370,c1ccc(SSc2ccccn2)nc1,c1cnc(SCSc2ncccn2)nc1INVALID,0.0,0.0,NO,NO,,NO,NO,NO,NO,NO
HyDE-RAG,42,371,Nc1ccc(C=Cc2ccc(N)cc2S(O)(O)O)c(S(O)(O)O)c1,O=P(O)(O)c1ccc(-c2ccc(P(=O)(O)O)cc2)cc1,0.444,0.246,YES,YES,0.501,NO,NO,NO,NO,NO
HyDE-RAG,42,372,O=C([O-])c1cc(C(=O)[O-])c(C(=O)O)cc1C(=O)O,O=C([O-])c1cc(C(=O)[O-])c(C(=O)O)cc1C(=O)OINVALID,0.0,0.0,NO,NO,,NO,NO,NO,NO,NO
HyDE-RAG,42,373,O=C(Nc1cccnc1)c1ccc(C(=O)Nc2cccnc2)s1,O=C([O-])c1cc(S(O)(O)O)cc(S(O)(O)O)c1,0.164,0.11,YES,YES,1.9557,NO,NO,NO,NO,NO
HyDE-RAG,42,374,NC1=N[CH]NN1,Cn1nn[nH]c1=S,0.413,0.0,YES,YES,3.3322,NO,NO,NO,NO,NO
HyDE-RAG,42,375,O=C([O-])c1cc(C(=O)O)c(C(=O)[O-])cc1C(=O)O,O=C([O-])c1ccc(C(=O)[O-])cc1INVALID,0.0,0.0,NO,NO,,NO,NO,NO,NO,NO
HyDE-RAG,42,376,O=[N+]([O-])c1cncc([N+](=O)[O-])c1C#Cc1c([N+](=O)[O-])cncc1[N+](=O)[O-],O=[N+]([O-])c1cncc([N+](=O)[O-])c1C#Cc1c([N+](=O)[O-])cncc1[N+](=O)[O-]INVALID,0.0,0.0,NO,NO,,NO,NO,NO,NO,NO
HyDE-RAG,42,377,O=C([O-])C(O)=C(O)C(=O)[O-],O=C([O-])C(O)=C(O)C(=O)[O-]INVALID,0.0,0.0,NO,NO,,NO,NO,NO,NO,NO
HyDE-RAG,42,378,C(#C[Si](C#Cc1cn[nH]c1)(C#CC1C=NN=C1)C#CC1C=NN=C1)C1=CN=N[CH]1,C(#C[Si](C#Cc1cn[nH]c1)(C#CC1C=NN=C1)C#CC1C=NN=C1)C1=CN=N[CH]1INVALID,0.0,0.0,NO,NO,,NO,NO,NO,NO,NO
HyDE-RAG,42,379,O=C([O-])CN1[CH]C=C(c2nnn[nH]2)C=C1,O=C([O-])c1cccc(C(=O)O)n1,0.327,0.17,YES,NO,2.2095,NO,NO,NO,NO,NO
HyDE-RAG,42,380,Nc1ccccc1S,c1ccc(SCSc2ccccn2)nc1,0.3,0.04,YES,NO,0.4346,NO,NO,NO,NO,NO
HyDE-RAG,42,381,O=C([O-])c1nc(-c2ccc3ccccc3c2)[nH]c1C(=O)[O-],O=C([O-])c1cc(N2[CH]N=CN2)cc(N2[CH]N=CN2)c1,0.429,0.276,YES,YES,1.2577,NO,NO,NO,NO,NO
HyDE-RAG,42,382,O=C(O)c1ccc(-c2ccc(-c3ccc(C(=O)O)cc3C(=O)[O-])cc2)c(C(=O)[O-])c1,O=C(O)c1ccc(-c2ccc(-c3ccc(C(=O)O)cc3C(=O)[O-])cc2)c(C(=O)[O-])c1INVALID,0.0,0.0,NO,NO,,NO,NO,NO,NO,NO
HyDE-RAG,42,383,c1ccc(-c2cc(-c3ccncc3)nc(-c3ccncc3)c2)nc1,C=CC=CC=C1C=CC=C(c2ccncc2)C=NC=C2NC=C(N=C1)C(=CC)c1cnccc12,0.467,0.199,YES,YES,3.7653,NO,NO,NO,NO,NO
HyDE-RAG,42,384,CSc1nccs1,O=P(O)(O)Cc1ccncc1,0.179,0.055,YES,YES,1.6207,NO,NO,NO,NO,NO
HyDE-RAG,42,385,O=C([O-])C1CCC(C(=O)[O-])CC1,O=C([O-])C1CCC(C(=O)[O-])CC1INVALID,0.0,0.0,NO,NO,,NO,NO,NO,NO,NO
HyDE-RAG,42,386,c1c[nH]cn1,c1c[nH]cn1INVALID,0.0,0.0,NO,NO,,NO,NO,NO,NO,NO
HyDE-RAG,42,387,c1ccc(-c2nnc(-c3ccncc3)[nH]2)nc1,c1ccc(-c2nnc(-c3ccncc3)[nH]2)nc1INVALID,0.0,0.0,NO,NO,,NO,NO,NO,NO,NO
HyDE-RAG,42,388,O=C([O-])c1cccc(-c2c3nc(c(-c4cccc(C(=O)[O-])c4)c4ccc([nH]4)c(-c4cccc(C(=O)[O-])c4)c4nc(c(-c5cccc(C(=O)[O-])c5)c5ccc2[nH]5)C=C4)C=C3)c1,C=CN=CC=CNNC(=O)C1CC(C(=O)[O-])=CC1=CC(=O)[O-],0.367,0.058,YES,YES,1.211,NO,NO,NO,NO,NO
HyDE-RAG,42,389,O=C([O-])c1cc2c(cc1C(=O)[O-])C(=O)c1ccccc1C2=O,O=C([O-])c1ccccc1I,0.44,0.395,YES,NO,1.7009,NO,NO,NO,NO,NO
HyDE-RAG,42,390,Cc1cc2ccc3nc(C)ccc3c2cn1,CC=CC1=CC=Cc2cc(-c3cn[nH]c3)ccc2C12C=NN=C2,0.361,0.249,YES,YES,2.2692,NO,NO,NO,NO,NO
HyDE-RAG,42,391,Nc1nc2ccccc2[nH]1,Nc1nc2ccccc2[nH]1INVALID,0.0,0.0,NO,NO,,NO,NO,NO,NO,NO
HyDE-RAG,42,392,O=C([O-])CCC(=O)[O-],O=C([O-])CCC(=O)[O-]INVALID,0.0,0.0,NO,NO,,NO,NO,NO,NO,NO
HyDE-RAG,42,393,CNC12C3C4C5C3(C#CC(=O)[O-])C1C5(NC)C42C#CC(=O)[O-],CNC12C3C4C5C3(C#CC(=O)[O-])C1C5(NC)C42C#CC(=O)[O-]INVALID,0.0,0.0,NO,NO,,NO,NO,NO,NO,NO
HyDE-RAG,42,394,O=C([O-])c1ccc(-c2ccccc2)cc1,C=CC(=CC=CNCC1=CC=CC1)C(=O)[O-],0.269,0.162,YES,YES,1.0053,NO,NO,NO,NO,NO
HyDE-RAG,42,395,CCCOc1c(C(=O)[O-])ccc2c(OCCC)c(C(=O)[O-])ccc12,CCCOc1c(C(=O)[O-])ccc2c(OCCC)c(C(=O)[O-])ccc12INVALID,0.0,0.0,NO,NO,,NO,NO,NO,NO,NO
HyDE-RAG,42,396,CN1c2cncc(n2)N(C)c2cncc(n2)N(C)c2cncc(n2)N(C)c2cncc1n2,C1=CC2C=CC1CSCc1cccc(c1)CS2,0.189,0.0,YES,YES,3.6061,NO,NO,NO,NO,NO
HyDE-RAG,42,397,CC(C(=O)[O-])C(=O)[O-],CC(C(=O)[O-])C(=O)[O-]INVALID,0.0,0.0,NO,NO,,NO,NO,NO,NO,NO
HyDE-RAG,42,398,O=C([O-])C(F)=C(F)C(=O)[O-],O=C([O-])C(F)=C(F)C(=O)[O-]INVALID,0.0,0.0,NO,NO,,NO,NO,NO,NO,NO
HyDE-RAG,42,399,O=C([O-])c1ccc(Oc2ccc(C(=O)[O-])c(C(=O)[O-])c2)cc1C(=O)[O-],O=C([O-])c1ccc(Oc2ccc(C(=O)[O-])c(C(=O)[O-])c2)cc1C(=O)[O-]INVALID,0.0,0.0,NO,NO,,NO,NO,NO,NO,NO
HyDE-RAG,123,0,O=C([O-])c1cc[n+]([O-])cc1,O=C([O-])c1cccc(C(=O)[O-])[n+]1[O-],0.794,0.538,YES,NO,0.5083,YES,YES,YES,NO,NO
HyDE-RAG,123,1,O=C([O-])c1cc(C(=O)[O-])cc(S(O)(O)O)c1,O=C([O-])c1cc(C(=O)[O-])cc(S(O)(O)O)c1,1.0,1.0,YES,YES,1.3412,YES,YES,YES,YES,YES
HyDE-RAG,123,2,O=C([O-])C1C(C(=O)[O-])C(C(=O)[O-])C(C(=O)[O-])C(C(=O)[O-])C1C(=O)[O-],O=C([O-])C1C(C(=O)[O-])C(C(=O)[O-])C1C(=O)[O-],0.846,0.15,YES,NO,2.5036,YES,YES,YES,NO,NO
HyDE-RAG,123,3,O=C(O)CC(O)(CC(=O)O)C(=O)[O-],O=C(O)CC(O)(CC(=O)O)C(=O)[O-],1.0,1.0,YES,YES,1.9775,YES,YES,YES,YES,YES
HyDE-RAG,123,4,O=C([O-])c1cc(S(=O)(=O)c2ccc(C(=O)[O-])c(C(=O)O)c2)ccc1C(=O)O,O=C([O-])c1ccc(S(=O)(=O)c2ccc(C(=O)[O-])c(C(=O)O)c2)cc1C(=O)[O-],0.971,1.0,YES,NO,1.0225,YES,YES,YES,YES,YES
HyDE-RAG,123,5,c1nc[nH]n1,c1nnc[nH]1,0.944,1.0,YES,NO,2.3609,YES,YES,YES,YES,YES
HyDE-RAG,123,6,C1CCSC1,c1nnn[nH]1,0.143,0.0,YES,YES,0.7991,NO,NO,NO,NO,NO
HyDE-RAG,123,7,O=C([O-])c1cc([N+](=O)[O-])c2c([N+](=O)[O-])c(C(=O)[O-])cc([N+](=O)[O-])c2c1[N+](=O)[O-],O=C([O-])c1ccc(C(=O)[O-])c2cc([N+](=O)[O-])c([N+](=O)[O-])cc12,0.949,0.564,YES,YES,1.0211,YES,YES,YES,YES,YES
HyDE-RAG,123,8,O=C1C(=O)C(Cl)C(=O)C(=O)C1Cl,O=C1C(=O)C(Cl)C(=O)C(=O)C1ClINVALID,0.0,0.0,NO,NO,,NO,NO,NO,NO,NO
HyDE-RAG,123,9,O=C([O-])c1cc(N2[CH]N=CN2)cc(N2[CH]N=CN2)c1,Cc1c(CN2[CH]N=CN2)c(C)c(Cn2cncn2)c(C)c1CN1[CH]N=CN1,0.529,0.249,YES,YES,1.9282,YES,NO,NO,NO,NO
HyDE-RAG,123,10,C1CNCCN1,c1cnccn1,0.333,1.0,YES,YES,0.7753,YES,YES,YES,YES,YES
HyDE-RAG,123,11,O=C([O-])c1c(F)c(F)c(C(=O)[O-])c2cc(F)c(F)cc12,O=C([O-])c1c(F)c(F)c(C(=O)[O-])c2cc(F)c(F)cc12,1.0,1.0,YES,YES,0.7136,YES,YES,YES,YES,YES
HyDE-RAG,123,12,O=C1C([N+](=O)[O-])=CC([N+](=O)[O-])C(O)=C1[N+](=O)[O-],O=C1C([N+](=O)[O-])=C[N+]([O-])C=C1[N+](=O)[O-],0.8,0.212,YES,YES,0.8841,YES,YES,YES,NO,NO
HyDE-RAG,123,13,O=C([O-])c1ccc(C(=O)[O-])c2ccccc12,O=C([O-])c1ccc(C(=O)[O-])cc1INVALID,0.0,0.0,NO,NO,,NO,NO,NO,NO,NO
HyDE-RAG,123,14,c1nnnn1CCn1cnnn1,c1nnnn1CCCCn1cnnn1,0.969,0.487,YES,NO,1.4133,YES,YES,YES,YES,YES
HyDE-RAG,123,15,O=C([O-])c1cc([N+](=O)[O-])c(C(=O)[O-])cc1[N+](=O)[O-],O=C([O-])c1ccc([N+](=O)[O-])cc1,0.879,0.5,YES,YES,0.9457,YES,YES,YES,YES,NO
HyDE-RAG,123,16,O=C([O-])c1ccccc1C(=O)[O-],O=C([O-])c1cc(C(=O)[O-])c(C(=O)[O-])cc1C(=O)[O-],1.0,0.667,YES,NO,1.2267,YES,YES,YES,YES,YES
HyDE-RAG,123,17,CCCn1cnc2c1NC=NC2Cl,CCN1C(=O)[CH]C(=O)N(CC)C1=S,0.323,0.196,YES,NO,2.9566,NO,NO,NO,NO,NO
HyDE-RAG,123,18,O=C([O-])CCN1[CH]C=C(C2=C[CH]N(CCC(=O)[O-])C=C2)C=C1,O=C([O-])c1ccccc1F,0.182,0.117,YES,NO,1.2412,NO,NO,NO,NO,NO
HyDE-RAG,123,19,O=C([O-])c1cc(C(=O)[O-])cc(-c2cc(C(=O)[O-])cc(C(=O)[O-])c2)c1,O=C([O-])c1ccc(-c2ccc(C(=O)[O-])c(C(=O)[O-])c2)cc1C(=O)[O-],0.882,0.754,YES,YES,1.7934,YES,YES,YES,YES,NO
HyDE-RAG,123,20,O=C([O-])C=Cc1ccncc1,O=C([O-])[CH][CH]c1ccccn1,0.875,0.545,YES,NO,2.54,YES,YES,YES,YES,NO
HyDE-RAG,123,21,O=C([O-])c1ccc(C#Cc2ccc(C(=O)[O-])cc2)cc1,O=C([O-])c1ccc(-c2ccc(C(=O)[O-])cc2)cc1INVALID,0.0,0.0,NO,NO,,NO,NO,NO,NO,NO
HyDE-RAG,123,22,C(c1nnn[nH]1)c1nnn[nH]1,O=C(O)CC(O)C(=O)O.O=C([O-])COC(O)C(O)C(O)C(=O)O,0.047,0.027,YES,YES,0.4728,NO,NO,NO,NO,NO
HyDE-RAG,123,23,O=C([O-])c1cc(O)c(C(=O)[O-])cc1O,O=C([O-])c1cc(O)c(C(=O)[O-])cc1OINVALID,0.0,0.0,NO,NO,,NO,NO,NO,NO,NO
HyDE-RAG,123,24,CCc1c(C#N)c(CC)c(CC)c(C#N)c1CC,CCCc1c(C#N)c(CCC)c(CCC)c(C#N)c1CCINVALID,0.0,0.0,NO,NO,,NO,NO,NO,NO,NO
HyDE-RAG,123,25,O=C([O-])c1cncc(O)c1,O=C([O-])c1cccnc1,0.682,0.9,YES,NO,0.6305,YES,YES,YES,YES,YES
HyDE-RAG,123,26,O=C([O-])c1cccc(C(=O)[O-])n1,O=C([O-])c1cccnc1C(=O)[O-],0.864,0.75,YES,YES,0.6173,YES,YES,YES,YES,NO
HyDE-RAG,123,27,O=C([O-])c1cncc(-c2ccccc2C(=O)[O-])c1,O=C([O-])c1cccnc1-c1ncccc1C(=O)[O-],0.852,0.489,YES,YES,1.3833,YES,YES,YES,YES,NO
HyDE-RAG,123,28,Cc1cc(C#Cc2cc(C)c(C(=O)[O-])c(C)c2)cc(C)c1C(=O)[O-],O=C([O-])c1ccc(C#Cc2ccc(C(=O)[O-])cc2Cl)c(Cl)c1,0.708,0.836,YES,YES,6.8248,YES,YES,YES,NO,NO
HyDE-RAG,123,29,c1cn(Cc2cc(Cn3ccnc3)c(Cn3ccnc3)cc2Cn2ccnc2)cn1,c1cc(Cn2ccnc2)cc(Cn2ccnc2)c1INVALID,0.0,0.0,NO,NO,,NO,NO,NO,NO,NO
HyDE-RAG,123,30,Nc1cc(C(=O)[O-])ccc1-c1ccc(C(=O)[O-])cc1N,O=C([O-])c1ccc(C(=O)[O-])c2ccccc12,0.5,0.441,YES,YES,5.4866,YES,NO,NO,NO,NO
HyDE-RAG,123,31,O=C([O-])c1ccc(-c2ccc(C(=O)[O-])cc2O)c(O)c1,Nc1cc(C(=O)[O-])ccc1-c1ccc(C(=O)[O-])cc1N,0.581,0.902,YES,YES,3.4555,YES,YES,YES,YES,YES
HyDE-RAG,123,32,O=C([O-])c1nccnc1C(=O)[O-],O=C([O-])c1cnccn1,0.8,0.75,YES,YES,0.8899,YES,YES,YES,NO,NO
HyDE-RAG,123,33,COc1cc(C(=O)[O-])ccc1C#Cc1cc(OC)c(C(=O)[O-])cc1-c1ccccc1,COc1cc(C#CC(=O)[O-])c(OC)c(OC)c1C#CC(=O)[O-],0.828,0.357,YES,YES,1.3599,YES,YES,YES,NO,NO
HyDE-RAG,123,34,O=C([O-])c1c(F)c(F)c(C(=O)[O-])c2c(F)c(F)c(F)c(F)c12,O=C([O-])c1c(F)c(F)c(C(=O)[O-])c2ccccc12INVALID,0.0,0.0,NO,NO,,NO,NO,NO,NO,NO
HyDE-RAG,123,35,O=C([O-])c1cnc(C(=O)[O-])cn1,O=C([O-])c1ccc(C(=O)[O-])o1,0.429,0.3,YES,YES,1.2862,NO,NO,NO,NO,NO
HyDE-RAG,123,36,O=C([O-])c1ccc(Oc2cc(Oc3ccc(C(=O)[O-])cc3)cc(C(=O)[O-])c2)cc1,O=C([O-])C1=CC=COc2cc(Oc3ccc(C(=O)[O-])cc3)cc(C(=O)[O-])c2C=C1,0.714,0.651,YES,YES,0.6643,YES,YES,YES,NO,NO
HyDE-RAG,123,37,O=C([O-])c1ccc(-c2cc(C(=O)[O-])cc(C(=O)[O-])c2)cc1,O=C([O-])c1ccc(C(=O)[O-])cc1,0.8,0.421,YES,NO,0.7667,YES,YES,YES,NO,NO
HyDE-RAG,123,38,O=C([O-])c1cc(F)c(C(=O)[O-])cc1F,O=C([O-])c1c(F)c(F)c(C(=O)[O-])c2cc(F)c(F)cc12,0.818,0.638,YES,YES,1.3461,YES,YES,YES,NO,NO
HyDE-RAG,123,39,[CH](NN[CH]c1ccncc1)c1ccncc1,c1cc(NNc2ccncc2)ccn1,0.833,0.366,YES,NO,1.3927,YES,YES,YES,NO,NO
HyDE-RAG,123,40,O=C([O-])c1ccccc1C(=O)O,O=C([O-])c1ccc(C(=O)[O-])cc1,0.8,0.75,YES,NO,3.0335,YES,YES,YES,NO,NO
HyDE-RAG,123,41,CC(CCC(=O)[O-])C(=O)[O-],O=C([O-])CCCCC(=O)[O-],0.765,0.687,YES,NO,2.1182,YES,YES,YES,NO,NO
HyDE-RAG,123,42,O=C([O-])c1cc(S(O)(O)O)c(C(=O)[O-])c2c1CC2,O=C([O-])c1cc(Cl)c(C(=O)[O-])c2c1CC2,0.422,0.782,YES,YES,3.699,YES,YES,YES,NO,NO
HyDE-RAG,123,43,CNC1(F)CC2(C#CC(=O)[O-])CCC1(C#CC(=O)[O-])CC2,COC1CC2(C#CC(=O)[O-])CCC1(C#CC(=O)[O-])C(Cl)C2Cl,0.636,0.821,YES,YES,0.6979,YES,YES,YES,NO,NO
HyDE-RAG,123,44,Cc1nccn1Cc1ccncc1,c1cn(Cc2ccc(-n3ccnc3)cc2)cn1,0.719,0.394,YES,YES,1.586,YES,YES,YES,NO,NO
HyDE-RAG,123,45,c1cn(Cc2ccc(Cn3ccnc3)cc2)cn1,O=C(c1ccncc1)c1cccnc1,0.345,0.087,YES,NO,1.1357,NO,NO,NO,NO,NO
HyDE-RAG,123,46,c1cncnc1,c1cnccn1,0.769,0.0,YES,YES,0.8877,YES,YES,YES,NO,NO
HyDE-RAG,123,47,CCC12C3C4(C(=O)[O-])C5(CC)C(C1(C(=O)[O-])C35[N+](=O)[O-])C24[N+](=O)[O-],O=C([O-])C1C(I)CC2(C(=O)[O-])CC1CC2I,0.312,0.471,YES,YES,1.4058,NO,NO,NO,NO,NO
HyDE-RAG,123,48,O=C([O-])CN(CC(=O)[O-])CC(=O)[O-],O=C([O-])CCC(=O)[O-],0.478,0.285,YES,YES,1.3653,NO,NO,NO,NO,NO
HyDE-RAG,123,49,c1cn(-c2ccc(NNc3ccc(-n4ccnc4)cc3)cc2)cn1,c1cn(-c2ccc(-n3ccnc3)cc2)cn1,0.742,0.453,YES,YES,1.9075,YES,YES,YES,NO,NO
HyDE-RAG,123,50,Nc1cc(C#Cc2cc(N)c(C(=O)[O-])c(N)c2)cc(N)c1C(=O)[O-],O=C([O-])c1c(O)cc(C=Cc2cc(O)c(C(=O)[O-])c(O)c2)cc1O,0.5,0.41,YES,NO,7.1887,YES,NO,NO,NO,NO
HyDE-RAG,123,51,CCc1cc2c(cc(CC)c3ccc(C(=O)[O-])c(F)c32)c2cc(C(=O)[O-])ccc12,C=c1ccc(C(=O)[O-])cc1=CC=Cc1ccc(C(=O)[O-])cc1CC,0.633,0.299,YES,YES,1.3884,YES,YES,NO,NO,NO
HyDE-RAG,123,52,O=C(O)c1cccc(Oc2cccc(C(=O)O)c2C(=O)[O-])c1.O=C(O)c1cccc(Oc2cccc(C(=O)O)c2C(=O)[O-])c1,O=C(O)c1cccc(Oc2cccc(C(=O)[O-])c2C(=O)[O-])c1,0.479,0.5,YES,YES,1.8796,YES,NO,NO,NO,NO
HyDE-RAG,123,53,O=C([O-])CN(CCN(CC(=O)[O-])CC(=O)[O-])CCN(CC(=O)O)CC(=O)O,O=C([O-])Cn1cnnn1,0.36,0.135,YES,NO,0.6757,NO,NO,NO,NO,NO
HyDE-RAG,123,54,c1ccc(SSc2ccccn2)nc1,c1cnc(SCSc2ncccn2)nc1INVALID,0.0,0.0,NO,NO,,NO,NO,NO,NO,NO
HyDE-RAG,123,55,Nc1ccc(C=Cc2ccc(N)cc2S(O)(O)O)c(S(O)(O)O)c1,OS(O)(O)c1cccc2c(S(O)(O)O)cccc12,0.705,0.41,YES,YES,0.5418,YES,YES,YES,NO,NO
HyDE-RAG,123,56,O=C([O-])c1cc(C(=O)[O-])c(C(=O)O)cc1C(=O)O,O=C([O-])c1ccc(C(=O)[O-])cc1,0.75,0.667,YES,NO,0.527,YES,YES,YES,NO,NO
HyDE-RAG,123,57,O=C(Nc1cccnc1)c1ccc(C(=O)Nc2cccnc2)s1,O=C(Nc1ccncc1)c1ccc(C(=O)Nc2ccncc2)cc1,0.781,0.242,YES,NO,1.6297,YES,YES,YES,NO,NO
HyDE-RAG,123,58,NC1=N[CH]NN1,Cn1nn[nH]c1=S,0.413,0.0,YES,YES,3.3063,NO,NO,NO,NO,NO
HyDE-RAG,123,59,O=C([O-])c1cc(C(=O)O)c(C(=O)[O-])cc1C(=O)O,O=C([O-])c1cc(C(=O)O)c(C(=O)[O-])cc1C(=O)O,1.0,1.0,YES,YES,1.4845,YES,YES,YES,YES,YES
HyDE-RAG,123,60,O=[N+]([O-])c1cncc([N+](=O)[O-])c1C#Cc1c([N+](=O)[O-])cncc1[N+](=O)[O-],N#Cc1cc([N+](=O)[O-])c(C#N)cc1[N+](=O)[O-],0.732,0.137,YES,YES,1.8271,YES,YES,YES,NO,NO
HyDE-RAG,123,61,O=C([O-])C(O)=C(O)C(=O)[O-],O=C([O-])C(O)=C(O)C(=O)[O-],1.0,1.0,YES,YES,1.6891,YES,YES,YES,YES,YES
HyDE-RAG,123,62,C(#C[Si](C#Cc1cn[nH]c1)(C#CC1C=NN=C1)C#CC1C=NN=C1)C1=CN=N[CH]1,C(#CC(C#Cc1cn[nH]c1)(C#CC1C=NN=C1)C#CC1C=NN=C1)c1cn[nH]c1,0.656,0.232,YES,YES,4.4646,YES,YES,NO,NO,NO
HyDE-RAG,123,63,O=C([O-])CN1[CH]C=C(c2nnn[nH]2)C=C1,O=C([O-])c1cncc(Cl)c1,0.28,0.17,YES,NO,2.1662,NO,NO,NO,NO,NO
HyDE-RAG,123,64,Nc1ccccc1S,O=C([O-])c1cccc(C(=O)O)n1.O=C([O-])c1cccc(C(=O)[O-])n1,0.078,0.0,YES,NO,0.7177,NO,NO,NO,NO,NO
HyDE-RAG,123,65,O=C([O-])c1nc(-c2ccc3ccccc3c2)[nH]c1C(=O)[O-],O=C([O-])c1cc(Cn2cnc3ccccc32)cc(C(=O)[O-])c1,0.643,0.264,YES,NO,1.6175,YES,YES,NO,NO,NO
HyDE-RAG,123,66,O=C(O)c1ccc(-c2ccc(-c3ccc(C(=O)O)cc3C(=O)[O-])cc2)c(C(=O)[O-])c1,O=C([O-])c1cc(C(=O)[O-])cc(-c2ccc(C(=O)O)cc2)c1,0.842,0.5,YES,YES,1.7818,YES,YES,YES,NO,NO
HyDE-RAG,123,67,c1ccc(-c2cc(-c3ccncc3)nc(-c3ccncc3)c2)nc1,C=CC=CC=C1C=CC=C(c2ccncc2)C=NC=C2NC=C(N=C1)C(=CC)c1cnccc12,0.467,0.199,YES,YES,3.7653,NO,NO,NO,NO,NO
HyDE-RAG,123,68,CSc1nccs1,O=P(O)(O)c1ccccn1,0.222,0.0,YES,YES,1.6177,NO,NO,NO,NO,NO
HyDE-RAG,123,69,O=C([O-])C1CCC(C(=O)[O-])CC1,O=C([O-])C1CC(C(=O)O)C(C(=O)[O-])CC1C(=O)O,0.6,0.667,YES,YES,1.6611,YES,YES,NO,NO,NO
HyDE-RAG,123,70,c1c[nH]cn1,c1c[nH]cn1INVALID,0.0,0.0,NO,NO,,NO,NO,NO,NO,NO
HyDE-RAG,123,71,c1ccc(-c2nnc(-c3ccncc3)[nH]2)nc1,C1=NN=CC1c1ccc(-c2cn[nH]c2)cc1,0.643,0.092,YES,YES,2.3123,YES,YES,NO,NO,NO
HyDE-RAG,123,72,O=C([O-])c1cccc(-c2c3nc(c(-c4cccc(C(=O)[O-])c4)c4ccc([nH]4)c(-c4cccc(C(=O)[O-])c4)c4nc(c(-c5cccc(C(=O)[O-])c5)c5ccc2[nH]5)C=C4)C=C3)c1,C=CN=CC=CNNC(=O)C1CC(C(=O)[O-])=CC1=CC(=O)[O-],0.367,0.058,YES,YES,1.211,NO,NO,NO,NO,NO
HyDE-RAG,123,73,O=C([O-])c1cc2c(cc1C(=O)[O-])C(=O)c1ccccc1C2=O,O=C([O-])c1ccccc1I,0.44,0.395,YES,NO,1.7009,NO,NO,NO,NO,NO
HyDE-RAG,123,74,Cc1cc2ccc3nc(C)ccc3c2cn1,CCCC=NC1=CC=C2N=CC=CC=C(C=C1)C2C,0.312,0.083,YES,YES,1.2786,NO,NO,NO,NO,NO
HyDE-RAG,123,75,Nc1nc2ccccc2[nH]1,Nc1nnn[nH]1,0.667,0.156,YES,NO,3.1639,YES,YES,NO,NO,NO
HyDE-RAG,123,76,O=C([O-])CCC(=O)[O-],O=C([O-])CC(=O)[O-],0.786,0.604,YES,YES,0.4813,YES,YES,YES,NO,NO
HyDE-RAG,123,77,CNC12C3C4C5C3(C#CC(=O)[O-])C1C5(NC)C42C#CC(=O)[O-],CCCC12C3C4C5C(C41C#CC(=O)[O-])C2(S(O)(O)O)C53C#CC(=O)[O-],0.375,0.735,YES,YES,1.1815,YES,YES,YES,NO,NO
HyDE-RAG,123,78,O=C([O-])c1ccc(-c2ccccc2)cc1,O=C([O-])c1cccc(-c2cccnc2)c1,0.706,0.585,YES,YES,1.3365,YES,YES,YES,NO,NO
HyDE-RAG,123,79,CCCOc1c(C(=O)[O-])ccc2c(OCCC)c(C(=O)[O-])ccc12,CCCOc1cc(NNc2ccc(C(=O)[O-])cc2I)c(OCCC)c(I)c1C(=O)[O-],0.6,0.428,YES,YES,1.3172,YES,YES,NO,NO,NO
HyDE-RAG,123,80,CN1c2cncc(n2)N(C)c2cncc(n2)N(C)c2cncc(n2)N(C)c2cncc1n2,C=Nc1cnccc1C1C2=CN=C21,0.333,0.019,YES,YES,3.7565,NO,NO,NO,NO,NO
HyDE-RAG,123,81,CC(C(=O)[O-])C(=O)[O-],O=C([O-])CC(O)C(=O)[O-],0.588,0.65,YES,NO,2.9629,YES,YES,NO,NO,NO
HyDE-RAG,123,82,O=C([O-])C(F)=C(F)C(=O)[O-],O=C([O-])C(O)=C(O)C(=O)[O-],0.55,0.791,YES,YES,1.5919,YES,YES,YES,NO,NO
HyDE-RAG,123,83,O=C([O-])c1ccc(Oc2ccc(C(=O)[O-])c(C(=O)[O-])c2)cc1C(=O)[O-],O=C([O-])c1ccc(C=Nc2cc(C(=O)[O-])cc(C(=O)[O-])c2)cc1,0.5,0.354,YES,NO,2.0372,YES,NO,NO,NO,NO
HyDE-RAG,123,84,Cc1cc(OCC(=O)[O-])cc(C(=O)[O-])c1,C=CC=C(OC)C(C(=O)[O-])=C(OC)C(=CC(=CC=COC)c1cc(OC)c(C(=O)[O-])cc1C=C)OC,0.576,0.278,YES,YES,4.2097,YES,NO,NO,NO,NO
HyDE-RAG,123,85,O=C([O-])c1sc2c(C(=O)O)c(C(=O)[O-])sc2c1C(=O)O,O=C([O-])c1cc(C(=O)O)c(C(=O)[O-])cc1F,0.467,0.177,YES,YES,4.7348,NO,NO,NO,NO,NO
HyDE-RAG,123,86,Cc1nc(C)c(C(=O)[O-])c(C=Cc2ccccc2)c1C(=O)[O-],O=C([O-])c1ccccc1-c1ccccc1C(=O)[O-],0.593,0.313,YES,YES,1.7222,YES,NO,NO,NO,NO
HyDE-RAG,123,87,Cc1c(C)c(C(=O)[O-])c(C)c(C)c1C(=O)[O-],Cc1c(C)c(C(=O)[O-])c(C)c(C)c1C(=O)[O-],1.0,1.0,YES,YES,0.8619,YES,YES,YES,YES,YES
HyDE-RAG,123,88,O=C([O-])CO,O=C([O-])COINVALID,0.0,0.0,NO,NO,,NO,NO,NO,NO,NO
HyDE-RAG,123,89,O=C([O-])c1ccc(-c2ccc(C(=O)[O-])c(C(=O)O)c2)cc1C(=O)O,O=C([O-])c1ccc(C(=O)[O-])cc1,0.632,0.369,YES,NO,2.6851,YES,YES,NO,NO,NO
HyDE-RAG,123,90,Cc1cc(-n2ccnc2)c(C)cc1-n1ccnc1,c1ccc(-c2nc(-c3ccccn3)c(-c3ccccn3)nc2-c2ccccn2)nc1,0.5,0.0,YES,YES,2.3007,YES,NO,NO,NO,NO
HyDE-RAG,123,91,O=P(O)(O)CCSc1ccncc1,O=P(O)(O)CCCCP(=O)(O)O,0.59,0.431,YES,YES,1.4828,YES,NO,NO,NO,NO
HyDE-RAG,123,92,O=C([O-])C1=NC(c2cncc(Br)c2)=NC1C(=O)O,O=CC1=CC(Cc2ccc(C(=O)O)cc2)=C(C(=O)[O-])C1=CC1=CC(=CC(=O)[O-])C=CO1,0.378,0.114,YES,YES,1.9518,NO,NO,NO,NO,NO
HyDE-RAG,123,93,[CH]1N=NC=C1c1ccc([Si](c2ccc(-c3cn[nH]c3)cc2)(c2ccc(C3C=NN=C3)cc2)c2ccc(C3C=NN=C3)cc2)cc1,C(C#C[Si](C#CC#Cc1cn[nH]c1)(C#CC#Cc1cn[nH]c1)C#CC#CC1C=NN=C1)#CC1=CN=N[CH]1,0.853,0.105,YES,YES,4.9399,YES,YES,YES,YES,NO
HyDE-RAG,123,94,CCOC1(Br)c2c(C(=O)[O-])c(Br)cc(C(=O)[O-])c2C1Br,C=CC1=CCC(C)=C(C(=O)[O-])C=CC(C)C=CCC(C)=CC=CC(C(=O)[O-])=CC(C)=CC1C(C)CCC,0.333,0.097,YES,YES,2.098,NO,NO,NO,NO,NO
HyDE-RAG,123,95,CCCOC1CC2(C#CC(=O)[O-])CCC1(C#CC(=O)[O-])CC2,CCCOC1CC2(C#CC(=O)[O-])CCC1(C#CC(=O)[O-])C(C#N)C2,0.941,0.918,YES,YES,0.9916,YES,YES,YES,YES,YES
HyDE-RAG,123,96,N#CC(C(=O)[O-])=C(C=CC(=O)[O-])c1ccccc1,N#CC(C(=O)[O-])=C(N)C(=O)[O-],0.577,0.422,YES,YES,2.3961,YES,NO,NO,NO,NO
HyDE-RAG,123,97,O=C([O-])C=CC=CC(=O)[O-],O=C([O-])CCCCCC(=O)[O-],0.562,0.338,YES,NO,1.2165,YES,NO,NO,NO,NO
HyDE-RAG,123,98,CCOP(=O)(Cc1c(C)c(C)c(CP(=O)(OCC)OCC)c(C)c1C)OCC,CCOP(=O)(Cc1cccnc1)OCC,0.711,0.343,YES,NO,1.7262,YES,YES,YES,NO,NO
HyDE-RAG,123,99,[CH]1N=CNN1CCCCCCn1cncn1,c1cn(CCOCCn2ccnc2)cn1,0.532,0.16,YES,NO,2.3793,YES,NO,NO,NO,NO
HyDE-RAG,123,100,O=P(O)(O)O,O=[PH](O)O,0.824,0.78,YES,YES,1.0962,YES,YES,YES,NO,NO
HyDE-RAG,123,101,O=C([O-])c1cc(C(=O)O)c(C(=O)[O-])c2c1CC2,O=C([O-])c1cc(C(=O)O)c(C(=O)[O-])c2c1CC2,1.0,1.0,YES,YES,1.6246,YES,YES,YES,YES,YES
HyDE-RAG,123,102,O=C([O-])c1cc(Cn2nnc3ccccc32)cc(C(=O)[O-])c1,O=C([O-])c1cc(NCc2ccncc2)cc(C(=O)[O-])c1,0.522,0.527,YES,YES,1.0823,YES,NO,NO,NO,NO
HyDE-RAG,123,103,O=C([O-])c1c(F)cc(C=Cc2cc(F)c(C(=O)[O-])c(F)c2)cc1F,O=C([O-])c1ccc(NNc2ccc(C(=O)[O-])c(Cl)c2)cc1Cl,0.543,0.369,YES,NO,6.6632,YES,NO,NO,NO,NO
HyDE-RAG,123,104,Nc1c(N)c(C(=O)[O-])c(N)c(N)c1C#Cc1c(N)c(N)c(C(=O)[O-])c(N)c1N,O=C([O-])c1c(O)cc(C#Cc2cc(O)c(C(=O)[O-])c(O)c2)cc1O,0.514,0.718,YES,NO,6.8168,YES,YES,YES,NO,NO
HyDE-RAG,123,105,NCC(=O)[O-],O=CC(=O)[O-],0.316,0.78,YES,YES,0.2968,YES,YES,YES,NO,NO
HyDE-RAG,123,106,O=C([O-])c1nc[nH]c1C(=O)[O-],O=C([O-])c1nc[nH]c1C(=O)[O-],1.0,1.0,YES,YES,0.8466,YES,YES,YES,YES,YES
HyDE-RAG,123,107,O=C([O-])c1ccc(C#Cc2ccc(C(=O)[O-])cc2Cl)c(Cl)c1,O=C([O-])c1ccc(NNc2ccc(C(=O)[O-])c(Cl)c2)cc1Cl,0.588,0.402,YES,NO,4.041,YES,NO,NO,NO,NO
HyDE-RAG,123,108,O=C([O-])c1cncc(OCOc2cncc(C(=O)[O-])c2)c1,O=C([O-])c1cccc(Oc2cccnc2)c1C(=O)[O-],0.714,0.327,YES,NO,0.6352,YES,YES,YES,NO,NO
HyDE-RAG,123,109,O=C([O-])c1ccc(-n2ccc(=O)cc2)cc1C(=O)[O-],O=C([O-])c1ccc(-c2cccnc2)c(C(=O)[O-])c1,0.629,0.464,YES,YES,2.1806,YES,YES,NO,NO,NO
HyDE-RAG,123,110,CCc1cc(-c2ccc(C(=O)[O-])cc2)ccc1C(=O)[O-],CCCC=CC(=C(C=CC=CC(=O)[O-])C(=O)[O-])c1ccc(-c2cc(CCC)c(C(=O)[O-])cc2CCC)cc1,0.714,0.479,YES,YES,1.5512,YES,YES,YES,NO,NO
HyDE-RAG,123,111,CCCC1=NN=CC1C#Cc1ccc(C#CC2=C(CCC)N=N[CH]2)cc1OC,CCC12C3C4C5C(C1C53C#CC1=CN=N[CH]1)C42C#Cc1cn[nH]c1,0.5,0.57,YES,YES,0.9761,YES,NO,NO,NO,NO
HyDE-RAG,123,112,CCC(C)COc1cc(C=Cc2ccncc2)c(OCC(C)CC)cc1C=Cc1ccncc1,CCCOC=C1C=C(c2ccncc2)C=C1Cc1ccncc1,0.575,0.201,YES,YES,0.6664,YES,NO,NO,NO,NO
HyDE-RAG,123,113,Cn1cnc(C(=O)[O-])c1C(=O)[O-],O=C([O-])c1cccc(-c2cccc(C(=O)[O-])c2)c1,0.297,0.196,YES,YES,3.4343,NO,NO,NO,NO,NO
HyDE-RAG,123,114,O=S1(=O)CCCC1,C1COCCO1,0.289,0.0,YES,YES,4.1495,NO,NO,NO,NO,NO
HyDE-RAG,123,115,Cc1nccn1CCCCn1ccnc1C,c1cc(-c2ccncc2)ccn1,0.237,0.0,YES,YES,1.9558,NO,NO,NO,NO,NO
HyDE-RAG,123,116,O=C([O-])c1ccnc(-c2cc(C(=O)[O-])ccn2)c1,O=C([O-])c1ccc(Oc2ccc(C(=O)[O-])cc2)cc1,0.483,0.186,YES,YES,1.0539,NO,NO,NO,NO,NO
HyDE-RAG,123,117,O=C([O-])c1cccc(-c2nccs2)c1,OS(O)(O)c1cccnc1,0.239,0.043,YES,NO,0.6996,NO,NO,NO,NO,NO
HyDE-RAG,123,118,NC(=S)c1cccc(C(N)=S)c1,O=C(O)c1ccc(Br)cc1O,0.121,0.583,YES,YES,2.2004,YES,NO,NO,NO,NO
HyDE-RAG,123,119,O=C([O-])c1ccc(N=Cc2ccccc2O)cc1,O=C([O-])c1ccc(COc2cc(C(=O)[O-])cc(C(=O)[O-])c2)cc1,0.485,0.385,YES,NO,1.5684,NO,NO,NO,NO,NO
HyDE-RAG,123,120,Nc1c(N)c(C(=O)[O-])c2ccccc2c1C(=O)[O-],O=C([O-])c1c(O)c(O)c(C(=O)[O-])c2ccccc12INVALID,0.0,0.0,NO,NO,,NO,NO,NO,NO,NO
HyDE-RAG,123,121,Cc1cc2ncn(CCCCn3cnc4cc(C)c(C)cc43)c2cc1C,c1cc(-c2ccncc2)ccn1,0.289,0.0,YES,YES,1.462,NO,NO,NO,NO,NO
HyDE-RAG,123,122,O=C([O-])c1c(O)c(O)c(C(=O)[O-])c2c(O)c(O)c(O)c(O)c12,O=C([O-])C=CC(C(=O)O)=C(C=C(C=C(C(=O)O)C(=CC(=O)O)C(=O)O)C(=O)O)C(=O)[O-]INVALID,0.0,0.0,NO,NO,,NO,NO,NO,NO,NO
HyDE-RAG,123,123,O=C([O-])C12C3C4C1C1(S(O)(O)O)C2C3C41C(=O)[O-],CCC1C2C3C(CC)C4(c5ccccc5)C3(C#CC(=O)[O-])C2C14C(=O)[O-],0.4,0.441,YES,YES,1.609,NO,NO,NO,NO,NO
HyDE-RAG,123,124,Cc1cnc(C)cn1,c1cn(CCCCn2ccnc2)cn1,0.29,0.043,YES,YES,0.6468,NO,NO,NO,NO,NO
HyDE-RAG,123,125,ON=C(c1ccncc1)c1ccccn1,NNC(=O)c1ccc(O)cc1,0.262,0.105,YES,YES,0.4844,NO,NO,NO,NO,NO
HyDE-RAG,123,126,CC(=O)N(C)C,c1c[nH]cn1,0.034,0.0,YES,YES,3.0891,NO,NO,NO,NO,NO
HyDE-RAG,123,127,c1cc(-c2ccncc2)ccn1,c1cc(-c2ccncc2)ccn1INVALID,0.0,0.0,NO,NO,,NO,NO,NO,NO,NO
HyDE-RAG,123,128,[CH](C=CC=C1C=NN=C1)c1cn[nH]c1,CC(NNC(C)c1ccncc1)c1ccncc1,0.406,0.142,YES,NO,4.9219,NO,NO,NO,NO,NO
HyDE-RAG,123,129,CC(=O)[CH]C(=O)c1ccc(-n2ccnc2)cc1,CC(=O)[CH]C(=O)c1ccc(-n2ccnc2)cc1,1.0,1.0,YES,YES,2.4774,YES,YES,YES,YES,YES
HyDE-RAG,123,130,O=C(Nc1cccnc1)c1cccnc1,c1cc(-c2ccncc2)ccn1,0.462,0.39,YES,YES,1.5824,NO,NO,NO,NO,NO
HyDE-RAG,123,131,c1cc(CCCc2ccncc2)ccn1,c1cc(CCCc2ccncc2)ccn1INVALID,0.0,0.0,NO,NO,,NO,NO,NO,NO,NO
HyDE-RAG,123,132,Cc1cc2ncn(Cc3ccc(Cn4cnc5cc(C)c(C)cc54)cc3)c2cc1C,CC(=CC=C1C2C=CC(=CC(=O)[O-])C=C2N1c1ccncc1)c1ccncc1,0.42,0.052,YES,YES,2.3267,NO,NO,NO,NO,NO
HyDE-RAG,123,133,Cc1ccc(SCN(CSc2ccc(C)cc2C)CSc2ccc(C)cc2C)c(C)c1,c1ccc2c(c1)nnn2OCCOn1cnnn1,0.154,0.189,YES,YES,1.2515,NO,NO,NO,NO,NO
HyDE-RAG,123,134,CC1c2nccc(-c3ccnc4c3C4C)c21,O=C([O-])c1ccccc1SSc1ccccc1C(=O)[O-],0.162,0.079,YES,NO,0.6158,NO,NO,NO,NO,NO
HyDE-RAG,123,135,O=C([O-])c1ccc(OCC(COc2ccc(C(=O)[O-])cc2)(COc2ccc(C(=O)[O-])cc2)COc2ccc(C(=O)O)cc2)cc1,C=CC(=CC=COCc1cc(C(=O)O)ccc1OC(=C=COCCOC=CC=CC(=O)[O-])Oc1ccc(C(=O)O)cc1)C(=O)[O-],0.641,0.238,YES,YES,2.371,YES,YES,NO,NO,NO
HyDE-RAG,123,136,N#CC(C#N)C(=S)S,CC(=O)C(C#N)C(C)=O,0.125,0.533,YES,NO,0.2582,YES,NO,NO,NO,NO
HyDE-RAG,123,137,OC1(Cl)Cc2ncc(Cl)nc21,Fc1nc(F)c(F)nc1F,0.457,0.527,YES,YES,2.4128,YES,NO,NO,NO,NO
HyDE-RAG,123,138,CC1(C)OC(CP(c2ccccc2)c2ccccc2)C(CP(c2ccccc2)c2ccccc2)O1,O=C([O-])C(CO)c1ccccc1,0.25,0.164,YES,YES,1.2561,NO,NO,NO,NO,NO
HyDE-RAG,123,139,Cc1ccc(S(=O)(=O)NC(CCC(=O)[O-])C(=O)[O-])cc1,O=C([O-])CNC(=O)c1cccc(C(=O)NCC(=O)[O-])c1,0.364,0.35,YES,NO,0.8174,NO,NO,NO,NO,NO
HyDE-RAG,123,140,O=C([O-])C1=C[CH]NC=C1C(=O)[O-],O=C([O-])c1ccc(C=Nc2cc(C(=O)[O-])cc(C(=O)[O-])c2)cc1,0.419,0.154,YES,NO,1.6008,NO,NO,NO,NO,NO
HyDE-RAG,123,141,O=C([O-])c1ccc(-c2cc3cc(c2)C(=O)[O][Cd][O]C3=O)cc1,O=C([O-])c1cc(OCOc2cc(C(=O)[O-])cc(C(=O)O)c2)cc(C(=O)[O-])c1,0.444,0.329,YES,NO,1.5809,NO,NO,NO,NO,NO
HyDE-RAG,123,142,O=P(O)(O)F,[NH]n1nnnc1C1=NN=CC1,0.082,0.0,YES,YES,1.1822,NO,NO,NO,NO,NO
HyDE-RAG,123,143,CC(=O)CC(C#N)(C#N)C(C#N)C#N,N#CC(C#N)C(N)=O,0.286,0.411,YES,NO,0.9025,NO,NO,NO,NO,NO
HyDE-RAG,123,144,COc1cc(NC#N)c(OC)cc1NC#N,N#CNC(C#N)C(N)=O,0.306,0.162,YES,YES,2.5738,NO,NO,NO,NO,NO
HyDE-RAG,123,145,c1ccc2c(-n3ccnc3)c3ccccc3c(-n3ccnc3)c2c1,O=C1c2ccc3c4c(ccc(c24)C(=O)N1Cc1ccncc1)C(=O)N(Cc1ccncc1)C3=O,0.432,0.289,YES,NO,1.707,NO,NO,NO,NO,NO
HyDE-RAG,123,146,O=C([O-])c1ccc(NNc2ccc(C(=O)[O-])cc2)cc1,O=C([O-])c1ccc(Cl)cc1,0.29,0.441,YES,NO,0.9014,NO,NO,NO,NO,NO
HyDE-RAG,123,147,O=C(NCc1ccncc1)C(=O)NCc1ccncc1,O=C(NCc1ccncc1)c1ccncc1,0.727,0.49,YES,YES,3.1872,YES,YES,YES,NO,NO
HyDE-RAG,123,148,Nc1ccc(Cc2ccc(N)cc2)cc1,c1ccc2c(c1)ncn2Cn1cnc2ccccc21,0.303,0.299,YES,NO,1.8405,NO,NO,NO,NO,NO
HyDE-RAG,123,149,O=C([O-])c1ccc(-c2cc(-c3ccc(C(=O)O)cc3)c(-c3ccc(C(=O)[O-])cc3)cc2-c2ccc(C(=O)O)cc2)cc1,O=C([O-])c1ccc(C(=O)[O-])cc1,0.632,0.207,YES,YES,1.3409,YES,YES,NO,NO,NO
HyDE-RAG,123,150,Fc1cc2cc(C3C=NN=C3)c(F)cc2cc1-c1cn[nH]c1,CC1Cc2nccnc21,0.316,0.0,YES,YES,0.94,NO,NO,NO,NO,NO
HyDE-RAG,123,151,O=C1C(=O)C(=O)C(=O)C1=O,O=C1C(=O)C(=O)C1=O,0.867,0.16,YES,NO,2.9966,YES,YES,YES,YES,NO
HyDE-RAG,123,152,O=C(Nc1cc(C(=O)[O-])cc(C(=O)[O-])c1)Nc1cc(C(=O)[O-])cc(C(=O)[O-])c1,O=C([O-])c1ccc(N=Nc2ccc(C(=O)[O-])cc2)cc1,0.625,0.317,YES,NO,3.5734,YES,YES,NO,NO,NO
HyDE-RAG,123,153,Cc1nccn1Cc1ccc(-c2ccc(Cn3ccnc3C)cc2)cc1,c1cc(-c2ccncc2)ccn1,0.364,0.0,YES,YES,1.6322,NO,NO,NO,NO,NO
HyDE-RAG,123,154,CC(=O)NC(C)(NC(C)=O)C(=O)[O-],O=C([O-])C1CCCCC1C(=O)O,0.243,0.205,YES,NO,2.1301,NO,NO,NO,NO,NO
HyDE-RAG,123,155,O=C([O-])c1cccc(CN2CCOCCN(Cc3cccc(C(=O)[O-])c3)CCOCC2)c1,CC1=NNCCCCC2CNN=C2N1,0.25,0.049,YES,YES,1.4637,NO,NO,NO,NO,NO
HyDE-RAG,123,156,O=C([O-])c1c(Cl)cc(-c2cc(-c3cc(Cl)c(C(=O)[O-])c(Cl)c3)cc(-c3cc(Cl)c(C(=O)[O-])c(Cl)c3)c2)cc1Cl,O=C([O-])c1c(Cl)cc(-c2cc(-c3cc(Cl)c(C(=O)[O-])c(Cl)c3)cc(-c3cc(Cl)c(C(=O)[O-])c(Cl)c3)c2)cc1Cl,1.0,1.0,YES,YES,1.0074,YES,YES,YES,YES,YES
HyDE-RAG,123,157,O=[PH](O)O,O=P(O)(O)O,0.824,0.78,YES,YES,1.1253,YES,YES,YES,NO,NO
HyDE-RAG,123,158,O=P(O)(O)C1=CC=C2[CH]C=CC=C2N1,O=P(O)(O)C1=CC=C2[CH]C=CC=C2N1,1.0,1.0,YES,YES,1.6924,YES,YES,YES,YES,YES
HyDE-RAG,123,159,c1ccc2nc(-c3cnc4ccccc4n3)cnc2c1,c1cc(-c2ccncc2)ccn1INVALID,0.0,0.0,NO,NO,,NO,NO,NO,NO,NO
HyDE-RAG,123,160,O=C([O-])Cn1nn[nH]c1=S,O=C([O-])CSc1nnc(SCC(=O)[O-])s1,0.556,0.24,YES,NO,0.6244,YES,NO,NO,NO,NO
HyDE-RAG,123,161,CCCCN(CCO)CCO,O=[N+]([O-])c1ccc(O)cc1,0.154,0.055,YES,YES,2.3814,NO,NO,NO,NO,NO
HyDE-RAG,123,162,CC1=C(CC2=C(C)N=NC2C)C(C)N=N1,c1ccc(-n2c(-c3ccncc3)nnc2-c2ccncc2)nc1,0.349,0.0,YES,YES,2.2986,NO,NO,NO,NO,NO
HyDE-RAG,123,163,CC(C)c1cc(C(C)C)c(CP(=O)(O)O)c(C(C)C)c1,OS(O)(O)c1cccc2c(S(O)(O)O)cccc12,0.378,0.3,YES,NO,1.8105,NO,NO,NO,NO,NO
HyDE-RAG,123,164,O=C([O-])CN=Cc1ccccc1O,O=C([O-])CCC(NC(=O)c1cccnc1)C(=O)[O-],0.356,0.256,YES,YES,1.5418,NO,NO,NO,NO,NO
HyDE-RAG,123,165,CNC1CC2(C#CC(=O)[O-])C(NC)CC1(C#CC(=O)[O-])C(F)C2F,COCC(C#CC(=O)[O-])C(Cl)CC(C#CC(=O)[O-])C(Cl)CCl,0.333,0.189,YES,YES,1.7233,NO,NO,NO,NO,NO
HyDE-RAG,123,166,O=C([O-])c1cccc(NNc2cccc(C(=O)[O-])c2)c1,O=C([O-])c1cccc(NNc2cccc(C(=O)[O-])c2)c1,1.0,1.0,YES,YES,1.5263,YES,YES,YES,YES,YES
HyDE-RAG,123,167,O=C([O-])c1ccc(NNc2ccc(C(=O)[O-])c(F)c2)cc1F,O=C([O-])c1c(O)cc(C#Cc2cc(O)c(C(=O)[O-])c(O)c2)cc1O,0.415,0.369,YES,NO,4.0927,NO,NO,NO,NO,NO
HyDE-RAG,123,168,N#CNC#N,N#CNC#NINVALID,0.0,0.0,NO,NO,,NO,NO,NO,NO,NO
HyDE-RAG,123,169,O=C([O-])c1cc(C(=O)[O][Ag])c(C(=O)[O-])cc1C(=O)[O][Ag],O=C([O-])c1cccc(C(=O)O)c1,0.571,0.6,YES,NO,1.7624,YES,YES,NO,NO,NO
HyDE-RAG,123,170,O=C([O-])c1cccc(=O)[nH]1,O=C([O-])c1cncc(Cl)c1,0.467,0.6,YES,NO,1.0964,YES,YES,NO,NO,NO
HyDE-RAG,123,171,O=C([O-])c1ccc(C(=O)[O-])cc1,O=C([O-])c1ccc(C(=O)[O-])cc1INVALID,0.0,0.0,NO,NO,,NO,NO,NO,NO,NO
HyDE-RAG,123,172,O=C([O-])CCCC(=O)[O-],O=C([O-])CCC(=O)[O-]INVALID,0.0,0.0,NO,NO,,NO,NO,NO,NO,NO
HyDE-RAG,123,173,COC1CCc2nccc(-c3ccncc3)c2C1OC,CC1(C)CCCC(C#CC(=O)[O-])CC1(C=O)C=O,0.216,0.078,YES,YES,0.8791,NO,NO,NO,NO,NO
HyDE-RAG,123,174,O=C([O-])c1ccc(C(=O)[O-])o1,O=C([O-])c1ccc(C(=O)[O-])o1,1.0,1.0,YES,YES,1.08,YES,YES,YES,YES,YES
HyDE-RAG,123,175,[CH]1C=CC=C1,CCC(C)COc1ccccc1,0.05,0.0,YES,YES,1.5266,NO,NO,NO,NO,NO
HyDE-RAG,123,176,c1ccc(C2=NNC(c3ccccn3)=NN2)nc1,c1ccc2c(c1)nnn2CCCCCn1nnc2ccccc21,0.435,0.0,YES,NO,1.4607,NO,NO,NO,NO,NO
HyDE-RAG,123,177,O=[N+]([O-])C12CN3CN(CN(C3)C1)C2,O=C(O)c1c(C(=O)[O-])c([N+](=O)[O-])c([N+](=O)[O-])c(C(=O)[O-])c1[N+](=O)[O-],0.463,0.15,YES,YES,1.8735,NO,NO,NO,NO,NO
HyDE-RAG,123,178,c1cc(-c2nnn[nH]2)ccc1-c1nn[nH]n1,O=C(Nc1cccnc1)C(=O)Nc1cccnc1,0.341,0.0,YES,NO,1.2315,NO,NO,NO,NO,NO
HyDE-RAG,123,179,Cc1c(C)c(-c2ccncc2)c(C)c(C)c1B(c1c(C)c(C)c(-c2ccncc2)c(C)c1C)c1c(C)c(C)c(-c2ccncc2)c(C)c1C,Cc1c(C)c(-c2ccncc2)c(C)c(C)c1B(c1c(C)c(C)c(-c2ccncc2)c(C)c1C)c1c(C)c(C)c(-c2ccncc2)c(C)c1C,1.0,1.0,YES,YES,3.9513,YES,YES,YES,YES,YES
HyDE-RAG,123,180,O=C([O-])C(=O)[O-],O=C([O-])C(=O)[O-],1.0,1.0,YES,YES,0.4633,YES,YES,YES,YES,YES
HyDE-RAG,123,181,O=C([O-])CN(CC(=O)[O-])c1ccc(C(=O)[O-])cc1,O=C([O-])C1=CC=Cc2ccc(-c3ccc[nH]3)cc2C=C1,0.268,0.289,YES,YES,2.067,NO,NO,NO,NO,NO
HyDE-RAG,123,182,ON1[CH]C=CC=C1,N#Cc1cccc(C#N)c1,0.115,0.0,YES,NO,1.4489,NO,NO,NO,NO,NO
HyDE-RAG,123,183,O=C([O-])C1OCOC2C(C(=O)[O-])OCOC12,CCCCCP(=O)(O)O.N#CCCCCCPO,0.04,0.019,YES,YES,3.0997,NO,NO,NO,NO,NO
HyDE-RAG,123,184,O=C([O-])c1ccc(-c2ccc(-c3cc(-c4ccc(-c5ccc(C(=O)[O-])cc5)c(Cl)c4)cc(-c4ccc(-c5ccc(C(=O)[O-])cc5)c(Cl)c4)c3)cc2Cl)cc1,C=C(N=CC=CC(=O)[O-])c1ccnc(C(=O)[O-])c1,0.333,0.064,YES,YES,4.2268,NO,NO,NO,NO,NO
HyDE-RAG,123,185,C1COCCO1,CCc1nnc(CC)[nH]1,0.098,0.0,YES,YES,0.8325,NO,NO,NO,NO,NO
HyDE-RAG,123,186,O=C1NCCN1,O=C(O)c1c[nH]c(=O)[nH]c1=O,0.358,0.145,YES,YES,0.4387,NO,NO,NO,NO,NO
HyDE-RAG,123,187,CC(=O)C(Sc1ccncc1)C(C)=O,c1cn(Cn2ccnc2)cn1,0.162,0.043,YES,NO,1.4661,NO,NO,NO,NO,NO
HyDE-RAG,123,188,O=C([O-])c1ccc2c3c(ccc(C(=O)[O-])c13)C(=O)N(c1ccncc1)C2=O,O=C([O-])c1ccc2c3c(ccc(C(=O)[O-])c13)C(=O)N(c1ccncc1)C2=O,1.0,1.0,YES,YES,0.453,YES,YES,YES,YES,YES
HyDE-RAG,123,189,O=C([O-])C1=CC2=NN=NC2=C[CH]1,O=C([O-])C1=CC2=NN=NC2=C[CH]1,1.0,1.0,YES,YES,1.2157,YES,YES,YES,YES,YES
HyDE-RAG,123,190,S=c1[nH]c2ccccc2[nH]1,c1cc(SSc2ccncc2)ccn1,0.424,0.043,YES,NO,1.2346,NO,NO,NO,NO,NO
HyDE-RAG,123,191,O=C([O-])C1=C[CH]N(Cc2cc(C(=O)[O-])cc(C(=O)[O-])c2)C=C1,O=C([O-])c1ccc(COc2cc(C(=O)[O-])cc(C(=O)[O-])c2)cc1,0.417,0.513,YES,NO,1.3865,YES,NO,NO,NO,NO
HyDE-RAG,123,192,O=C([O-])C1=C[CH]N(CCCN2[CH]C=C(C(=O)[O-])C=C2)C=C1,O=C([O-])c1ccccc1NNc1ccccc1C(=O)[O-],0.3,0.169,YES,NO,1.5612,NO,NO,NO,NO,NO
HyDE-RAG,123,193,Oc1ccc(S)cc1,CC=C(C)C(=CC=[N+][O-])SCCOCC,0.091,0.04,YES,YES,0.7149,NO,NO,NO,NO,NO
HyDE-RAG,123,194,C1CCOC1,C1COCCO1,0.619,0.0,YES,YES,1.5382,YES,YES,NO,NO,NO
HyDE-RAG,123,195,O=C([O-])c1ccc(N(c2ccc(C(=O)[O-])cc2)c2ccc(-c3ccncc3)cc2)cc1,O=C([O-])c1ccc(NNc2ccc(C(=O)[O-])c(C(=O)O)c2)cc1INVALID,0.0,0.0,NO,NO,,NO,NO,NO,NO,NO
HyDE-RAG,123,196,NCc1cccnc1,N#Cc1cnccn1,0.476,0.2,YES,NO,0.4784,NO,NO,NO,NO,NO
HyDE-RAG,123,197,C#N,C#NINVALID,0.0,0.0,NO,NO,,NO,NO,NO,NO,NO
HyDE-RAG,123,198,O=C1c2ccccc2C(=O)c2c(O)ccc(O)c21,O=C1c2ccc3c4c(ccc(c24)C(=O)N1Cc1ccncc1)C(=O)N(Cc1ccncc1)C3=O,0.372,0.289,YES,NO,1.9583,NO,NO,NO,NO,NO
HyDE-RAG,123,199,O=C([O-])c1ccc(C#Cc2ccc(C(=O)[O-])cc2F)c(F)c1,O=C([O-])c1ccc(C#Cc2ccc(C(=O)[O-])cc2F)c(F)c1,1.0,1.0,YES,YES,4.555,YES,YES,YES,YES,YES
HyDE-RAG,123,200,O=C([O-])CCN(CCC(=O)[O-])CCC(=O)[O-],CCOC(=O)C(C=O)C(=O)[O-],0.355,0.294,YES,YES,2.496,NO,NO,NO,NO,NO
HyDE-RAG,123,201,On1nnnc1-c1nnnn1O,O=C1[CH]C(=O)NC(=S)N1,0.276,0.05,YES,NO,1.687,NO,NO,NO,NO,NO
HyDE-RAG,123,202,O=C([O-])c1ccc(C2=C3C=CC4=[N]3->[Fe]35<-[N]6=C(C=CC6=C(c6ccc(C(=O)[O-])cc6)c6ccc2[n]63)C(c2ccc(C(=O)[O-])cc2)=c2ccc([n]25)=C4c2ccc(C(=O)[O-])cc2)cc1,O=C([O-])c1ccc(-c2cc(-c3ccc(C(=O)[O-])cc3)c3ccc4c(-c5ccc(C(=O)[O-])cc5)cc(-c5ccc(C(=O)[O-])cc5)c5ccc2c3c54)cc1,0.347,0.154,YES,YES,1.7649,NO,NO,NO,NO,NO
HyDE-RAG,123,203,O=C([O-])c1ccc(C(=O)[O-])s1,O=C([O-])c1ccc(C(=O)[O-])s1INVALID,0.0,0.0,NO,NO,,NO,NO,NO,NO,NO
HyDE-RAG,123,204,FC12C3C4N1C1C2N3C41F,O=C([O-])c1c(Cl)c(Cl)c(C(=O)[O-])c(CCCl)c1Cl,0.122,0.0,YES,YES,1.6076,NO,NO,NO,NO,NO
HyDE-RAG,123,205,CNc1nc(NC)c(NC)c(C#Cc2c(NC)c(NC)nc(NC)c2NC)c1NC,N#CC=CC1=C(C#N)C1=C(C#N)C(C#N)=C(CC#N)C(=O)[O-],0.091,0.053,YES,YES,2.8701,NO,NO,NO,NO,NO
HyDE-RAG,123,206,O=C([O-])c1cc(O)c(C#Cc2c(O)cc(C(=O)[O-])cc2O)c(O)c1,O=C([O-])c1c(F)cc(C#Cc2cc(F)c(C(=O)[O-])c(F)c2)cc1F,0.586,0.836,YES,NO,6.5848,YES,YES,YES,NO,NO
HyDE-RAG,123,207,O=S(=O)(O)O,O=[PH](O)O,0.481,0.12,YES,YES,0.4784,NO,NO,NO,NO,NO
HyDE-RAG,123,208,O=C([O-])c1ccc(C(=O)[O-])c2cc(Cl)c(Cl)cc12,O=C([O-])c1ccccc1O,0.429,0.489,YES,NO,0.7979,NO,NO,NO,NO,NO
HyDE-RAG,123,209,O=C([O-])c1ccc(P(=O)(O)O)cc1,O=C([O-])c1ccc(P(=O)(O)O)cc1,1.0,1.0,YES,YES,1.3266,YES,YES,YES,YES,YES
HyDE-RAG,123,210,O=C([O-])C=CC(=O)[O-],O=C([O-])CCC(=O)[O-],0.643,0.471,YES,YES,1.349,YES,YES,NO,NO,NO
HyDE-RAG,123,211,O=C([O-])CC(=O)[O-],O=C([O-])C=CC(=O)[O-],0.692,0.471,YES,YES,0.3451,YES,YES,NO,NO,NO
HyDE-RAG,123,212,O=C([O-])COc1ccc(OCC(=O)[O-])cc1,O=C([O-])COc1ccc(OCC(=O)[O-])cc1INVALID,0.0,0.0,NO,NO,,NO,NO,NO,NO,NO
HyDE-RAG,123,213,N#CC1CC2(C#CC(=O)[O-])CCC1(C#CC(=O)[O-])CC2,CCNC1c2c(C(=O)[O-])ccc(C(=O)[O-])c2C1CC,0.385,0.392,YES,YES,3.4896,NO,NO,NO,NO,NO
HyDE-RAG,123,214,O=C([O-])c1nnn[nH]1,O=C([O-])c1nnn[nH]1,1.0,1.0,YES,YES,2.6943,YES,YES,YES,YES,YES
HyDE-RAG,123,215,O=C([O-])c1cc(Cl)c(C(=O)[O-])c2c1CC2,O=C([O-])c1cc(Cl)c2c(Cl)c(C(=O)[O-])cc(Cl)c2c1Cl,0.8,0.49,YES,YES,3.5136,YES,YES,YES,NO,NO
HyDE-RAG,123,216,O=C([O-])c1c(Br)c(Br)c(C(=O)[O-])c(Br)c1Br,O=C([O-])c1c(Cl)c(Cl)c(C(=O)[O-])c(Cl)c1Cl,0.895,0.75,YES,YES,2.3407,YES,YES,YES,YES,NO
HyDE-RAG,123,217,O=C([O-])c1ccc(C(=O)[O-])c(C(=O)[O-])c1,O=C([O-])c1ccc(C(=O)[O-])cc1,0.857,0.8,YES,NO,1.2838,YES,YES,YES,YES,NO
HyDE-RAG,123,218,CC1Cc2c(C(=O)[O-])ccc(C(=O)[O-])c21,O=C([O-])c1ccc(C(=O)[O-])c2cc(Br)c(Br)cc12,0.6,0.653,YES,YES,1.8923,YES,YES,NO,NO,NO
HyDE-RAG,123,219,O=C([O-])c1ccc(-c2ccc(C(=O)[O-])cc2F)c(F)c1,O=C([O-])c1c(F)c(F)c(C(=O)[O-])c2c(F)c(F)c(F)c(F)c12,0.87,0.447,YES,YES,3.6752,YES,YES,YES,YES,NO
HyDE-RAG,123,220,O=C([O-])c1cncc(C(=O)[O-])c1,O=C([O-])c1cccnc1C(=O)[O-],0.818,0.75,YES,YES,0.5428,YES,YES,YES,NO,NO
HyDE-RAG,123,221,O=C([O-])c1ccc(-c2cc(-c3ccc(C(=O)[O-])cc3)c(C(=O)[O-])cc2C(=O)[O-])cc1,O=C([O-])c1ccc(-c2ccc(C(=O)[O-])c(Br)c2)cc1,0.81,0.598,YES,YES,2.2319,YES,YES,YES,NO,NO
HyDE-RAG,123,222,Nc1nnc[nH]1,c1nnc[nH]1,0.654,0.833,YES,NO,3.6464,YES,YES,YES,NO,NO
HyDE-RAG,123,223,O=C([O-])C#CC#CC(=O)[O-],O=C([O-])C=CC(=O)[O-],0.818,0.373,YES,YES,0.4415,YES,YES,YES,NO,NO
HyDE-RAG,123,224,Nc1ccccc1C(=O)[O-],O=C([O-])c1ccccn1,0.458,0.36,YES,YES,0.6326,NO,NO,NO,NO,NO
HyDE-RAG,123,225,O=C([O-])c1cc(C(=O)[O-])cc(-n2cnnc2)c1,O=C([O-])c1cccnc1C(=O)[O-],0.415,0.208,YES,YES,0.2645,NO,NO,NO,NO,NO
HyDE-RAG,123,226,O=CC1c2c(C(=O)[O-])ccc(C(=O)[O-])c2C1O,O=C([O-])C12C3C4C1C1(F)C4(C(=O)[O-])C3C21F,0.517,0.774,YES,YES,3.4301,YES,YES,YES,NO,NO
HyDE-RAG,123,227,O=C([O-])c1ccc2cc(C(=O)[O-])ccc2c1,O=C([O-])c1ccc2cc(C(=O)[O-])ccc2c1,1.0,1.0,YES,YES,1.3521,YES,YES,YES,YES,YES
HyDE-RAG,123,228,O=C([O-])c1ccc(OCC(COc2ccc(C(=O)[O-])cc2)(COc2ccc(C(=O)[O-])cc2)COc2ccc(C(=O)[O-])cc2)cc1,O=C([O-])c1ccc(OCC(COc2ccc(C(=O)[O-])cc2)(COc2ccc(C(=O)[O-])cc2)COc2ccc(C(=O)[O-])cc2)cc1,1.0,1.0,YES,YES,1.6733,YES,YES,YES,YES,YES
HyDE-RAG,123,229,O=C([O-])c1cc(C(=O)[O-])cc(-c2ccc3cc(C(=O)[O-])ccc3c2)c1,O=C([O-])c1cccccc(-c2ccccc2)c(C(=O)[O-])ccccc(-c2ccccc2)c1,0.842,0.214,YES,YES,0.7663,YES,YES,YES,NO,NO
HyDE-RAG,123,230,CCCOc1cc(C(=O)[O-])c(Br)c(Br)c1C(=O)[O-],CCCOC=CC=Cc1ccc(C(=O)[O-])cc1C=Cc1ccc(C(=O)[O-])cc1IINVALID,0.0,0.0,NO,NO,,NO,NO,NO,NO,NO
HyDE-RAG,123,231,O=C([O-])c1ccc(C(=O)O)c(-c2nc(C(=O)[O-])ccc2C(=O)O)n1,O=C([O-])c1cc2nc[nH]c2cc1C(=O)[O-],0.639,0.148,YES,YES,3.4204,YES,YES,NO,NO,NO
HyDE-RAG,123,232,O=C([O-])c1cc2nc[nH]c2cc1C(=O)[O-],O=C([O-])c1cc2nc[nH]c2cc1C(=O)[O-],1.0,1.0,YES,YES,1.8763,YES,YES,YES,YES,YES
HyDE-RAG,123,233,O=C([O-])C1=NC=NC1C(=O)[O-],O=C([O-])c1nn[nH]c1C(=O)[O-],0.622,0.327,YES,YES,2.5059,YES,YES,NO,NO,NO
HyDE-RAG,123,234,[CH]1C=NN=N1,[CH]1C=NN=N1,1.0,1.0,YES,YES,6.5754,YES,YES,YES,YES,YES
HyDE-RAG,123,235,c1cnccn1,c1cnccn1,1.0,1.0,YES,YES,1.0264,YES,YES,YES,YES,YES
HyDE-RAG,123,236,C(C#Cc1cc(C#CC#CC2C=NN=C2)cc(C#CC#CC2C=NN=C2)c1)#CC1=CN=N[CH]1,C(C=CN(C=CC=Cc1cn[nH]c1)C=CC=Cc1cn[nH]c1)=Cc1cn[nH]c1,0.548,0.047,YES,YES,1.2011,YES,NO,NO,NO,NO
HyDE-RAG,123,237,Nc1nnc(C(=O)[O-])[nH]1,Oc1cc(Cl)c(Cl)c(Cl)c1-c1c(Cl)c(Cl)nc(Cl)c1Cl,0.176,0.03,YES,YES,2.5276,NO,NO,NO,NO,NO
HyDE-RAG,123,238,COc1ccc(-c2coc3cc(O)c(OC)c(O)c3c2=O)cc1S(O)(O)O,OS(O)(O)C=CC=Cc1nc(-c2ccncc2)ccc1N=CC1=CC(=CS(O)(O)O)C=C1,0.485,0.11,YES,YES,1.1722,NO,NO,NO,NO,NO
HyDE-RAG,123,239,O=C([O-])c1cc(C(=O)[O-])cc(-c2cccnc2)c1,O=C([O-])c1cccc(-c2ccncc2)c1,0.85,0.544,YES,YES,1.582,YES,YES,YES,YES,NO
HyDE-RAG,123,240,O=C([O-])c1cccc(Cl)c1C(=O)[O-],O=C([O-])c1ccc(C(=O)[O-])c(C(=O)c2ccccc2C(=O)[O-])c1,0.667,0.47,YES,YES,2.0055,YES,YES,NO,NO,NO
HyDE-RAG,123,241,O=C([O-])CCn1c(=O)n(CCC(=O)[O-])c(=O)n(CCC(=O)[O-])c1=O,O=C([O-])C1=CC2SC(C(=O)[O-])SC2=N1,0.262,0.108,YES,YES,1.2943,NO,NO,NO,NO,NO
HyDE-RAG,123,242,O=C([O-])c1cccc(S(O)(O)O)c1,O=C([O-])N1CCN(CP(=O)(O)O)CC1,0.323,0.186,YES,YES,1.4986,NO,NO,NO,NO,NO
HyDE-RAG,123,243,CC=CC(=O)[O-],O=C([O-])CCCC(=O)[O-],0.4,0.417,YES,YES,1.4162,NO,NO,NO,NO,NO
HyDE-RAG,123,244,O=C([O-])c1ccc(C(c2ccc(C(=O)[O-])cc2)(C(F)(F)F)C(F)(F)F)cc1,O=C([O-])c1ccc(N(c2ccc(C(=O)[O-])c(Cl)c2)c2ccc(C(=O)O)c(Cl)c2)cc1Cl,0.485,0.283,YES,YES,1.0351,NO,NO,NO,NO,NO
HyDE-RAG,123,245,Nc1c(O)c(C2=NNC(c3c(N)c(O)c(C(=O)[O-])c(N)c3O)=NN2)c(N)c(O)c1C(=O)[O-],O=C([O-])c1ccc(NNc2cc(Cl)c(C(=O)[O-])c(Cl)c2)c(Cl)c1Cl,0.5,0.275,YES,NO,2.3995,YES,NO,NO,NO,NO
HyDE-RAG,123,246,O=C([O-])c1cc(NCc2ccncc2)cc(C(=O)[O-])c1,O=C([O-])c1cc(NCc2ccncc2)cc(C(=O)[O-])c1,1.0,1.0,YES,YES,0.8595,YES,YES,YES,YES,YES
HyDE-RAG,123,247,O=CC(C(=O)[O-])=C(Br)C=CC(=O)[O-],O=C([O-])c1c(Br)c(Br)c(C(=O)[O-])c(Br)c1Br,0.545,0.162,YES,YES,0.4861,YES,NO,NO,NO,NO
HyDE-RAG,123,248,O=C([O-])c1ccc(Oc2ccc(C(=O)[O-])cc2)cc1,O=C([O-])c1ccc(Oc2ccc(C(=O)[O-])cc2)cc1INVALID,0.0,0.0,NO,NO,,NO,NO,NO,NO,NO
HyDE-RAG,123,249,Cc1c(CSc2ccncc2)c(C)c(CSc2ccncc2)c(C)c1CSc1ccncc1,c1cc(-c2nnc(-c3ccncc3)o2)ccn1,0.3,0.176,YES,YES,1.2477,NO,NO,NO,NO,NO
HyDE-RAG,123,250,O=S(=O)(Nc1cccnc1)c1cccnc1,O=C([O-])CNS(=O)(=O)c1cccnc1,0.684,0.61,YES,YES,0.8117,YES,YES,NO,NO,NO
HyDE-RAG,123,251,Clc1cnccn1,Fc1cnccn1,0.882,0.857,YES,NO,1.5134,YES,YES,YES,YES,NO
HyDE-RAG,123,252,Nc1cnccn1,c1cnccn1,0.579,0.857,YES,YES,0.7347,YES,YES,YES,YES,NO
HyDE-RAG,123,253,Cc1nnc(C)[nH]1,[CH]1N=CNN1CCCCCCN1[CH]N=CN1,0.381,0.037,YES,NO,2.5225,NO,NO,NO,NO,NO
HyDE-RAG,123,254,CC(O)C(=O)[O-],CC(O)C(=O)[O-],1.0,1.0,YES,YES,2.3337,YES,YES,YES,YES,YES
HyDE-RAG,123,255,C(=Nn1cnnc1)c1ccccn1,c1cnc(Sc2cnccn2)cn1,0.412,0.0,YES,NO,1.186,NO,NO,NO,NO,NO
HyDE-RAG,123,256,O=C([O-])C=CC(Br)=CC(=O)[O-],O=C([O-])C=CC(Br)=CC(=O)[O-],1.0,1.0,YES,YES,2.1478,YES,YES,YES,YES,YES
HyDE-RAG,123,257,O=C([O-])CCP(=O)(O)c1ccccc1,CCCOC([O-])=CC=C(CC=O)OCCC,0.317,0.23,YES,YES,1.0741,NO,NO,NO,NO,NO
HyDE-RAG,123,258,O=Cc1cncc2c(C=O)cncc12,N#CC1=NN=C(Br)C1C#CC#CCC1C(Br)=NN=C1Br,0.158,0.079,YES,YES,1.7379,NO,NO,NO,NO,NO
HyDE-RAG,123,259,COc1ccc(-c2nc(C(=O)[O-])c(C(=O)[O-])[nH]2)cc1,O=C([O-])c1cc(C(=O)O)cc(N2[CH]N=CN2)c1,0.453,0.309,YES,YES,1.0542,NO,NO,NO,NO,NO
HyDE-RAG,123,260,O=C[O-],O=C[O-]INVALID,0.0,0.0,NO,NO,,NO,NO,NO,NO,NO
HyDE-RAG,123,261,N#Cc1ccccc1CSCc1ccccc1C#N,c1cc(CCCCc2ccncc2)ccn1,0.348,0.032,YES,NO,0.4644,NO,NO,NO,NO,NO
HyDE-RAG,123,262,Ic1nc2ccccc2[nH]1,C=c1ccccc1=C(c1ccccc1)c1ccncc1,0.258,0.289,YES,YES,4.1761,NO,NO,NO,NO,NO
HyDE-RAG,123,263,c1ccc2c(c1)CSCc1ccc(cc1)CSCc1ccccc1OCCCO2,c1ccc2c(c1)CSCCOCCSCc1ccccc1OCCO2,0.862,0.199,YES,NO,1.4695,YES,YES,YES,YES,NO
HyDE-RAG,123,264,O=C([O-])c1cc(OCc2ccccc2C(=O)O)cc(C(=O)[O-])c1,O=C([O-])c1cc(OCc2ccccc2C(=O)[O-])cc(C(=O)O)c1,0.962,1.0,YES,YES,0.5884,YES,YES,YES,YES,YES
HyDE-RAG,123,265,NCc1ccncc1,Cc1nccn1CCCCn1ccnc1C,0.282,0.099,YES,YES,1.4274,NO,NO,NO,NO,NO
HyDE-RAG,123,266,c1ccc(-c2nnn[nH]2)nc1,c1cnc(-c2nnn[nH]2)cn1,1.0,0.527,YES,YES,1.8304,YES,YES,YES,YES,YES
HyDE-RAG,123,267,O=C([O-])C(Cl)=C(Cl)C(=O)[O-],O=C([O-])C(Cl)=C(Cl)C(=O)[O-]INVALID,0.0,0.0,NO,NO,,NO,NO,NO,NO,NO
HyDE-RAG,123,268,NC(CC(=O)[O-])C(=O)[O-],CC(C(=O)[O-])C(=O)[O-]INVALID,0.0,0.0,NO,NO,,NO,NO,NO,NO,NO
HyDE-RAG,123,269,O=C([O-])c1c(F)c(F)c(C(=O)[O-])c(F)c1F,O=C([O-])c1c(F)c(F)c(C(=O)[O-])c(F)c1F,1.0,1.0,YES,YES,1.2294,YES,YES,YES,YES,YES
HyDE-RAG,123,270,O=C([O-])c1c([N+](=O)[O-])c([N+](=O)[O-])c(C(=O)[O-])c2ccccc12,O=C([O-])c1c([N+](=O)[O-])c([N+](=O)[O-])c(C(=O)[O-])c2cc([N+](=O)[O-])c([N+](=O)[O-])cc12,1.0,0.789,YES,YES,5.0432,YES,YES,YES,YES,YES
HyDE-RAG,123,271,O=C([O-])Cc1ccc(CC(=O)[O-])cc1,O=C([O-])c1ccccc1C(=O)[O-]INVALID,0.0,0.0,NO,NO,,NO,NO,NO,NO,NO
HyDE-RAG,123,272,COc1cc(C(=O)[O-])cc(C(=O)[O-])c1,COc1cc(C(=O)[O-])cc(C(=O)[O-])c1,1.0,1.0,YES,YES,1.3552,YES,YES,YES,YES,YES
HyDE-RAG,123,273,O=C([O-])Cc1nnn[nH]1,O=C([O-])Cc1nnn[nH]1,1.0,1.0,YES,YES,1.7646,YES,YES,YES,YES,YES
HyDE-RAG,123,274,O=C([O-])c1ccnc(C(=O)[O-])c1,O=C([O-])c1cccnc1C(=O)[O-],0.864,0.75,YES,YES,0.7211,YES,YES,YES,YES,NO
HyDE-RAG,123,275,O=C([O-])c1ccc(-c2ccc(C(=O)[O-])cc2)cc1,O=C([O-])c1ccc(C(=O)[O-])cc1,0.8,0.489,YES,YES,0.6597,YES,YES,YES,NO,NO
HyDE-RAG,123,276,c1cn(CCCCn2ccnc2)cn1,c1cn(CCOCCn2ccnc2)cn1,0.765,0.455,YES,NO,1.2264,YES,YES,YES,NO,NO
HyDE-RAG,123,277,O=C([O-])C#CC(Cl)=C(Cl)C#CC(=O)[O-],O=C([O-])C=CC(=O)[O-],0.667,0.264,YES,YES,3.7188,YES,YES,NO,NO,NO
HyDE-RAG,123,278,O=C([O-])C=CCC(=O)[O-],O=C([O-])C#CC#CC(=O)[O-],0.692,0.373,YES,YES,2.5669,YES,YES,NO,NO,NO
HyDE-RAG,123,279,O=C([O-])c1cc(C(=O)[O-])cc(-c2cc(-c3cc(C(=O)[O-])cc(C(=O)[O-])c3)c3ccc4c(-c5cc(C(=O)[O-])cc(C(=O)[O-])c5)cc(-c5cc(C(=O)[O-])cc(C(=O)[O-])c5)c5ccc2c3c54)c1,O=C([O-])c1cccccc(-c2ccccc2)c(C(=O)[O-])cccccc1-c1ccccc1,0.842,0.401,YES,YES,0.8394,YES,YES,YES,NO,NO
HyDE-RAG,123,280,O=C([O-])c1cc(C(=O)[O-])cc([N+](=O)[O-])c1,O=C([O-])c1ccc([N+](=O)[O-])cc1,1.0,0.6,YES,YES,1.2723,YES,YES,YES,YES,YES
HyDE-RAG,123,281,NC(=O)c1ccccc1OCC(=O)[O-],O=C([O-])c1cc(C(=O)[O-])cc(C(=O)[O-])c1,0.353,0.533,YES,YES,1.2835,YES,NO,NO,NO,NO
HyDE-RAG,123,282,C[Si](C)(c1ccncc1)c1ccncc1,ON=C(O)N=CNO,0.039,0.04,YES,YES,1.954,NO,NO,NO,NO,NO
HyDE-RAG,123,283,O=C([O-])c1nn[nH]c1C(=O)[O-],O=C([O-])c1nn[nH]c1C(=O)[O-],1.0,1.0,YES,YES,3.8787,YES,YES,YES,YES,YES
HyDE-RAG,123,284,O=C([O-])c1cc2ccccc2c(Cc2c(O)c(C(=O)[O-])cc3ccccc23)c1O,O=C([O-])c1ccncc1C(=O)[O-],0.424,0.12,YES,NO,1.0862,NO,NO,NO,NO,NO
HyDE-RAG,123,285,O=C([O-])c1c(Cl)c(Cl)c(C(=O)[O-])c(Cl)c1Cl,O=C([O-])c1c(Cl)c(Cl)c(C(=O)[O-])c(Cl)c1Cl,1.0,1.0,YES,YES,2.1181,YES,YES,YES,YES,YES
HyDE-RAG,123,286,O=C([O-])c1cccnc1C(=O)[O-],O=C([O-])c1cccnc1C(=O)[O-],1.0,1.0,YES,YES,0.8922,YES,YES,YES,YES,YES
HyDE-RAG,123,287,N#CS,N#CS,1.0,1.0,YES,YES,0.7007,YES,YES,YES,YES,YES
HyDE-RAG,123,288,O=C([O-])c1cc(O)cc(C(=O)[O-])c1,O=C([O-])c1ccc(C(=O)[O-])cc1,0.706,0.692,YES,NO,1.1403,YES,YES,YES,NO,NO
HyDE-RAG,123,289,O.OI,O.O.OI,0.667,0.667,YES,YES,0.8902,YES,YES,NO,NO,NO
HyDE-RAG,123,290,O=C([O-])c1cc(C(=O)[O-])cc(C(=O)O)c1,O=C([O-])c1cc(C(=O)[O-])cc(C(=O)O)c1,1.0,1.0,YES,YES,1.1984,YES,YES,YES,YES,YES
HyDE-RAG,123,291,O=C([O-])C=Cc1ccc(C(=O)[O-])cc1,O=C([O-])C=Cc1ccccc1,0.769,0.786,YES,NO,1.8851,YES,YES,YES,NO,NO
HyDE-RAG,123,292,O=C([O-])c1ccc(-c2ccc(C(=O)[O-])c([N+](=O)[O-])c2)cc1[N+](=O)[O-],O=C([O-])c1ccc(-c2ccc(C(=O)[O-])c([N+](=O)[O-])c2)cc1[N+](=O)[O-],1.0,1.0,YES,YES,5.3257,YES,YES,YES,YES,YES
HyDE-RAG,123,293,OS(O)(O)c1ccc2cc(S(O)(O)O)ccc2c1,OS(O)(O)c1ccc2cc(S(O)(O)O)ccc2c1,1.0,1.0,YES,YES,1.236,YES,YES,YES,YES,YES
HyDE-RAG,123,294,O=C([O-])CCCCCCCC(=O)[O-],O=C([O-])CCC(=O)[O-],0.867,0.444,YES,YES,1.4097,YES,YES,YES,YES,NO
HyDE-RAG,123,295,[CH2]C(=O)c1ccccc1,Cc1cc(C)cc(P(=O)(O)O)c1,0.182,0.583,YES,YES,3.3565,YES,NO,NO,NO,NO
HyDE-RAG,123,296,O=C([O-])c1ccccc1,O=C([O-])c1ccc(C(=O)[O-])cc1,0.75,0.75,YES,YES,1.2268,YES,YES,YES,NO,NO
HyDE-RAG,123,297,O=C(O)c1cc(S(O)(O)O)c2cc(C(=O)O)cc(S(O)(O)O)c2c1,O=C(O)c1ccc(S(=O)(=O)c2ccc(C(=O)O)cc2)cc1,0.744,0.369,YES,YES,0.7929,YES,YES,YES,NO,NO
HyDE-RAG,123,298,O=C([O-])c1ccncc1,O=C([O-])c1cccnc1,0.933,0.667,YES,NO,0.6655,YES,YES,YES,YES,YES
HyDE-RAG,123,299,O=C([O-])c1cccnc1-c1ncccc1C(=O)[O-],O=C([O-])c1cccnc1C(=O)[O-],0.75,0.489,YES,YES,1.1755,YES,YES,YES,NO,NO
HyDE-RAG,123,300,O=C([O-])c1ccccn1,O=C([O-])c1cccnc1C(=O)[O-]INVALID,0.0,0.0,NO,NO,,NO,NO,NO,NO,NO
HyDE-RAG,123,301,O=C([O-])c1ccc(C#Cc2ccc(C(=O)[O-])c(Cl)c2)cc1Cl,O=C([O-])c1ccc(C#Cc2ccc(C(=O)[O-])cc2Cl)c(Cl)c1,1.0,0.911,YES,YES,2.9342,YES,YES,YES,YES,YES
HyDE-RAG,123,302,Fc1cnc(F)cn1,Fc1cncc(F)n1,1.0,0.875,YES,YES,0.5246,YES,YES,YES,YES,YES
HyDE-RAG,123,303,O=C([O-])c1cc(C(=O)[O-])cc(C(=O)[O-])c1,O=C([O-])c1cc(C(=O)[O-])cc(C(=O)[O-])c1,1.0,1.0,YES,YES,1.2667,YES,YES,YES,YES,YES
HyDE-RAG,123,304,O=C([O-])Cc1ccccc1CC(=O)[O-],O=C([O-])c1cccnc1C(=O)[O-],0.56,0.186,YES,NO,1.3351,YES,NO,NO,NO,NO
HyDE-RAG,123,305,O=C([O-])c1cc2ccc3cc(C(=O)[O-])cc4ccc(c1)c2c34,O=C([O-])C=CC=c1cc(-c2ccc(C(=O)[O-])cc2Br)c(=CC=CC(=O)[O-])c2cc(C(=O)[O-])ccc12,0.615,0.374,YES,YES,3.0377,YES,YES,NO,NO,NO
HyDE-RAG,123,306,NC1=N[CH]c2ncn(CC(=O)[O-])c2N1,NC1=N[CH]c2ncn(CCC(=O)[O-])c2N1,0.885,0.805,YES,NO,0.99,YES,YES,YES,YES,NO
HyDE-RAG,123,307,O=C(O)c1ccc(-c2cc(C(=O)[O-])c(-c3ccc(C(=O)O)cc3)cc2C(=O)[O-])cc1,C=C(C=C(C=CC=C(C=CC(=CC=O)C=C(C=CC(=O)[O-])C(=O)O)C(=O)[O-])C(=O)[O-])C(=O)O,0.478,0.08,YES,YES,1.2834,NO,NO,NO,NO,NO
HyDE-RAG,123,308,O=C([O-])C(=O)O,O=C([O-])C(=O)[O-]INVALID,0.0,0.0,NO,NO,,NO,NO,NO,NO,NO
HyDE-RAG,123,309,Nc1c(I)c(C(=O)[O-])c(I)c(C(=O)[O-])c1I,O=C([O-])c1c(I)c(I)c(C(=O)[O-])c(I)c1I,0.72,0.688,YES,NO,3.9544,YES,YES,YES,NO,NO
HyDE-RAG,123,310,OS(O)(O)c1cccc2c(S(O)(O)O)cccc12,OS(O)(O)c1cccc2c(S(O)(O)O)cccc12,1.0,1.0,YES,YES,1.2488,YES,YES,YES,YES,YES
HyDE-RAG,123,311,O=C([O-])c1cnccn1,O=C([O-])c1cccnc1C(=O)[O-],0.68,0.3,YES,NO,1.4712,YES,YES,NO,NO,NO
HyDE-RAG,123,312,O=C([O-])c1c(F)c(F)c(C#Cc2c(F)c(F)c(C(=O)[O-])c(F)c2F)c(F)c1F,O=C([O-])c1c(F)c(F)c(C#Cc2c(F)c(F)c(C(=O)[O-])c(F)c2F)c(F)c1F,1.0,1.0,YES,YES,5.9188,YES,YES,YES,YES,YES
HyDE-RAG,123,313,O=C([O-])c1ccc(Oc2cc(C(=O)[O-])cc(C(=O)[O-])c2)cc1,O=C([O-])c1ccc(Oc2cc(C(=O)[O-])cc(C(=O)[O-])c2)cc1,1.0,1.0,YES,YES,1.4098,YES,YES,YES,YES,YES
HyDE-RAG,123,314,N#CC(C#N)=c1c(=O)c(=C(C#N)C#N)c1=O,N#CC(C#N)=c1c(=O)c(=C(C#N)C#N)c1=O,1.0,1.0,YES,YES,1.5525,YES,YES,YES,YES,YES
HyDE-RAG,123,315,CC(=O)[O-],CC(=O)[O-],1.0,1.0,YES,YES,1.2521,YES,YES,YES,YES,YES
HyDE-RAG,123,316,O=C([O-])c1cc[n+]([O-])cc1,O=C([O-])c1cc[n+]([O-])cc1,1.0,1.0,YES,YES,0.3376,YES,YES,YES,YES,YES
HyDE-RAG,123,317,O=C([O-])c1cc(C(=O)[O-])cc(S(O)(O)O)c1,O=C([O-])c1cc(C(=O)[O-])cc(S(O)(O)O)c1,1.0,1.0,YES,YES,1.3412,YES,YES,YES,YES,YES
HyDE-RAG,123,318,O=C([O-])C1C(C(=O)[O-])C(C(=O)[O-])C(C(=O)[O-])C(C(=O)[O-])C1C(=O)[O-],O=C([O-])C1C(C(=O)[O-])C(C(=O)[O-])C1C(=O)[O-],0.846,0.15,YES,NO,1.7866,YES,YES,YES,NO,NO
HyDE-RAG,123,319,O=C(O)CC(O)(CC(=O)O)C(=O)[O-],O=C([O-])CC(O)(CC(=O)[O-])C(=O)[O-],0.857,1.0,YES,NO,1.7925,YES,YES,YES,YES,YES
HyDE-RAG,123,320,O=C([O-])c1cc(S(=O)(=O)c2ccc(C(=O)[O-])c(C(=O)O)c2)ccc1C(=O)O,O=C([O-])c1cc(C(=O)[O-])cc(C(=O)O)c1,0.382,0.329,YES,YES,1.1424,NO,NO,NO,NO,NO
HyDE-RAG,123,321,c1nc[nH]n1,c1cn[nH]n1,0.9,0.0,YES,YES,2.4084,YES,YES,YES,YES,YES
HyDE-RAG,123,322,C1CCSC1,C1CCSC1,1.0,1.0,YES,YES,0.9264,YES,YES,YES,YES,YES
HyDE-RAG,123,323,O=C([O-])c1cc([N+](=O)[O-])c2c([N+](=O)[O-])c(C(=O)[O-])cc([N+](=O)[O-])c2c1[N+](=O)[O-],O=C([O-])c1c([N+](=O)[O-])c([N+](=O)[O-])c(C(=O)[O-])c2cc([N+](=O)[O-])c([N+](=O)[O-])cc12,0.949,0.669,YES,YES,0.9087,YES,YES,YES,YES,YES
HyDE-RAG,123,324,O=C1C(=O)C(Cl)C(=O)C(=O)C1Cl,O=C1C(=O)C(Cl)C(=O)C(=O)C1Cl,1.0,1.0,YES,YES,1.5704,YES,YES,YES,YES,YES
HyDE-RAG,123,325,O=C([O-])c1cc(N2[CH]N=CN2)cc(N2[CH]N=CN2)c1,O=C([O-])c1cc(C(=O)O)cc(-n2cnnc2)c1,0.698,0.506,YES,YES,1.651,YES,YES,NO,NO,NO
HyDE-RAG,123,326,C1CNCCN1,c1cnccn1,0.333,1.0,YES,YES,0.7753,YES,YES,YES,YES,YES
HyDE-RAG,123,327,O=C([O-])c1c(F)c(F)c(C(=O)[O-])c2cc(F)c(F)cc12,O=C([O-])c1c(F)c(F)c(C(=O)[O-])c2ccccc12,1.0,0.902,YES,NO,0.7132,YES,YES,YES,YES,YES
HyDE-RAG,123,328,O=C1C([N+](=O)[O-])=CC([N+](=O)[O-])C(O)=C1[N+](=O)[O-],O=C1C([N+](=O)[O-])=C[N+]([O-])C=C1[N+](=O)[O-],0.8,0.212,YES,YES,0.8841,YES,YES,YES,NO,NO
HyDE-RAG,123,329,O=C([O-])c1ccc(C(=O)[O-])c2ccccc12,O=C([O-])c1ccc(C(=O)[O-])cc1INVALID,0.0,0.0,NO,NO,,NO,NO,NO,NO,NO
HyDE-RAG,123,330,c1nnnn1CCn1cnnn1,c1nnnn1CCCCn1cnnn1INVALID,0.0,0.0,NO,NO,,NO,NO,NO,NO,NO
HyDE-RAG,123,331,O=C([O-])c1cc([N+](=O)[O-])c(C(=O)[O-])cc1[N+](=O)[O-],O=C([O-])c1cc([N+](=O)[O-])c(C(=O)[O-])cc1[N+](=O)[O-],1.0,1.0,YES,YES,0.7121,YES,YES,YES,YES,YES
HyDE-RAG,123,332,O=C([O-])c1ccccc1C(=O)[O-],O=C([O-])c1ccc(C(=O)[O-])cc1,0.857,0.75,YES,YES,0.9117,YES,YES,YES,YES,NO
HyDE-RAG,123,333,CCCn1cnc2c1NC=NC2Cl,c1cc(-c2nnn[nH]2)ccn1,0.346,0.0,YES,YES,2.8419,NO,NO,NO,NO,NO
HyDE-RAG,123,334,O=C([O-])CCN1[CH]C=C(C2=C[CH]N(CCC(=O)[O-])C=C2)C=C1,O=C([O-])c1cccnc1C(=O)[O-],0.372,0.117,YES,NO,1.2311,NO,NO,NO,NO,NO
HyDE-RAG,123,335,O=C([O-])c1cc(C(=O)[O-])cc(-c2cc(C(=O)[O-])cc(C(=O)[O-])c2)c1,O=C([O-])c1cc(C(=O)[O-])cc(-c2cc(C(=O)[O-])cc(C(=O)[O-])c2)c1,1.0,1.0,YES,YES,1.7963,YES,YES,YES,YES,YES
HyDE-RAG,123,336,O=C([O-])C=Cc1ccncc1,O=C([O-])c1ccc(-c2ccncc2)cc1,0.778,0.39,YES,YES,2.4887,YES,YES,YES,NO,NO
HyDE-RAG,123,337,O=C([O-])c1ccc(C#Cc2ccc(C(=O)[O-])cc2)cc1,O=C([O-])c1ccc(-c2ccc(C(=O)[O-])cc2)cc1INVALID,0.0,0.0,NO,NO,,NO,NO,NO,NO,NO
HyDE-RAG,123,338,C(c1nnn[nH]1)c1nnn[nH]1,C(Cc1nnn[nH]1)c1nnn[nH]1,0.871,0.485,YES,YES,0.5743,YES,YES,YES,YES,NO
HyDE-RAG,123,339,O=C([O-])c1cc(O)c(C(=O)[O-])cc1O,O=C([O-])c1cc(O)c(C(=O)[O-])cc1OINVALID,0.0,0.0,NO,NO,,NO,NO,NO,NO,NO
HyDE-RAG,123,340,CCc1c(C#N)c(CC)c(CC)c(C#N)c1CC,CCCOC=C(OCCC)C(OCCC)C(OCCC)C(OCCC)C(OCCC)C(OCCC)C(OCCC)(OCCC)C(C)OCCC,0.189,0.032,YES,YES,1.913,NO,NO,NO,NO,NO
HyDE-RAG,123,341,O=C([O-])c1cncc(O)c1,O=C([O-])c1cncc(F)c1,0.577,0.9,YES,NO,0.6846,YES,YES,YES,YES,YES
HyDE-RAG,123,342,O=C([O-])c1cccc(C(=O)[O-])n1,O=C([O-])c1cccnc1C(=O)[O-],0.864,0.75,YES,YES,0.9452,YES,YES,YES,YES,NO
HyDE-RAG,123,343,O=C([O-])c1cncc(-c2ccccc2C(=O)[O-])c1,O=C([O-])c1cncc(-c2ccccc2C(=O)[O-])c1INVALID,0.0,0.0,NO,NO,,NO,NO,NO,NO,NO
HyDE-RAG,123,344,Cc1cc(C#Cc2cc(C)c(C(=O)[O-])c(C)c2)cc(C)c1C(=O)[O-],Nc1cc(C=Cc2cc(N)c(C(=O)[O-])c(N)c2)cc(N)c1C(=O)[O-],0.485,0.41,YES,NO,6.8334,NO,NO,NO,NO,NO
HyDE-RAG,123,345,c1cn(Cc2cc(Cn3ccnc3)c(Cn3ccnc3)cc2Cn2ccnc2)cn1,c1cc(Cn2ccnc2)cc(Cn2ccnc2)c1INVALID,0.0,0.0,NO,NO,,NO,NO,NO,NO,NO
HyDE-RAG,123,346,Nc1cc(C(=O)[O-])ccc1-c1ccc(C(=O)[O-])cc1N,O=C([O-])c1ccccc1O,0.375,0.441,YES,NO,6.1628,NO,NO,NO,NO,NO
HyDE-RAG,123,347,O=C([O-])c1ccc(-c2ccc(C(=O)[O-])cc2O)c(O)c1,O=C([O-])c1ccc(-c2ccc(C(=O)[O-])cc2O)c(O)c1INVALID,0.0,0.0,NO,NO,,NO,NO,NO,NO,NO
HyDE-RAG,123,348,O=C([O-])c1nccnc1C(=O)[O-],O=C([O-])c1nccnc1C(=O)[O-]INVALID,0.0,0.0,NO,NO,,NO,NO,NO,NO,NO
HyDE-RAG,123,349,COc1cc(C(=O)[O-])ccc1C#Cc1cc(OC)c(C(=O)[O-])cc1-c1ccccc1,CCC=C1C=c2c(C(=O)[O-])cccc2=CC=C1C(=O)[O-],0.417,0.292,YES,YES,1.865,NO,NO,NO,NO,NO
HyDE-RAG,123,350,O=C([O-])c1c(F)c(F)c(C(=O)[O-])c2c(F)c(F)c(F)c(F)c12,O=C([O-])c1c(F)c(F)c(C(=O)[O-])c2ccccc12INVALID,0.0,0.0,NO,NO,,NO,NO,NO,NO,NO
HyDE-RAG,123,351,O=C([O-])c1cnc(C(=O)[O-])cn1,O=C([O-])c1cccnc1C(=O)[O-]INVALID,0.0,0.0,NO,NO,,NO,NO,NO,NO,NO
HyDE-RAG,123,352,O=C([O-])c1ccc(Oc2cc(Oc3ccc(C(=O)[O-])cc3)cc(C(=O)[O-])c2)cc1,O=C([O-])c1ccc(Oc2cc(Oc3ccc(C(=O)[O-])cc3)cc(C(=O)[O-])c2)cc1INVALID,0.0,0.0,NO,NO,,NO,NO,NO,NO,NO
HyDE-RAG,123,353,O=C([O-])c1ccc(-c2cc(C(=O)[O-])cc(C(=O)[O-])c2)cc1,O=C([O-])c1ccc(-c2cc(C(=O)[O-])cc(C(=O)[O-])c2)cc1INVALID,0.0,0.0,NO,NO,,NO,NO,NO,NO,NO
HyDE-RAG,123,354,O=C([O-])c1cc(F)c(C(=O)[O-])cc1F,O=C([O-])c1cc(F)c(C(=O)[O-])cc1FINVALID,0.0,0.0,NO,NO,,NO,NO,NO,NO,NO
HyDE-RAG,123,355,[CH](NN[CH]c1ccncc1)c1ccncc1,c1cc(CCCc2ccncc2)ccn1INVALID,0.0,0.0,NO,NO,,NO,NO,NO,NO,NO
HyDE-RAG,123,356,O=C([O-])c1ccccc1C(=O)O,O=C([O-])c1ccccc1C(=O)OINVALID,0.0,0.0,NO,NO,,NO,NO,NO,NO,NO
HyDE-RAG,123,357,CC(CCC(=O)[O-])C(=O)[O-],CC(CCC(=O)[O-])C(=O)[O-]INVALID,0.0,0.0,NO,NO,,NO,NO,NO,NO,NO
HyDE-RAG,123,358,O=C([O-])c1cc(S(O)(O)O)c(C(=O)[O-])c2c1CC2,O=C([O-])c1ccc(C(c2ccc(C(=O)[O-])c(C(=O)[O-])c2)(C(F)(F)F)C(F)(F)F)cc1C(=O)[O-],0.34,0.299,YES,NO,3.6643,NO,NO,NO,NO,NO
HyDE-RAG,123,359,CNC1(F)CC2(C#CC(=O)[O-])CCC1(C#CC(=O)[O-])CC2,CCC1CC2(C#CC(=O)[O-])CCC1(C#CC(=O)[O-])CC2OINVALID,0.0,0.0,NO,NO,,NO,NO,NO,NO,NO
HyDE-RAG,123,360,Cc1nccn1Cc1ccncc1,c1cc(-c2ccncc2)ccn1,0.355,0.448,YES,YES,1.6322,NO,NO,NO,NO,NO
HyDE-RAG,123,361,c1cn(Cc2ccc(Cn3ccnc3)cc2)cn1,O=C(c1ccncc1)c1cccnc1,0.345,0.087,YES,NO,1.1357,NO,NO,NO,NO,NO
HyDE-RAG,123,362,c1cncnc1,c1cncnc1INVALID,0.0,0.0,NO,NO,,NO,NO,NO,NO,NO
HyDE-RAG,123,363,CCC12C3C4(C(=O)[O-])C5(CC)C(C1(C(=O)[O-])C35[N+](=O)[O-])C24[N+](=O)[O-],O=C([O-])C1C(I)CC2(C(=O)[O-])CC1CC2I,0.312,0.471,YES,YES,1.4292,NO,NO,NO,NO,NO
HyDE-RAG,123,364,O=C([O-])CN(CC(=O)[O-])CC(=O)[O-],O=C([O-])CCC(=O)[O-],0.478,0.285,YES,YES,1.2689,NO,NO,NO,NO,NO
HyDE-RAG,123,365,c1cn(-c2ccc(NNc3ccc(-n4ccnc4)cc3)cc2)cn1,c1cc(-c2ccc(-c3ccnnc3)cc2)cnn1,0.455,0.239,YES,YES,1.8752,NO,NO,NO,NO,NO
HyDE-RAG,123,366,Nc1cc(C#Cc2cc(N)c(C(=O)[O-])c(N)c2)cc(N)c1C(=O)[O-],O=C([O-])C1=CC=C2C=C(Br)C(=CC=C(CBr)C(=O)[O-])C2C=C1,0.256,0.148,YES,YES,6.7536,NO,NO,NO,NO,NO
HyDE-RAG,123,367,CCc1cc2c(cc(CC)c3ccc(C(=O)[O-])c(F)c32)c2cc(C(=O)[O-])ccc12,CCc1cc2cc(C(=O)[O-])cc3c(CC)cc4cc(C(=O)[O-])cc1c4c23INVALID,0.0,0.0,NO,NO,,NO,NO,NO,NO,NO
HyDE-RAG,123,368,O=C(O)c1cccc(Oc2cccc(C(=O)O)c2C(=O)[O-])c1.O=C(O)c1cccc(Oc2cccc(C(=O)O)c2C(=O)[O-])c1,Cc1cccc(C)[n+]1C(=O)[O-],0.134,0.058,YES,YES,1.5888,NO,NO,NO,NO,NO
HyDE-RAG,123,369,O=C([O-])CN(CCN(CC(=O)[O-])CC(=O)[O-])CCN(CC(=O)O)CC(=O)O,O=C([O-])Cn1cnnn1,0.36,0.135,YES,NO,0.7104,NO,NO,NO,NO,NO
HyDE-RAG,123,370,c1ccc(SSc2ccccn2)nc1,c1cnc(SCSc2ncccn2)nc1INVALID,0.0,0.0,NO,NO,,NO,NO,NO,NO,NO
HyDE-RAG,123,371,Nc1ccc(C=Cc2ccc(N)cc2S(O)(O)O)c(S(O)(O)O)c1,O=P(O)(O)c1ccccc1,0.395,0.246,YES,YES,0.706,NO,NO,NO,NO,NO
HyDE-RAG,123,372,O=C([O-])c1cc(C(=O)[O-])c(C(=O)O)cc1C(=O)O,O=C([O-])c1cc(C(=O)[O-])c(C(=O)O)cc1C(=O)OINVALID,0.0,0.0,NO,NO,,NO,NO,NO,NO,NO
HyDE-RAG,123,373,O=C(Nc1cccnc1)c1ccc(C(=O)Nc2cccnc2)s1,O=C([O-])c1cc(S(O)(O)O)cc(S(O)(O)O)c1,0.164,0.11,YES,YES,1.9557,NO,NO,NO,NO,NO
HyDE-RAG,123,374,NC1=N[CH]NN1,C(Cc1nnn[nH]1)OCCc1nnn[nH]1,0.346,0.0,YES,YES,3.2647,NO,NO,NO,NO,NO
HyDE-RAG,123,375,O=C([O-])c1cc(C(=O)O)c(C(=O)[O-])cc1C(=O)O,O=C([O-])c1ccc(C(=O)[O-])cc1INVALID,0.0,0.0,NO,NO,,NO,NO,NO,NO,NO
HyDE-RAG,123,376,O=[N+]([O-])c1cncc([N+](=O)[O-])c1C#Cc1c([N+](=O)[O-])cncc1[N+](=O)[O-],O=[N+]([O-])c1cncc([N+](=O)[O-])c1C#Cc1c([N+](=O)[O-])cncc1[N+](=O)[O-]INVALID,0.0,0.0,NO,NO,,NO,NO,NO,NO,NO
HyDE-RAG,123,377,O=C([O-])C(O)=C(O)C(=O)[O-],O=C([O-])C(O)=C(O)C(=O)[O-]INVALID,0.0,0.0,NO,NO,,NO,NO,NO,NO,NO
HyDE-RAG,123,378,C(#C[Si](C#Cc1cn[nH]c1)(C#CC1C=NN=C1)C#CC1C=NN=C1)C1=CN=N[CH]1,C(#C[Si](C#Cc1cn[nH]c1)(C#CC1C=NN=C1)C#CC1C=NN=C1)C1=CN=N[CH]1INVALID,0.0,0.0,NO,NO,,NO,NO,NO,NO,NO
HyDE-RAG,123,379,O=C([O-])CN1[CH]C=C(c2nnn[nH]2)C=C1,O=C([O-])c1cncc(Cl)c1,0.28,0.17,YES,NO,2.1662,NO,NO,NO,NO,NO
HyDE-RAG,123,380,Nc1ccccc1S,O=C([O-])c1cccc(C(=O)O)n1.O=C([O-])c1cccc(C(=O)[O-])n1,0.078,0.0,YES,NO,0.7177,NO,NO,NO,NO,NO
HyDE-RAG,123,381,O=C([O-])c1nc(-c2ccc3ccccc3c2)[nH]c1C(=O)[O-],O=C([O-])c1cc(N2[CH]N=CN2)cc(N2[CH]N=CN2)c1,0.429,0.276,YES,YES,1.2896,NO,NO,NO,NO,NO
HyDE-RAG,123,382,O=C(O)c1ccc(-c2ccc(-c3ccc(C(=O)O)cc3C(=O)[O-])cc2)c(C(=O)[O-])c1,O=C(O)c1ccc(-c2ccc(-c3ccc(C(=O)O)cc3C(=O)[O-])cc2)c(C(=O)[O-])c1INVALID,0.0,0.0,NO,NO,,NO,NO,NO,NO,NO
HyDE-RAG,123,383,c1ccc(-c2cc(-c3ccncc3)nc(-c3ccncc3)c2)nc1,C=CC=CC=C1C=CC=C(c2ccncc2)C=NC=C2NC=C(N=C1)C(=CC)c1cnccc12,0.467,0.199,YES,YES,3.7653,NO,NO,NO,NO,NO
HyDE-RAG,123,384,CSc1nccs1,O=P(O)(O)Cc1ccncc1,0.179,0.055,YES,YES,1.6207,NO,NO,NO,NO,NO
HyDE-RAG,123,385,O=C([O-])C1CCC(C(=O)[O-])CC1,O=C([O-])C1CCC(C(=O)[O-])CC1INVALID,0.0,0.0,NO,NO,,NO,NO,NO,NO,NO
HyDE-RAG,123,386,c1c[nH]cn1,c1c[nH]cn1INVALID,0.0,0.0,NO,NO,,NO,NO,NO,NO,NO
HyDE-RAG,123,387,c1ccc(-c2nnc(-c3ccncc3)[nH]2)nc1,c1ccc(-c2nnc(-c3ccncc3)[nH]2)nc1INVALID,0.0,0.0,NO,NO,,NO,NO,NO,NO,NO
HyDE-RAG,123,388,O=C([O-])c1cccc(-c2c3nc(c(-c4cccc(C(=O)[O-])c4)c4ccc([nH]4)c(-c4cccc(C(=O)[O-])c4)c4nc(c(-c5cccc(C(=O)[O-])c5)c5ccc2[nH]5)C=C4)C=C3)c1,C=CN=CC=CNNC(=O)C1CC(C(=O)[O-])=CC1=CC(=O)[O-],0.367,0.058,YES,YES,1.211,NO,NO,NO,NO,NO
HyDE-RAG,123,389,O=C([O-])c1cc2c(cc1C(=O)[O-])C(=O)c1ccccc1C2=O,O=C([O-])c1ccccc1I,0.44,0.395,YES,NO,1.7009,NO,NO,NO,NO,NO
HyDE-RAG,123,390,Cc1cc2ccc3nc(C)ccc3c2cn1,CC=CC1=CC=Cc2cc(-c3cn[nH]c3)ccc2C12C=NN=C2,0.361,0.249,YES,YES,2.2692,NO,NO,NO,NO,NO
HyDE-RAG,123,391,Nc1nc2ccccc2[nH]1,Nc1nc2ccccc2[nH]1INVALID,0.0,0.0,NO,NO,,NO,NO,NO,NO,NO
HyDE-RAG,123,392,O=C([O-])CCC(=O)[O-],O=C([O-])CCC(=O)[O-]INVALID,0.0,0.0,NO,NO,,NO,NO,NO,NO,NO
HyDE-RAG,123,393,CNC12C3C4C5C3(C#CC(=O)[O-])C1C5(NC)C42C#CC(=O)[O-],CNC12C3C4C5C3(C#CC(=O)[O-])C1C5(NC)C42C#CC(=O)[O-]INVALID,0.0,0.0,NO,NO,,NO,NO,NO,NO,NO
HyDE-RAG,123,394,O=C([O-])c1ccc(-c2ccccc2)cc1,C=CC(=CC=CNCC1=CC=CC1)C(=O)[O-],0.269,0.162,YES,YES,0.994,NO,NO,NO,NO,NO
HyDE-RAG,123,395,CCCOc1c(C(=O)[O-])ccc2c(OCCC)c(C(=O)[O-])ccc12,CCCOc1c(C(=O)[O-])ccc2c(OCCC)c(C(=O)[O-])ccc12INVALID,0.0,0.0,NO,NO,,NO,NO,NO,NO,NO
HyDE-RAG,123,396,CN1c2cncc(n2)N(C)c2cncc(n2)N(C)c2cncc(n2)N(C)c2cncc1n2,C1=CC2C=CC1CSCc1cccc(c1)CS2,0.189,0.0,YES,YES,3.6061,NO,NO,NO,NO,NO
HyDE-RAG,123,397,CC(C(=O)[O-])C(=O)[O-],CC(C(=O)[O-])C(=O)[O-]INVALID,0.0,0.0,NO,NO,,NO,NO,NO,NO,NO
HyDE-RAG,123,398,O=C([O-])C(F)=C(F)C(=O)[O-],O=C([O-])C(F)=C(F)C(=O)[O-]INVALID,0.0,0.0,NO,NO,,NO,NO,NO,NO,NO
HyDE-RAG,123,399,O=C([O-])c1ccc(Oc2ccc(C(=O)[O-])c(C(=O)[O-])c2)cc1C(=O)[O-],O=C([O-])c1ccc(Oc2ccc(C(=O)[O-])c(C(=O)[O-])c2)cc1C(=O)[O-]INVALID,0.0,0.0,NO,NO,,NO,NO,NO,NO,NO
HyDE-RAG,999,0,O=C([O-])c1cc[n+]([O-])cc1,O=C([O-])c1cccc(C(=O)[O-])[n+]1[O-],0.794,0.538,YES,NO,0.5083,YES,YES,YES,NO,NO
HyDE-RAG,999,1,O=C([O-])c1cc(C(=O)[O-])cc(S(O)(O)O)c1,O=C([O-])c1cc(C(=O)[O-])cc(P(=O)(O)[O][Zn])c1,0.553,0.706,YES,YES,1.434,YES,YES,YES,NO,NO
HyDE-RAG,999,2,O=C([O-])C1C(C(=O)[O-])C(C(=O)[O-])C(C(=O)[O-])C(C(=O)[O-])C1C(=O)[O-],O=C([O-])C1C(C(=O)[O-])C(C(=O)[O-])C1C(=O)[O-],0.846,0.15,YES,NO,2.5036,YES,YES,YES,NO,NO
HyDE-RAG,999,3,O=C(O)CC(O)(CC(=O)O)C(=O)[O-],O=C([O-])CC(O)(CC(=O)O)C(=O)[O-],1.0,1.0,YES,NO,1.8921,YES,YES,YES,YES,YES
HyDE-RAG,999,4,O=C([O-])c1cc(S(=O)(=O)c2ccc(C(=O)[O-])c(C(=O)O)c2)ccc1C(=O)O,O=C([O-])c1cc(C(=O)[O-])cc(C(=O)O)c1,0.382,0.329,YES,YES,1.0498,NO,NO,NO,NO,NO
HyDE-RAG,999,5,c1nc[nH]n1,c1nnc[nH]1,0.944,1.0,YES,NO,2.3609,YES,YES,YES,YES,YES
HyDE-RAG,999,6,C1CCSC1,c1nnc[nH]1,0.16,0.0,YES,NO,0.8608,NO,NO,NO,NO,NO
HyDE-RAG,999,7,O=C([O-])c1cc([N+](=O)[O-])c2c([N+](=O)[O-])c(C(=O)[O-])cc([N+](=O)[O-])c2c1[N+](=O)[O-],O=C([O-])c1c([N+](=O)[O-])c([N+](=O)[O-])c(C(=O)[O-])c2cc([N+](=O)[O-])c([N+](=O)[O-])cc12,0.949,0.669,YES,YES,0.9864,YES,YES,YES,YES,YES
HyDE-RAG,999,8,O=C1C(=O)C(Cl)C(=O)C(=O)C1Cl,O=C1C(=O)C(Cl)C(=O)C(=O)C1Cl,1.0,1.0,YES,YES,1.5704,YES,YES,YES,YES,YES
HyDE-RAG,999,9,O=C([O-])c1cc(N2[CH]N=CN2)cc(N2[CH]N=CN2)c1,O=C([O-])c1cc(N2[CH]N=CN2)cc(N2[CH]N=CN2)c1,1.0,1.0,YES,YES,1.7662,YES,YES,YES,YES,YES
HyDE-RAG,999,10,C1CNCCN1,C1CNCCN1,1.0,1.0,YES,YES,0.8306,YES,YES,YES,YES,YES
HyDE-RAG,999,11,O=C([O-])c1c(F)c(F)c(C(=O)[O-])c2cc(F)c(F)cc12,O=C([O-])c1c(F)c(F)c(C(=O)[O-])c2cc(F)c(F)cc12,1.0,1.0,YES,YES,0.7136,YES,YES,YES,YES,YES
HyDE-RAG,999,12,O=C1C([N+](=O)[O-])=CC([N+](=O)[O-])C(O)=C1[N+](=O)[O-],O=C(O)C1=CC([N+](=O)[O-])=CC([N+](=O)[O-])C1=O,0.95,0.212,YES,YES,1.4595,YES,YES,YES,YES,YES
HyDE-RAG,999,13,O=C([O-])c1ccc(C(=O)[O-])c2ccccc12,O=C([O-])c1ccc(C(=O)[O-])cc1INVALID,0.0,0.0,NO,NO,,NO,NO,NO,NO,NO
HyDE-RAG,999,14,c1nnnn1CCn1cnnn1,O=C(O)c1cncnc1,0.25,0.05,YES,YES,1.3959,NO,NO,NO,NO,NO
HyDE-RAG,999,15,O=C([O-])c1cc([N+](=O)[O-])c(C(=O)[O-])cc1[N+](=O)[O-],O=C([O-])c1ccc([N+](=O)[O-])cc1,0.879,0.5,YES,YES,0.8911,YES,YES,YES,YES,NO
HyDE-RAG,999,16,O=C([O-])c1ccccc1C(=O)[O-],O=C([O-])c1ccc(C(=O)[O-])cc1,0.857,0.75,YES,YES,0.9117,YES,YES,YES,YES,NO
HyDE-RAG,999,17,CCCn1cnc2c1NC=NC2Cl,CCCn1cnc2c1NC=NC2N,0.833,0.925,YES,NO,3.0487,YES,YES,YES,YES,YES
HyDE-RAG,999,18,O=C([O-])CCN1[CH]C=C(C2=C[CH]N(CCC(=O)[O-])C=C2)C=C1,O=C([O-])CN1[CH]C=C(C2=C[CH]N(CC(=O)[O-])C=C2)C=C1,0.868,0.732,YES,YES,1.3997,YES,YES,YES,YES,NO
HyDE-RAG,999,19,O=C([O-])c1cc(C(=O)[O-])cc(-c2cc(C(=O)[O-])cc(C(=O)[O-])c2)c1,O=C([O-])c1cc(C(=O)[O-])cc(-c2cc(C(=O)[O-])cc(C(=O)[O-])c2)c1,1.0,1.0,YES,YES,1.77,YES,YES,YES,YES,YES
HyDE-RAG,999,20,O=C([O-])C=Cc1ccncc1,O=C([O-])[CH][CH]c1ccccn1,0.875,0.545,YES,NO,2.54,YES,YES,YES,YES,NO
HyDE-RAG,999,21,O=C([O-])c1ccc(C#Cc2ccc(C(=O)[O-])cc2)cc1,O=C([O-])c1ccc(C=Cc2ccc(C(=O)[O-])cc2)cc1,0.875,0.49,YES,NO,4.575,YES,YES,YES,YES,NO
HyDE-RAG,999,22,C(c1nnn[nH]1)c1nnn[nH]1,O=C(O)CC(O)C(=O)O.O=C([O-])COC(O)C(O)C(O)C(=O)O,0.047,0.027,YES,YES,0.4549,NO,NO,NO,NO,NO
HyDE-RAG,999,23,O=C([O-])c1cc(O)c(C(=O)[O-])cc1O,O=C([O-])c1ccc(C(=O)[O-])cc1,0.571,0.857,YES,NO,0.5542,YES,YES,YES,YES,NO
HyDE-RAG,999,24,CCc1c(C#N)c(CC)c(CC)c(C#N)c1CC,CCCOC=C(OCCC)C(OCCC)C(OCCC)C(OCCC)C(OCCC)C(OCCC)C(OCCC)(OCCC)C(C)OCCC,0.189,0.032,YES,YES,1.8745,NO,NO,NO,NO,NO
HyDE-RAG,999,25,O=C([O-])c1cncc(O)c1,O=C([O-])c1cc(O)cc(C(=O)[O-])n1,0.88,0.462,YES,NO,0.8682,YES,YES,YES,YES,NO
HyDE-RAG,999,26,O=C([O-])c1cccc(C(=O)[O-])n1,O=C([O-])c1cccnc1C(=O)[O-],0.864,0.75,YES,YES,0.6173,YES,YES,YES,YES,NO
HyDE-RAG,999,27,O=C([O-])c1cncc(-c2ccccc2C(=O)[O-])c1,O=C([O-])c1cccnc1-c1ncccc1C(=O)[O-],0.852,0.489,YES,YES,1.4741,YES,YES,YES,YES,NO
HyDE-RAG,999,28,Cc1cc(C#Cc2cc(C)c(C(=O)[O-])c(C)c2)cc(C)c1C(=O)[O-],Nc1cc(C=Cc2cc(N)c(C(=O)[O-])c(N)c2)cc(N)c1C(=O)[O-],0.485,0.41,YES,NO,6.8334,NO,NO,NO,NO,NO
HyDE-RAG,999,29,c1cn(Cc2cc(Cn3ccnc3)c(Cn3ccnc3)cc2Cn2ccnc2)cn1,c1cc(Cn2ccnc2)cc(Cn2ccnc2)c1INVALID,0.0,0.0,NO,NO,,NO,NO,NO,NO,NO
HyDE-RAG,999,30,Nc1cc(C(=O)[O-])ccc1-c1ccc(C(=O)[O-])cc1N,O=C([O-])c1ccc(-c2ccc(C(=O)[O-])cc2F)c(F)c1,0.567,0.902,YES,YES,5.5663,YES,YES,YES,YES,YES
HyDE-RAG,999,31,O=C([O-])c1ccc(-c2ccc(C(=O)[O-])cc2O)c(O)c1,O=C([O-])c1ccc(-c2ccc(C(=O)[O-])cc2F)c(F)c1,0.63,0.902,YES,YES,3.4939,YES,YES,YES,YES,YES
HyDE-RAG,999,32,O=C([O-])c1nccnc1C(=O)[O-],O=C([O-])c1cnccn1,0.8,0.75,YES,NO,0.8694,YES,YES,YES,NO,NO
HyDE-RAG,999,33,COc1cc(C(=O)[O-])ccc1C#Cc1cc(OC)c(C(=O)[O-])cc1-c1ccccc1,CNc1cc(C(=O)[O-])ccc1C(=O)[O-],0.471,0.325,YES,YES,1.3208,NO,NO,NO,NO,NO
HyDE-RAG,999,34,O=C([O-])c1c(F)c(F)c(C(=O)[O-])c2c(F)c(F)c(F)c(F)c12,O=C([O-])c1c(F)c(F)c(C(=O)[O-])c2ccccc12INVALID,0.0,0.0,NO,NO,,NO,NO,NO,NO,NO
HyDE-RAG,999,35,O=C([O-])c1cnc(C(=O)[O-])cn1,O=C([O-])c1ccc(C(=O)[O-])o1,0.429,0.3,YES,YES,1.2514,NO,NO,NO,NO,NO
HyDE-RAG,999,36,O=C([O-])c1ccc(Oc2cc(Oc3ccc(C(=O)[O-])cc3)cc(C(=O)[O-])c2)cc1,O=C([O-])C1=CC=COc2cc(Oc3ccc(C(=O)[O-])cc3)cc(C(=O)[O-])c2C=C1,0.714,0.651,YES,YES,0.6764,YES,YES,YES,NO,NO
HyDE-RAG,999,37,O=C([O-])c1ccc(-c2cc(C(=O)[O-])cc(C(=O)[O-])c2)cc1,O=C([O-])c1ccc(-c2cc(-c3ccc(C(=O)[O-])cc3)cc(-c3ccc(C(=O)[O-])cc3)c2)cc1,1.0,0.451,YES,YES,1.1048,YES,YES,YES,YES,YES
HyDE-RAG,999,38,O=C([O-])c1cc(F)c(C(=O)[O-])cc1F,O=C([O-])c1c(F)c(F)c(C(=O)[O-])c(F)c1F,1.0,0.875,YES,YES,1.7859,YES,YES,YES,YES,YES
HyDE-RAG,999,39,[CH](NN[CH]c1ccncc1)c1ccncc1,c1cn(CCCCn2ccnc2)cn1,0.278,0.037,YES,YES,1.4588,NO,NO,NO,NO,NO
HyDE-RAG,999,40,O=C([O-])c1ccccc1C(=O)O,O=C([O-])c1cccc(C(=O)O)c1,0.867,0.75,YES,NO,3.1384,YES,YES,YES,YES,NO
HyDE-RAG,999,41,CC(CCC(=O)[O-])C(=O)[O-],CC(CC(=O)[O-])C(=O)[O-],0.812,0.687,YES,YES,2.1227,YES,YES,YES,NO,NO
HyDE-RAG,999,42,O=C([O-])c1cc(S(O)(O)O)c(C(=O)[O-])c2c1CC2,O=C([O-])c1ccc(C(=O)[O-])c(S(O)(O)O)c1,0.878,0.87,YES,YES,3.7763,YES,YES,YES,YES,NO
HyDE-RAG,999,43,CNC1(F)CC2(C#CC(=O)[O-])CCC1(C#CC(=O)[O-])CC2,COC1CC2(C#CC(=O)[O-])CCC1(C#CC(=O)[O-])C(Cl)C2Cl,0.636,0.821,YES,YES,0.6979,YES,YES,YES,NO,NO
HyDE-RAG,999,44,Cc1nccn1Cc1ccncc1,c1cc(-c2nnc(-c3ccncc3)o2)ccn1,0.341,0.338,YES,YES,1.6293,NO,NO,NO,NO,NO
HyDE-RAG,999,45,c1cn(Cc2ccc(Cn3ccnc3)cc2)cn1,O=C(c1ccncc1)c1cccnc1,0.345,0.087,YES,NO,1.1357,NO,NO,NO,NO,NO
HyDE-RAG,999,46,c1cncnc1,c1cnccn1,0.769,0.0,YES,YES,0.8877,YES,YES,YES,NO,NO
HyDE-RAG,999,47,CCC12C3C4(C(=O)[O-])C5(CC)C(C1(C(=O)[O-])C35[N+](=O)[O-])C24[N+](=O)[O-],O=C([O-])C1C(I)CC2(C(=O)[O-])CC1CC2I,0.312,0.471,YES,YES,1.4058,NO,NO,NO,NO,NO
HyDE-RAG,999,48,O=C([O-])CN(CC(=O)[O-])CC(=O)[O-],O=C([O-])CCC(=O)[O-],0.478,0.285,YES,YES,1.3653,NO,NO,NO,NO,NO
HyDE-RAG,999,49,c1cn(-c2ccc(NNc3ccc(-n4ccnc4)cc3)cc2)cn1,O=C1[CH]C(=O)NC(=S)N1,0.231,0.0,YES,NO,1.8468,NO,NO,NO,NO,NO
HyDE-RAG,999,50,Nc1cc(C#Cc2cc(N)c(C(=O)[O-])c(N)c2)cc(N)c1C(=O)[O-],O=C([O-])C1=CC=C2C=C(Br)C(=CC=C(CBr)C(=O)[O-])C2C=C1,0.256,0.148,YES,YES,6.8899,NO,NO,NO,NO,NO
HyDE-RAG,999,51,CCc1cc2c(cc(CC)c3ccc(C(=O)[O-])c(F)c32)c2cc(C(=O)[O-])ccc12,CC1C=C(C(=O)[O-])C(C(=O)O)=C(C(=O)[O-])C(C(=O)[O-])=C1CC(=O)O,0.371,0.12,YES,YES,1.1895,NO,NO,NO,NO,NO
HyDE-RAG,999,52,O=C(O)c1cccc(Oc2cccc(C(=O)O)c2C(=O)[O-])c1.O=C(O)c1cccc(Oc2cccc(C(=O)O)c2C(=O)[O-])c1,O=C(O)c1cccc(Oc2cccc(C(=O)[O-])c2C(=O)[O-])c1,0.479,0.5,YES,YES,1.8796,YES,NO,NO,NO,NO
HyDE-RAG,999,53,O=C([O-])CN(CCN(CC(=O)[O-])CC(=O)[O-])CCN(CC(=O)O)CC(=O)O,O=C([O-])Cn1cnnn1,0.36,0.135,YES,NO,0.7104,NO,NO,NO,NO,NO
HyDE-RAG,999,54,c1ccc(SSc2ccccn2)nc1,c1cnc(SCSc2ncccn2)nc1INVALID,0.0,0.0,NO,NO,,NO,NO,NO,NO,NO
HyDE-RAG,999,55,Nc1ccc(C=Cc2ccc(N)cc2S(O)(O)O)c(S(O)(O)O)c1,O=P(O)(O)c1ccc(-c2ccc(P(=O)(O)O)cc2)cc1,0.444,0.246,YES,YES,0.501,NO,NO,NO,NO,NO
HyDE-RAG,999,56,O=C([O-])c1cc(C(=O)[O-])c(C(=O)O)cc1C(=O)O,O=C([O-])c1ccc(C(=O)[O-])cc1,0.75,0.667,YES,NO,0.527,YES,YES,YES,NO,NO
HyDE-RAG,999,57,O=C(Nc1cccnc1)c1ccc(C(=O)Nc2cccnc2)s1,c1cc(-c2ccncc2)ccn1,0.375,0.253,YES,YES,1.5499,NO,NO,NO,NO,NO
HyDE-RAG,999,58,NC1=N[CH]NN1,Nc1nnc(N)[nH]1,0.75,0.229,YES,YES,3.3229,YES,YES,YES,NO,NO
HyDE-RAG,999,59,O=C([O-])c1cc(C(=O)O)c(C(=O)[O-])cc1C(=O)O,O=C([O-])c1ccc(C(=O)[O-])cc1INVALID,0.0,0.0,NO,NO,,NO,NO,NO,NO,NO
HyDE-RAG,999,60,O=[N+]([O-])c1cncc([N+](=O)[O-])c1C#Cc1c([N+](=O)[O-])cncc1[N+](=O)[O-],N#Cc1cc([N+](=O)[O-])c(C#N)cc1[N+](=O)[O-],0.732,0.137,YES,YES,1.8373,YES,YES,YES,NO,NO
HyDE-RAG,999,61,O=C([O-])C(O)=C(O)C(=O)[O-],O=C([O-])C(O)=C(O)C(=O)[O-],1.0,1.0,YES,YES,1.6891,YES,YES,YES,YES,YES
HyDE-RAG,999,62,C(#C[Si](C#Cc1cn[nH]c1)(C#CC1C=NN=C1)C#CC1C=NN=C1)C1=CN=N[CH]1,C(#CC#Cc1cn[nH]c1)C#CC1=CN=N[CH]1,0.828,0.232,YES,YES,5.2962,YES,YES,YES,NO,NO
HyDE-RAG,999,63,O=C([O-])CN1[CH]C=C(c2nnn[nH]2)C=C1,O=C([O-])c1cncc(Cl)c1,0.28,0.17,YES,NO,2.1662,NO,NO,NO,NO,NO
HyDE-RAG,999,64,Nc1ccccc1S,O=C([O-])c1ccccc1S,0.375,0.7,YES,NO,1.1104,YES,YES,YES,NO,NO
HyDE-RAG,999,65,O=C([O-])c1nc(-c2ccc3ccccc3c2)[nH]c1C(=O)[O-],O=C([O-])c1cc(Cn2cnc3ccccc32)cc(C(=O)[O-])c1,0.643,0.264,YES,NO,1.609,YES,YES,NO,NO,NO
HyDE-RAG,999,66,O=C(O)c1ccc(-c2ccc(-c3ccc(C(=O)O)cc3C(=O)[O-])cc2)c(C(=O)[O-])c1,O=C([O-])c1cc(C(=O)[O-])nc(-c2nc(C(=O)[O-])ccc2C(=O)O)c1,0.6,0.118,YES,YES,1.7689,YES,YES,NO,NO,NO
HyDE-RAG,999,67,c1ccc(-c2cc(-c3ccncc3)nc(-c3ccncc3)c2)nc1,C=CC=CC=C1C=CC=C(c2ccncc2)C=NC=C2NC=C(N=C1)C(=CC)c1cnccc12,0.467,0.199,YES,YES,3.7653,NO,NO,NO,NO,NO
HyDE-RAG,999,68,CSc1nccs1,CSc1nnn[nH]1,0.6,0.371,YES,YES,1.6496,YES,YES,NO,NO,NO
HyDE-RAG,999,69,O=C([O-])C1CCC(C(=O)[O-])CC1,O=C([O-])C1CC(C(=O)O)C(C(=O)[O-])CC1C(=O)O,0.6,0.667,YES,YES,1.6611,YES,YES,NO,NO,NO
HyDE-RAG,999,70,c1c[nH]cn1,c1c[nH]cn1INVALID,0.0,0.0,NO,NO,,NO,NO,NO,NO,NO
HyDE-RAG,999,71,c1ccc(-c2nnc(-c3ccncc3)[nH]2)nc1,c1ccc(-c2nnc(-c3ccncc3)[nH]2)nc1,1.0,1.0,YES,YES,2.3678,YES,YES,YES,YES,YES
HyDE-RAG,999,72,O=C([O-])c1cccc(-c2c3nc(c(-c4cccc(C(=O)[O-])c4)c4ccc([nH]4)c(-c4cccc(C(=O)[O-])c4)c4nc(c(-c5cccc(C(=O)[O-])c5)c5ccc2[nH]5)C=C4)C=C3)c1,O=C([O-])c1ccc(-c2nc3c4cccnc4c4ncccc4c3[nH]2)cc1,0.686,0.143,YES,YES,1.5625,YES,YES,NO,NO,NO
HyDE-RAG,999,73,O=C([O-])c1cc2c(cc1C(=O)[O-])C(=O)c1ccccc1C2=O,O=CC=CC=CC(=O)c1ccc(C(=O)[O-])c(C(=O)[O-])c1,0.682,0.527,YES,YES,1.2123,YES,YES,NO,NO,NO
HyDE-RAG,999,74,Cc1cc2ccc3nc(C)ccc3c2cn1,CC=CC1=CC=Cc2cc(-c3cn[nH]c3)ccc2C12C=NN=C2,0.361,0.249,YES,YES,2.2766,NO,NO,NO,NO,NO
HyDE-RAG,999,75,Nc1nc2ccccc2[nH]1,C=Nc1nc2ccccc2[nH]1,0.793,0.912,YES,YES,3.831,YES,YES,YES,YES,YES
HyDE-RAG,999,76,O=C([O-])CCC(=O)[O-],O=C([O-])C=CC(=O)[O-],0.643,0.471,YES,YES,0.4839,YES,YES,NO,NO,NO
HyDE-RAG,999,77,CNC12C3C4C5C3(C#CC(=O)[O-])C1C5(NC)C42C#CC(=O)[O-],CNC12C3C4C5C(C41C#CC(=O)[O-])C2(NC)C53C#CC(=O)[O-],0.879,0.915,YES,YES,1.2345,YES,YES,YES,YES,YES
HyDE-RAG,999,78,O=C([O-])c1ccc(-c2ccccc2)cc1,O=C([O-])c1cccc(-c2cccnc2)c1,0.706,0.585,YES,YES,1.3526,YES,YES,YES,NO,NO
HyDE-RAG,999,79,CCCOc1c(C(=O)[O-])ccc2c(OCCC)c(C(=O)[O-])ccc12,CCCOC=Cc1cc(C(=O)[O-])ccc1C(C=COCCC)c1cc(C(=O)[O-])ccc1OCCC,0.865,0.311,YES,YES,1.788,YES,YES,YES,YES,NO
HyDE-RAG,999,80,CN1c2cncc(n2)N(C)c2cncc(n2)N(C)c2cncc(n2)N(C)c2cncc1n2,C=Nc1cnccc1C1C2=CN=C21,0.333,0.019,YES,YES,3.744,NO,NO,NO,NO,NO
HyDE-RAG,999,81,CC(C(=O)[O-])C(=O)[O-],CC(C(=O)[O-])=C(C)C(=O)[O-],0.667,0.478,YES,NO,2.8831,YES,YES,NO,NO,NO
HyDE-RAG,999,82,O=C([O-])C(F)=C(F)C(=O)[O-],O=C([O-])C(O)=C(O)C(=O)[O-],0.55,0.791,YES,YES,1.5206,YES,YES,YES,NO,NO
HyDE-RAG,999,83,O=C([O-])c1ccc(Oc2ccc(C(=O)[O-])c(C(=O)[O-])c2)cc1C(=O)[O-],O=C([O-])c1ccc(Oc2ccc(C(=O)[O-])c(C(=O)[O-])c2)cc1C(=O)[O-],1.0,1.0,YES,YES,1.9915,YES,YES,YES,YES,YES
HyDE-RAG,999,84,Cc1cc(OCC(=O)[O-])cc(C(=O)[O-])c1,O=C([O-])CNC=C1C=C(C(=O)[O-])C(=O)N1,0.306,0.24,YES,YES,4.2596,NO,NO,NO,NO,NO
HyDE-RAG,999,85,O=C([O-])c1sc2c(C(=O)O)c(C(=O)[O-])sc2c1C(=O)O,O=C([O-])c1cc(C(=O)[O-])c(C(=O)O)c(C(=O)O)c1,0.577,0.177,YES,YES,4.7,YES,NO,NO,NO,NO
HyDE-RAG,999,86,Cc1nc(C)c(C(=O)[O-])c(C=Cc2ccccc2)c1C(=O)[O-],c1cc(Cn2cncn2)ccn1,0.227,0.313,YES,NO,1.4746,NO,NO,NO,NO,NO
HyDE-RAG,999,87,Cc1c(C)c(C(=O)[O-])c(C)c(C)c1C(=O)[O-],Nc1cc(C(=O)[O-])cc(C(=O)[O-])c1,0.5,0.625,YES,NO,0.7593,YES,YES,NO,NO,NO
HyDE-RAG,999,88,O=C([O-])CO,O=C([O-])CCC(=O)[O-],0.5,0.471,YES,YES,0.3625,YES,NO,NO,NO,NO
HyDE-RAG,999,89,O=C([O-])c1ccc(-c2ccc(C(=O)[O-])c(C(=O)O)c2)cc1C(=O)O,O=C([O-])c1cc(C(=O)O)c(C#Cc2c(C(=O)O)cc(C(=O)[O-])cc2C(=O)O)c(C(=O)O)c1,0.9,0.309,YES,NO,2.4152,YES,YES,YES,YES,YES
HyDE-RAG,999,90,Cc1cc(-n2ccnc2)c(C)cc1-n1ccnc1,c1ccc(-c2nc(-c3ccccn3)c(-c3ccccn3)nc2-c2ccccn2)nc1,0.5,0.0,YES,YES,2.3177,YES,NO,NO,NO,NO
HyDE-RAG,999,91,O=P(O)(O)CCSc1ccncc1,CC=CC(=O)[O-]INVALID,0.0,0.0,NO,NO,,NO,NO,NO,NO,NO
HyDE-RAG,999,92,O=C([O-])C1=NC(c2cncc(Br)c2)=NC1C(=O)O,O=C([O-])c1cccc2cccc(C(=O)[O-])c12,0.286,0.196,YES,NO,1.7612,NO,NO,NO,NO,NO
HyDE-RAG,999,93,[CH]1N=NC=C1c1ccc([Si](c2ccc(-c3cn[nH]c3)cc2)(c2ccc(C3C=NN=C3)cc2)c2ccc(C3C=NN=C3)cc2)cc1,C1=NN=CC1C12C3C4C1C1C2C3C41Cc1cn[nH]c1INVALID,0.0,0.0,NO,NO,,NO,NO,NO,NO,NO
HyDE-RAG,999,94,CCOC1(Br)c2c(C(=O)[O-])c(Br)cc(C(=O)[O-])c2C1Br,O=C([O-])c1c(F)c(F)c(N=Nc2c(F)c(F)c(C(=O)[O-])c(F)c2F)c(F)c1F,0.386,0.317,YES,NO,1.6078,NO,NO,NO,NO,NO
HyDE-RAG,999,95,CCCOC1CC2(C#CC(=O)[O-])CCC1(C#CC(=O)[O-])CC2,CC1CC2(C#CC(=O)[O-])CCC1(C#CC(=O)[O-])CC2O,0.711,0.866,YES,YES,0.9324,YES,YES,YES,YES,NO
HyDE-RAG,999,96,N#CC(C(=O)[O-])=C(C=CC(=O)[O-])c1ccccc1,O=C([O-])C=CC(=O)[O-],0.556,0.311,YES,YES,2.6828,YES,NO,NO,NO,NO
HyDE-RAG,999,97,O=C([O-])C=CC=CC(=O)[O-],O=C([O-])CCC(=O)[O-],0.643,0.373,YES,YES,1.3195,YES,YES,NO,NO,NO
HyDE-RAG,999,98,CCOP(=O)(Cc1c(C)c(C)c(CP(=O)(OCC)OCC)c(C)c1C)OCC,CCCCS(=O)CC1CCCCC1,0.349,0.25,YES,YES,1.6918,NO,NO,NO,NO,NO
HyDE-RAG,999,99,[CH]1N=CNN1CCCCCCn1cncn1,c1cnc(SCSc2ncccn2)nc1,0.265,0.037,YES,NO,2.3176,NO,NO,NO,NO,NO
HyDE-RAG,999,100,O=P(O)(O)O,O=P(O)(O)CCP(=O)(O)O,0.64,0.373,YES,YES,1.0841,YES,YES,NO,NO,NO
HyDE-RAG,999,101,O=C([O-])c1cc(C(=O)O)c(C(=O)[O-])c2c1CC2,O=C([O-])c1cc(C(=O)[O-])cc(S(O)(O)O)c1,0.317,0.69,YES,YES,2.2525,YES,YES,NO,NO,NO
HyDE-RAG,999,102,O=C([O-])c1cc(Cn2nnc3ccccc32)cc(C(=O)[O-])c1,O=C([O-])c1cc(NCc2ccncc2)cc(C(=O)[O-])c1,0.522,0.527,YES,YES,1.0823,YES,NO,NO,NO,NO
HyDE-RAG,999,103,O=C([O-])c1c(F)cc(C=Cc2cc(F)c(C(=O)[O-])c(F)c2)cc1F,O=C([O-])C=C(O)C(O)=C(C=CC(O)=C1C(=C(O)C(O)=C(CO)C(=O)[O-])C1OCO)COC(O)=CO,0.279,0.074,YES,YES,6.9295,NO,NO,NO,NO,NO
HyDE-RAG,999,104,Nc1c(N)c(C(=O)[O-])c(N)c(N)c1C#Cc1c(N)c(N)c(C(=O)[O-])c(N)c1N,O=C([O-])c1c(Cl)c(Cl)c(C#Cc2c(Cl)c(Cl)c(C(=O)[O-])c(Cl)c2Cl)c(Cl)c1Cl,0.486,0.718,YES,NO,6.3833,YES,YES,YES,NO,NO
HyDE-RAG,999,105,NCC(=O)[O-],O=CC(=O)[O-],0.316,0.78,YES,YES,0.2968,YES,YES,YES,NO,NO
HyDE-RAG,999,106,O=C([O-])c1nc[nH]c1C(=O)[O-],O=C([O-])c1cccc(-c2nnn[nH]2)c1,0.526,0.251,YES,YES,1.3626,YES,NO,NO,NO,NO
HyDE-RAG,999,107,O=C([O-])c1ccc(C#Cc2ccc(C(=O)[O-])cc2Cl)c(Cl)c1,O=C([O-])c1ccc(NNc2ccc(C(=O)[O-])c(Cl)c2)cc1Cl,0.588,0.402,YES,NO,4.041,YES,NO,NO,NO,NO
HyDE-RAG,999,108,O=C([O-])c1cncc(OCOc2cncc(C(=O)[O-])c2)c1,O=C([O-])c1cncc(Cl)c1,0.417,0.421,YES,NO,0.6432,NO,NO,NO,NO,NO
HyDE-RAG,999,109,O=C([O-])c1ccc(-n2ccc(=O)cc2)cc1C(=O)[O-],O=C([O-])c1cccc(-n2ccc(=O)cc2)c1C(=O)[O-],1.0,0.845,YES,YES,2.0519,YES,YES,YES,YES,YES
HyDE-RAG,999,110,CCc1cc(-c2ccc(C(=O)[O-])cc2)ccc1C(=O)[O-],CCCOC=Cc1cc2c3ccc(C(=O)[O-])c2c(c1C1=CC=CC=C(CCCC=CC=C(C=CC(=O)[O-])C(=O)[O-])CCCO1)C=CC=C3,0.526,0.183,YES,YES,1.505,YES,NO,NO,NO,NO
HyDE-RAG,999,111,CCCC1=NN=CC1C#Cc1ccc(C#CC2=C(CCC)N=N[CH]2)cc1OC,CCCOC12C=CC3(C)C(C#Cc4cn[nH]c4)C1(OCCC)C3(F)C2INVALID,0.0,0.0,NO,NO,,NO,NO,NO,NO,NO
HyDE-RAG,999,112,CCC(C)COc1cc(C=Cc2ccncc2)c(OCC(C)CC)cc1C=Cc1ccncc1,CCCOC=CC1(C(O)CC=CC(=O)[O-])C(OCCCC=CC=O)=CC(OCCC)=CC=CCC1O,0.34,0.156,YES,YES,0.7453,NO,NO,NO,NO,NO
HyDE-RAG,999,113,Cn1cnc(C(=O)[O-])c1C(=O)[O-],O=C([O-])c1cc([N+](=O)[O-])cc([N+](=O)[O-])c1,0.362,0.24,YES,YES,3.3691,NO,NO,NO,NO,NO
HyDE-RAG,999,114,O=S1(=O)CCCC1,CC1CC(CC(=O)[O-])(C(=O)O)C1C1CCCC(C(=O)[O-])C1,0.188,0.029,YES,YES,4.8124,NO,NO,NO,NO,NO
HyDE-RAG,999,115,Cc1nccn1CCCCn1ccnc1C,c1cc(CCCc2ccncc2)ccn1,0.324,0.16,YES,YES,1.6619,NO,NO,NO,NO,NO
HyDE-RAG,999,116,O=C([O-])c1ccnc(-c2cc(C(=O)[O-])ccn2)c1,O=C([O-])c1ccc(Oc2ccc(C(=O)[O-])cc2)cc1,0.483,0.186,YES,YES,1.079,NO,NO,NO,NO,NO
HyDE-RAG,999,117,O=C([O-])c1cccc(-c2nccs2)c1,O=C([O-])c1cc(Cl)c(Cl)cc1C(=O)[O-],0.281,0.626,YES,NO,1.4344,YES,YES,NO,NO,NO
HyDE-RAG,999,118,NC(=S)c1cccc(C(N)=S)c1,O=C(O)c1ccc(Br)cc1O,0.121,0.583,YES,YES,2.2004,YES,NO,NO,NO,NO
HyDE-RAG,999,119,O=C([O-])c1ccc(N=Cc2ccccc2O)cc1,CC(=CC=CC(=O)[O-])Cc1ccncc1C,0.308,0.142,YES,YES,1.7747,NO,NO,NO,NO,NO
HyDE-RAG,999,120,Nc1c(N)c(C(=O)[O-])c2ccccc2c1C(=O)[O-],O=C([O-])c1ccc(C(=O)[O-])c2c(O)c(O)c(O)cc12,0.526,0.845,YES,YES,0.6588,YES,YES,YES,NO,NO
HyDE-RAG,999,121,Cc1cc2ncn(CCCCn3cnc4cc(C)c(C)cc43)c2cc1C,O=C([O-])c1cc(-c2ccncc2)cc(-c2ccncc2)c1,0.25,0.258,YES,YES,1.8949,NO,NO,NO,NO,NO
HyDE-RAG,999,122,O=C([O-])c1c(O)c(O)c(C(=O)[O-])c2c(O)c(O)c(O)c(O)c12,O=C([O-])c1c(O)c(O)c(C(=O)[O-])c2c(O)c(O)c(O)c(O)c12,1.0,1.0,YES,YES,1.1019,YES,YES,YES,YES,YES
HyDE-RAG,999,123,O=C([O-])C12C3C4C1C1(S(O)(O)O)C2C3C41C(=O)[O-],CCC12C3C4C5C(C1C53C(=O)[O-])C42C(=O)[O-],0.439,0.794,YES,YES,1.6722,YES,YES,YES,NO,NO
HyDE-RAG,999,124,Cc1cnc(C)cn1,c1cc(NNc2ccncc2)ccn1,0.407,0.0,YES,NO,0.6301,NO,NO,NO,NO,NO
HyDE-RAG,999,125,ON=C(c1ccncc1)c1ccccn1,COc1cccc2nnnn2c2ccc(N)cc2nc1,0.294,0.03,YES,YES,1.1362,NO,NO,NO,NO,NO
HyDE-RAG,999,126,CC(=O)N(C)C,c1cnccn1,0.037,0.0,YES,YES,3.0693,NO,NO,NO,NO,NO
HyDE-RAG,999,127,c1cc(-c2ccncc2)ccn1,c1cc(-c2ccncc2)ccn1INVALID,0.0,0.0,NO,NO,,NO,NO,NO,NO,NO
HyDE-RAG,999,128,[CH](C=CC=C1C=NN=C1)c1cn[nH]c1,c1cc(NNc2ccncc2)ccn1,0.438,0.0,YES,NO,4.935,NO,NO,NO,NO,NO
HyDE-RAG,999,129,CC(=O)[CH]C(=O)c1ccc(-n2ccnc2)cc1,CC1C=Nc2ccccc2NO1,0.312,0.345,YES,YES,2.449,NO,NO,NO,NO,NO
HyDE-RAG,999,130,O=C(Nc1cccnc1)c1cccnc1,O=P(O)(O)c1ccccn1,0.25,0.39,YES,YES,0.6349,NO,NO,NO,NO,NO
HyDE-RAG,999,131,c1cc(CCCc2ccncc2)ccn1,c1cc(CCCc2ccncc2)ccn1,1.0,1.0,YES,YES,0.2993,YES,YES,YES,YES,YES
HyDE-RAG,999,132,Cc1cc2ncn(Cc3ccc(Cn4cnc5cc(C)c(C)cc54)cc3)c2cc1C,c1cc(-c2ccncc2)ccn1,0.324,0.0,YES,YES,1.9018,NO,NO,NO,NO,NO
HyDE-RAG,999,133,Cc1ccc(SCN(CSc2ccc(C)cc2C)CSc2ccc(C)cc2C)c(C)c1,COc1ccc(O)cc1C(=O)NCC1CCCCCC1,0.2,0.22,YES,YES,1.3302,NO,NO,NO,NO,NO
HyDE-RAG,999,134,CC1c2nccc(-c3ccnc4c3C4C)c21,O=C([O-])c1ccccc1SSc1ccccc1C(=O)[O-],0.162,0.079,YES,NO,0.6158,NO,NO,NO,NO,NO
HyDE-RAG,999,135,O=C([O-])c1ccc(OCC(COc2ccc(C(=O)[O-])cc2)(COc2ccc(C(=O)[O-])cc2)COc2ccc(C(=O)O)cc2)cc1,C=CC(=CC=COCc1cc(C(=O)O)ccc1OC(=C=COCCOC=CC=CC(=O)[O-])Oc1ccc(C(=O)O)cc1)C(=O)[O-],0.641,0.238,YES,YES,2.2154,YES,YES,NO,NO,NO
HyDE-RAG,999,136,N#CC(C#N)C(=S)S,C[Si](C)(c1cccnc1)[Si](C)([Si]c1cccnc1)c1cccnc1,0.069,0.025,YES,YES,0.24,NO,NO,NO,NO,NO
HyDE-RAG,999,137,OC1(Cl)Cc2ncc(Cl)nc21,Fc1nc(F)c(F)nc1F,0.457,0.527,YES,YES,2.5349,YES,NO,NO,NO,NO
HyDE-RAG,999,138,CC1(C)OC(CP(c2ccccc2)c2ccccc2)C(CP(c2ccccc2)c2ccccc2)O1,c1cc(CCCc2ccncc2)ccn1,0.222,0.045,YES,YES,1.4384,NO,NO,NO,NO,NO
HyDE-RAG,999,139,Cc1ccc(S(=O)(=O)NC(CCC(=O)[O-])C(=O)[O-])cc1,O=C([O-])CNC(=O)c1cccc(C(=O)NCC(=O)[O-])c1,0.364,0.35,YES,NO,0.8396,NO,NO,NO,NO,NO
HyDE-RAG,999,140,O=C([O-])C1=C[CH]NC=C1C(=O)[O-],O=S(=O)(Cc1ccccn1)c1ccccn1,0.192,0.099,YES,NO,0.6349,NO,NO,NO,NO,NO
HyDE-RAG,999,141,O=C([O-])c1ccc(-c2cc3cc(c2)C(=O)[O][Cd][O]C3=O)cc1,O=C([O-])c1cc(OCOc2cc(C(=O)[O-])cc(C(=O)O)c2)cc(C(=O)[O-])c1,0.444,0.329,YES,NO,1.5809,NO,NO,NO,NO,NO
HyDE-RAG,999,142,O=P(O)(O)F,[NH]n1nnnc1C1=NN=CC1,0.082,0.0,YES,YES,1.1801,NO,NO,NO,NO,NO
HyDE-RAG,999,143,CC(=O)CC(C#N)(C#N)C(C#N)C#N,CC(C)OC(=O)CO,0.231,0.19,YES,YES,0.9295,NO,NO,NO,NO,NO
HyDE-RAG,999,144,COc1cc(NC#N)c(OC)cc1NC#N,N#CNC(C#N)C(N)=O,0.306,0.162,YES,YES,2.5738,NO,NO,NO,NO,NO
HyDE-RAG,999,145,c1ccc2c(-n3ccnc3)c3ccccc3c(-n3ccnc3)c2c1,c1ccc2c(c1)ncn2-c1ccc(-n2cnc3ccccc32)cc1,1.0,0.657,YES,YES,1.522,YES,YES,YES,YES,YES
HyDE-RAG,999,146,O=C([O-])c1ccc(NNc2ccc(C(=O)[O-])cc2)cc1,O=C([O-])c1ccc(Cl)cc1,0.29,0.441,YES,NO,1.2807,NO,NO,NO,NO,NO
HyDE-RAG,999,147,O=C(NCc1ccncc1)C(=O)NCc1ccncc1,c1ccc(-c2ccn[nH]2)nc1,0.341,0.294,YES,YES,3.1479,NO,NO,NO,NO,NO
HyDE-RAG,999,148,Nc1ccc(Cc2ccc(N)cc2)cc1,C(#Cc1ccccc1C#Cc1ccccc1C#Cc1ccncc1)c1ccncc1,0.304,0.225,YES,NO,1.4757,NO,NO,NO,NO,NO
HyDE-RAG,999,149,O=C([O-])c1ccc(-c2cc(-c3ccc(C(=O)O)cc3)c(-c3ccc(C(=O)[O-])cc3)cc2-c2ccc(C(=O)O)cc2)cc1,O=C([O-])c1cc(C(=O)O)c2cc(C(=O)[O-])cc(C(=O)O)c2c1INVALID,0.0,0.0,NO,NO,,NO,NO,NO,NO,NO
HyDE-RAG,999,150,Fc1cc2cc(C3C=NN=C3)c(F)cc2cc1-c1cn[nH]c1,Cc1cnccc1C(F)(CCF)C(=CF)Cc1ccncc1,0.356,0.027,YES,YES,1.0863,NO,NO,NO,NO,NO
HyDE-RAG,999,151,O=C1C(=O)C(=O)C(=O)C1=O,O=C1C(=O)C(=O)C1=O,0.867,0.16,YES,NO,3.0628,YES,YES,YES,YES,NO
HyDE-RAG,999,152,O=C(Nc1cc(C(=O)[O-])cc(C(=O)[O-])c1)Nc1cc(C(=O)[O-])cc(C(=O)[O-])c1,O=C([O-])c1ccc(N=Nc2ccc(C(=O)[O-])cc2)cc1,0.625,0.317,YES,NO,3.5734,YES,YES,NO,NO,NO
HyDE-RAG,999,153,Cc1nccn1Cc1ccc(-c2ccc(Cn3ccnc3C)cc2)cc1,c1cc(-c2ccncc2)ccn1,0.364,0.0,YES,YES,1.6322,NO,NO,NO,NO,NO
HyDE-RAG,999,154,CC(=O)NC(C)(NC(C)=O)C(=O)[O-],O=C([O-])C1CCCCC1C(=O)O,0.243,0.205,YES,NO,2.1227,NO,NO,NO,NO,NO
HyDE-RAG,999,155,O=C([O-])c1cccc(CN2CCOCCN(Cc3cccc(C(=O)[O-])c3)CCOCC2)c1,O=C([O-])c1cccc(Oc2cccnc2)c1C(=O)[O-],0.367,0.275,YES,NO,1.5782,NO,NO,NO,NO,NO
HyDE-RAG,999,156,O=C([O-])c1c(Cl)cc(-c2cc(-c3cc(Cl)c(C(=O)[O-])c(Cl)c3)cc(-c3cc(Cl)c(C(=O)[O-])c(Cl)c3)c2)cc1Cl,O=C([O-])c1c(Cl)cc(-c2cc(-c3cc(Cl)c(C(=O)[O-])c(Cl)c3)cc(-c3cc(Cl)c(C(=O)[O-])c(Cl)c3)c2)cc1Cl,1.0,1.0,YES,YES,0.9333,YES,YES,YES,YES,YES
HyDE-RAG,999,157,O=[PH](O)O,O=S(=O)(O)O,0.481,0.12,YES,YES,1.413,NO,NO,NO,NO,NO
HyDE-RAG,999,158,O=P(O)(O)C1=CC=C2[CH]C=CC=C2N1,O=P(O)(O)c1ccccc1,0.472,0.321,YES,YES,1.2586,NO,NO,NO,NO,NO
HyDE-RAG,999,159,c1ccc2nc(-c3cnc4ccccc4n3)cnc2c1,c1ccc2nccnc2c1,0.889,0.491,YES,NO,1.0564,YES,YES,YES,YES,NO
HyDE-RAG,999,160,O=C([O-])Cn1nn[nH]c1=S,O=C([O-])C(F)(F)F,0.132,0.36,YES,NO,0.6972,NO,NO,NO,NO,NO
HyDE-RAG,999,161,CCCCN(CCO)CCO,O=C(O)c1cc[n+]([O-])cc1,0.137,0.149,YES,YES,2.4234,NO,NO,NO,NO,NO
HyDE-RAG,999,162,CC1=C(CC2=C(C)N=NC2C)C(C)N=N1,c1ccc(-c2cc(-c3ccncc3)cc(-c3ccccn3)n2)nc1,0.206,0.0,YES,YES,2.3891,NO,NO,NO,NO,NO
HyDE-RAG,999,163,CC(C)c1cc(C(C)C)c(CP(=O)(O)O)c(C(C)C)c1,OS(O)(O)c1cccc2c(S(O)(O)O)cccc12,0.378,0.3,YES,YES,1.9166,NO,NO,NO,NO,NO
HyDE-RAG,999,164,O=C([O-])CN=Cc1ccccc1O,O=C([O-])C=Cc1ccncc1,0.312,0.277,YES,YES,1.5915,NO,NO,NO,NO,NO
HyDE-RAG,999,165,CNC1CC2(C#CC(=O)[O-])C(NC)CC1(C#CC(=O)[O-])C(F)C2F,CCCOC1C2C(F)C(C(=O)[O-])C(F)C(F)C1(C(=O)[O-])C(F)C2CF,0.352,0.103,YES,YES,0.561,NO,NO,NO,NO,NO
HyDE-RAG,999,166,O=C([O-])c1cccc(NNc2cccc(C(=O)[O-])c2)c1,O=C([O-])c1cccc(NNc2cccc(C(=O)[O-])c2)c1,1.0,1.0,YES,YES,1.5137,YES,YES,YES,YES,YES
HyDE-RAG,999,167,O=C([O-])c1ccc(NNc2ccc(C(=O)[O-])c(F)c2)cc1F,O=C([O-])c1ccc(NNc2ccc(C(=O)[O-])c(O)c2)cc1O,0.707,0.911,YES,NO,4.5183,YES,YES,YES,YES,YES
HyDE-RAG,999,168,N#CNC#N,N#CNC#N,1.0,1.0,YES,YES,1.0268,YES,YES,YES,YES,YES
HyDE-RAG,999,169,O=C([O-])c1cc(C(=O)[O][Ag])c(C(=O)[O-])cc1C(=O)[O][Ag],O=C1C(=O)C(Cl)C(=O)C(=O)C1Cl,0.31,0.3,YES,YES,2.3932,NO,NO,NO,NO,NO
HyDE-RAG,999,170,O=C([O-])c1cccc(=O)[nH]1,Cc1nnn[nH]1,0.2,0.16,YES,YES,0.6492,NO,NO,NO,NO,NO
HyDE-RAG,999,171,O=C([O-])c1ccc(C(=O)[O-])cc1,O=C([O-])c1ccc(C(=O)[O-])cc1INVALID,0.0,0.0,NO,NO,,NO,NO,NO,NO,NO
HyDE-RAG,999,172,O=C([O-])CCCC(=O)[O-],O=C([O-])CC(=O)[O-],0.786,0.533,YES,YES,0.2379,YES,YES,YES,NO,NO
HyDE-RAG,999,173,COC1CCc2nccc(-c3ccncc3)c2C1OC,CC1(C)CCCC(C#CC(=O)[O-])CC1(C=O)C=O,0.216,0.078,YES,YES,0.8791,NO,NO,NO,NO,NO
HyDE-RAG,999,174,O=C([O-])c1ccc(C(=O)[O-])o1,O=C([O-])c1ccc(C(=O)[O-])o1,1.0,1.0,YES,YES,1.08,YES,YES,YES,YES,YES
HyDE-RAG,999,175,[CH]1C=CC=C1,CCc1nnc(CC)n1CCCCCCCNC1=NC=CC=NCC1INVALID,0.0,0.0,NO,NO,,NO,NO,NO,NO,NO
HyDE-RAG,999,176,c1ccc(C2=NNC(c3ccccn3)=NN2)nc1,c1cc(CN2CCN(Cc3ccncc3)CC2)ccn1,0.326,0.289,YES,NO,1.318,NO,NO,NO,NO,NO
HyDE-RAG,999,177,O=[N+]([O-])C12CN3CN(CN(C3)C1)C2,Nc1cc([N+](=O)[O-])cc(C(=O)[O-])cc([N+](=O)[O-])ccc1C(=O)[O-],0.436,0.157,YES,YES,1.3482,NO,NO,NO,NO,NO
HyDE-RAG,999,178,c1cc(-c2nnn[nH]2)ccc1-c1nn[nH]n1,c1ccc2c(c1)nnn2Cn1ccnc1,0.553,0.358,YES,NO,1.7284,YES,NO,NO,NO,NO
HyDE-RAG,999,179,Cc1c(C)c(-c2ccncc2)c(C)c(C)c1B(c1c(C)c(C)c(-c2ccncc2)c(C)c1C)c1c(C)c(C)c(-c2ccncc2)c(C)c1C,Cc1c(C)c(-c2ccncc2)c(C)c(C)c1B(c1c(C)c(C)c(-c2ccncc2)c(C)c1C)c1c(C)c(C)c(-c2ccncc2)c(C)c1C,1.0,1.0,YES,YES,3.9513,YES,YES,YES,YES,YES
HyDE-RAG,999,180,O=C([O-])C(=O)[O-],O=C([O-])C(=O)[O-]INVALID,0.0,0.0,NO,NO,,NO,NO,NO,NO,NO
HyDE-RAG,999,181,O=C([O-])CN(CC(=O)[O-])c1ccc(C(=O)[O-])cc1,O=C([O-])C1=CC=Cc2ccc(-c3ccc[nH]3)cc2C=C1,0.268,0.289,YES,YES,2.0504,NO,NO,NO,NO,NO
HyDE-RAG,999,182,ON1[CH]C=CC=C1,Cc1cnc(C)cn1,0.194,0.0,YES,YES,1.4001,NO,NO,NO,NO,NO
HyDE-RAG,999,183,O=C([O-])C1OCOC2C(C(=O)[O-])OCOC12,CCOCCC#CC1C=NN=C1,0.167,0.099,YES,YES,3.039,NO,NO,NO,NO,NO
HyDE-RAG,999,184,O=C([O-])c1ccc(-c2ccc(-c3cc(-c4ccc(-c5ccc(C(=O)[O-])cc5)c(Cl)c4)cc(-c4ccc(-c5ccc(C(=O)[O-])cc5)c(Cl)c4)c3)cc2Cl)cc1,O=C([O-])c1c(Cl)c(Cl)c(-c2cc(-c3c(Cl)c(Cl)c(C(=O)[O-])c(Cl)c3Cl)cc(-c3c(Cl)c(Cl)c(C(=O)[O-])c(Cl)c3Cl)c2)c(Cl)c1Cl,1.0,0.0,YES,YES,2.4655,YES,YES,YES,YES,YES
HyDE-RAG,999,185,C1COCCO1,C1COCCO1,1.0,1.0,YES,YES,0.825,YES,YES,YES,YES,YES
HyDE-RAG,999,186,O=C1NCCN1,O=C(O)c1c[nH]c(=O)[nH]c1=O,0.358,0.145,YES,YES,0.4026,NO,NO,NO,NO,NO
HyDE-RAG,999,187,CC(=O)C(Sc1ccncc1)C(C)=O,CC1=NNCCCC2CNN=C2C=N1,0.093,0.043,YES,YES,1.3128,NO,NO,NO,NO,NO
HyDE-RAG,999,188,O=C([O-])c1ccc2c3c(ccc(C(=O)[O-])c13)C(=O)N(c1ccncc1)C2=O,O=C([O-])c1nccnc1C(=O)[O-],0.477,0.129,YES,YES,2.2264,NO,NO,NO,NO,NO
HyDE-RAG,999,189,O=C([O-])C1=CC2=NN=NC2=C[CH]1,O=C([O-])c1cccnc1C(=O)[O-],0.273,0.292,YES,NO,0.5768,NO,NO,NO,NO,NO
HyDE-RAG,999,190,S=c1[nH]c2ccccc2[nH]1,c1cc(SSc2ccncc2)ccn1,0.424,0.043,YES,NO,1.2097,NO,NO,NO,NO,NO
HyDE-RAG,999,191,O=C([O-])C1=C[CH]N(Cc2cc(C(=O)[O-])cc(C(=O)[O-])c2)C=C1,O=C([O-])c1ccc(COc2cc(C(=O)[O-])cc(C(=O)[O-])c2)cc1,0.417,0.513,YES,NO,1.3609,YES,NO,NO,NO,NO
HyDE-RAG,999,192,O=C([O-])C1=C[CH]N(CCCN2[CH]C=C(C(=O)[O-])C=C2)C=C1,O=C([O-])c1cccnc1C(=O)[O-],0.357,0.169,YES,YES,1.4211,NO,NO,NO,NO,NO
HyDE-RAG,999,193,Oc1ccc(S)cc1,CC=C(C)C(=CC=[N+][O-])SCCOCC,0.091,0.04,YES,YES,0.7149,NO,NO,NO,NO,NO
HyDE-RAG,999,194,C1CCOC1,CCc1nnc(CC)[nH]1,0.108,0.0,YES,YES,1.4614,NO,NO,NO,NO,NO
HyDE-RAG,999,195,O=C([O-])c1ccc(N(c2ccc(C(=O)[O-])cc2)c2ccc(-c3ccncc3)cc2)cc1,O=C([O-])c1ccc(N(c2ccccc2)c2ccc(C(=O)[O-])cc2)cc1,0.786,0.802,YES,NO,0.5624,YES,YES,YES,NO,NO
HyDE-RAG,999,196,NCc1cccnc1,Nc1cccc(N)c1,0.409,0.075,YES,NO,0.7463,NO,NO,NO,NO,NO
HyDE-RAG,999,197,C#N,C#NINVALID,0.0,0.0,NO,NO,,NO,NO,NO,NO,NO
HyDE-RAG,999,198,O=C1c2ccccc2C(=O)c2c(O)ccc(O)c21,O=c1c2cc3c(=O)n(Cc4ccncc4)c(=O)c3cc2c(=O)n1Cc1ccncc1,0.4,0.191,YES,NO,1.8681,NO,NO,NO,NO,NO
HyDE-RAG,999,199,O=C([O-])c1ccc(C#Cc2ccc(C(=O)[O-])cc2F)c(F)c1,O=C([O-])C1=CC=CNNc2ccc(C(=O)[O-])cc2C=C1,0.31,0.402,YES,YES,4.7161,NO,NO,NO,NO,NO
HyDE-RAG,999,200,O=C([O-])CCN(CCC(=O)[O-])CCC(=O)[O-],N#CNC#N,0.065,0.166,YES,YES,2.5748,NO,NO,NO,NO,NO
HyDE-RAG,999,201,On1nnnc1-c1nnnn1O,O=C1[CH]C(=O)NC(=S)N1,0.276,0.05,YES,NO,1.687,NO,NO,NO,NO,NO
HyDE-RAG,999,202,O=C([O-])c1ccc(C2=C3C=CC4=[N]3->[Fe]35<-[N]6=C(C=CC6=C(c6ccc(C(=O)[O-])cc6)c6ccc2[n]63)C(c2ccc(C(=O)[O-])cc2)=c2ccc([n]25)=C4c2ccc(C(=O)[O-])cc2)cc1,O=C([O-])c1ccc(-c2cc(-c3ccc(C(=O)[O-])cc3)c3ccc4c(-c5ccc(C(=O)[O-])cc5)cc(-c5ccc(C(=O)[O-])cc5)c5ccc2c3c54)cc1,0.347,0.154,YES,YES,1.7749,NO,NO,NO,NO,NO
HyDE-RAG,999,203,O=C([O-])c1ccc(C(=O)[O-])s1,O=C([O-])c1ccc(C(=O)[O-])s1INVALID,0.0,0.0,NO,NO,,NO,NO,NO,NO,NO
HyDE-RAG,999,204,FC12C3C4N1C1C2N3C41F,O=C([O-])c1c(Cl)c(Cl)c(C(=O)[O-])c(CCCl)c1Cl,0.122,0.0,YES,YES,1.6437,NO,NO,NO,NO,NO
HyDE-RAG,999,205,CNc1nc(NC)c(NC)c(C#Cc2c(NC)c(NC)nc(NC)c2NC)c1NC,Cc1cncc(C)c1C#CC1=CC=C(C#Cc2ccnc(C)c2C)C=CC1,0.543,0.296,YES,YES,3.0182,YES,NO,NO,NO,NO
HyDE-RAG,999,206,O=C([O-])c1cc(O)c(C#Cc2c(O)cc(C(=O)[O-])cc2O)c(O)c1,O=C([O-])c1cc(F)c(C#Cc2c(F)cc(C(=O)[O-])cc2F)c(F)c1,0.586,0.836,YES,NO,6.697,YES,YES,YES,NO,NO
HyDE-RAG,999,207,O=S(=O)(O)O,O=S(=O)(O)O,1.0,1.0,YES,YES,0.4676,YES,YES,YES,YES,YES
HyDE-RAG,999,208,O=C([O-])c1ccc(C(=O)[O-])c2cc(Cl)c(Cl)cc12,O=C([O-])c1ccccc1O,0.429,0.489,YES,NO,0.7085,NO,NO,NO,NO,NO
HyDE-RAG,999,209,O=C([O-])c1ccc(P(=O)(O)O)cc1,O=C([O-])c1ccc(P(=O)(O)O)cc1,1.0,1.0,YES,YES,1.3266,YES,YES,YES,YES,YES
HyDE-RAG,999,210,O=C([O-])C=CC(=O)[O-],O=C([O-])C=CC=CC(=O)[O-],1.0,0.582,YES,YES,1.2451,YES,YES,YES,YES,YES
HyDE-RAG,999,211,O=C([O-])CC(=O)[O-],O=C([O-])CC(=O)[O-],1.0,1.0,YES,YES,0.3312,YES,YES,YES,YES,YES
HyDE-RAG,999,212,O=C([O-])COc1ccc(OCC(=O)[O-])cc1,O=C([O-])COc1ccc(OCC(=O)[O-])cc1INVALID,0.0,0.0,NO,NO,,NO,NO,NO,NO,NO
HyDE-RAG,999,213,N#CC1CC2(C#CC(=O)[O-])CCC1(C#CC(=O)[O-])CC2,CCC1CC2(C#CC(=O)[O-])CCC1(C#CC(=O)[O-])CC2,0.75,0.951,YES,YES,3.5492,YES,YES,YES,YES,YES
HyDE-RAG,999,214,O=C([O-])c1nnn[nH]1,O=C([O-])c1nnn[nH]1,1.0,1.0,YES,YES,2.6943,YES,YES,YES,YES,YES
HyDE-RAG,999,215,O=C([O-])c1cc(Cl)c(C(=O)[O-])c2c1CC2,O=C([O-])c1cc(O)c(C(=O)[O-])c2c1CC2,0.633,0.935,YES,NO,3.544,YES,YES,YES,YES,YES
HyDE-RAG,999,216,O=C([O-])c1c(Br)c(Br)c(C(=O)[O-])c(Br)c1Br,O=C([O-])c1c(Cl)c(Cl)c(C(=O)[O-])c(Cl)c1Cl,0.895,0.75,YES,YES,2.3407,YES,YES,YES,YES,NO
HyDE-RAG,999,217,O=C([O-])c1ccc(C(=O)[O-])c(C(=O)[O-])c1,O=C([O-])c1cc(C(=O)[O-])cc(C(=O)[O-])c1,0.857,0.8,YES,YES,1.4965,YES,YES,YES,YES,NO
HyDE-RAG,999,218,CC1Cc2c(C(=O)[O-])ccc(C(=O)[O-])c21,Cc1cc(C(=O)[O-])c2c(c1C(=O)[O-])CC2,0.773,0.935,YES,NO,1.8719,YES,YES,YES,YES,YES
HyDE-RAG,999,219,O=C([O-])c1ccc(-c2ccc(C(=O)[O-])cc2F)c(F)c1,O=C([O-])c1c(F)c(F)c(C(=O)[O-])c2c(F)c(F)c(F)c(F)c12,0.87,0.447,YES,YES,3.6752,YES,YES,YES,YES,NO
HyDE-RAG,999,220,O=C([O-])c1cncc(C(=O)[O-])c1,O=C([O-])c1cccc(C(=O)[O-])n1,0.85,0.5,YES,YES,0.4845,YES,YES,YES,YES,NO
HyDE-RAG,999,221,O=C([O-])c1ccc(-c2cc(-c3ccc(C(=O)[O-])cc3)c(C(=O)[O-])cc2C(=O)[O-])cc1,O=C([O-])c1ccc(C(=O)[O-])cc1,0.706,0.292,YES,YES,1.2652,YES,YES,YES,NO,NO
HyDE-RAG,999,222,Nc1nnc[nH]1,Nc1nnc[nH]1INVALID,0.0,0.0,NO,NO,,NO,NO,NO,NO,NO
HyDE-RAG,999,223,O=C([O-])C#CC#CC(=O)[O-],O=C([O-])C#CC#CC#CC(=O)[O-],1.0,0.655,YES,YES,0.4275,YES,YES,YES,YES,YES
HyDE-RAG,999,224,Nc1ccccc1C(=O)[O-],O=C([O-])c1ccccc1O,0.423,0.9,YES,NO,0.7577,YES,YES,YES,YES,YES
HyDE-RAG,999,225,O=C([O-])c1cc(C(=O)[O-])cc(-n2cnnc2)c1,O=C([O-])c1cc(C(=O)[O-])cc(-n2cnnc2)c1,1.0,1.0,YES,YES,0.6245,YES,YES,YES,YES,YES
HyDE-RAG,999,226,O=CC1c2c(C(=O)[O-])ccc(C(=O)[O-])c2C1O,O=C([O-])C12C3C4C1C1(F)C4(C(=O)[O-])C3C21F,0.517,0.774,YES,YES,3.4301,YES,YES,YES,NO,NO
HyDE-RAG,999,227,O=C([O-])c1ccc2cc(C(=O)[O-])ccc2c1,O=C([O-])c1ccc(-c2cc(C(=O)[O-])ccc2C(=O)[O-])nc1,0.538,0.421,YES,YES,1.273,YES,NO,NO,NO,NO
HyDE-RAG,999,228,O=C([O-])c1ccc(OCC(COc2ccc(C(=O)[O-])cc2)(COc2ccc(C(=O)[O-])cc2)COc2ccc(C(=O)[O-])cc2)cc1,Cc1nnc(-c2ccccc2)n1-c1ccc(C(=O)[O-])cc1,0.208,0.195,YES,YES,1.1784,NO,NO,NO,NO,NO
HyDE-RAG,999,229,O=C([O-])c1cc(C(=O)[O-])cc(-c2ccc3cc(C(=O)[O-])ccc3c2)c1,O=C([O-])c1ccc(C(=O)[O-])cc1,0.706,0.349,YES,NO,0.9918,YES,YES,YES,NO,NO
HyDE-RAG,999,230,CCCOc1cc(C(=O)[O-])c(Br)c(Br)c1C(=O)[O-],CCCOC=CC=Cc1ccc(C(=O)[O-])cc1C=Cc1ccc(C(=O)[O-])cc1I,0.73,0.34,YES,YES,0.6366,YES,YES,YES,NO,NO
HyDE-RAG,999,231,O=C([O-])c1ccc(C(=O)O)c(-c2nc(C(=O)[O-])ccc2C(=O)O)n1,O=C([O-])c1cc2nc[nH]c2cc1C(=O)[O-]INVALID,0.0,0.0,NO,NO,,NO,NO,NO,NO,NO
HyDE-RAG,999,232,O=C([O-])c1cc2nc[nH]c2cc1C(=O)[O-],O=C([O-])c1cccnc1-c1ncccc1C(=O)O,0.676,0.196,YES,YES,1.612,YES,YES,NO,NO,NO
HyDE-RAG,999,233,O=C([O-])C1=NC=NC1C(=O)[O-],O=C([O-])c1nn[nH]c1C(=O)[O-],0.622,0.327,YES,YES,2.4681,YES,YES,NO,NO,NO
HyDE-RAG,999,234,[CH]1C=NN=N1,c1nnc[nH]1,0.636,0.0,YES,NO,6.5243,YES,YES,NO,NO,NO
HyDE-RAG,999,235,c1cnccn1,c1cncnc1,0.769,0.0,YES,YES,1.027,YES,YES,YES,NO,NO
HyDE-RAG,999,236,C(C#Cc1cc(C#CC#CC2C=NN=C2)cc(C#CC#CC2C=NN=C2)c1)#CC1=CN=N[CH]1,C(C=CN(C=CC=Cc1cn[nH]c1)C=CC=Cc1cn[nH]c1)=Cc1cn[nH]c1,0.548,0.047,YES,YES,1.2011,YES,NO,NO,NO,NO
HyDE-RAG,999,237,Nc1nnc(C(=O)[O-])[nH]1,Oc1cc(Cl)c(Cl)c(Cl)c1-c1c(Cl)c(Cl)nc(Cl)c1Cl,0.176,0.03,YES,YES,2.5692,NO,NO,NO,NO,NO
HyDE-RAG,999,238,COc1ccc(-c2coc3cc(O)c(OC)c(O)c3c2=O)cc1S(O)(O)O,OS(O)(O)C=CC=Cc1nc(-c2ccncc2)ccc1N=CC1=CC(=CS(O)(O)O)C=C1,0.485,0.11,YES,YES,1.1722,NO,NO,NO,NO,NO
HyDE-RAG,999,239,O=C([O-])c1cc(C(=O)[O-])cc(-c2cccnc2)c1,O=C([O-])c1cccc(-c2ccncc2)c1,0.85,0.544,YES,YES,1.5737,YES,YES,YES,YES,NO
HyDE-RAG,999,240,O=C([O-])c1cccc(Cl)c1C(=O)[O-],O=C([O-])c1c(Cl)c(Cl)c(C(=O)[O-])c(Cl)c1Cl,1.0,0.625,YES,YES,2.5679,YES,YES,YES,YES,YES
HyDE-RAG,999,241,O=C([O-])CCn1c(=O)n(CCC(=O)[O-])c(=O)n(CCC(=O)[O-])c1=O,O=C([O-])C1=CC2SC(C(=O)[O-])SC2=N1,0.262,0.108,YES,YES,1.4531,NO,NO,NO,NO,NO
HyDE-RAG,999,242,O=C([O-])c1cccc(S(O)(O)O)c1,O=C([O-])N1CCN(CP(=O)(O)O)CC1,0.323,0.186,YES,YES,1.4986,NO,NO,NO,NO,NO
HyDE-RAG,999,243,CC=CC(=O)[O-],O=C([O-])CCCC(=O)[O-],0.4,0.417,YES,YES,1.482,NO,NO,NO,NO,NO
HyDE-RAG,999,244,O=C([O-])c1ccc(C(c2ccc(C(=O)[O-])cc2)(C(F)(F)F)C(F)(F)F)cc1,O=C([O-])c1ccc(C(c2ccc(C(=O)[O-])cc2)(C(F)(F)F)C(F)(F)F)cc1INVALID,0.0,0.0,NO,NO,,NO,NO,NO,NO,NO
HyDE-RAG,999,245,Nc1c(O)c(C2=NNC(c3c(N)c(O)c(C(=O)[O-])c(N)c3O)=NN2)c(N)c(O)c1C(=O)[O-],O=C([O-])c1ccc(NNc2cc(Cl)c(C(=O)[O-])c(Cl)c2)c(Cl)c1Cl,0.5,0.275,YES,NO,2.3995,YES,NO,NO,NO,NO
HyDE-RAG,999,246,O=C([O-])c1cc(NCc2ccncc2)cc(C(=O)[O-])c1,O=C([O-])c1ccncc1,0.483,0.343,YES,YES,1.2804,NO,NO,NO,NO,NO
HyDE-RAG,999,247,O=CC(C(=O)[O-])=C(Br)C=CC(=O)[O-],O=C([O-])c1c(Br)c(Br)c(C(=O)[O-])c(Br)c1BrINVALID,0.0,0.0,NO,NO,,NO,NO,NO,NO,NO
HyDE-RAG,999,248,O=C([O-])c1ccc(Oc2ccc(C(=O)[O-])cc2)cc1,O=C([O-])c1ccc(Oc2ccc(C(=O)[O-])cc2)cc1INVALID,0.0,0.0,NO,NO,,NO,NO,NO,NO,NO
HyDE-RAG,999,249,Cc1c(CSc2ccncc2)c(C)c(CSc2ccncc2)c(C)c1CSc1ccncc1,c1ccc(-c2nc(-c3ccccn3)c(-c3ccccn3)nc2-c2ccccn2)nc1,0.467,0.176,YES,YES,1.5321,NO,NO,NO,NO,NO
HyDE-RAG,999,250,O=S(=O)(Nc1cccnc1)c1cccnc1,O=C([O-])CNS(=O)(=O)c1cccnc1,0.684,0.61,YES,YES,0.8117,YES,YES,NO,NO,NO
HyDE-RAG,999,251,Clc1cnccn1,Fc1cnccn1,0.882,0.857,YES,NO,1.5134,YES,YES,YES,YES,NO
HyDE-RAG,999,252,Nc1cnccn1,c1cnccn1,0.579,0.857,YES,YES,0.7596,YES,YES,YES,YES,NO
HyDE-RAG,999,253,Cc1nnc(C)[nH]1,c1ncn(CCn2cncn2)n1,0.5,0.404,YES,NO,2.5116,YES,NO,NO,NO,NO
HyDE-RAG,999,254,CC(O)C(=O)[O-],O=C([O-])CNC(=O)C(=O)NCC(=O)[O-],0.25,0.264,YES,NO,2.4302,NO,NO,NO,NO,NO
HyDE-RAG,999,255,C(=Nn1cnnc1)c1ccccn1,c1cnc(Sc2cnccn2)cn1,0.412,0.0,YES,NO,1.186,NO,NO,NO,NO,NO
HyDE-RAG,999,256,O=C([O-])C=CC(Br)=CC(=O)[O-],O=C([O-])C12C3C4C1C1C2C3C41C(=O)[O-],0.409,0.173,YES,NO,1.0117,NO,NO,NO,NO,NO
HyDE-RAG,999,257,O=C([O-])CCP(=O)(O)c1ccccc1,Cc1ccc(S(=O)(=O)NC(CCC(=O)[O-])C(=O)[O-])cc1,0.48,0.3,YES,YES,1.0358,NO,NO,NO,NO,NO
HyDE-RAG,999,258,O=Cc1cncc2c(C=O)cncc12,CNc1c2ccc(C3=CN=N[CH]3)c1-c1cc(-c3cn[nH]c3)ccc1NN2,0.277,0.023,YES,YES,1.7193,NO,NO,NO,NO,NO
HyDE-RAG,999,259,COc1ccc(-c2nc(C(=O)[O-])c(C(=O)[O-])[nH]2)cc1,O=C([O-])c1cc(C(=O)[O-])cc(-c2cncc(F)c2)c1,0.409,0.361,YES,YES,1.2816,NO,NO,NO,NO,NO
HyDE-RAG,999,260,O=C[O-],O=C[O-]INVALID,0.0,0.0,NO,NO,,NO,NO,NO,NO,NO
HyDE-RAG,999,261,N#Cc1ccccc1CSCc1ccccc1C#N,CCCc1nccn1CCCCCn1ccnc1CC,0.244,0.079,YES,YES,0.3977,NO,NO,NO,NO,NO
HyDE-RAG,999,262,Ic1nc2ccccc2[nH]1,C=c1ccccc1=C(c1ccccc1)c1ccncc1,0.258,0.289,YES,YES,4.1761,NO,NO,NO,NO,NO
HyDE-RAG,999,263,c1ccc2c(c1)CSCc1ccc(cc1)CSCc1ccccc1OCCCO2,CCc1nccn1CCCCCn1ccnc1CCCCn1ccnc1,0.224,0.0,YES,YES,1.6089,NO,NO,NO,NO,NO
HyDE-RAG,999,264,O=C([O-])c1cc(OCc2ccccc2C(=O)O)cc(C(=O)[O-])c1,O=C([O-])c1cc(OCc2ccccc2C(=O)O)cc(C(=O)[O-])c1,1.0,1.0,YES,YES,0.5893,YES,YES,YES,YES,YES
HyDE-RAG,999,265,NCc1ccncc1,Cc1nccn1CCCCn1ccnc1C,0.282,0.099,YES,YES,1.4361,NO,NO,NO,NO,NO
HyDE-RAG,999,266,c1ccc(-c2nnn[nH]2)nc1,c1cncc(-c2nnn[nH]2)c1,1.0,0.527,YES,YES,1.9308,YES,YES,YES,YES,YES
HyDE-RAG,999,267,O=C([O-])C(Cl)=C(Cl)C(=O)[O-],O=C([O-])C(Cl)=C(Cl)C(=O)[O-]INVALID,0.0,0.0,NO,NO,,NO,NO,NO,NO,NO
HyDE-RAG,999,268,NC(CC(=O)[O-])C(=O)[O-],CC(C(=O)[O-])C(=O)[O-]INVALID,0.0,0.0,NO,NO,,NO,NO,NO,NO,NO
HyDE-RAG,999,269,O=C([O-])c1c(F)c(F)c(C(=O)[O-])c(F)c1F,O=C([O-])c1c(F)c(F)c(C(=O)[O-])c(F)c1FINVALID,0.0,0.0,NO,NO,,NO,NO,NO,NO,NO
HyDE-RAG,999,270,O=C([O-])c1c([N+](=O)[O-])c([N+](=O)[O-])c(C(=O)[O-])c2ccccc12,O=C([O-])c1ccc([N+](=O)[O-])cc1,0.763,0.402,YES,YES,5.094,YES,YES,YES,NO,NO
HyDE-RAG,999,271,O=C([O-])Cc1ccc(CC(=O)[O-])cc1,O=C([O-])c1ccccc1C(=O)[O-]INVALID,0.0,0.0,NO,NO,,NO,NO,NO,NO,NO
HyDE-RAG,999,272,COc1cc(C(=O)[O-])cc(C(=O)[O-])c1,CCCc1cc(C(=O)[O-])cc(C(=O)[O-])c1,0.542,0.8,YES,YES,1.5272,YES,YES,YES,NO,NO
HyDE-RAG,999,273,O=C([O-])Cc1nnn[nH]1,O=C([O-])Cn1cnnn1,0.725,0.556,YES,NO,1.7255,YES,YES,YES,NO,NO
HyDE-RAG,999,274,O=C([O-])c1ccnc(C(=O)[O-])c1,O=C([O-])c1cccnc1C(=O)[O-],0.864,0.75,YES,YES,0.7211,YES,YES,YES,YES,NO
HyDE-RAG,999,275,O=C([O-])c1ccc(-c2ccc(C(=O)[O-])cc2)cc1,CC1=CC2=C(C(=O)[O-])C=C(c3cccnc3)C=CC1=CC=C2C(=O)[O-],0.464,0.14,YES,YES,0.5012,NO,NO,NO,NO,NO
HyDE-RAG,999,276,c1cn(CCCCn2ccnc2)cn1,c1cn(CCOCCn2ccnc2)cn1,0.765,0.455,YES,NO,1.2264,YES,YES,YES,NO,NO
HyDE-RAG,999,277,O=C([O-])C#CC(Cl)=C(Cl)C#CC(=O)[O-],O=C([O-])c1c(Cl)c(Cl)c(C#Cc2c(Cl)c(Cl)c(C(=O)[O-])c(Cl)c2Cl)c(Cl)c1Cl,0.565,0.092,YES,NO,1.4982,YES,NO,NO,NO,NO
HyDE-RAG,999,278,O=C([O-])C=CCC(=O)[O-],O=C([O-])C=C(CC(=O)[O-])C(=O)O,0.75,0.741,YES,NO,2.4125,YES,YES,YES,NO,NO
HyDE-RAG,999,279,O=C([O-])c1cc(C(=O)[O-])cc(-c2cc(-c3cc(C(=O)[O-])cc(C(=O)[O-])c3)c3ccc4c(-c5cc(C(=O)[O-])cc(C(=O)[O-])c5)cc(-c5cc(C(=O)[O-])cc(C(=O)[O-])c5)c5ccc2c3c54)c1,O=C([O-])c1cccccc(-c2ccccc2)c(C(=O)[O-])cccccc1-c1ccccc1,0.842,0.401,YES,YES,0.8394,YES,YES,YES,NO,NO
HyDE-RAG,999,280,O=C([O-])c1cc(C(=O)[O-])cc([N+](=O)[O-])c1,O=C([O-])c1ccc[n+]([O-])c1,0.462,0.24,YES,NO,1.2967,NO,NO,NO,NO,NO
HyDE-RAG,999,281,NC(=O)c1ccccc1OCC(=O)[O-],O=C([O-])COc1ccccc1C(=O)[O-],0.735,0.929,YES,NO,1.0902,YES,YES,YES,YES,YES
HyDE-RAG,999,282,C[Si](C)(c1ccncc1)c1ccncc1,ON=C(O)N=CNO,0.039,0.04,YES,YES,1.954,NO,NO,NO,NO,NO
HyDE-RAG,999,283,O=C([O-])c1nn[nH]c1C(=O)[O-],O=C([O-])C1=NN=NC1C(=O)[O-],0.784,0.327,YES,YES,4.0255,YES,YES,YES,NO,NO
HyDE-RAG,999,284,O=C([O-])c1cc2ccccc2c(Cc2c(O)c(C(=O)[O-])cc3ccccc23)c1O,O=C([O-])C=c1c2cccc1=C(C(=O)[O-])C=CC(c1ccccc1)=C2,0.531,0.199,YES,YES,0.9179,YES,NO,NO,NO,NO
HyDE-RAG,999,285,O=C([O-])c1c(Cl)c(Cl)c(C(=O)[O-])c(Cl)c1Cl,O=C([O-])c1cc(Cl)c(Cl)cc1Cl,0.833,0.688,YES,YES,2.0102,YES,YES,YES,NO,NO
HyDE-RAG,999,286,O=C([O-])c1cccnc1C(=O)[O-],O=C([O-])c1cccnc1C(=O)[O-],1.0,1.0,YES,YES,0.8922,YES,YES,YES,YES,YES
HyDE-RAG,999,287,N#CS,N#CS,1.0,1.0,YES,YES,0.5873,YES,YES,YES,YES,YES
HyDE-RAG,999,288,O=C([O-])c1cc(O)cc(C(=O)[O-])c1,O=C([O-])c1cc(O)cc(C(=O)[O-])c1,1.0,1.0,YES,YES,1.1899,YES,YES,YES,YES,YES
HyDE-RAG,999,289,O.OI,O.O.OI,0.667,0.667,YES,YES,0.8902,YES,YES,NO,NO,NO
HyDE-RAG,999,290,O=C([O-])c1cc(C(=O)[O-])cc(C(=O)O)c1,O=C([O-])c1ccc(C(=O)[O-])cc1,0.923,0.6,YES,YES,1.1993,YES,YES,YES,YES,YES
HyDE-RAG,999,291,O=C([O-])C=Cc1ccc(C(=O)[O-])cc1,O=C([O-])C=Cc1ccccc1,0.769,0.786,YES,NO,1.8851,YES,YES,YES,NO,NO
HyDE-RAG,999,292,O=C([O-])c1ccc(-c2ccc(C(=O)[O-])c([N+](=O)[O-])c2)cc1[N+](=O)[O-],O=C([O-])c1ccc(-c2ccc(C(=O)[O-])c([N+](=O)[O-])c2)cc1[N+](=O)[O-],1.0,1.0,YES,YES,5.3249,YES,YES,YES,YES,YES
HyDE-RAG,999,293,OS(O)(O)c1ccc2cc(S(O)(O)O)ccc2c1,OS(O)(O)c1cccc2c(S(O)(O)O)cccc12,1.0,0.979,YES,NO,1.2165,YES,YES,YES,YES,YES
HyDE-RAG,999,294,O=C([O-])CCCCCCCC(=O)[O-],O=C([O-])CCCCCCCC(=O)[O-],1.0,1.0,YES,YES,1.3356,YES,YES,YES,YES,YES
HyDE-RAG,999,295,[CH2]C(=O)c1ccccc1,O=C([O-])c1ccccc1,0.5,0.889,YES,YES,3.3016,YES,YES,YES,YES,NO
HyDE-RAG,999,296,O=C([O-])c1ccccc1,O=C([O-])c1ccc(C(=O)[O-])cc1,0.75,0.75,YES,YES,1.377,YES,YES,YES,NO,NO
HyDE-RAG,999,297,O=C(O)c1cc(S(O)(O)O)c2cc(C(=O)O)cc(S(O)(O)O)c2c1,O=C(O)c1ccc(S(=O)(=O)c2ccc(C(=O)O)cc2)cc1,0.744,0.369,YES,YES,0.9,YES,YES,YES,NO,NO
HyDE-RAG,999,298,O=C([O-])c1ccncc1,O=C([O-])c1cccnc1C(=O)[O-],0.636,0.5,YES,NO,0.5656,YES,YES,NO,NO,NO
HyDE-RAG,999,299,O=C([O-])c1cccnc1-c1ncccc1C(=O)[O-],O=C([O-])c1cccc(-n2ccc(=O)cc2)c1C(=O)[O-],0.632,0.309,YES,YES,1.5858,YES,YES,NO,NO,NO
HyDE-RAG,999,300,O=C([O-])c1ccccn1,O=C([O-])c1cccnc1C(=O)[O-]INVALID,0.0,0.0,NO,NO,,NO,NO,NO,NO,NO
HyDE-RAG,999,301,O=C([O-])c1ccc(C#Cc2ccc(C(=O)[O-])c(Cl)c2)cc1Cl,O=C([O-])c1ccc(C#Cc2ccc(C(=O)[O-])cc2Cl)c(Cl)c1,1.0,0.911,YES,YES,2.6663,YES,YES,YES,YES,YES
HyDE-RAG,999,302,Fc1cnc(F)cn1,Fc1cncc(F)n1,1.0,0.875,YES,YES,0.6081,YES,YES,YES,YES,YES
HyDE-RAG,999,303,O=C([O-])c1cc(C(=O)[O-])cc(C(=O)[O-])c1,O=C([O-])c1cc(C(=O)[O-])cc(C(=O)[O-])c1,1.0,1.0,YES,YES,1.2669,YES,YES,YES,YES,YES
HyDE-RAG,999,304,O=C([O-])Cc1ccccc1CC(=O)[O-],O=C([O-])c1cccnc1C(=O)[O-],0.56,0.186,YES,NO,1.3351,YES,NO,NO,NO,NO
HyDE-RAG,999,305,O=C([O-])c1cc2ccc3cc(C(=O)[O-])cc4ccc(c1)c2c34,O=C([O-])c1ccc(C(=O)[O-])c2ccccc12,1.0,0.563,YES,YES,3.0772,YES,YES,YES,YES,YES
HyDE-RAG,999,306,NC1=N[CH]c2ncn(CC(=O)[O-])c2N1,O=C([O-])c1ccc(N2[CH]N=CN2)cc1,0.558,0.182,YES,NO,0.9925,YES,NO,NO,NO,NO
HyDE-RAG,999,307,O=C(O)c1ccc(-c2cc(C(=O)[O-])c(-c3ccc(C(=O)O)cc3)cc2C(=O)[O-])cc1,C=C(C=C(C=CC=C(C=CC(=CC=O)C=C(C=CC(=O)[O-])C(=O)O)C(=O)[O-])C(=O)[O-])C(=O)O,0.478,0.08,YES,YES,1.2509,NO,NO,NO,NO,NO
HyDE-RAG,999,308,O=C([O-])C(=O)O,O=C([O-])C(=O)O,1.0,1.0,YES,YES,0.6317,YES,YES,YES,YES,YES
HyDE-RAG,999,309,Nc1c(I)c(C(=O)[O-])c(I)c(C(=O)[O-])c1I,O=C([O-])c1c(Br)c(Br)c(C(=O)[O-])c(Br)c1Br,0.654,0.562,YES,YES,3.9512,YES,YES,NO,NO,NO
HyDE-RAG,999,310,OS(O)(O)c1cccc2c(S(O)(O)O)cccc12,OS(O)(O)c1cccc2c(S(O)(O)O)cccc12,1.0,1.0,YES,YES,1.2488,YES,YES,YES,YES,YES
HyDE-RAG,999,311,O=C([O-])c1cnccn1,O=C([O-])c1cccnc1C(=O)[O-],0.68,0.3,YES,YES,1.4866,YES,YES,NO,NO,NO
HyDE-RAG,999,312,O=C([O-])c1c(F)c(F)c(C#Cc2c(F)c(F)c(C(=O)[O-])c(F)c2F)c(F)c1F,O=C([O-])c1c(F)c(F)c(C#Cc2c(F)c(F)c(C(=O)[O-])c(F)c2F)c(F)c1F,1.0,1.0,YES,YES,5.7752,YES,YES,YES,YES,YES
HyDE-RAG,999,313,O=C([O-])c1ccc(Oc2cc(C(=O)[O-])cc(C(=O)[O-])c2)cc1,O=C([O-])c1ccc(Oc2ccc(C(=O)[O-])c(C(=O)[O-])c2)cc1C(=O)[O-],0.905,0.764,YES,YES,1.4584,YES,YES,YES,YES,YES
HyDE-RAG,999,314,N#CC(C#N)=c1c(=O)c(=C(C#N)C#N)c1=O,N#CC(C#N)=c1c(=O)c(=C(C#N)C#N)c1=O,1.0,1.0,YES,YES,1.5525,YES,YES,YES,YES,YES
HyDE-RAG,999,315,CC(=O)[O-],CC(=O)[O-],1.0,1.0,YES,YES,1.2521,YES,YES,YES,YES,YES
HyDE-RAG,999,316,O=C([O-])c1cc[n+]([O-])cc1,O=C([O-])c1cccc(C(=O)[O-])[n+]1[O-],0.794,0.538,YES,NO,0.5083,YES,YES,YES,NO,NO
HyDE-RAG,999,317,O=C([O-])c1cc(C(=O)[O-])cc(S(O)(O)O)c1,O=C([O-])c1cc(C(=O)[O-])cc(P(=O)(O)[O][Zn])c1,0.553,0.706,YES,YES,1.434,YES,YES,YES,NO,NO
HyDE-RAG,999,318,O=C([O-])C1C(C(=O)[O-])C(C(=O)[O-])C(C(=O)[O-])C(C(=O)[O-])C1C(=O)[O-],O=C([O-])C1C(C(=O)[O-])C(C(=O)[O-])C1C(=O)[O-],0.846,0.15,YES,NO,2.721,YES,YES,YES,NO,NO
HyDE-RAG,999,319,O=C(O)CC(O)(CC(=O)O)C(=O)[O-],O=C([O-])CC(O)(CC(=O)O)C(=O)[O-],1.0,1.0,YES,NO,1.8766,YES,YES,YES,YES,YES
HyDE-RAG,999,320,O=C([O-])c1cc(S(=O)(=O)c2ccc(C(=O)[O-])c(C(=O)O)c2)ccc1C(=O)O,O=C([O-])c1cc(C(=O)[O-])cc(S(O)(O)O)c1,0.7,0.365,YES,YES,1.0673,YES,YES,YES,NO,NO
HyDE-RAG,999,321,c1nc[nH]n1,c1cn[nH]n1,0.9,0.0,YES,YES,2.4084,YES,YES,YES,YES,YES
HyDE-RAG,999,322,C1CCSC1,c1nnc[nH]1,0.16,0.0,YES,NO,0.9355,NO,NO,NO,NO,NO
HyDE-RAG,999,323,O=C([O-])c1cc([N+](=O)[O-])c2c([N+](=O)[O-])c(C(=O)[O-])cc([N+](=O)[O-])c2c1[N+](=O)[O-],O=C([O-])c1ccc(C(=O)[O-])c2cc([N+](=O)[O-])c([N+](=O)[O-])cc12,0.949,0.564,YES,YES,1.0211,YES,YES,YES,YES,YES
HyDE-RAG,999,324,O=C1C(=O)C(Cl)C(=O)C(=O)C1Cl,O=C1C(=O)C(Cl)C(=O)C(=O)C1ClINVALID,0.0,0.0,NO,NO,,NO,NO,NO,NO,NO
HyDE-RAG,999,325,O=C([O-])c1cc(N2[CH]N=CN2)cc(N2[CH]N=CN2)c1,Cc1c(CN2[CH]N=CN2)c(C)c(Cn2cncn2)c(C)c1CN1[CH]N=CN1,0.529,0.249,YES,YES,1.9595,YES,NO,NO,NO,NO
HyDE-RAG,999,326,C1CNCCN1,c1cnccn1,0.333,1.0,YES,YES,0.7753,YES,YES,YES,YES,YES
HyDE-RAG,999,327,O=C([O-])c1c(F)c(F)c(C(=O)[O-])c2cc(F)c(F)cc12,O=C([O-])c1c(F)c(F)c(C(=O)[O-])c2ccccc12,1.0,0.902,YES,NO,0.7862,YES,YES,YES,YES,YES
HyDE-RAG,999,328,O=C1C([N+](=O)[O-])=CC([N+](=O)[O-])C(O)=C1[N+](=O)[O-],O=C(O)C1=CC([N+](=O)[O-])=CC([N+](=O)[O-])C1=O,0.95,0.212,YES,YES,1.4595,YES,YES,YES,YES,YES
HyDE-RAG,999,329,O=C([O-])c1ccc(C(=O)[O-])c2ccccc12,O=C([O-])c1ccc(C(=O)[O-])cc1INVALID,0.0,0.0,NO,NO,,NO,NO,NO,NO,NO
HyDE-RAG,999,330,c1nnnn1CCn1cnnn1,c1nnnn1CCCCn1cnnn1,0.969,0.487,YES,NO,1.4316,YES,YES,YES,YES,YES
HyDE-RAG,999,331,O=C([O-])c1cc([N+](=O)[O-])c(C(=O)[O-])cc1[N+](=O)[O-],O=C([O-])c1ccc([N+](=O)[O-])cc1,0.879,0.5,YES,YES,0.9851,YES,YES,YES,YES,NO
HyDE-RAG,999,332,O=C([O-])c1ccccc1C(=O)[O-],O=C([O-])c1ccc(C(=O)[O-])cc1,0.857,0.75,YES,YES,0.9117,YES,YES,YES,YES,NO
HyDE-RAG,999,333,CCCn1cnc2c1NC=NC2Cl,CCN1C(=O)[CH]C(=O)N(CC)C1=S,0.323,0.196,YES,NO,2.9795,NO,NO,NO,NO,NO
HyDE-RAG,999,334,O=C([O-])CCN1[CH]C=C(C2=C[CH]N(CCC(=O)[O-])C=C2)C=C1,O=C([O-])c1ccccc1F,0.182,0.117,YES,NO,1.2223,NO,NO,NO,NO,NO
HyDE-RAG,999,335,O=C([O-])c1cc(C(=O)[O-])cc(-c2cc(C(=O)[O-])cc(C(=O)[O-])c2)c1,O=C([O-])c1ccc(C(=O)[O-])cc1,0.8,0.369,YES,YES,1.8132,YES,YES,YES,NO,NO
HyDE-RAG,999,336,O=C([O-])C=Cc1ccncc1,O=C([O-])[CH][CH]c1ccccn1,0.875,0.545,YES,NO,2.4785,YES,YES,YES,YES,NO
HyDE-RAG,999,337,O=C([O-])c1ccc(C#Cc2ccc(C(=O)[O-])cc2)cc1,O=C([O-])c1ccc(Oc2ccc(C(=O)[O-])cc2)cc1INVALID,0.0,0.0,NO,NO,,NO,NO,NO,NO,NO
HyDE-RAG,999,338,C(c1nnn[nH]1)c1nnn[nH]1,O=C(O)CC(O)C(=O)O.O=C([O-])COC(O)C(O)C(O)C(=O)O,0.047,0.027,YES,YES,0.4728,NO,NO,NO,NO,NO
HyDE-RAG,999,339,O=C([O-])c1cc(O)c(C(=O)[O-])cc1O,O=C([O-])c1ccc(C(=O)[O-])cc1,0.571,0.857,YES,NO,0.5542,YES,YES,YES,YES,NO
HyDE-RAG,999,340,CCc1c(C#N)c(CC)c(CC)c(C#N)c1CC,CCCOC=C(OCCC)C(OCCC)C(OCCC)C(OCCC)C(OCCC)C(OCCC)C(OCCC)(OCCC)C(C)OCCC,0.189,0.032,YES,YES,1.913,NO,NO,NO,NO,NO
HyDE-RAG,999,341,O=C([O-])c1cncc(O)c1,O=C([O-])c1cncc(F)c1,0.577,0.9,YES,NO,0.6608,YES,YES,YES,YES,YES
HyDE-RAG,999,342,O=C([O-])c1cccc(C(=O)[O-])n1,O=C([O-])c1cccnc1C(=O)[O-],0.864,0.75,YES,YES,0.6173,YES,YES,YES,YES,NO
HyDE-RAG,999,343,O=C([O-])c1cncc(-c2ccccc2C(=O)[O-])c1,O=C([O-])c1cccnc1-c1ncccc1C(=O)[O-],0.852,0.489,YES,YES,1.4741,YES,YES,YES,YES,NO
HyDE-RAG,999,344,Cc1cc(C#Cc2cc(C)c(C(=O)[O-])c(C)c2)cc(C)c1C(=O)[O-],Nc1cc(C=Cc2cc(N)c(C(=O)[O-])c(N)c2)cc(N)c1C(=O)[O-],0.485,0.41,YES,NO,6.8334,NO,NO,NO,NO,NO
HyDE-RAG,999,345,c1cn(Cc2cc(Cn3ccnc3)c(Cn3ccnc3)cc2Cn2ccnc2)cn1,c1cc(Cn2ccnc2)cc(Cn2ccnc2)c1INVALID,0.0,0.0,NO,NO,,NO,NO,NO,NO,NO
HyDE-RAG,999,346,Nc1cc(C(=O)[O-])ccc1-c1ccc(C(=O)[O-])cc1N,O=C([O-])c1ccccc1O,0.375,0.441,YES,NO,6.1628,NO,NO,NO,NO,NO
HyDE-RAG,999,347,O=C([O-])c1ccc(-c2ccc(C(=O)[O-])cc2O)c(O)c1,Nc1cc(C(=O)[O-])ccc1-c1ccc(C(=O)[O-])cc1N,0.581,0.902,YES,YES,3.4555,YES,YES,YES,YES,YES
HyDE-RAG,999,348,O=C([O-])c1nccnc1C(=O)[O-],O=C([O-])c1cnccn1,0.8,0.75,YES,YES,0.8899,YES,YES,YES,NO,NO
HyDE-RAG,999,349,COc1cc(C(=O)[O-])ccc1C#Cc1cc(OC)c(C(=O)[O-])cc1-c1ccccc1,CCC=C1C=c2c(C(=O)[O-])cccc2=CC=C1C(=O)[O-],0.417,0.292,YES,YES,1.865,NO,NO,NO,NO,NO
HyDE-RAG,999,350,O=C([O-])c1c(F)c(F)c(C(=O)[O-])c2c(F)c(F)c(F)c(F)c12,O=C([O-])c1c(F)c(F)c(C(=O)[O-])c2ccccc12INVALID,0.0,0.0,NO,NO,,NO,NO,NO,NO,NO
HyDE-RAG,999,351,O=C([O-])c1cnc(C(=O)[O-])cn1,O=C([O-])c1ccc(C(=O)[O-])o1,0.429,0.3,YES,YES,1.2514,NO,NO,NO,NO,NO
HyDE-RAG,999,352,O=C([O-])c1ccc(Oc2cc(Oc3ccc(C(=O)[O-])cc3)cc(C(=O)[O-])c2)cc1,O=C([O-])c1ccc(Oc2cc(Oc3ccc(C(=O)[O-])cc3)cc(C(=O)[O-])c2)cc1INVALID,0.0,0.0,NO,NO,,NO,NO,NO,NO,NO
HyDE-RAG,999,353,O=C([O-])c1ccc(-c2cc(C(=O)[O-])cc(C(=O)[O-])c2)cc1,O=C([O-])c1ccc(-c2cc(-c3ccc(C(=O)[O-])cc3)cc(-c3ccc(C(=O)[O-])cc3)c2)cc1,1.0,0.451,YES,YES,1.179,YES,YES,YES,YES,YES
HyDE-RAG,999,354,O=C([O-])c1cc(F)c(C(=O)[O-])cc1F,O=C([O-])c1c(F)c(F)c(C(=O)[O-])c2cc(F)c(F)cc12,0.818,0.638,YES,YES,1.3461,YES,YES,YES,NO,NO
HyDE-RAG,999,355,[CH](NN[CH]c1ccncc1)c1ccncc1,c1cn(CCCCn2ccnc2)cn1,0.278,0.037,YES,YES,1.4588,NO,NO,NO,NO,NO
HyDE-RAG,999,356,O=C([O-])c1ccccc1C(=O)O,O=C([O-])c1ccc(C(=O)[O-])cc1,0.8,0.75,YES,YES,3.0765,YES,YES,YES,NO,NO
HyDE-RAG,999,357,CC(CCC(=O)[O-])C(=O)[O-],CC(CC(=O)[O-])C(=O)[O-],0.812,0.687,YES,YES,2.091,YES,YES,YES,NO,NO
HyDE-RAG,999,358,O=C([O-])c1cc(S(O)(O)O)c(C(=O)[O-])c2c1CC2,O=C([O-])c1ccc(C(c2ccc(C(=O)[O-])c(C(=O)[O-])c2)(C(F)(F)F)C(F)(F)F)cc1C(=O)[O-],0.34,0.299,YES,NO,3.6475,NO,NO,NO,NO,NO
HyDE-RAG,999,359,CNC1(F)CC2(C#CC(=O)[O-])CCC1(C#CC(=O)[O-])CC2,CCC1CC2(C#CC(=O)[O-])CCC1(C#CC(=O)[O-])CC2OINVALID,0.0,0.0,NO,NO,,NO,NO,NO,NO,NO
HyDE-RAG,999,360,Cc1nccn1Cc1ccncc1,c1cc(-c2ccncc2)ccn1,0.355,0.448,YES,YES,1.6322,NO,NO,NO,NO,NO
HyDE-RAG,999,361,c1cn(Cc2ccc(Cn3ccnc3)cc2)cn1,c1cc(-c2ccncc2)ccn1,0.385,0.0,YES,YES,1.1454,NO,NO,NO,NO,NO
HyDE-RAG,999,362,c1cncnc1,c1cnccn1,0.769,0.0,YES,YES,0.8877,YES,YES,YES,NO,NO
HyDE-RAG,999,363,CCC12C3C4(C(=O)[O-])C5(CC)C(C1(C(=O)[O-])C35[N+](=O)[O-])C24[N+](=O)[O-],O=C([O-])C1C(I)CC2(C(=O)[O-])CC1CC2I,0.312,0.471,YES,YES,1.4357,NO,NO,NO,NO,NO
HyDE-RAG,999,364,O=C([O-])CN(CC(=O)[O-])CC(=O)[O-],O=C([O-])CCC(=O)[O-],0.478,0.285,YES,YES,1.2689,NO,NO,NO,NO,NO
HyDE-RAG,999,365,c1cn(-c2ccc(NNc3ccc(-n4ccnc4)cc3)cc2)cn1,c1cc(-c2ccc(-c3ccnnc3)cc2)cnn1,0.455,0.239,YES,YES,1.9513,NO,NO,NO,NO,NO
HyDE-RAG,999,366,Nc1cc(C#Cc2cc(N)c(C(=O)[O-])c(N)c2)cc(N)c1C(=O)[O-],O=C([O-])C1=CC=C2C=C(Br)C(=CC=C(CBr)C(=O)[O-])C2C=C1,0.256,0.148,YES,YES,6.7536,NO,NO,NO,NO,NO
HyDE-RAG,999,367,CCc1cc2c(cc(CC)c3ccc(C(=O)[O-])c(F)c32)c2cc(C(=O)[O-])ccc12,CC1C=C(C(=O)[O-])C(C(=O)O)=C(C(=O)[O-])C(C(=O)[O-])=C1CC(=O)O,0.371,0.12,YES,YES,1.0776,NO,NO,NO,NO,NO
HyDE-RAG,999,368,O=C(O)c1cccc(Oc2cccc(C(=O)O)c2C(=O)[O-])c1.O=C(O)c1cccc(Oc2cccc(C(=O)O)c2C(=O)[O-])c1,O=C([O-])c1ccc(Oc2ccc(C(=O)[O-])cc2)cc1,0.396,0.299,YES,NO,1.5506,NO,NO,NO,NO,NO
HyDE-RAG,999,369,O=C([O-])CN(CCN(CC(=O)[O-])CC(=O)[O-])CCN(CC(=O)O)CC(=O)O,O=C([O-])Cn1cnnn1,0.36,0.135,YES,NO,0.6757,NO,NO,NO,NO,NO
HyDE-RAG,999,370,c1ccc(SSc2ccccn2)nc1,c1cnc(SCSc2ncccn2)nc1INVALID,0.0,0.0,NO,NO,,NO,NO,NO,NO,NO
HyDE-RAG,999,371,Nc1ccc(C=Cc2ccc(N)cc2S(O)(O)O)c(S(O)(O)O)c1,O=P(O)(O)c1ccccc1,0.395,0.246,YES,YES,0.699,NO,NO,NO,NO,NO
HyDE-RAG,999,372,O=C([O-])c1cc(C(=O)[O-])c(C(=O)O)cc1C(=O)O,O=C([O-])c1cc(C(=O)[O-])c(C(=O)O)cc1C(=O)OINVALID,0.0,0.0,NO,NO,,NO,NO,NO,NO,NO
HyDE-RAG,999,373,O=C(Nc1cccnc1)c1ccc(C(=O)Nc2cccnc2)s1,O=C([O-])c1cc(S(O)(O)O)cc(S(O)(O)O)c1,0.164,0.11,YES,YES,1.9557,NO,NO,NO,NO,NO
HyDE-RAG,999,374,NC1=N[CH]NN1,Cn1nn[nH]c1=S,0.413,0.0,YES,YES,3.2333,NO,NO,NO,NO,NO
HyDE-RAG,999,375,O=C([O-])c1cc(C(=O)O)c(C(=O)[O-])cc1C(=O)O,O=C([O-])c1ccc(C(=O)[O-])cc1INVALID,0.0,0.0,NO,NO,,NO,NO,NO,NO,NO
HyDE-RAG,999,376,O=[N+]([O-])c1cncc([N+](=O)[O-])c1C#Cc1c([N+](=O)[O-])cncc1[N+](=O)[O-],O=[N+]([O-])c1cncc([N+](=O)[O-])c1C#Cc1c([N+](=O)[O-])cncc1[N+](=O)[O-]INVALID,0.0,0.0,NO,NO,,NO,NO,NO,NO,NO
HyDE-RAG,999,377,O=C([O-])C(O)=C(O)C(=O)[O-],O=C([O-])C(O)=C(O)C(=O)[O-]INVALID,0.0,0.0,NO,NO,,NO,NO,NO,NO,NO
HyDE-RAG,999,378,C(#C[Si](C#Cc1cn[nH]c1)(C#CC1C=NN=C1)C#CC1C=NN=C1)C1=CN=N[CH]1,C(#C[Si](C#Cc1cn[nH]c1)(C#CC1C=NN=C1)C#CC1C=NN=C1)C1=CN=N[CH]1INVALID,0.0,0.0,NO,NO,,NO,NO,NO,NO,NO
HyDE-RAG,999,379,O=C([O-])CN1[CH]C=C(c2nnn[nH]2)C=C1,O=C([O-])c1cccc(C(=O)O)n1,0.327,0.17,YES,NO,2.1536,NO,NO,NO,NO,NO
HyDE-RAG,999,380,Nc1ccccc1S,c1ccc(SCSc2ccccn2)nc1,0.3,0.04,YES,NO,0.4346,NO,NO,NO,NO,NO
HyDE-RAG,999,381,O=C([O-])c1nc(-c2ccc3ccccc3c2)[nH]c1C(=O)[O-],O=C([O-])c1cc(N2[CH]N=CN2)cc(N2[CH]N=CN2)c1,0.429,0.276,YES,YES,1.2577,NO,NO,NO,NO,NO
HyDE-RAG,999,382,O=C(O)c1ccc(-c2ccc(-c3ccc(C(=O)O)cc3C(=O)[O-])cc2)c(C(=O)[O-])c1,O=C(O)c1ccc(-c2ccc(-c3ccc(C(=O)O)cc3C(=O)[O-])cc2)c(C(=O)[O-])c1INVALID,0.0,0.0,NO,NO,,NO,NO,NO,NO,NO
HyDE-RAG,999,383,c1ccc(-c2cc(-c3ccncc3)nc(-c3ccncc3)c2)nc1,C=CC=CC=C1C=CC=C(c2ccncc2)C=NC=C2NC=C(N=C1)C(=CC)c1cnccc12,0.467,0.199,YES,YES,3.7653,NO,NO,NO,NO,NO
HyDE-RAG,999,384,CSc1nccs1,O=P(O)(O)c1ccccn1,0.222,0.0,YES,YES,1.5929,NO,NO,NO,NO,NO
HyDE-RAG,999,385,O=C([O-])C1CCC(C(=O)[O-])CC1,O=C([O-])C1CCC(C(=O)[O-])CC1INVALID,0.0,0.0,NO,NO,,NO,NO,NO,NO,NO
HyDE-RAG,999,386,c1c[nH]cn1,c1c[nH]cn1INVALID,0.0,0.0,NO,NO,,NO,NO,NO,NO,NO
HyDE-RAG,999,387,c1ccc(-c2nnc(-c3ccncc3)[nH]2)nc1,c1ccc(-c2nnc(-c3ccncc3)[nH]2)nc1INVALID,0.0,0.0,NO,NO,,NO,NO,NO,NO,NO
HyDE-RAG,999,388,O=C([O-])c1cccc(-c2c3nc(c(-c4cccc(C(=O)[O-])c4)c4ccc([nH]4)c(-c4cccc(C(=O)[O-])c4)c4nc(c(-c5cccc(C(=O)[O-])c5)c5ccc2[nH]5)C=C4)C=C3)c1,C=CN=CC=CNNC(=O)C1CC(C(=O)[O-])=CC1=CC(=O)[O-],0.367,0.058,YES,YES,1.211,NO,NO,NO,NO,NO
HyDE-RAG,999,389,O=C([O-])c1cc2c(cc1C(=O)[O-])C(=O)c1ccccc1C2=O,O=C([O-])c1ccccc1I,0.44,0.395,YES,NO,1.8559,NO,NO,NO,NO,NO
HyDE-RAG,999,390,Cc1cc2ccc3nc(C)ccc3c2cn1,CC=CC1=CC=Cc2cc(-c3cn[nH]c3)ccc2C12C=NN=C2,0.361,0.249,YES,YES,2.2766,NO,NO,NO,NO,NO
HyDE-RAG,999,391,Nc1nc2ccccc2[nH]1,Nc1nc2ccccc2[nH]1INVALID,0.0,0.0,NO,NO,,NO,NO,NO,NO,NO
HyDE-RAG,999,392,O=C([O-])CCC(=O)[O-],O=C([O-])CCC(=O)[O-]INVALID,0.0,0.0,NO,NO,,NO,NO,NO,NO,NO
HyDE-RAG,999,393,CNC12C3C4C5C3(C#CC(=O)[O-])C1C5(NC)C42C#CC(=O)[O-],CNC12C3C4C5C3(C#CC(=O)[O-])C1C5(NC)C42C#CC(=O)[O-]INVALID,0.0,0.0,NO,NO,,NO,NO,NO,NO,NO
HyDE-RAG,999,394,O=C([O-])c1ccc(-c2ccccc2)cc1,O=C([O-])c1cccc(-c2cccnc2)c1INVALID,0.0,0.0,NO,NO,,NO,NO,NO,NO,NO
HyDE-RAG,999,395,CCCOc1c(C(=O)[O-])ccc2c(OCCC)c(C(=O)[O-])ccc12,CCCOc1c(C(=O)[O-])ccc2c(OCCC)c(C(=O)[O-])ccc12INVALID,0.0,0.0,NO,NO,,NO,NO,NO,NO,NO
HyDE-RAG,999,396,CN1c2cncc(n2)N(C)c2cncc(n2)N(C)c2cncc(n2)N(C)c2cncc1n2,C1=CC2C=CC1CSCc1cccc(c1)CS2,0.189,0.0,YES,YES,3.6187,NO,NO,NO,NO,NO
HyDE-RAG,999,397,CC(C(=O)[O-])C(=O)[O-],CC(C(=O)[O-])C(=O)[O-]INVALID,0.0,0.0,NO,NO,,NO,NO,NO,NO,NO
HyDE-RAG,999,398,O=C([O-])C(F)=C(F)C(=O)[O-],O=C([O-])C(F)=C(F)C(=O)[O-]INVALID,0.0,0.0,NO,NO,,NO,NO,NO,NO,NO
HyDE-RAG,999,399,O=C([O-])c1ccc(Oc2ccc(C(=O)[O-])c(C(=O)[O-])c2)cc1C(=O)[O-],O=C([O-])c1ccc(Oc2ccc(C(=O)[O-])c(C(=O)[O-])c2)cc1C(=O)[O-]INVALID,0.0,0.0,NO,NO,,NO,NO,NO,NO,NO
